{
  "num": 38732.86328125,
  "den": 28072.693359375,
  "test": 10660.169921875
}