{
  "num": -50128.75390625,
  "den": -50131.95703125,
  "test": 3.203125
}