{
  "num": -48699.5234375,
  "den": -48720.01953125,
  "test": 20.49609375
}