{
  "mu_target": [
    -0.5,
    0.6000000238418579
  ],
  "mu_model": [
    [
      -0.5018495862991833,
      0.6015871965852453
    ]
  ],
  "diff": [
    [
      0.0018495862991833034,
      0.0015871727433873772
    ]
  ],
  "sigma_integral": [
    0.0016121703331796143,
    0.002656755875246235
  ],
  "within_band": [
    [
      false,
      true
    ]
  ],
  "toy_seed": 27,
  "weights": [
    0.011381999233127002,
    0.17944493749504356,
    0.2505388978528855,
    -0.024852456972608652,
    -0.05773754289367547,
    0.2708140684033496,
    0.015935561485778856,
    0.07960490712646111,
    0.043777360146836995,
    0.049354215912890055,
    -0.0764933787193431,
    0.08437428053692209,
    0.08164867716374646,
    -0.0844534281045595,
    -0.07512917098748574,
    -0.09358413628734355,
    -0.001737886895313304,
    0.011983348446664936,
    0.11854152179008699,
    -0.1816498154390752,
    -0.03115936279910205,
    0.010536417799388636,
    -0.02563362257087712,
    -0.03889195050706543,
    -0.014161179396292902,
    0.020084472520922162,
    -0.17272826599650987,
    -0.14193176013034384,
    -0.09851268392630122,
    0.145735325939207,
    -0.051277392390477725,
    -0.13171713895156215,
    0.15537436188808185,
    0.025911163075116317,
    -0.013832343837035816,
    0.06666014477803553,
    0.02750330407809657,
    -0.158520606052971,
    -0.032011722385457485,
    -0.22185477662777955,
    0.013866372031486215,
    -0.1655401927806901,
    0.11607006651353091,
    0.008237531951740382,
    0.041519272877281965,
    -0.05657486591372078,
    0.08457715497354554,
    0.02993269776338404,
    0.05255809561062908,
    0.11753256402014031,
    -0.10062275807373323,
    0.06300959262160558,
    0.052077964005677276,
    -0.07937732489517536,
    0.05872978901137111,
    -0.04283748844934284,
    0.09013316755740707,
    -0.16899168188065464,
    -0.08081397603465604,
    0.0283614767802615,
    -0.178086322105143,
    -0.04125899200093079,
    0.08938002880573576,
    -0.012176876171184976,
    -0.021423343552006594,
    0.045937781922392784,
    -0.011945790994480215,
    0.12731600824289047,
    -0.05719804960009159,
    0.07673766977456042,
    0.07490894822739548,
    0.13676417525852802,
    0.008798180895791437,
    -0.0852818992188173,
    -0.009550550865084065,
    -0.031177613665860884,
    -0.028448581037103387,
    -0.14751258837934783,
    0.06949802000119402,
    0.04817156662835853,
    0.10377110991500663,
    -0.03657668847845027,
    0.14081911014146356,
    0.17757684919537664,
    0.030618165404829662,
    0.2422657683407073,
    0.07263416381110799,
    0.05926294437837136,
    0.14306832659204968,
    0.10641436673605863,
    -0.10240001755295343,
    -0.03506737278859006,
    -0.07323787380373789,
    0.050908050667410026,
    0.049065972145833796,
    -0.1649957547204008,
    0.06918447503789722,
    0.08787693430267698,
    0.17934266722956882,
    -0.13716482231279295
  ],
  "sum weights": 0.9999999478997774
}