{
  "mu_target": [
    -0.5,
    0.6000000238418579
  ],
  "mu_model": [
    [
      -0.5019102017143877,
      0.598443064531051
    ]
  ],
  "diff": [
    [
      0.001910201714387716,
      0.0015569593108069046
    ]
  ],
  "sigma_integral": [
    0.0016180784464876242,
    0.002646220795285279
  ],
  "within_band": [
    [
      false,
      true
    ]
  ],
  "toy_seed": 25,
  "weights": [
    0.024206368774742842,
    -0.05673648472905604,
    0.11717382896829993,
    0.08729726685563838,
    -0.02952465266042455,
    -0.07806455123697964,
    0.02422280921371175,
    -0.015349214732060837,
    0.11521869502195577,
    -0.08267873400301588,
    0.17701388277256275,
    -0.05129698467398623,
    -0.06425942429409914,
    -0.05620756377135693,
    0.056694543200683456,
    0.026537158531274082,
    -0.02169942870216276,
    -0.006326122883483887,
    0.06649864587388463,
    -0.02495730036500176,
    -0.01636856008282256,
    0.03663084340484055,
    0.010809670285263452,
    -0.0908128742034547,
    0.08513930113888128,
    0.05263538487172467,
    -0.06695586090899028,
    -0.04425544235474295,
    -0.019222206763236164,
    -0.04156910064825652,
    0.08827828810174305,
    -0.08226172050711815,
    -0.1063015446358394,
    0.06787321172623821,
    0.0736251238478953,
    0.11982196307602887,
    -0.06992978903900353,
    0.008859875445381362,
    0.023749673607470434,
    0.1424111458219862,
    0.06592114553571829,
    0.028669130942235797,
    -0.02372075321906098,
    0.0991012915084057,
    0.03780051153938007,
    -0.026548526074562942,
    -0.06233383160390828,
    0.11804708008099413,
    -0.03281991500898789,
    0.07139372921621948,
    -0.008395759482968702,
    0.028989651724584516,
    0.07547162350002365,
    -0.08589117990273794,
    -0.051795208073847146,
    -0.043045912505952875,
    0.07571546891824527,
    -0.03419077804218041,
    -0.06457286379612136,
    -0.05110873256498796,
    0.019422034522040405,
    -0.008656071815665255,
    0.04245120401476663,
    0.01799974727144513,
    -0.025909108531228,
    -0.11184030859932093,
    0.07522450175423705,
    4.309438704711808e-05,
    -0.012425346244516314,
    0.019023929188034586,
    -0.1086185697975387,
    -0.0036494698768486057,
    0.140174598729352,
    -0.1161889138373724,
    -0.12036802714414278,
    0.10041048054830032,
    0.030216887134793934,
    0.16171228755300357,
    0.012240321148551964,
    0.004013444004965514,
    0.13550151657782467,
    -0.0887749246475589,
    0.06090810609105706,
    0.057089727274791086,
    0.0565690643243352,
    0.057352649329738215,
    -0.17848929339334244,
    0.015687599889041285,
    0.08199356105572696,
    -0.07779509323515879,
    0.022957468993317423,
    -0.01729859063523326,
    0.08796410807840205,
    -0.065293479911745,
    0.08740848525628724,
    0.15310195995367296,
    0.026997507818236167,
    -0.08072865647683578,
    0.11204238092266974,
    -0.05907716476655346
  ],
  "sum weights": 0.999999938944183
}