{
  "mu_target": [
    -0.5,
    0.6000000238418579
  ],
  "mu_model": [
    [
      -0.5016411695862178,
      0.6036394555846102
    ]
  ],
  "diff": [
    [
      0.00164116958621785,
      0.003639431742752275
    ]
  ],
  "sigma_integral": [
    0.0015994562511552032,
    0.002653234748780854
  ],
  "within_band": [
    [
      false,
      false
    ]
  ],
  "toy_seed": 44,
  "weights": [
    0.019472783926408544,
    0.034758664845186485,
    0.0015778652421001285,
    0.1708819260600017,
    0.03873770328191129,
    -0.03297920035788193,
    0.04810519866375419,
    0.0456666695103699,
    0.0550021334506072,
    -0.09443849892689096,
    -0.10811893142586355,
    -0.04498201850385532,
    -0.010123024185217405,
    -0.09095768606815548,
    0.04322711823043277,
    -0.024061082169521564,
    -0.16864609277164946,
    -0.03836652045361113,
    0.09436750386420163,
    -0.06785900578587882,
    -0.0639232371836922,
    0.07825928390550388,
    -0.035898150485120954,
    -0.18780903759447456,
    0.11208367686988953,
    0.09876343368689695,
    -0.09309275008429581,
    0.09986142952473051,
    0.028056744360265336,
    0.11733052604086282,
    0.02789574673014349,
    -0.056697970524411945,
    0.0684284702702223,
    0.003071711094572652,
    -0.008853438372931073,
    -0.009778328531840208,
    0.005998134535883673,
    -0.08182053443632527,
    0.027399061179234865,
    0.005134394727202275,
    0.044849780181383886,
    -0.06911058790434683,
    -0.07198622377935394,
    0.15879909893933272,
    -0.06883387639233055,
    -0.08285025520146087,
    0.16861199908139585,
    -0.05564649694232898,
    0.024510554774336144,
    -0.005696190549090594,
    0.007648030941879321,
    0.07605945384671896,
    0.12483933910660097,
    0.030486591240210734,
    -0.0236293730703814,
    -0.07149876189338274,
    0.13634893704571432,
    0.069444705439735,
    -0.09873263554106938,
    0.04338632486809499,
    -0.014001521722346963,
    -0.13024627770302794,
    0.010228016352407315,
    0.00010322569503104787,
    0.04052389335069831,
    -0.02579865188878747,
    0.08842846852708265,
    0.06557898962027597,
    -0.058354266410401964,
    0.07426060077956775,
    0.014244388202621739,
    0.02857723563044305,
    0.012066201963532438,
    0.06888581030212267,
    -0.0801818558484452,
    0.08646781028338185,
    0.022668335574404102,
    -0.060938614036908305,
    0.15450706257658034,
    0.02572688840125973,
    -0.05246348853629046,
    0.0038893264288735177,
    0.02171024490677285,
    0.016270321239548045,
    0.0212260147333896,
    0.20879463177195526,
    0.011755498697921425,
    0.04857566111511018,
    -0.10480450821005015,
    -0.013469440832079425,
    -0.06855426282480401,
    -0.047491317797906676,
    0.03125365707855542,
    0.013656149808153894,
    0.13455162775383278,
    0.12083754706869447,
    -0.021203586244721594,
    -0.05665376157141169,
    -0.009411254709319972,
    0.07611005941657416
  ],
  "sum weights": 0.9999999452727106
}