{
  "mu_target": [
    -0.5,
    0.6000000238418579
  ],
  "mu_model": [
    [
      -0.500444049981596,
      0.6032524281195062
    ]
  ],
  "diff": [
    [
      0.0004440499815959731,
      0.0032524042776482798
    ]
  ],
  "sigma_integral": [
    0.001602799450791412,
    0.002665002268667027
  ],
  "within_band": [
    [
      true,
      false
    ]
  ],
  "toy_seed": 56,
  "weights": [
    -0.04782195081180382,
    0.09588895806036421,
    0.020272573257801223,
    0.1315657913095166,
    -0.020495339474299466,
    -0.001767779930676408,
    0.03638248446768845,
    -0.053218207653127333,
    0.10408212580033802,
    -0.12025216247097048,
    0.12258132745623337,
    -0.11752193982551074,
    -0.02878560770135334,
    0.05573314701753896,
    0.05802865145943477,
    0.02165479262077384,
    -0.022834143965243782,
    -0.08386221330061995,
    -0.14018325292812722,
    -0.08440173891220538,
    -0.12701645456073285,
    -0.09957718763677471,
    -0.015750278401322954,
    0.009990133783677356,
    -0.0168804288947797,
    -0.031049662185949286,
    -0.07316054415217754,
    -0.015061725261563434,
    -0.10367376401114686,
    0.09260834091891641,
    -0.08417216673798766,
    -0.008034353492456969,
    0.1346528456944214,
    0.056681455242102934,
    0.06525514616583689,
    0.07385473828965439,
    0.012418824271803214,
    -0.03453497650160728,
    0.0005152168398202994,
    -0.07335478962679531,
    -0.15924355207635252,
    -0.06345110985155479,
    -0.020413735291538396,
    0.21932274692615067,
    0.025532347163401758,
    -0.08009158381639644,
    0.16538184004412637,
    0.10163006371410342,
    -0.06031875473003288,
    0.01360967488824905,
    0.030293740083836704,
    0.028635820682820775,
    0.0706694100393893,
    -0.0015232196914529757,
    0.05751393211633576,
    -0.24234993763795323,
    0.02943770957276297,
    0.1381899906374311,
    0.042534058655596826,
    -0.06794973362465286,
    0.08658753036625101,
    0.18938442741007852,
    0.044210615023296165,
    0.06483604497578273,
    0.0753557781726439,
    0.07140254039149478,
    -0.024752195321027737,
    0.14375867523913577,
    0.06623658913074455,
    0.06162927724675131,
    0.04180055483001999,
    0.04849002670370694,
    -0.005186563437046991,
    -0.03267944334908066,
    0.02396442509814474,
    0.11325654967587195,
    0.053036460965530524,
    0.014257751300029264,
    0.04362485516654771,
    -0.06829243370161459,
    0.02073933487593667,
    0.14725999471753742,
    -0.07444752478188922,
    -0.13132839818684414,
    -0.0420241721024706,
    0.0387159171052747,
    -0.06049422940446312,
    0.10448242608428224,
    -0.0715618212839131,
    0.06317918972048456,
    -0.08099117989882383,
    -0.051648267119215815,
    0.22701189019758594,
    -0.013388595107085946,
    -0.022685260613409333,
    0.12252080922787302,
    -0.06154473260220193,
    -0.05936544032482351,
    -0.0982526826202295,
    0.11673562779750647
  ],
  "sum weights": 0.9999999435913314
}