{
  "num": 40309.13671875,
  "den": 29646.185546875,
  "test": 10662.951171875
}