{
  "num": -48645.046875,
  "den": -48642.51953125,
  "test": -2.52734375
}