{
  "num": -48684.17578125,
  "den": -48653.20703125,
  "test": -30.96875
}