{
  "mu_target": [
    -0.5,
    0.6000000238418579
  ],
  "mu_model": [
    [
      -0.501004228252883,
      0.5992625360661445
    ]
  ],
  "diff": [
    [
      0.0010042282528830437,
      0.0007374877757133635
    ]
  ],
  "sigma_integral": [
    0.000683040807100807,
    0.0011226926668704033
  ],
  "within_band": [
    [
      false,
      true
    ]
  ],
  "toy_seed": 226,
  "weights": [
    0.03622709350525558,
    0.0534270150740325,
    0.02518955969870381,
    0.08881894261766422,
    0.031007868297834022,
    0.0901128148539349,
    0.0011883760332357524,
    -0.005705456986790974,
    0.037772803775470924,
    0.018128645332613814,
    -0.004129597680903858,
    -0.05034790788193795,
    0.03305618809492158,
    -0.03780593905979993,
    0.023334895791888115,
    -0.0010583175691354844,
    -0.061804673956741246,
    -0.031154176275475193,
    0.03772342099911432,
    -0.016530193353306598,
    -0.02153985817608836,
    0.0745522063064663,
    0.017813228099570057,
    -0.011155555709470301,
    -0.024956489977067675,
    -0.01518237984109874,
    -0.0583069207043104,
    0.04280368792697002,
    -0.06949459077560508,
    0.050158631933466896,
    -0.00858084152146539,
    -0.04802454721441861,
    0.0685270366064529,
    0.04946942754241765,
    0.024542834230339743,
    -0.006914613999382,
    0.050917068650394505,
    -0.017564650161528368,
    -0.10172255109255332,
    -0.07539416702616285,
    -0.014498782072776877,
    -0.06628872034395387,
    0.03571258684262912,
    0.048290410558885985,
    0.06583586342297568,
    -0.03559472067766735,
    0.03893943203488246,
    0.057736681874405844,
    -0.003668150320358056,
    0.05488591489679147,
    0.005789686551214059,
    0.007740370995833849,
    0.0581650715611044,
    0.04298922538730027,
    -0.03652520979999894,
    -0.019784886808716436,
    0.02521399650820366,
    0.02732577307673988,
    0.020812710467592095,
    0.004503466409115699,
    0.02323472235490997,
    0.07000906594983658,
    -0.0074857085289685606,
    -0.008977307828422508,
    -0.019820107695415624,
    0.016083481756176517,
    0.041431642949348424,
    0.035108930746839254,
    0.03906863397489962,
    0.10544620093519216,
    -0.029900004534604663,
    0.0602979398307055,
    -0.013117034171878659,
    -0.043758022920788876,
    0.047745004727773786,
    -0.02305762509126987,
    -0.028205798126555073,
    -0.02372520087646184,
    0.1163935588244759,
    -0.027892479276092053,
    0.014078141460212149,
    0.033724588996016845,
    -0.010655390887629216,
    0.056182036115066655,
    -0.007937524810080933,
    0.02412002370753566,
    -0.0304166500250435,
    0.12952580706725594,
    -0.03640122769634022,
    0.05459554585454777,
    -0.027616933106331152,
    -0.026115132610492624,
    -0.020396807702832018,
    -0.016930751966239707,
    0.04385770945611471,
    0.023915190506378445,
    -0.041287104499540705,
    -0.03512522890937179,
    0.035002297658433816,
    0.004022422039412694
  ],
  "sum weights": 0.999999940618481
}