{
  "mu_target": [
    -0.5,
    0.6000000238418579
  ],
  "mu_model": [
    [
      -0.5009539187678308,
      0.601210943248511
    ]
  ],
  "diff": [
    [
      0.000953918767830797,
      0.001210919406653077
    ]
  ],
  "sigma_integral": [
    0.0006818352814364256,
    0.0011225344232528385
  ],
  "within_band": [
    [
      false,
      false
    ]
  ],
  "toy_seed": 187,
  "weights": [
    -0.04935606936191713,
    0.07386079708629913,
    0.09067511233391565,
    0.02519583235719134,
    0.00428017699521709,
    0.045367378241598894,
    0.012696059070364044,
    0.026134500459096707,
    0.013837766411364484,
    -0.013764428091146403,
    0.04001545388166215,
    -0.028669788680768356,
    0.006262708268975502,
    -0.01453321041436932,
    -0.025489758382233076,
    0.028415305708509676,
    0.008932043532124019,
    -0.01911254271354866,
    0.03735497509398299,
    0.02614598749623487,
    -0.008758435591588495,
    0.033357656834004885,
    -0.010028113992172412,
    -0.018420557156860726,
    0.007442331304500978,
    0.02429555332533054,
    0.011487624874104993,
    0.0453505789254355,
    -0.01470443717144552,
    0.04977503413887918,
    -0.08084392364482264,
    -0.09003606853101584,
    0.0270568041366198,
    0.05192253573273226,
    -0.010747907352711882,
    0.015528768593057154,
    0.055416696643210105,
    -0.026106188305088856,
    -0.04870974285033899,
    0.03227371342095012,
    0.028145981423618703,
    -0.045381107172254534,
    0.016869497878044298,
    0.024744979158599408,
    0.09086957638970936,
    -0.0364068297716274,
    0.021000007496971212,
    0.007660592245448376,
    0.0051957514056887415,
    0.03447029035814784,
    0.08244542171819508,
    0.01748739402006192,
    0.030342477757614585,
    0.003137043803946653,
    0.010024460788045456,
    -0.09044913525923869,
    0.00861870832141798,
    -0.037519604610351365,
    0.04174046072536237,
    -0.009878786970825282,
    0.006285671109813537,
    0.06479485315865967,
    0.01900319041700758,
    0.0034170779964637975,
    0.014863653431974407,
    -0.02095174154656807,
    0.03409123772260133,
    0.047981658119220505,
    -0.0009099394476140864,
    0.005183161604674781,
    -0.003762589232049845,
    0.11928949897446085,
    0.0142516070035776,
    -0.050214501390257515,
    -0.04841712823559938,
    -0.03728289140079816,
    -0.023514527526802925,
    -0.06177875203325376,
    0.009004847193460777,
    0.003932901744259779,
    0.05909060358999168,
    -0.025842954671376064,
    0.023932734858983035,
    -0.014192399970920677,
    -0.01772955693402394,
    0.05215714713855551,
    -0.008730453124150103,
    0.0972951780335132,
    0.01275918601674987,
    0.04973887817209531,
    -0.0391743556860509,
    -0.011588746373592387,
    0.044534651720903796,
    0.03629718366117333,
    0.023995812078609107,
    0.05623918180435959,
    -0.046697922378454035,
    -0.03170919319334117,
    0.036986562815864446,
    0.07045371335148945
  ],
  "sum weights": 0.9999999409055184
}