{
  "mu_target": [
    -0.5,
    0.6000000238418579
  ],
  "mu_model": [
    [
      -0.5003326520592285,
      0.6000072357402506
    ]
  ],
  "diff": [
    [
      0.00033265205922849983,
      7.211898392700533e-06
    ]
  ],
  "sigma_integral": [
    0.0006792499610637453,
    0.001114244667930984
  ],
  "within_band": [
    [
      true,
      true
    ]
  ],
  "toy_seed": 64,
  "weights": [
    -0.007971522257935681,
    -0.06853191953066287,
    0.1206277051328077,
    0.004858797285764335,
    0.02715654290764,
    -0.0021013565282982658,
    -0.00010278743541888418,
    -0.007373866882044412,
    -0.009283140981923742,
    0.01588106232155356,
    0.05883296423533096,
    0.0011262672029481867,
    0.04195565439783541,
    -0.05938492711668038,
    0.023236577390674456,
    0.02458426735382838,
    -0.1026745193568792,
    -0.016269964086382534,
    0.08127449154575099,
    -0.012714766102287414,
    -0.028816055379724672,
    -0.06206930885319445,
    0.007457560167064337,
    -0.05328035839282148,
    0.018566301542616112,
    -0.022621756280185444,
    -0.037933689103973114,
    0.018615162127957465,
    -0.08629247269285446,
    0.03015496205918752,
    -0.032549419850650504,
    -0.04695164254394609,
    0.07350676151801927,
    0.030838800293363458,
    0.0539018235324218,
    -0.0031825949141447278,
    0.032433753896712075,
    0.02402663447850542,
    -0.005228830131073218,
    -0.021157483327833935,
    0.02220855492484941,
    -0.03950427681986518,
    0.0647143129108518,
    0.06389039928052669,
    0.025303367010273366,
    -0.02763089638786349,
    0.026968984210196553,
    0.05606234210371595,
    -0.015053921184874912,
    0.017181849546370132,
    0.058722551692182864,
    0.041245782467735984,
    0.03261752794946247,
    0.06622310563431712,
    0.03014840466864171,
    -0.011466793782528406,
    0.031233722038101097,
    0.007797091768768279,
    0.021657672699497654,
    0.012239229214300408,
    0.02042904217561209,
    0.01072373594485948,
    0.004324477410969633,
    0.04643855243900782,
    0.0042918231017549996,
    0.0016523781339001298,
    0.055680958058930224,
    -0.005627214925250253,
    -0.03918736579686859,
    0.12694044664580473,
    -0.04257873987553534,
    0.1164405282283294,
    -0.018172094298826345,
    -0.05518286113596672,
    -0.04317265896432703,
    0.06861405421721595,
    0.05086556468404367,
    0.0053507093358054906,
    0.06869994864212871,
    -0.04229797716761474,
    0.02457633138111537,
    0.009467286424549087,
    -0.009320020192841701,
    -0.019911491936637035,
    -0.011548104185653416,
    0.06183670408317068,
    -0.02333050674731715,
    0.05423530749079188,
    0.03391602445768819,
    0.057047235175428944,
    -0.015666394266209686,
    0.001973465868337182,
    0.011473157421112561,
    0.049214604031026496,
    0.014605547510389073,
    -0.054056513023038426,
    -0.029175790903801537,
    -0.08094075982713149,
    0.0560062849816302,
    0.04826154661368565
  ],
  "sum weights": 0.9999999387959937
}