{
  "mu_target": [
    -0.5,
    0.6000000238418579
  ],
  "mu_model": [
    [
      -0.4994507315088923,
      0.601692473389553
    ]
  ],
  "diff": [
    [
      0.0005492684911077017,
      0.0016924495476950963
    ]
  ],
  "sigma_integral": [
    0.0006848330988207681,
    0.0011201930205225884
  ],
  "within_band": [
    [
      true,
      false
    ]
  ],
  "toy_seed": 20,
  "weights": [
    0.02186880058122502,
    -0.014893116402778787,
    0.07692972131082002,
    0.049773982647013826,
    -0.007829271732532707,
    0.05125818730102581,
    -0.009088484223715807,
    0.020853050180596182,
    0.04668098911289515,
    0.01662406242496217,
    -0.022559913050145406,
    0.0045202793096327685,
    -0.006418447450210536,
    -0.04779956620723804,
    0.044845703958515164,
    -0.014211776884874724,
    -0.048820386761919375,
    -0.03942306871414496,
    0.011183385032776154,
    -0.014925295524069985,
    -0.006569289698027347,
    0.014556990602944835,
    -0.01560041338940866,
    -0.052469197360968556,
    0.015546745761518552,
    0.030295182654942753,
    -0.010452544758211425,
    0.01617066510035813,
    -0.04876397900953793,
    0.025153966664812157,
    0.022475564504424044,
    -0.05232291261319566,
    0.10282148223379037,
    -0.0015143884323836514,
    0.021622927275785072,
    0.01762908770659504,
    0.04619731747785292,
    0.028801938503655016,
    -0.04599369523116811,
    -0.0642072657862267,
    -0.005447884821157109,
    -0.02886854167215369,
    0.051881675381931634,
    0.05834551398580561,
    -0.028015570872041623,
    -0.04405251628103574,
    0.027472578658101522,
    0.06779246975303929,
    -0.004994202113265671,
    0.01588050755311521,
    0.01760642053008119,
    0.0271384315321513,
    0.03946128893488891,
    0.02544847837791054,
    -0.002573340325108458,
    -0.04182956798627641,
    0.0821112523643958,
    -0.01790911737786205,
    -0.006380273894603706,
    -0.058853743516242396,
    0.02854476277477601,
    0.014403721417677852,
    0.03067123915226724,
    -0.029646847232657186,
    0.020548498220323255,
    0.004289952123308613,
    0.06561227696498968,
    0.04219064790869247,
    -0.00690551735718139,
    0.06424923103286465,
    -0.030105902422178567,
    0.03636783814060519,
    -0.03999701112078773,
    -0.006330187744530581,
    0.028259183752664018,
    0.03972048113947408,
    0.028650641274510422,
    0.01061802151588882,
    0.09177337843657152,
    -0.02276530186001277,
    0.006236853795624606,
    0.014625705306822582,
    -0.015148890138753167,
    -0.0023397435965066783,
    0.050082414992240566,
    0.014791428456607256,
    0.0439617529181913,
    0.09524174358630243,
    -0.015828750839301395,
    0.09199806258538032,
    -0.04221968149456802,
    -0.008553147181406458,
    0.05755105092017246,
    0.03516539923928967,
    0.008901105262688504,
    -0.008014379762722575,
    -0.03116529874586352,
    -0.07849185457002752,
    0.0247829981777526,
    0.05211318897170364
  ],
  "sum weights": 0.9999999393279491
}