{
  "mu_target": [
    -0.5,
    0.6000000238418579
  ],
  "mu_model": [
    [
      -0.5007102763081264,
      0.6006199665186254
    ]
  ],
  "diff": [
    [
      0.0007102763081263674,
      0.0006199426767674598
    ]
  ],
  "sigma_integral": [
    0.0006864728232314005,
    0.0011262709475271734
  ],
  "within_band": [
    [
      false,
      true
    ]
  ],
  "toy_seed": 174,
  "weights": [
    -0.007596352293810845,
    0.043990454105118246,
    0.07764369421397836,
    0.08382832676176366,
    0.05331624290950003,
    0.0150440736326024,
    -0.02910294375173306,
    0.04603222809051422,
    0.0233426241488658,
    0.040041807625658836,
    -0.014690412531450777,
    0.020808606345928814,
    -0.01572567320375269,
    -0.027259267878255267,
    -0.026747886288983693,
    0.025304219596838578,
    -0.1156527723012834,
    -0.02002887715846561,
    0.04715276632178855,
    -0.03307489183193115,
    -0.026678288946552314,
    -0.035828884535435555,
    -0.03511505338218969,
    -0.03079535670820832,
    -0.006211754203161754,
    -0.07240211061668252,
    -0.008679505435729495,
    0.03499386332730497,
    -0.07688472782658373,
    0.0716734741502916,
    -0.005971827738508629,
    -0.1186937669770517,
    0.030970053937447534,
    0.021176889126773044,
    0.061226028489222435,
    0.03588560069727086,
    0.08009983743550181,
    -0.010109305259913201,
    -0.0065404823382091476,
    -0.00969539931484702,
    -0.01168717842366606,
    -0.004592849435378632,
    0.029672849539752067,
    0.0933973862406579,
    0.021020678000049937,
    -0.07387775595925553,
    0.03889713864615333,
    0.0213137474818098,
    0.02152677656840214,
    0.048535443063072885,
    0.07305692508156293,
    -0.008798025596386528,
    0.008785210758802267,
    0.027221519107503866,
    0.020486959838137735,
    -0.07525345852181209,
    0.05426320310402437,
    -0.017877065479942948,
    0.0025360254553481645,
    -0.017115588752454308,
    -0.030594782655049845,
    0.04630560410896309,
    0.01209488342970169,
    0.009041887476846056,
    0.034396359451069364,
    0.0210192912928695,
    -0.010565797177145193,
    0.05589560824170051,
    0.052472766780782665,
    0.05301951179854,
    0.03822284403632184,
    0.030224641987549167,
    -0.0016384829504132916,
    0.0017871664230336484,
    0.032713397910524786,
    0.00883673979635996,
    0.015136969589035725,
    -0.011460248815100549,
    0.04667028867940588,
    -0.018361947779212646,
    0.07310747449753963,
    0.01574597894304748,
    0.008807537137532366,
    0.040070366539433,
    -0.006987809239091224,
    0.09377023453463833,
    -0.0053979421965643795,
    0.07781489055050914,
    -0.028632197637036543,
    0.07880520195208858,
    -0.09241140572375009,
    -0.015227405903246066,
    0.00784013898640794,
    -0.008034678441489094,
    0.05090921669812442,
    0.010660076728019994,
    0.03283398239667853,
    -0.08686115083770338,
    0.003038697688224376,
    0.03437483862113186
  ],
  "sum weights": 0.9999999380302889
}