{
  "mu_target": [
    -0.5,
    0.6000000238418579
  ],
  "mu_model": [
    [
      -0.48721734602485334,
      0.5921411090634945
    ]
  ],
  "diff": [
    [
      0.012782653975146663,
      0.007858914778363424
    ]
  ],
  "sigma_integral": [
    0.005238953871902713,
    0.008688816951114857
  ],
  "within_band": [
    [
      false,
      true
    ]
  ],
  "toy_seed": 4,
  "weights": [
    0.014378418454676904,
    0.054112702641383265,
    0.1323615842899866,
    -0.03612195690092605,
    -0.035903192701578344,
    0.1511085974707201,
    -0.20745833653103132,
    0.23702806673758559,
    0.21314574078386042,
    0.13571406553832904,
    0.08417631682962998,
    0.016622286278846495,
    0.012832970046462461,
    -0.3946175908944193,
    -0.09401106708185673,
    -0.2715742724488095,
    -0.15392537491694946,
    0.040072466176998535,
    0.1351120196001076,
    0.2039374100414008,
    0.037572446566860165,
    0.10784653364103249,
    0.02709806502730106,
    0.05154523922889697,
    -0.21138668579322703,
    0.009940198581478918,
    0.03194544277320193,
    0.012945068797291868,
    -0.06990298329030481,
    -0.08746643588142677,
    0.19502149008501132,
    -0.05947644978990099,
    0.02087900387486028,
    0.04517465141194814,
    -0.002352185459803268,
    -0.0948482512436915,
    0.04657951126739643,
    0.0811892005681817,
    0.1640131655531525,
    0.17038768703248702,
    0.12711857656875478,
    -0.05716899334437629,
    0.024274871069635304,
    -0.007463209011384601,
    -0.09172441548812907,
    -0.08071736882143109,
    0.024994557370136727,
    -0.0378796873559195,
    -0.01744968945675361,
    -0.040165506482929304,
    0.09621816327093674,
    0.06383785851507448,
    -0.05111959244955003,
    0.014819888093502438,
    0.17514868876412704,
    -0.002725569158220545,
    -0.0015645541882715053,
    0.1292134056110747,
    0.010880570421081873,
    -0.007856796706439392
  ],
  "sum weights": 0.9843667635860828
}