{
  "mu_target": [
    -0.5,
    0.6000000238418579
  ],
  "mu_model": [
    [
      -0.49030433777371263,
      0.5833415651363406
    ]
  ],
  "diff": [
    [
      0.009695662226287372,
      0.0166584587055173
    ]
  ],
  "sigma_integral": [
    0.0041470973247348854,
    0.00860891873982933
  ],
  "within_band": [
    [
      false,
      false
    ]
  ],
  "toy_seed": 7,
  "weights": [
    -0.09517366565375276,
    0.008388587951426905,
    0.04130189313677323,
    -0.02862496296004925,
    -0.07492426053922499,
    0.2580103001848122,
    0.08065090766747735,
    0.20620310812443632,
    0.052357494031795085,
    0.1207889972426254,
    0.15997359395932248,
    -0.017837461002716347,
    0.014016460853083529,
    -0.1472210130102316,
    -0.19076706956336648,
    -0.2312938257117112,
    -0.0863831912481149,
    0.11633434393844658,
    0.05595382093180565,
    0.008209668871105136,
    0.02829299741598678,
    0.030607679088154982,
    -0.11274980515753563,
    0.046035834545192805,
    -0.15246507365212902,
    -0.01716500864940812,
    0.18128226614170773,
    0.04544434247292592,
    -0.031957602599249284,
    -0.03423861651824969,
    0.06343087095091618,
    -0.013431613169106543,
    0.06486842895592367,
    0.10869734121382876,
    0.04234823240859041,
    -0.07294449295114411,
    0.10173941384511848,
    0.0004220874824490649,
    0.18391604972272058,
    0.25471919940982124,
    0.08884853761126499,
    -0.07563325523037409,
    0.005667705759232884,
    0.010914117791644242,
    -0.06683531205422653,
    -0.03051858067312431,
    0.18859783327531024,
    -0.05193794009767539,
    0.05887725969128603,
    0.06337789106711002,
    0.00456102633204588,
    0.03265439829124449,
    -0.16962356753642976,
    0.18102474226320997,
    -0.10066201611197373,
    -0.20474909427897256,
    0.07530709124889429,
    0.04062055856700121,
    -0.05235375880691803,
    0.008409007420227634
  ],
  "sum weights": 0.973362902689234
}