{
  "mu_target": [
    -0.5,
    0.6000000238418579
  ],
  "mu_model": [
    [
      -0.4871933939759028,
      0.5841646750021308
    ]
  ],
  "diff": [
    [
      0.012806606024097222,
      0.015835348839727148
    ]
  ],
  "sigma_integral": [
    0.0045608893138819676,
    0.0077367070229799285
  ],
  "within_band": [
    [
      false,
      false
    ]
  ],
  "toy_seed": 168,
  "weights": [
    0.13110010787406345,
    -0.20796918675807446,
    0.01355908417505848,
    0.022004030874242422,
    -0.10561852125705314,
    -0.007865194029381364,
    -0.08770976863698261,
    0.11389280095148255,
    0.12179986480119266,
    0.15877330249893298,
    0.07932062134634804,
    0.015920696510528187,
    -0.026416774425914683,
    -0.12007182651556941,
    -0.09725209912996371,
    -0.0564327741226463,
    0.012492103389512364,
    0.06261098697990503,
    0.077267617208636,
    0.09167517949224398,
    0.1425606159957275,
    0.07356075964732801,
    -0.09517643474268482,
    0.045530517222267225,
    -0.1061829267890654,
    0.020502721620545256,
    0.053318780878325645,
    -0.0015122100054965198,
    0.010569644454248343,
    0.10405621610499302,
    0.16131571860112331,
    0.08713305229457088,
    0.12267566377439494,
    0.029796805879017653,
    -0.07328333199050963,
    -0.006886141267088256,
    0.051536655394818866,
    0.048159536765434593,
    0.142753799803017,
    0.23218696294510416,
    0.09509225159066054,
    -0.08769365847520288,
    0.016192820863057115,
    0.058315007152017394,
    -0.030352337526657346,
    -0.13912682935791132,
    0.12437464620709038,
    -0.14825470831948884,
    -0.015155931231302391,
    -0.1062732346951205,
    0.054752106628300254,
    0.028980878466592468,
    -0.017320022292227122,
    0.013065835893289614,
    -0.1184712484641108,
    -0.039320521633395875,
    0.004167450864918251,
    0.02104779421226409,
    -0.04079595263464611,
    0.06837002713301965
  ],
  "sum weights": 0.9752910321937789
}