{
  "mu_target": [
    -0.5,
    0.6000000238418579
  ],
  "mu_model": [
    [
      -0.48468405957154587,
      0.5876872691066728
    ]
  ],
  "diff": [
    [
      0.015315940428454133,
      0.012312754735185116
    ]
  ],
  "sigma_integral": [
    0.004808393031465406,
    0.007699068613652044
  ],
  "within_band": [
    [
      false,
      false
    ]
  ],
  "toy_seed": 221,
  "weights": [
    0.0012219721748887302,
    0.0740769949877619,
    0.003432394023783536,
    -0.08185202594887075,
    -0.16284542847032651,
    0.1198803550210163,
    -0.13946754705251135,
    0.12107431936872969,
    0.1299002837929934,
    0.15949108429372602,
    0.08741553422007628,
    0.039730123364409904,
    -0.11273480731045307,
    -0.1363907649536043,
    -0.1893391541577095,
    -0.23220996349834466,
    -0.04146953070878211,
    -0.013541785051461187,
    0.18076874096162937,
    0.062411920579080155,
    0.009099033603777607,
    0.1702977451144443,
    -0.08145019167667691,
    0.08530981321382168,
    -0.11986967260177903,
    0.0328079073697307,
    0.23312367886579077,
    0.01864093243296923,
    -0.09053589306809866,
    0.13652179741473006,
    0.08705989001156972,
    -0.06152569764250314,
    0.10497153407245827,
    0.0252266456875527,
    0.02043752182262198,
    -0.06401672940032312,
    0.06794264960574914,
    0.05332968936391973,
    0.25197715818065103,
    0.08835831892496496,
    -0.039731525806765464,
    0.10245778853171757,
    -0.052117308751452075,
    0.0744436910533661,
    -0.18588674367472674,
    -0.05017377481066991,
    0.18343749715191315,
    -0.01985430687709431,
    0.0905904909059857,
    0.003418378305101763,
    -0.03845818216396457,
    0.05246688110711934,
    -0.141121125874827,
    0.09494098547699924,
    0.014011920736297409,
    -0.015048007368056995,
    -0.05950574157571547,
    0.067631126783843,
    -0.026032894471017698,
    0.08141785273703804
  ],
  "sum weights": 0.974145848346494
}