{
  "mu_target": [
    -0.5,
    0.6000000238418579
  ],
  "mu_model": [
    [
      -0.49502792596355566,
      0.6022648438827494
    ]
  ],
  "diff": [
    [
      0.0049720740364443405,
      0.0022648200408914576
    ]
  ],
  "sigma_integral": [
    0.00495674323482911,
    0.008353664324823281
  ],
  "within_band": [
    [
      false,
      true
    ]
  ],
  "toy_seed": 119,
  "weights": [
    0.041861926411524704,
    0.11381370134748942,
    0.05992517977821604,
    -0.04437297213344139,
    -0.15108170717024091,
    0.21739882742221414,
    -0.22090833900731066,
    0.17711536182617174,
    0.3230238347207874,
    -0.05798236784151775,
    0.15643852782068302,
    0.059912785428985864,
    -0.0574508189294918,
    -0.06645046818602628,
    -0.3091430844008427,
    -0.45680465077988425,
    -0.030188898393618494,
    -0.11072824913281465,
    0.24094587679383914,
    0.04535332377162585,
    0.09648641110770914,
    0.1486391018057764,
    -0.11085135968613624,
    0.029441810833569188,
    -0.08793601708588349,
    -0.0021559859602265107,
    -0.14509965000580638,
    0.055387988825050714,
    -0.1278723457867904,
    0.035124287710673024,
    0.11738693118673058,
    0.42217823456577347,
    -0.1330236060323794,
    -0.36865568832589496,
    0.02601929535844927,
    0.1994881533202552,
    0.04435278095940932,
    0.2785497315065861,
    0.3677093908026041,
    -0.14520565745668315,
    -0.12942380470206918,
    -0.018215924165071357,
    -0.12292168303250528,
    0.11777643941602156,
    -0.013719138574567306,
    -0.041214178212965885,
    0.2594796606022642,
    -0.09802915527235284,
    -0.2494353767843,
    0.14828158962124088,
    0.16113841222189376,
    -0.02677271939665916,
    0.162364811901829,
    0.0022109042136950648,
    0.04174192720665344,
    0.010080109830177812,
    -0.26058020280418187,
    0.15458066989708494,
    0.0263486068335415,
    0.24566741340322465
  ],
  "sum weights": 0.9999999591920883
}