{
  "mu_target": [
    -0.5,
    0.6000000238418579
  ],
  "mu_model": [
    [
      -0.4979315841245543,
      0.5851152711255502
    ]
  ],
  "diff": [
    [
      0.002068415875445706,
      0.014884752716307736
    ]
  ],
  "sigma_integral": [
    0.005200453850602033,
    0.0086593994438629
  ],
  "within_band": [
    [
      true,
      false
    ]
  ],
  "toy_seed": 80,
  "weights": [
    0.2793879150814587,
    -0.1054827727225559,
    -0.2959626411770488,
    -0.0864751739839751,
    -0.17515549342142944,
    0.14615566203952793,
    -0.24653641068252033,
    0.3999969226847574,
    0.19617653692599565,
    0.12944114242535995,
    0.16264876768731207,
    -0.03038906286961508,
    0.12508500907722317,
    -0.3254331229538966,
    -0.17765670148127746,
    -0.2953479377311639,
    0.08915147596932801,
    -0.3890499925487021,
    0.48018164841436367,
    0.06674828553071074,
    0.09631339595783231,
    0.20437158035945757,
    -0.10652777781455294,
    -0.03663108535907949,
    -0.2095598881449065,
    0.008089440769565987,
    0.10430952572668135,
    0.10669709911504653,
    0.023238625132301374,
    0.06498632878730363,
    -0.14800813306465083,
    -0.35976084383303847,
    0.3546718025386541,
    -0.2642541050607608,
    -0.1685724509304021,
    -0.27740311808314666,
    -0.007854327167240199,
    0.1016633038080045,
    0.1056396245110441,
    0.32253033152977545,
    0.1720562545185883,
    0.5595750605241506,
    0.18475801726923827,
    0.06281169874806422,
    -0.19598862368645042,
    0.2047800315243419,
    -0.0075713910662256875,
    0.11415418023894082,
    0.10107323702293225,
    -0.07426725682033328,
    -0.03717767604068143,
    0.1455479708257424,
    -0.22856451258547145,
    0.10385766559660436,
    -0.06655278915475042,
    0.055505323113092454,
    -0.14544852226227367,
    0.1343718287997112,
    -0.0042192732930974525,
    0.05987535138691013
  ],
  "sum weights": 0.9999999597007744
}