{
  "mu_target": [
    -0.5,
    0.6000000238418579
  ],
  "mu_model": [
    [
      -0.5005395801454483,
      0.5868982746304438
    ]
  ],
  "diff": [
    [
      0.000539580145448304,
      0.01310174921141416
    ]
  ],
  "sigma_integral": [
    0.005075335261958165,
    0.008400560403377007
  ],
  "within_band": [
    [
      true,
      false
    ]
  ],
  "toy_seed": 176,
  "weights": [
    -0.02435789084416505,
    -0.09168392807588802,
    -0.037614417321013845,
    -0.10637081969247346,
    -0.1140529025053989,
    0.040732081215976296,
    0.02883010947883729,
    -0.042999960721386274,
    0.10433709616666638,
    0.24312094449205246,
    -0.02092854213862475,
    -0.06438580805623181,
    0.13532777907449525,
    -0.18146344338266276,
    0.11871149302791512,
    -0.22198316384936828,
    -0.059964890527787945,
    -0.08806213569890606,
    0.05480450023395299,
    -0.16845829863150055,
    0.11259025998406783,
    0.06476914378254461,
    -0.20806387998204162,
    0.06664634015199299,
    -0.228959524227611,
    0.04318802070045307,
    0.32591033436715044,
    -0.08618172595466866,
    -0.1370318302635354,
    -0.041699233997031446,
    -0.07020788766394821,
    0.028521888231378856,
    -0.008843220092615267,
    0.0038215966814565453,
    0.009749156509507743,
    -0.10545492368163588,
    -0.14396554891414517,
    0.2677947826751824,
    -0.047531085247866894,
    0.19805408716434636,
    0.22060180351567932,
    0.37974002621005354,
    0.09078947034540544,
    0.12855493637254703,
    -0.07457597385996972,
    0.004777121220818006,
    0.04317618227690934,
    0.05452334869761939,
    0.07287674674646497,
    -0.02968187894103952,
    0.3517030581135212,
    0.24886776131373683,
    0.023616237149558725,
    0.03753956488888212,
    -0.17205893757217536,
    -0.0936211103839466,
    -0.13541950615189555,
    0.21233856627976078,
    -0.045003876910322343,
    0.13461185706651657
  ],
  "sum weights": 0.9999999488455933
}