{
  "mu_target": [
    -0.5,
    0.6000000238418579
  ],
  "mu_model": [
    [
      -0.5081649725605172,
      0.598139013444099
    ]
  ],
  "diff": [
    [
      0.00816497256051718,
      0.0018610103977588777
    ]
  ],
  "sigma_integral": [
    0.005268748587126576,
    0.008497427572288583
  ],
  "within_band": [
    [
      false,
      true
    ]
  ],
  "toy_seed": 200,
  "weights": [
    -0.11255656858700656,
    0.050123281101055975,
    -0.023160079336966666,
    -0.009014109670426143,
    -0.0072315665777076595,
    -0.03386900169247529,
    -0.29783841285681006,
    0.25590441732863733,
    0.026385021533650455,
    0.19010463199829858,
    0.3512331186828757,
    0.08157646983663433,
    -0.11692888737018044,
    -0.3045643358137465,
    -0.22855194417446775,
    -0.28781776079478005,
    -0.00450037762048302,
    0.3406631985767384,
    0.24318095945492685,
    0.09217318822476217,
    0.007181423520832543,
    0.09709562742710895,
    -0.1155015478888258,
    -0.0017039718984921434,
    -0.178688183629239,
    -0.03754787906417692,
    -0.2975480084960651,
    -0.002596132661187924,
    0.018234792437184625,
    0.038418822166859934,
    0.2127018335433249,
    0.08974291303414547,
    0.1959931409549609,
    -0.01352566158515643,
    0.079461631444239,
    -0.022697739841267255,
    -0.08102057734259736,
    -0.14553869908682546,
    0.006875075319119671,
    0.37701812875644036,
    0.19219507643859224,
    0.06050013475377158,
    -0.15352105048270817,
    0.15707422986803046,
    -0.03498652358777741,
    0.12611488966542375,
    -0.18508060764796197,
    -0.13889016412704835,
    -0.23888142381490923,
    0.15042620922075992,
    0.26385631118759834,
    -0.07625705100207426,
    0.10821433288674187,
    0.3827019757807744,
    -0.021019950232785054,
    0.14468566954713305,
    0.04786270869914087,
    -0.01567804120109999,
    0.013897301203930852,
    -0.2148803007465209
  ],
  "sum weights": 0.9999999557619248
}