{
  "mu_target": [
    -0.5,
    0.6000000238418579
  ],
  "mu_model": [
    [
      -0.49856399518424716,
      0.5898527274621382
    ]
  ],
  "diff": [
    [
      0.0014360048157528449,
      0.010147296379719672
    ]
  ],
  "sigma_integral": [
    0.005054098761694293,
    0.008481659428595219
  ],
  "within_band": [
    [
      true,
      false
    ]
  ],
  "toy_seed": 173,
  "weights": [
    -0.09116113745649296,
    -0.16965218488571956,
    0.10468761458111918,
    0.04723284815382283,
    -0.2962573751964155,
    0.3346752422818398,
    -0.16692922971557636,
    0.4142222518420912,
    0.03442986901479528,
    -0.14634226210854687,
    0.16323714880921567,
    0.1703061874293584,
    0.011652579441002927,
    -0.19634290142241576,
    -0.085324125309704,
    -0.3303800779836485,
    0.023064871356759806,
    0.06297580062415777,
    -0.11566074488706048,
    0.13860842472357424,
    0.14606984956237573,
    0.031959580414234676,
    -0.02230464423621686,
    0.15521503192938027,
    -0.164901038674689,
    -0.10976038340864823,
    0.3278413339875217,
    0.1183498023258522,
    -0.30891250257256386,
    0.12929299112858822,
    0.1034101335118551,
    -0.3203649376155796,
    0.027711267115004625,
    0.14959706797804007,
    -0.016503123892946902,
    0.11363230687539513,
    -0.32679381726886025,
    0.1673372188341273,
    -0.1869907495662503,
    0.2722967569106328,
    0.1394925981040216,
    0.0019037030010251455,
    0.11281902063320133,
    -0.038567505142192926,
    -0.093534568228087,
    0.007009575051632274,
    -0.060184347592972615,
    0.35755159037462364,
    0.20642619596551848,
    0.2802677312217205,
    0.03252988024032582,
    0.06262120546903222,
    -0.04336754694273057,
    0.13380119816730682,
    -0.14453096148509298,
    -0.37805962967714274,
    0.231340821888981,
    0.133060572321108,
    0.0745510868198436,
    -0.2083556080826271
  ],
  "sum weights": 0.9999999547369047
}