{
  "num": 39204.625,
  "den": 28546.130859375,
  "test": 10658.494140625
}