{
  "mu_target": [
    -0.5,
    0.6000000238418579
  ],
  "mu_model": [
    -0.4955218122739536,
    0.5938887990636965
  ],
  "diff": [
    0.004478187726046412,
    0.006111224778161395
  ],
  "sigma_integral": [
    0.0005219937004322476,
    0.038773833410669256
  ],
  "within_band": [
    false,
    true
  ],
  "toy_seed": 7,
  "weights": [
    0.6946994662284851,
    0.3053005039691925
  ]
}