{
  "mu_target": [
    -0.5,
    0.6000000238418579
  ],
  "mu_model": [
    -0.4954684983580169,
    0.5935420731451625
  ],
  "diff": [
    0.004531501641983127,
    0.006457950696695414
  ],
  "sigma_integral": [
    0.0019170529215782575,
    0.040922128625135716
  ],
  "within_band": [
    false,
    true
  ],
  "toy_seed": 6,
  "weights": [
    0.6730082631111145,
    0.3269917070865631
  ]
}