{
  "mu_target": [
    -0.5,
    0.6000000238418579
  ],
  "mu_model": [
    -0.4951806253858305,
    0.5924997254556299
  ],
  "diff": [
    0.00481937461416948,
    0.00750029838622801
  ],
  "sigma_integral": [
    0.002362228096317045,
    0.04199004795060149
  ],
  "within_band": [
    false,
    true
  ],
  "toy_seed": 2,
  "weights": [
    0.6229926347732544,
    0.3770073652267456
  ]
}