{
  "mu_target": [
    -0.5,
    0.6000000238418579
  ],
  "mu_model": [
    -0.4955126119054113,
    0.5946345139662377
  ],
  "diff": [
    0.004487388094588707,
    0.0053655098756202335
  ],
  "sigma_integral": [
    0.00032991854889191907,
    0.03342561893119026
  ],
  "within_band": [
    false,
    true
  ],
  "toy_seed": 3,
  "weights": [
    0.7567851543426514,
    0.24321483075618744
  ]
}