{
  "mu_target": [
    -0.5,
    0.6000000238418579
  ],
  "mu_model": [
    [
      -0.4999773299269703,
      0.5980448157513035
    ]
  ],
  "diff": [
    [
      2.2670073029695814e-05,
      0.0019552080905543834
    ]
  ],
  "sigma_integral": [
    0.0009553895452101295,
    0.0014450686658538888
  ],
  "within_band": [
    [
      true,
      false
    ]
  ],
  "toy_seed": 272,
  "weights": [
    0.004085679662042058,
    0.09278124142371766,
    0.11470536783120679,
    0.05116440293652013,
    0.016848593500197965,
    -0.00268668478718526,
    -0.006595100483580143,
    0.08510019134277794,
    0.01818733932791042,
    -0.002866658779668458,
    0.012408985201989796,
    -0.01649269303178791,
    0.020941338977306895,
    -0.012410353870623073,
    0.07434911805147575,
    -0.034179991920842166,
    -0.007436679996522194,
    -0.03972908398219008,
    -0.019903697731739278,
    0.01004610478000369,
    0.015468675261421884,
    0.010916739432103806,
    0.013106934395946535,
    0.06974628408579513,
    0.014615495993522723,
    -0.023688178041964214,
    -0.014049659598955481,
    0.010807031092156636,
    -0.03784380159386126,
    0.003626894607456257,
    0.10401544740304712,
    -0.01987017750060388,
    0.03717475568986954,
    0.08141797783087812,
    0.03898802066902178,
    -0.03483657137443126,
    0.05308535970735273,
    0.020156847712367785,
    -0.017903010775609726,
    0.0017871838339356743,
    0.009966590306544466,
    -0.011798503337962929,
    0.03373978712220511,
    0.09447737970755224,
    -0.01651347210039331,
    0.01076855082911068,
    -0.04344682750029721,
    0.02006475424345527,
    -0.005944415104300414,
    0.03514757195684468,
    0.08574919340739863,
    0.11147930697224247,
    -0.027165421575037152,
    -0.010077792028523748,
    0.04950386011742598,
    0.01901793461299818,
    0.04307666259398579,
    -0.041105642547044866,
    0.008587054329425905,
    -0.050566295996520905
  ],
  "sum weights": 0.9999999432895693
}