{
  "mu_target": [
    -0.5,
    0.6000000238418579
  ],
  "mu_model": [
    [
      -0.4988321058849552,
      0.6001869068895206
    ]
  ],
  "diff": [
    [
      0.0011678941150448097,
      0.00018688304766267816
    ]
  ],
  "sigma_integral": [
    0.0009506745617140274,
    0.001458354516850109
  ],
  "within_band": [
    [
      false,
      true
    ]
  ],
  "toy_seed": 255,
  "weights": [
    0.005134378056666393,
    0.05358531545990349,
    0.023919141568734294,
    0.057009801701425826,
    -0.00021335580625618723,
    0.05379144119328852,
    -0.04540438059599251,
    0.008991369807932671,
    0.06740418012152556,
    -0.04039557355357125,
    0.11071767959734669,
    -0.006832615491115177,
    0.013268486364100735,
    -0.0837834686197661,
    -0.013204764745278605,
    -0.011751869603377825,
    -0.034489281321399695,
    0.017355600168665157,
    0.04277272138971055,
    -0.024100528810308792,
    -0.012489386844905973,
    0.0518916758475616,
    -0.017105407396823084,
    0.04067161633016815,
    0.051315188650141,
    0.08873707929996084,
    -0.021031710888462802,
    0.013626480100601468,
    -0.011753498430235149,
    0.049798002383608334,
    -0.01227692227627977,
    -0.10491608665629297,
    0.027491384469249057,
    -0.02354789405709248,
    0.01744723998601423,
    0.017821364950999185,
    0.05004366263413607,
    0.023288849731244548,
    -0.03525408263091046,
    -0.006631147326276462,
    -0.0011658780484533578,
    0.02260391475350936,
    0.04705636047901094,
    0.06311297845426903,
    0.006044911189387067,
    -0.014160304607984536,
    0.08607991175583404,
    0.05484769728185929,
    0.054052943111557075,
    0.08785142713056965,
    0.016560072645352746,
    0.12348671578122619,
    0.010474862848382829,
    -0.06493768559686673,
    0.06684122075880257,
    -0.03173110423223729,
    0.032655815755209094,
    -0.043690078526751455,
    0.10440853544584992,
    -0.0012930589323636764
  ],
  "sum weights": 0.9999999422048019
}