{
  "mu_target": [
    -0.5,
    0.6000000238418579
  ],
  "mu_model": [
    [
      -0.5013435946994815,
      0.5978011674458115
    ]
  ],
  "diff": [
    [
      0.0013435946994815318,
      0.0021988563960464447
    ]
  ],
  "sigma_integral": [
    0.0009565092676938125,
    0.0014342339082985362
  ],
  "within_band": [
    [
      false,
      false
    ]
  ],
  "toy_seed": 225,
  "weights": [
    0.01691990611779027,
    -0.03439042067439372,
    0.0837215852592518,
    0.11859809691210098,
    0.02633405883799969,
    0.017619345295187838,
    0.021385946106434378,
    0.0546931414632779,
    0.08935732525883597,
    0.025229387866589206,
    0.04918605277956999,
    -0.006609423120386977,
    0.0011907400850954062,
    0.014053047041679635,
    0.051724634100891065,
    0.06573221221609199,
    -0.10128234920895464,
    -0.02203504352775417,
    -0.014574532246770352,
    0.0326794171725375,
    -0.0316390514331559,
    0.019239064677142117,
    -0.01184338625054974,
    0.056184742399024115,
    -0.022886951738393883,
    -0.0036654611258750643,
    0.005951806882910001,
    0.06173586826110179,
    -0.013340672201285889,
    0.014801199637785522,
    -0.040512441639526844,
    -0.08077999217185425,
    0.04148143974616438,
    0.0008200424919301761,
    -0.022315844011258124,
    -0.03038874328931651,
    0.03315036931774477,
    -0.006886600700784656,
    0.0324472139635592,
    -0.04706806511091413,
    0.015979782914193164,
    -0.002838645947142813,
    0.08055489406699647,
    0.12325409456173629,
    0.02452561105808995,
    -0.011375693031087328,
    0.06357013667891225,
    0.0366084834050163,
    0.057465347219706094,
    0.05658598689382658,
    0.07973158827995687,
    0.09224300646429642,
    0.03195414839338389,
    -0.04962317427780107,
    0.05871097898609951,
    -0.10878556168295297,
    0.0713641134710875,
    -0.021900863696635423,
    -0.027158248004742546,
    -0.014883711526671622
  ],
  "sum weights": 0.9999999396657884
}