{
  "mu_target": [
    -0.5,
    0.6000000238418579
  ],
  "mu_model": [
    [
      -0.5001584808691931,
      0.5989527003777882
    ]
  ],
  "diff": [
    [
      0.00015848086919312276,
      0.0010473234640696605
    ]
  ],
  "sigma_integral": [
    0.0009444767455526104,
    0.0014371635942532026
  ],
  "within_band": [
    [
      true,
      true
    ]
  ],
  "toy_seed": 87,
  "weights": [
    0.07156989040911975,
    -0.006005248787441224,
    0.08311792562343143,
    0.07911422968422982,
    0.030324189797454996,
    0.09430347871874048,
    0.023891813859392073,
    -0.025334055199559405,
    0.004876529914956626,
    -0.05239781148770705,
    0.13252176916579061,
    -0.030116881128068027,
    -0.06064041671288349,
    -0.04971593088852775,
    0.0346897822602324,
    0.032605463751026256,
    -0.0596503875316764,
    -0.011331257125000294,
    0.043509890376231826,
    -0.02617134312513764,
    -0.04602994727964452,
    0.08332997883460053,
    -0.023387823492229863,
    -0.03436123750508305,
    -0.039236331152609855,
    0.053885845701901865,
    0.038483209202074736,
    0.08313830610723237,
    0.022214002914305607,
    0.008918201832417209,
    -0.012034792874348119,
    -0.016461921590126532,
    0.04771777729556387,
    0.07538431377224128,
    0.0025103946967197856,
    0.009035449610760254,
    0.08888409454372895,
    0.021589494165168595,
    -0.02524833650545302,
    -0.023360844235443212,
    0.0006123397290119182,
    -0.0042955845307421,
    0.05471710854219411,
    0.07517995387722387,
    0.0336216985456285,
    0.01240425379086099,
    0.0682641316916861,
    0.04919744176510044,
    -0.03102938128881749,
    0.09354160524822269,
    0.07697726792742424,
    0.037075296225128195,
    0.0007194250819662126,
    -0.012229464821428606,
    0.03501608270998466,
    -0.09075891132479873,
    -0.0401184403348147,
    -0.03384335342938234,
    0.05095112626874599,
    -0.0001341173038166088
  ],
  "sum weights": 0.9999999439857592
}