{
  "mu_target": [
    -0.5,
    0.6000000238418579
  ],
  "mu_model": [
    [
      -0.5014497497475963,
      0.6005502321942147
    ]
  ],
  "diff": [
    [
      0.0014497497475962628,
      0.0005502083523567514
    ]
  ],
  "sigma_integral": [
    0.0009522253000394894,
    0.0014414023375861433
  ],
  "within_band": [
    [
      false,
      true
    ]
  ],
  "toy_seed": 142,
  "weights": [
    0.10187482687058451,
    0.05506153952235405,
    0.037464671732637185,
    0.016129519777919113,
    0.06364821869572165,
    0.012002967745867813,
    0.0032924353866179462,
    0.031589706044229754,
    0.08188227732437205,
    -0.07304017782622402,
    0.04855215282901798,
    0.0042957840378092076,
    -0.026708830246919262,
    -0.005382938634046306,
    0.0010430443051520127,
    0.023493316721730103,
    -0.04090918793614861,
    0.004290135063765332,
    0.006479148466907648,
    0.0389431289811814,
    -0.010232311725777448,
    0.06034108603564978,
    0.04155533618616804,
    -0.006975041391619441,
    -0.01444445040696782,
    0.03665602336900663,
    -0.07230165863827115,
    0.007691905540145323,
    -0.008441335261382734,
    0.035098554671034295,
    0.012506261227018678,
    0.04407901748012642,
    0.03711512546676256,
    -0.01945127697474119,
    -0.007214802159390179,
    0.04129374225424564,
    0.06095141087925868,
    0.018354398230277402,
    0.02172487082495045,
    -0.0018740820505552137,
    -0.03600495363380803,
    -0.023882052460642497,
    0.04712219160262632,
    0.0573722004047667,
    0.04180281728572944,
    -0.019601583129141058,
    0.06744137142694359,
    -0.053759467951145,
    0.025358883410397992,
    0.052622237334624705,
    0.03528398611060453,
    0.02128814260267159,
    0.07436646136853689,
    -0.011404584597244229,
    0.004936715108749661,
    -0.0433666999187391,
    0.020761373499531655,
    0.034491002798510764,
    0.011659670550999826,
    0.03307770883683572
  ],
  "sum weights": 0.9999999330692777
}