{
  "mu_target": [
    -0.5,
    0.6000000238418579
  ],
  "mu_model": [
    [
      -0.5007235261824384,
      0.5998962665833945
    ]
  ],
  "diff": [
    [
      0.0007235261824384276,
      0.00010375725846345496
    ]
  ],
  "sigma_integral": [
    0.0009586046576488233,
    0.0014317894249157113
  ],
  "within_band": [
    [
      true,
      true
    ]
  ],
  "toy_seed": 140,
  "weights": [
    -0.016723935748040465,
    0.02262315713740627,
    0.16475539842805328,
    0.09797129806410668,
    0.04182384931529566,
    0.03385506629021059,
    0.008047646678479552,
    0.07159303567772138,
    0.02563758712931984,
    -0.005374064416322261,
    0.03879174382170518,
    -0.0476101110473475,
    -0.053817367983075265,
    -0.033574869952548776,
    -0.026915922421743732,
    0.013992565301684247,
    -0.09301613556879476,
    -0.022267149022311646,
    0.04560364139155061,
    -0.020738458439284152,
    -0.024583452527092386,
    0.01675897793271528,
    0.005777103692658614,
    -0.10192926019895929,
    0.02020237024635709,
    -0.01669846516329512,
    0.05105230808798698,
    0.05537553640318692,
    -0.035068883531476115,
    0.12277400985826317,
    0.043533692476366334,
    -0.09610115886447361,
    0.028352287791649982,
    -0.015663726167133258,
    0.022808486068739194,
    0.03613362867887403,
    0.03128104389198615,
    0.007166092429736083,
    0.010612519179710357,
    -0.013699202653387463,
    0.006263077948677765,
    -0.021483661294352106,
    0.05324903898057487,
    0.15009659989962224,
    0.09983934903529454,
    -0.00711056739023577,
    0.017838381238567683,
    0.07050143960039056,
    -0.030306844086044178,
    -0.03666754748238729,
    0.07252629845812532,
    0.06920424406374505,
    0.01528482333907517,
    0.01635227015851885,
    0.09851909725016232,
    -0.0647406547187075,
    0.031762582348362565,
    -0.04050407370599412,
    0.07176026126563685,
    0.034874947198270334
  ],
  "sum weights": 0.9999999443757808
}