{
  "mu_target": [
    -0.5,
    0.6000000238418579
  ],
  "mu_model": [
    [
      -0.4994981001953627,
      0.6011366383352611
    ]
  ],
  "diff": [
    [
      0.0005018998046372736,
      0.0011366144934031874
    ]
  ],
  "sigma_integral": [
    0.0009585713003870633,
    0.0014539882204692575
  ],
  "within_band": [
    [
      true,
      true
    ]
  ],
  "toy_seed": 220,
  "weights": [
    0.034640706321077165,
    0.04907904123253129,
    0.08104270358575742,
    -0.01813311525921418,
    0.026787681830796845,
    0.08733174640963051,
    0.06365851880502886,
    -0.007263442032572683,
    -0.08362700582884643,
    -0.04814530086357779,
    0.027552701878704462,
    -0.024887343629850844,
    0.06602429540463342,
    -0.03467835002959277,
    0.03115570139234601,
    0.03252217343918928,
    0.04311559292719253,
    0.013472317233728248,
    -0.00010530460767048078,
    -0.017518147131879953,
    0.01042911718801179,
    -0.002638679923620672,
    0.017482585949718417,
    0.0846585366506815,
    0.020511253575926834,
    0.01576386450388922,
    0.02750860491905341,
    -0.028255254219506035,
    -0.036770209192317126,
    0.1206441595200263,
    -0.017852918175231308,
    -0.05892367540111173,
    -0.011492273828974064,
    -0.03129874785982172,
    0.030111950139651563,
    0.025649552469107068,
    0.030095163298062586,
    -0.01398763381690466,
    -0.06770162508527848,
    -0.01718876862551945,
    -0.04339501248754043,
    0.018735267010639767,
    0.04146517817893452,
    0.08075832185837012,
    0.015771142714849445,
    0.0563227631564974,
    0.06702559656247363,
    0.028045710282330924,
    0.04741397068961495,
    0.013423825294758121,
    0.1282960647187024,
    0.038657285728844644,
    0.008293886719091518,
    -0.009209168148795105,
    0.13805860181670634,
    -0.05451493135913106,
    0.018136004677398187,
    -0.010614270984660236,
    0.019796926704433646,
    -0.021237391442249932
  ],
  "sum weights": 0.9999999448545233
}