{
  "mu_target": [
    -0.5,
    0.6000000238418579
  ],
  "mu_model": [
    [
      -0.5002946919146948,
      0.6032608842542162
    ]
  ],
  "diff": [
    [
      0.00029469191469477796,
      0.0032608604123582907
    ]
  ],
  "sigma_integral": [
    0.0009556362903531607,
    0.0014323507804358438
  ],
  "within_band": [
    [
      true,
      false
    ]
  ],
  "toy_seed": 171,
  "weights": [
    0.04752690573887818,
    0.05970877699465303,
    0.0364986691026146,
    0.05352357730273912,
    0.049675503488577785,
    0.08508645218367057,
    0.037422059677276166,
    0.05718891353598383,
    0.002561628022201777,
    0.08578226886534492,
    0.04040089888938353,
    -0.011717025003169904,
    0.07730045947892272,
    -0.04830863821974556,
    0.005998195664625123,
    0.008274344995048134,
    -0.05753238358879747,
    -0.006318750937364797,
    0.014392259822655485,
    -0.10960214658737397,
    0.022818886833305727,
    0.05026724220900674,
    0.07317888150595495,
    -0.016448126592464633,
    0.046777526591696865,
    0.05085611153168461,
    -0.021045166012142423,
    -0.002534555188093378,
    -0.05228481247671678,
    0.08206783672786837,
    0.021299555683318525,
    -0.10798968123346675,
    0.07003691435428566,
    0.05938903820579342,
    0.031823055824214755,
    -0.019239844291235583,
    -0.010955778217366095,
    -0.09132695832096495,
    -0.010340049917937938,
    -0.13065706860882448,
    -0.07872268307648773,
    0.026814567936328686,
    0.06217738193127118,
    0.10436300445541485,
    0.001739864209788033,
    0.009426196626663993,
    0.11363693886020677,
    0.03330820359434705,
    -0.014807070516136289,
    0.046503074887494285,
    0.052346693624400746,
    0.0986825571869405,
    0.08351116937618348,
    -0.05803329640729592,
    0.017218414868567917,
    -0.019363328317192244,
    0.009256440309947952,
    -0.015609025895442807,
    0.056112249654669294,
    -0.0021163880393336517
  ],
  "sum weights": 0.9999999433043759
}