{
  "mu_target": [
    -0.5,
    0.6000000238418579
  ],
  "mu_model": [
    [
      -0.5006010818461112,
      0.5984970654278091
    ]
  ],
  "diff": [
    [
      0.0006010818461111844,
      0.001502958414048794
    ]
  ],
  "sigma_integral": [
    0.0009496691720221578,
    0.0014315265667862388
  ],
  "within_band": [
    [
      true,
      false
    ]
  ],
  "toy_seed": 195,
  "weights": [
    0.051027625126642946,
    0.045913835584496306,
    0.08631333388062874,
    -0.0006475555147394304,
    0.028756577523459684,
    0.07555111817447384,
    -0.10914055761056814,
    0.00726032455519575,
    0.025082844255293734,
    -0.02999762403073946,
    0.10066179270559195,
    -0.046382884181838946,
    0.017196137199696933,
    -0.07002359111017649,
    0.03962109811201624,
    -0.034203810495795926,
    -0.003229098344276802,
    -0.00677549453765385,
    -0.040892618678721196,
    -0.003544783915992478,
    -0.0035140462822352584,
    0.0735162545716964,
    -0.007554890371947054,
    0.05457251743149653,
    0.020821273720216606,
    0.11017530789703224,
    0.047037846675391334,
    0.05679946731167711,
    -0.0018931344966975137,
    -0.004616087796688795,
    -0.017568695410789214,
    -0.03060304696338095,
    0.022017871417623635,
    -0.0027939489340942625,
    0.016265892211533056,
    0.013160909006637906,
    0.09850471820383765,
    0.028672623550152213,
    0.02756960593884897,
    0.04790747752373852,
    -0.010804379456541172,
    -0.017834612762910637,
    0.09408105917556119,
    0.11197936368973857,
    -0.004462658177681441,
    0.030851688404188043,
    -0.003990786749275538,
    0.026100926717878854,
    0.036077148967481286,
    -0.020185155076316647,
    0.01860466664278803,
    0.07366555453897296,
    0.037772646812753136,
    -0.024115561400743973,
    0.08598467274341319,
    -0.04067779814539711,
    -0.005463077347951749,
    -0.012871469977272464,
    -0.06629672905256737,
    0.010559859475332145
  ],
  "sum weights": 0.9999999429224917
}