{
  "mu_target": [
    -0.5,
    0.6000000238418579
  ],
  "mu_model": [
    [
      -0.5004807374491759,
      0.6016282705025633
    ]
  ],
  "diff": [
    [
      0.000480737449175872,
      0.0016282466607053792
    ]
  ],
  "sigma_integral": [
    0.0009503789197581584,
    0.0014126601574778043
  ],
  "within_band": [
    [
      true,
      false
    ]
  ],
  "toy_seed": 298,
  "weights": [
    0.023001864048333008,
    0.046254216635344764,
    0.05139732271306828,
    0.05292185469823275,
    -0.0005823468980219907,
    0.040597055244730285,
    0.03237754013275161,
    0.046702134823982104,
    -0.005907615973509591,
    -0.030705480231480953,
    0.06639067547149483,
    0.02416598045539737,
    0.006633937443329087,
    -0.04700325300352417,
    -0.024842060938371,
    -0.005091243068051528,
    0.004839191732422751,
    -0.0073298138632775685,
    -0.006674844076712061,
    -0.08033145241759736,
    -0.014715248745280313,
    0.009956705692522773,
    -0.05267604948688306,
    0.022575513890397057,
    -0.02088594177678559,
    0.049115515964776604,
    0.07754299735961845,
    -0.020014648415468624,
    0.04119468414271628,
    0.021580292223403352,
    -0.02032602707756729,
    -0.08470067845728728,
    0.05783675661506619,
    0.0990086513619597,
    0.09103798899212996,
    0.016491233374517317,
    -0.016253245566063983,
    -0.0012201059356674456,
    0.012819029525079802,
    0.05740059029139843,
    -0.04614635896730229,
    0.05992551350679428,
    0.04410440437519134,
    0.04140141453686155,
    0.02645305880832759,
    0.02094834531537857,
    0.04409699095927034,
    0.08336367705020609,
    -0.027827380309346523,
    0.09664058400050389,
    -0.038325073139684536,
    0.03184298609762962,
    0.06013336723104077,
    0.02334204675992121,
    0.1009205304442405,
    -0.0061499796030072525,
    -0.011777193534896325,
    -0.08616998136481695,
    0.023507769808496577,
    0.04713352991941251
  ],
  "sum weights": 0.9999999287953438
}