{
  "mu_target": [
    -0.5,
    0.6000000238418579
  ],
  "mu_model": [
    [
      -0.5001873557995284,
      0.5990836187806248
    ]
  ],
  "diff": [
    [
      0.0001873557995284436,
      0.0009164050612331387
    ]
  ],
  "sigma_integral": [
    0.0009372500192296552,
    0.0014374710513229375
  ],
  "within_band": [
    [
      true,
      true
    ]
  ],
  "toy_seed": 212,
  "weights": [
    0.07121852019086691,
    0.06613769791081546,
    -0.04876154427612604,
    -0.05222262582928142,
    0.056235396382111204,
    0.055493423365894835,
    0.04927620497897268,
    0.09473633934262579,
    0.10828047154087544,
    -0.0175752567842508,
    0.10884155512485888,
    0.03834324768436355,
    0.0060456518144579065,
    -0.13694433270891188,
    -0.056591469815250574,
    -0.04688831960043846,
    -0.019193252467446794,
    -0.03853958510221545,
    -0.08934222905382032,
    -0.0253632478883107,
    -0.11283758909005823,
    -0.0305105640251202,
    -0.08487652790426174,
    0.034672049977012925,
    0.0032518724951597234,
    0.06062379353353505,
    -0.01619714599186651,
    -0.01790934537969137,
    0.043033384321884145,
    -0.039369300940965794,
    0.005544350418439909,
    -0.02305919600624419,
    0.08484800764783354,
    0.03708532158715197,
    0.09215912431102515,
    0.04682815046093434,
    0.01539868378454326,
    -0.008739659067704592,
    0.022519067715750574,
    0.09572002185174514,
    0.012950128960998668,
    -0.01798815895479907,
    0.09138540553809205,
    0.0867655706942411,
    0.1559175270230978,
    0.014908740185330893,
    0.048714538090582876,
    -0.04495582750953269,
    0.06519420618614585,
    0.03439273939964967,
    0.041041698023273204,
    0.07078376589392321,
    0.0439755590764271,
    0.004273884562612618,
    0.09473660666051391,
    -0.08178168914377967,
    0.027914753637967735,
    0.015405288971177536,
    0.025848343768254033,
    -0.022836150333356127
  ],
  "sum weights": 0.9980180752397141
}