{
  "num": 40499.58203125,
  "den": 29834.83984375,
  "test": 10664.7421875
}