{
  "num": 39557.98828125,
  "den": 28905.001953125,
  "test": 10652.986328125
}