{
  "num": 39356.85546875,
  "den": 28685.45703125,
  "test": 10671.3984375
}