{
  "num": -50211.5,
  "den": -50243.60546875,
  "test": 32.10546875
}