{
  "num": -5259.9638671875,
  "den": -5281.28515625,
  "test": 21.3212890625
}