{
  "mu_target": [
    -0.5,
    0.6000000238418579
  ],
  "mu_model": [
    [
      -0.5011774688995597,
      0.5953749661063726
    ]
  ],
  "diff": [
    [
      0.0011774688995597193,
      0.004625057735485272
    ]
  ],
  "sigma_integral": [
    0.0005568518269119763,
    0.0009002490215960638
  ],
  "within_band": [
    [
      false,
      false
    ]
  ],
  "toy_seed": 28,
  "weights": [
    -0.004861695497924592,
    0.020851321260952776,
    0.05249073105960484,
    0.044825172049732284,
    -0.008572115068105112,
    -0.0027600995594789244,
    0.04186516277281318,
    -0.004861910011191155,
    0.025034913573589522,
    -0.02034224225824538,
    0.02102163403923221,
    -0.012941892134543612,
    -0.01701389074996243,
    -0.07469228177923844,
    0.0009721221728790232,
    0.0425466748167072,
    0.049544988315946385,
    0.077388453779757,
    0.02449435638907267,
    0.05690286595719116,
    0.055448910978150454,
    0.010864553327910798,
    0.01334111309897671,
    -0.019022195046940367,
    0.01723840362468277,
    -0.025001096429480247,
    -0.05037838406212822,
    0.09371869853208602,
    0.0670003683657258,
    0.019774991013997573,
    0.029811076150176162,
    0.07251632540844512,
    0.052638540695959954,
    0.05428461114279748,
    -0.004628272049561108,
    -0.036548732958162515,
    0.03437504592426121,
    -0.009327043786713837,
    0.017431695118083058,
    -0.021513332247301453,
    0.0006987475001486912,
    -0.047641580042081265,
    0.04181134380586419,
    0.021879991151951595,
    -0.04580195909935891,
    -0.07979910557464098,
    0.07510067268967595,
    0.1186436860911737,
    0.015679575594480927,
    0.020944625910372605,
    0.0028598679860892015,
    0.027598737021938904,
    0.011432869089161139,
    0.05436648409976909,
    0.06259272478395736,
    -0.012302743656788916,
    -0.03994886813140895,
    0.015331574149323707,
    0.020217129637693995,
    0.05241862519204884
  ],
  "sum weights": 0.9999999441291249
}