{
  "mu_target": [
    -0.5,
    0.6000000238418579
  ],
  "mu_model": [
    [
      -0.5021776194288518,
      0.5985159100708732
    ]
  ],
  "diff": [
    [
      0.0021776194288517514,
      0.0014841137709846741
    ]
  ],
  "sigma_integral": [
    0.0005575209529261809,
    0.0009039464438331645
  ],
  "within_band": [
    [
      false,
      false
    ]
  ],
  "toy_seed": 234,
  "weights": [
    -0.0025701407659973995,
    0.023289007275839758,
    0.03036746242414063,
    0.03773447431397814,
    -0.01700964963250308,
    0.03418194455031974,
    -0.009252984470330454,
    0.0433714097894405,
    0.030948033179901566,
    0.010719433413373917,
    -0.008018169802177169,
    0.0006477051830488933,
    0.024568973768474358,
    -0.07552933282517033,
    -0.01882468743116756,
    0.06148165965145307,
    0.05273362825642818,
    0.020120897945800784,
    0.0043030608536962596,
    -0.0058041692590707315,
    0.04799089581566607,
    -0.007227280291868978,
    -0.009476802503514058,
    0.042313969237039,
    0.04318886373553454,
    0.03260777141396662,
    -0.0036972996554225325,
    0.03601967441735578,
    0.04295038074392935,
    0.012174206214593352,
    0.06192915066111976,
    0.06780901158024374,
    0.046948105884915284,
    0.07470694573763387,
    0.008121697094166158,
    -0.011055861136398398,
    0.05124168506840485,
    -0.044979576864867754,
    0.004201440972154853,
    -0.014459731756577757,
    -0.014966304996254034,
    -0.04557782240087472,
    0.004819148131686797,
    0.041379350244622665,
    -0.054501003388929735,
    -0.06890206850863569,
    0.03350148360964196,
    0.05185753238557052,
    0.03126312645130124,
    0.08314676800591515,
    -0.007593463551734449,
    0.07579447366141619,
    -0.029174077475224734,
    0.031609619140803756,
    0.04965629041627566,
    0.012153481071800153,
    -0.007691245646004503,
    0.049112411685973995,
    0.006914073995192869,
    0.03843236514542525
  ],
  "sum weights": 0.9999999407655211
}