{
  "mu_target": [
    -0.5,
    0.6000000238418579
  ],
  "mu_model": [
    [
      -0.5016791173022868,
      0.5993565545538813
    ]
  ],
  "diff": [
    [
      0.001679117302286759,
      0.0006434692879766502
    ]
  ],
  "sigma_integral": [
    0.0005599849661526069,
    0.0009010730417278297
  ],
  "within_band": [
    [
      false,
      true
    ]
  ],
  "toy_seed": 166,
  "weights": [
    -0.0027135775989857573,
    0.044052927171372,
    0.024011125854171648,
    0.05675938605454864,
    -0.0049970090629717105,
    0.009142203729063172,
    0.03936598256210345,
    0.05420654445659902,
    0.018453210973558037,
    0.02454428156957014,
    0.02413632794972937,
    0.010538437999836461,
    0.020743840900475825,
    -0.03622575188795835,
    0.02395520289285789,
    0.039267066956946234,
    0.02431812925825259,
    0.0601245831162445,
    0.011495511377674156,
    -0.0034005727735736575,
    0.011969126702554367,
    -0.012647431491417525,
    -0.0015795311139961375,
    -0.06300709074397884,
    0.01793225467848447,
    -0.007043530605089105,
    -0.00741755102524061,
    0.10762629623440796,
    -0.006091350755344908,
    0.001322442779886629,
    0.03479674598570993,
    0.00166715878359165,
    0.06045955369388481,
    0.050903180333454576,
    -0.015752571325298687,
    -0.0021106929922631965,
    0.0399043564138644,
    0.012519483552976978,
    0.02640096224378663,
    0.019121582787724155,
    0.01600091345097238,
    0.014009659524501722,
    -0.01420207899061019,
    0.05183362124078067,
    -0.05881677961414541,
    -0.05062114759146516,
    0.08802956172666766,
    0.05955249114258313,
    0.04386581922762202,
    -0.0176583140274867,
    -0.0004945295336527036,
    0.08766523364930004,
    0.040413106909271204,
    0.0471303787390039,
    0.03969358436774127,
    -0.04212990957656087,
    -0.06893638461200938,
    0.009915143305909703,
    -0.014269670975988302,
    0.06226799695160698
  ],
  "sum weights": 0.9999999409512531
}