{
  "mu_target": [
    -0.5,
    0.6000000238418579
  ],
  "mu_model": [
    [
      -0.5019568630520769,
      0.5977715826408629
    ]
  ],
  "diff": [
    [
      0.0019568630520768737,
      0.0022284412009949683
    ]
  ],
  "sigma_integral": [
    0.0005537543589285344,
    0.0009063103132421143
  ],
  "within_band": [
    [
      false,
      false
    ]
  ],
  "toy_seed": 130,
  "weights": [
    -0.023864108124602636,
    -0.011676339476475528,
    0.030616877450632643,
    0.051779360263940324,
    0.010068814165830681,
    0.021569338185596663,
    -0.006651613640573643,
    0.05332731795110075,
    0.008273302970300095,
    0.019122209385156547,
    0.0024149840970165244,
    0.020967568108417798,
    0.020744610908990747,
    -0.036074148100396886,
    -0.011841085579814014,
    0.0257650906377477,
    0.029778690977655443,
    0.11170720012353719,
    0.016110736711937673,
    0.05640519649550687,
    0.030182072046076824,
    -0.003280812489298592,
    -0.0069852148672869705,
    0.008743685265192128,
    -0.016584860521088422,
    0.02530920897153738,
    -0.018466396167661724,
    0.08482792382049836,
    0.08092631946167037,
    -0.04967574966080135,
    0.035520874135453795,
    0.0310537499006363,
    0.07523981504131826,
    0.046321188692831035,
    0.024866671499270937,
    -0.03207263272434215,
    0.03270640758706002,
    -0.034987010803612655,
    0.005616133421752282,
    -0.0278363219072942,
    0.029756900584863407,
    -0.0200801354393398,
    0.003938924843972877,
    0.06887394529806684,
    -0.04904004847347795,
    -0.04318962015626064,
    0.03090747387799164,
    0.05168089179862587,
    0.018938898202667406,
    0.0047926705484895825,
    0.03745665477267458,
    0.09208756889350485,
    -0.004008364546258893,
    0.02980072149179623,
    0.009852496462009338,
    0.010972553045739108,
    0.011097376052803998,
    0.002643411771075923,
    0.008265541161518645,
    0.02528302228909473
  ],
  "sum weights": 0.9999999366929743
}