{
  "mu_target": [
    -0.5,
    0.6000000238418579
  ],
  "mu_model": [
    [
      -0.5012644326997956,
      0.5980486174991734
    ]
  ],
  "diff": [
    [
      0.0012644326997955924,
      0.0019514063426845363
    ]
  ],
  "sigma_integral": [
    0.0005610267747969751,
    0.0009066360897781225
  ],
  "within_band": [
    [
      false,
      false
    ]
  ],
  "toy_seed": 138,
  "weights": [
    0.015994101664240135,
    -0.009444150539962138,
    0.047909486738401924,
    0.002263992807267831,
    -0.007760350075644204,
    0.02681270581152778,
    0.04563005854943702,
    0.03927628407527752,
    0.005921297666232341,
    0.0332377278695578,
    -0.020979162102666232,
    0.021358299221592138,
    0.01788780372193504,
    -0.06858728173241027,
    -0.005366181820076004,
    0.03295219057675315,
    0.02830981270736308,
    0.0401021714208121,
    0.004090289757664209,
    -0.010591548299332126,
    0.050302950040248706,
    0.02874191417107613,
    -0.04446993501253803,
    -0.0316813081150935,
    0.006132020106829801,
    -0.011866119176731964,
    0.0039801867713951155,
    0.11509975407873399,
    -0.01623105029718392,
    0.02781761350274595,
    -0.003150011196189242,
    0.04914186872032114,
    0.07303635763000778,
    0.020311961616628082,
    0.032703413642809494,
    -0.004734734362503016,
    0.06689536513188034,
    -0.028099891172556922,
    0.011236373730765352,
    -0.005798335601560985,
    -0.03785813370848513,
    -0.02751565509178815,
    0.007670642850167799,
    0.08643616562332718,
    -0.021196416543226695,
    -0.06994096776724783,
    0.0588957544732989,
    0.11621965338995963,
    0.03602411933914503,
    0.006893850192430686,
    0.0077215614911117425,
    0.10507594320919962,
    0.03057526235748648,
    0.02109238121189658,
    0.0017735475326956178,
    -0.0021670111288177776,
    -0.02823989464004636,
    0.013191014401366725,
    0.03067165453907322,
    0.08629053118204709
  ],
  "sum weights": 0.9999999451406497
}