{
  "mu_target": [
    -0.5,
    0.6000000238418579
  ],
  "mu_model": [
    [
      -0.5023325036499291,
      0.5983865490187464
    ]
  ],
  "diff": [
    [
      0.0023325036499290963,
      0.0016134748231114715
    ]
  ],
  "sigma_integral": [
    0.0005620874556571738,
    0.0008882755510205209
  ],
  "within_band": [
    [
      false,
      false
    ]
  ],
  "toy_seed": 180,
  "weights": [
    -0.0056597763424902185,
    0.018993743066762696,
    0.03032078402942844,
    0.053859472109169734,
    0.014409525482947206,
    -0.011720160505460493,
    0.018571417007293763,
    0.039927797298506575,
    0.025834172506669265,
    -0.02394013003405306,
    -0.034603180834399526,
    0.03396988837043891,
    0.016927667895079827,
    -0.04334435678582147,
    -0.014791324613970924,
    0.0005975048749321635,
    0.05801008151018988,
    0.07557358497060893,
    0.033129807637113595,
    0.07268323546779794,
    0.009079347936229921,
    0.003185866516840647,
    -0.011604711845237196,
    0.040609305709398275,
    -0.0016447015653731564,
    0.010268513735854837,
    -0.01044707616281118,
    0.07325106348110182,
    0.03987452922988449,
    -0.01486354025047778,
    0.04652566285874514,
    0.030640037684582535,
    0.05414161569969699,
    0.058976747201190345,
    -0.02499722955398253,
    -0.007588311722096709,
    0.04579150187315977,
    0.03224625851841484,
    0.027660407204163212,
    -0.01138147204066128,
    -0.03864324791683477,
    -0.05822563031293997,
    0.0036150849351589457,
    -0.000930873103348161,
    -0.03783321495787633,
    -0.0680236142909072,
    0.037956988735952955,
    0.04694884690478196,
    0.04994557459206473,
    0.03151877306638948,
    0.03474524890476308,
    0.042400641614935085,
    -0.02911636491186957,
    0.028308487105033604,
    0.047555501745401664,
    0.02600842710033783,
    0.007914651782859588,
    0.035038289607193886,
    0.011082294886945915,
    0.0812605076315246
  ],
  "sum weights": 0.9999999407389335
}