{
  "mu_target": [
    -0.5,
    0.6000000238418579
  ],
  "mu_model": [
    [
      -0.5005253926987735,
      0.5970901728854682
    ]
  ],
  "diff": [
    [
      0.0005253926987734969,
      0.002909850956389737
    ]
  ],
  "sigma_integral": [
    0.000563183213125634,
    0.0009029565401346207
  ],
  "within_band": [
    [
      true,
      false
    ]
  ],
  "toy_seed": 40,
  "weights": [
    -0.01412780975917812,
    0.012134381855517422,
    0.05612358748452609,
    0.05192884996488221,
    0.028704084956474814,
    -0.007162697395659484,
    0.026500064097319434,
    0.03354814097711394,
    0.02256371660848241,
    -0.014601382240394643,
    -0.012424494265815857,
    0.008377993676854,
    0.02996779083432699,
    -0.08699563013218292,
    -0.05580544869184397,
    -0.010269497311494147,
    0.04896566391024346,
    0.0864400269391147,
    0.008936331166992075,
    0.023144411382660234,
    -0.011726719459200445,
    0.0006828074484021276,
    -0.02779898812682255,
    -0.02156838237042617,
    0.01567356136860426,
    0.030021638479862132,
    0.014221466671695842,
    0.13457417427948304,
    0.026373263549811208,
    -0.01263912054134719,
    0.02981758689163855,
    0.04201256776213247,
    0.04504034623904222,
    0.07615294878859098,
    -0.02692035744499799,
    -0.007381428569877826,
    0.04147737595943993,
    -0.024734171577443512,
    0.028221153247052176,
    -0.00961608724482483,
    -0.01641804172750554,
    -0.02090815730738086,
    -0.010324358989953259,
    0.060304487846945726,
    -0.04016374303476493,
    -0.005592098403127807,
    0.08125507434138518,
    0.1045662552314103,
    0.04243700601542921,
    0.023267112187816137,
    0.04323753990641233,
    0.0434348137050733,
    -0.009377303454267754,
    0.04365666941906783,
    0.05068648885647747,
    -0.005790970465474042,
    -0.05794378687850747,
    0.03890305420891752,
    -0.01397161443175814,
    0.07090979664825962
  ],
  "sum weights": 0.9999999430832079
}