{
  "mu_target": [
    -0.5,
    0.6000000238418579
  ],
  "mu_model": [
    [
      -0.5002454976349946,
      0.5975616465313942
    ]
  ],
  "diff": [
    [
      0.00024549763499459587,
      0.002438377310463702
    ]
  ],
  "sigma_integral": [
    0.0005529963419283969,
    0.0008961816186201909
  ],
  "within_band": [
    [
      true,
      false
    ]
  ],
  "toy_seed": 175,
  "weights": [
    -0.06508728246492498,
    0.004101950737461094,
    0.053900529675933624,
    0.04440263670401684,
    -0.0037528340550587857,
    0.014895647640556588,
    0.010193405854681849,
    0.03283452659569664,
    -0.006326856115882762,
    -0.021559259364608254,
    0.025086106700670664,
    -0.00193737552646041,
    0.016205427575170104,
    -0.057132248646104826,
    -0.034443468085255356,
    0.03966237509297475,
    0.010940392806644767,
    0.05682445106899473,
    -0.0009667825945236198,
    0.040135851660683446,
    0.01124063671209484,
    0.008342925122728622,
    -0.003647944388395823,
    -0.003691068505220417,
    0.03617920721113974,
    0.014194393279972477,
    0.0021121626606806993,
    0.10171289221052462,
    0.08156245157276569,
    0.007225013003832092,
    0.027608193800855753,
    0.014301530166900863,
    0.061625572784743045,
    0.046526081905289327,
    -0.01451922169801941,
    -0.008228277533505126,
    0.035265538801875856,
    -0.031103412145107024,
    0.050919078527740885,
    -0.01666020060246326,
    0.03138526201319077,
    -0.010038775282062347,
    0.00826226509308418,
    0.04879175207554141,
    -0.015855592928383667,
    -0.057314227524797104,
    0.05501498650024908,
    0.07074995259525146,
    0.06128153073107631,
    0.00017063775178303175,
    0.0024447781420618327,
    0.061790796423822195,
    0.011162134241110044,
    0.038465781348462215,
    0.03578890238111769,
    -0.022397944266250053,
    -0.02787720412208923,
    0.041936056430185234,
    -0.004465653959538022,
    0.09176174958261962
  ],
  "sum weights": 0.9999999353755342
}