{
  "mu_target": [
    -0.5,
    0.6000000238418579
  ],
  "mu_model": [
    [
      -0.5005166742514882,
      0.5986245131060642
    ]
  ],
  "diff": [
    [
      0.0005166742514881584,
      0.0013755107357936724
    ]
  ],
  "sigma_integral": [
    0.0005638643427988098,
    0.0009024947364886324
  ],
  "within_band": [
    [
      true,
      false
    ]
  ],
  "toy_seed": 109,
  "weights": [
    0.03495057185065043,
    0.01729704892568805,
    0.04888646472535203,
    0.002066399003010998,
    -0.0008058024390262831,
    0.04219066094457989,
    0.003655664311919975,
    0.028977911483922304,
    0.025038273874484197,
    -0.011245154656520737,
    -0.03688526887837819,
    0.013543486961072911,
    0.002656011057786116,
    -0.06305519807277074,
    -0.03713015684108174,
    -0.0073741336431556405,
    0.10416506201273731,
    0.05892696549578427,
    -0.0013923922727220306,
    0.02501685002421995,
    0.03287687841270328,
    -0.010361718880511442,
    0.018782608751259623,
    0.0013691896443822147,
    0.0211039083148992,
    -0.004165408485633984,
    -0.002626551558613238,
    0.11993051927004841,
    0.035128262096750754,
    0.023506766150809894,
    -0.002518945992655374,
    0.05952518961996255,
    0.040182999136340165,
    0.0012605201935378242,
    -0.005022267562601489,
    0.00525096427552343,
    0.059695163814129475,
    -0.03958540832433217,
    0.05105415834421307,
    -0.04917856942696106,
    0.029131050824861473,
    -0.022126369119158783,
    0.019503995611228814,
    0.05313923360903523,
    -0.00267395068428091,
    -0.055230669598118766,
    0.027136133984278926,
    0.07493251876582135,
    0.04394767614781901,
    0.015302287084108378,
    0.01813974168483367,
    0.06642117749701501,
    -0.0035210673516923928,
    -0.02281633083119004,
    0.05603253449609487,
    0.016629405291889113,
    -0.031965541623636795,
    0.04579974324918482,
    0.006681918069954991,
    0.05984493470089261
  ],
  "sum weights": 0.9999999434697449
}