{
  "mu_target": [
    -0.5,
    0.6000000238418579
  ],
  "mu_model": [
    [
      -0.500625872359778,
      0.5976421787666826
    ]
  ],
  "diff": [
    [
      0.000625872359777957,
      0.0023578450751753355
    ]
  ],
  "sigma_integral": [
    0.0005601320033917871,
    0.0009055414357087365
  ],
  "within_band": [
    [
      false,
      false
    ]
  ],
  "toy_seed": 173,
  "weights": [
    0.0023269672841207097,
    0.0049430881640009005,
    -0.0018467344762742317,
    0.07522493206061201,
    0.018990896580614036,
    0.05460275744236123,
    -0.033154133697481714,
    0.014831834842738562,
    -0.016042110272676963,
    -0.009760595064904863,
    -0.0765507342740987,
    0.05711190130413118,
    0.002474942707500619,
    -0.0661834177513686,
    -0.018895310840503655,
    0.047625790512032584,
    0.06665942195575333,
    0.057207740314527016,
    0.006486461474703398,
    0.014869674007797715,
    0.02648103697605071,
    -0.0008830534492534988,
    0.013830099198638274,
    -0.030083177037964513,
    0.0247247106697802,
    0.0018037267403087657,
    -0.0015051868983277058,
    0.09760029580075934,
    0.008137042870108734,
    0.022651660550992592,
    0.02641005027443353,
    0.031564542619499016,
    0.014898156517761307,
    0.02732111163175663,
    -0.0009263128920453629,
    -0.016881097169567875,
    0.09072807615367899,
    -0.03294608737412914,
    -0.006801784451941476,
    -0.0008071994755261089,
    0.031322681161267775,
    -0.03764207946800909,
    0.01917095752772807,
    0.028577728734875515,
    -0.06188333448557092,
    -0.07299933750309576,
    0.06963871369912826,
    0.07409986574758823,
    0.013176418296380924,
    0.030310532820500127,
    0.01596800963647941,
    0.09654453702650125,
    0.03400914782739382,
    0.0008611842788818413,
    0.09929408308150979,
    -0.00839358184369367,
    0.011835446680100661,
    0.028921787743453234,
    0.039123994523481885,
    0.09182320350404388
  ],
  "sum weights": 0.9999999425175421
}