{
  "mu_target": [
    -0.5,
    0.6000000238418579
  ],
  "mu_model": [
    [
      -0.5006737822227115,
      0.5980074593531652
    ]
  ],
  "diff": [
    [
      0.0006737822227115275,
      0.001992564488692672
    ]
  ],
  "sigma_integral": [
    0.000562392275892466,
    0.0008822105949424769
  ],
  "within_band": [
    [
      false,
      false
    ]
  ],
  "toy_seed": 151,
  "weights": [
    0.004246712852314168,
    0.04820717083217001,
    -0.004996108480952579,
    0.057204506493888196,
    -0.030442374901389183,
    0.04811178298592067,
    -0.0034986301911984793,
    0.010400644483160146,
    0.003110531286850836,
    -0.011262912287323585,
    -0.012943621573289191,
    -0.009874651930351142,
    0.006587487819579202,
    -0.050562964367240656,
    0.014721166726414272,
    0.0245132761794933,
    0.04029713747936388,
    0.04116086666422817,
    0.012634270486329759,
    0.01196929324020298,
    0.055472488046734006,
    -0.019351965448793917,
    0.012996625556970306,
    -0.037299442515778575,
    0.045648234476658556,
    0.006800141899825752,
    0.007974848967278519,
    0.1082740039829474,
    0.04623707277931373,
    0.002439480739042712,
    0.019040724473735365,
    0.029704114196564553,
    0.06566024370050161,
    0.04471316054849568,
    0.05914494535430383,
    -0.015166508459046166,
    0.045036874282758085,
    -0.024083301581161128,
    0.005509034148303996,
    -0.011995317892076826,
    0.0465976324138778,
    -0.006547945577061811,
    0.020132680558167474,
    0.04621325265551327,
    -0.006438150275127291,
    -0.06810440058761359,
    0.06614084495511922,
    0.10158737959027846,
    -0.015041279093717198,
    0.003935139890526271,
    0.025084155461819774,
    0.10341597376356722,
    -0.053435580918483404,
    0.012407466590385783,
    0.049761656017433056,
    -0.02905852336950564,
    -0.06529666114685438,
    0.025971619706404415,
    0.023463888067204015,
    0.0728717505504449
  ],
  "sum weights": 0.9999999403071265
}