{
  "mu_target": [
    -0.5,
    0.6000000238418579
  ],
  "mu_model": [
    [
      -0.5006209985098067,
      0.5972068828018148
    ]
  ],
  "diff": [
    [
      0.0006209985098066806,
      0.0027931410400431345
    ]
  ],
  "sigma_integral": [
    0.0005661335937848215,
    0.0009052971751910039
  ],
  "within_band": [
    [
      false,
      false
    ]
  ],
  "toy_seed": 55,
  "weights": [
    -0.004131518049925632,
    0.01275820618752427,
    0.02395115349267819,
    0.051501074177869255,
    -0.007025471922499336,
    0.008481921803730547,
    0.016988279647093325,
    0.025593080533967687,
    0.02716534028976497,
    -0.011486943296410814,
    -0.030938488075386718,
    0.0394220036894218,
    0.0009470986107563481,
    -0.06995154984199661,
    -0.026746059253854645,
    0.06564227368837067,
    0.14098863039056278,
    0.05874761214792929,
    0.009353169373150057,
    -0.002510006171755601,
    0.046418137204503926,
    -0.01472970957788264,
    -0.028974893301390296,
    -0.01669625193638567,
    -0.010852633218569649,
    -0.0015837222248021158,
    -0.02483743863183193,
    0.09864954923059079,
    0.05026074271752484,
    0.008234420296613537,
    0.022322678895065017,
    0.003144080476811557,
    0.03031413346272645,
    0.05983349962028176,
    -0.04029874414093448,
    -0.025159855917521373,
    0.06122409955078219,
    -0.02368352930572971,
    0.008687883851205601,
    -0.02354403129826541,
    0.02294289711205136,
    -0.051162123788443904,
    0.020697334714390513,
    0.042577693708715884,
    -0.026888585693361725,
    -0.029310202331908758,
    0.07648097687040495,
    0.07879228672796242,
    0.024414583931985877,
    0.048110441155544977,
    -0.0003321909658299234,
    0.07613503409315182,
    0.029145124190621374,
    0.013860650743982187,
    0.03993728319537954,
    0.028224735332304143,
    -0.03175749562304446,
    0.04228504426293533,
    0.012060632662841287,
    0.07630760272955735
  ],
  "sum weights": 0.9999999462030225
}