{
  "mu_target": [
    -0.5,
    0.6000000238418579
  ],
  "mu_model": [
    [
      -0.5001997524510683,
      0.5977871017819579
    ]
  ],
  "diff": [
    [
      0.00019975245106829131,
      0.00221292205989998
    ]
  ],
  "sigma_integral": [
    0.0005597199576774812,
    0.0009068669679395953
  ],
  "within_band": [
    [
      true,
      false
    ]
  ],
  "toy_seed": 53,
  "weights": [
    0.013274750430074965,
    0.004288023249462471,
    -0.0026397253198130995,
    0.033608387472498,
    0.010958238875902342,
    0.03412742523417829,
    -0.024754497373806365,
    -0.01740206746399029,
    0.006332006746093487,
    -0.014090231590979819,
    0.002091581073241326,
    0.02540468092141492,
    0.004393293082271445,
    -0.006233776608968042,
    -0.022730306455411353,
    0.09335606321527212,
    0.06754412965700808,
    0.040959842910950964,
    0.015675828086001424,
    0.0010978903511506197,
    0.05676027574933631,
    -0.019550238554559382,
    0.038850593793091144,
    -0.02264999823728281,
    0.01318239317078072,
    0.025634657335547865,
    0.01744679700771162,
    0.07704716281032385,
    0.009459035401715618,
    0.022514670246324975,
    0.02709083334909111,
    0.03115962360377926,
    0.04236467372249972,
    0.06437020329848679,
    0.03264120362220451,
    -0.044465369957080794,
    0.07314457247162418,
    -0.025522571824238203,
    0.03401733568038824,
    -0.039915685389427955,
    0.009498886890810899,
    -0.030599433928863627,
    0.019855038070099314,
    0.0203096484857145,
    0.005782869314625131,
    -0.0484676342353014,
    0.05496564408278518,
    0.056439623686302585,
    -0.0008236790727544603,
    0.012527968552438217,
    -0.018410835164668078,
    0.05872822726081609,
    0.025379625152199416,
    0.0054633411373798514,
    0.058428884479207,
    0.030680734502927076,
    -0.01687046340215114,
    -0.005260617175910991,
    0.02812235871984951,
    0.055408053066455014
  ],
  "sum weights": 0.9999999442148282
}