{
  "mu_target": [
    -0.5,
    0.6000000238418579
  ],
  "mu_model": [
    [
      -0.5014584333915669,
      0.5979259285319882
    ]
  ],
  "diff": [
    [
      0.0014584333915669268,
      0.0020740953098696835
    ]
  ],
  "sigma_integral": [
    0.0005546777844068616,
    0.00090574210819697
  ],
  "within_band": [
    [
      false,
      false
    ]
  ],
  "toy_seed": 2,
  "weights": [
    -0.015208875206396792,
    0.018134862622102878,
    -0.012689633998117365,
    0.053887477110745215,
    -0.00033833593969528897,
    -0.00904877850380632,
    0.03505045998306012,
    0.0064855831180294626,
    0.03260512165140066,
    0.031138001043342366,
    -0.0386489908019023,
    0.015612883109075907,
    -0.0072390916131708965,
    -0.037692368369722125,
    0.008953598421012754,
    0.06040220652533788,
    0.0679854305291981,
    0.08805085864497206,
    0.01567178189226642,
    0.03056411638771387,
    0.06787766004109146,
    0.015482939641948076,
    -0.008638112825166992,
    -0.047495278214395704,
    0.03318744021769775,
    0.02163847569305493,
    0.010219208563991012,
    0.10998355456853934,
    0.05084994908128346,
    0.007267651239397588,
    0.05938092463777763,
    0.03265716130509026,
    0.016419482889133648,
    0.049713454630813114,
    -0.017043060278339545,
    -0.016085443097064663,
    0.062050018797329125,
    -0.01002431787327845,
    0.013887475148716608,
    -0.04648362039471499,
    0.02775592021364363,
    -0.02907373909880253,
    0.023859243941724693,
    -0.01723944968319858,
    -0.033887432476948066,
    -0.025430309141236274,
    0.03405258413773666,
    0.078919217036981,
    -0.0021693072601688666,
    0.002635966808767379,
    0.016658861273904098,
    0.03967726255645092,
    0.009895967772015938,
    0.025192842203610673,
    0.038735758220179946,
    0.006413568929302779,
    -0.0216612796565728,
    0.047868010780981164,
    -0.02471363170660756,
    0.053988009167788155
  ],
  "sum weights": 0.9999999343979026
}