{
  "mu_target": [
    -0.5,
    0.6000000238418579
  ],
  "mu_model": [
    [
      -0.5002570391701745,
      0.5989819620141996
    ]
  ],
  "diff": [
    [
      0.00025703917017450006,
      0.0010180618276582898
    ]
  ],
  "sigma_integral": [
    0.0005528512402731726,
    0.000893928144682392
  ],
  "within_band": [
    [
      true,
      false
    ]
  ],
  "toy_seed": 149,
  "weights": [
    0.013616302813904257,
    -0.0005711853070782837,
    0.021173907998359442,
    0.0838098134516038,
    -0.016446311519774492,
    0.004790388662518679,
    -0.015329028576630292,
    0.016424939287493653,
    0.028001538570552847,
    -0.012259899219435814,
    -0.013249819130139968,
    0.01676182036446756,
    0.009131832449240648,
    -0.029940704622317005,
    -0.05456425725745049,
    0.07851613180255344,
    0.07392632260456268,
    0.02605930803274165,
    0.011518830901805008,
    0.010962921569597004,
    0.010368095470147179,
    -0.035346480293510896,
    -0.00046200925675731884,
    -0.00718980917176046,
    0.021792450032501968,
    0.003237292056330234,
    0.01752690542679355,
    0.10005983439381351,
    0.03537118258601008,
    -0.022900165253085747,
    0.03381314322444508,
    0.08351648266973703,
    0.007157078724867756,
    0.06632465531292504,
    -0.009361590571748159,
    -0.00014151705041599605,
    0.05420678337792058,
    -0.008178700747858713,
    0.027876732234630837,
    -0.026350291621763593,
    0.02272328215576064,
    -0.057163843508592486,
    0.0009690618458021652,
    0.043357474997988185,
    -0.04852305022961981,
    -0.052331375617021336,
    0.07093364124233874,
    0.08916025323083328,
    0.0033919474422295774,
    0.024212727931026894,
    0.013226998495882445,
    0.12305301903086176,
    -0.00599385148897122,
    0.03968767605160062,
    0.04820041737448958,
    -0.011245730052203995,
    -0.028300055447552205,
    0.021975984769084515,
    0.012249562844433242,
    0.08676287081092487
  ],
  "sum weights": 0.9999999362990918
}