{
  "mu_target": [
    -0.5,
    0.6000000238418579
  ],
  "mu_model": [
    [
      -0.5014968379073663,
      0.5971425724367422
    ]
  ],
  "diff": [
    [
      0.0014968379073663218,
      0.0028574514051157296
    ]
  ],
  "sigma_integral": [
    0.0005550127132068905,
    0.0009046071689588945
  ],
  "within_band": [
    [
      false,
      false
    ]
  ],
  "toy_seed": 262,
  "weights": [
    0.009465157203000316,
    0.036454742559021695,
    0.0316900150286835,
    0.011454880854962197,
    0.005392303054681097,
    0.0439386773549132,
    -0.001959838707238319,
    0.054136330211372076,
    0.006806779993438247,
    0.012380665194190402,
    -0.00759853141722607,
    0.017083099836971333,
    0.03712064672631695,
    -0.05391550641907326,
    0.0028762779340312152,
    0.00899729774424776,
    0.018302125720380574,
    0.08675508158426526,
    0.017291522885747066,
    0.005927336373450137,
    0.007324919498095351,
    0.011795182351041199,
    0.003125073799667037,
    -0.025736188994000334,
    0.0006232021668225217,
    -0.0059483473199875795,
    0.009304965820022866,
    0.11272265553269928,
    0.055181125248377795,
    0.008214641391239686,
    0.05822084188593664,
    0.029685558453864593,
    0.0103224050388447,
    0.020472562560604708,
    -0.002828608001789868,
    -0.028196715279970797,
    0.07840987751648965,
    -0.04212108959414149,
    0.025575895072794834,
    -0.004832910402610168,
    -0.005726815936570196,
    -0.020968499880762312,
    -9.171496573003144e-05,
    0.04056524774808055,
    -0.055722825406094016,
    -0.030553474384719843,
    0.02113509547333951,
    0.06219645100925102,
    0.00534142281067852,
    0.05147806705094541,
    -0.00022942436140473133,
    0.06469615177966642,
    0.025383115179401002,
    0.0317730535078934,
    0.056031125728101205,
    -7.069609201325298e-05,
    0.004031932966428601,
    0.0372785788662585,
    -0.014586215436090528,
    0.06412525531345288
  ],
  "sum weights": 0.9999999414302481
}