{
  "mu_target": [
    -0.5,
    0.6000000238418579
  ],
  "mu_model": [
    [
      -0.5005037416184417,
      0.5980067140427427
    ]
  ],
  "diff": [
    [
      0.0005037416184416887,
      0.0019933097991151616
    ]
  ],
  "sigma_integral": [
    0.0005635436304513316,
    0.0009014068590748638
  ],
  "within_band": [
    [
      true,
      false
    ]
  ],
  "toy_seed": 127,
  "weights": [
    0.0020036487441831207,
    0.027187786317014226,
    0.059658144775227566,
    0.07259209776668626,
    -0.011934719277766721,
    0.0754313783785107,
    0.032441492923693825,
    0.013316194014910554,
    0.01422644459212365,
    -0.00225932761572636,
    -0.015334023650818167,
    -0.005072718676241812,
    -0.010934269209385564,
    -0.057601215621775004,
    -0.02287830243526938,
    0.006111033003339576,
    0.012613812064270204,
    0.0634526983104568,
    0.0375180270678319,
    0.008438402266253118,
    0.04160268164862917,
    -0.03664833519608249,
    0.032717320844261204,
    0.009482788041204808,
    0.012322713666496276,
    -0.0014011714817142565,
    0.024078758568773333,
    0.10119041041270038,
    0.056143269140668674,
    0.014152568315032334,
    0.011084344659654848,
    0.03636135017037693,
    0.0434974755928272,
    0.09326936768342375,
    0.0007821712782598298,
    -0.0010315873522059344,
    0.08414278055300033,
    -0.01926181598752822,
    -0.0020275077274957785,
    -0.039450924283117014,
    -0.005785748021959541,
    -0.041402115474752046,
    0.010432117344991481,
    0.02368202423471109,
    -0.06687106537496443,
    -0.05425399214538523,
    0.048539447539428154,
    0.09246066614546984,
    0.03881972245252534,
    -0.01086214769117199,
    0.021638662787358758,
    0.06970329968291672,
    0.014296414690477223,
    0.052557008825874434,
    0.03974415678853367,
    0.004839012730640648,
    -0.08396391673420223,
    0.0037658337092113404,
    0.012397127541714759,
    0.07028019118409018
  ],
  "sum weights": 0.9999999425001921
}