{
  "mu_target": [
    -0.5,
    0.6000000238418579
  ],
  "mu_model": [
    [
      -0.5024070469479797,
      0.5971834832445694
    ]
  ],
  "diff": [
    [
      0.002407046947979663,
      0.0028165405972885305
    ]
  ],
  "sigma_integral": [
    0.0005607135677174155,
    0.0009133824609263708
  ],
  "within_band": [
    [
      false,
      false
    ]
  ],
  "toy_seed": 111,
  "weights": [
    0.0011034278941867604,
    0.030689106711653667,
    0.0008013851374288536,
    0.06624032979837517,
    0.00115761125424903,
    0.010103795236002142,
    -0.01368340144613175,
    0.02811672888599086,
    0.001400633022591197,
    -0.040163196974495025,
    -0.0066454672313681525,
    0.025623876493856054,
    0.018190392555412296,
    -0.061477404242770345,
    -0.012065504904842378,
    0.09557804594002912,
    0.049212788049979264,
    0.11174207143622122,
    0.018737561806867847,
    0.03473130449703107,
    0.04593570311769614,
    0.02929040648532393,
    -0.04901263084774608,
    -0.030002976073124018,
    0.012364674151657408,
    -0.013116547867451159,
    -0.004261432604781438,
    0.05441405030876123,
    0.04773696306127942,
    -0.017588224991367883,
    0.06249895420055068,
    0.05839952896925388,
    0.04246878336946903,
    0.06727878980505289,
    0.01794093841877653,
    0.012117976433268984,
    0.0897508274631729,
    -0.046637680470411516,
    -0.004692585278230406,
    -0.0007675255790698591,
    -0.004914501201641663,
    -0.043324455433455075,
    -0.0016965796448098502,
    0.011606620379663543,
    -0.059920597140017656,
    -0.032372770527477314,
    0.04970897664207534,
    0.07978795093333121,
    0.015640216662486005,
    0.04341178107564448,
    0.02476755663513828,
    0.0989802769888404,
    -0.026483029252319087,
    -0.004340930271624039,
    0.058931013996018314,
    0.019304141903158975,
    -0.029577707259973374,
    0.016290771145134338,
    0.0007495506425836697,
    0.0499395832751081
  ],
  "sum weights": 0.9999999455402122
}