{
  "num": 40199.44921875,
  "den": 29548.841796875,
  "test": 10650.607421875
}