{
  "mu_target": [
    -0.5,
    0.6000000238418579
  ],
  "mu_model": [
    [
      -0.49990596025175027,
      0.5995787509621493
    ]
  ],
  "diff": [
    [
      9.403974824973016e-05,
      0.0004212728797086118
    ]
  ],
  "sigma_integral": [
    0.0005790139359364913,
    0.0009440827457048308
  ],
  "within_band": [
    [
      true,
      true
    ]
  ],
  "toy_seed": 228,
  "weights": [
    0.023032375699215592,
    -0.03635523532087046,
    -0.011138449377252486,
    -0.010011277240263735,
    0.04105039173689121,
    -0.022800252363406846,
    0.019865621177311346,
    0.03863862911689459,
    0.03129239134282112,
    0.006968418402826371,
    -0.06938389589914856,
    0.024181619496195086,
    -0.002947901098930456,
    0.04474320871538306,
    0.07417087459774177,
    0.025737237360340566,
    -0.022036339800666854,
    -0.02265696435452062,
    0.024470686661747638,
    0.03032417143152602,
    0.02551829378842761,
    -0.019892770852547453,
    0.03405965091914428,
    0.03107688200016587,
    0.025762336075009728,
    0.013346841988438057,
    0.01939606102761408,
    0.03941277663169755,
    0.061457015865555215,
    0.037168652516011175,
    0.038471387528012366,
    0.0428608179563593,
    0.03133953293123679,
    -0.014353110805988136,
    0.07548054084692057,
    0.04419256649213736,
    0.0015528291423968577,
    -0.02163877785308015,
    0.05695957456706233,
    -0.004006982064156321,
    0.02564429150475323,
    -0.015687694810316625,
    -0.061028681871177035,
    0.0989061306326778,
    0.030873901021884437,
    -0.010941648066539106,
    0.00351209887848108,
    0.04618476887072895,
    0.00789134432728007,
    0.04835362457857571,
    -0.030470361406526394,
    0.026000148716706778,
    0.004711162146650845,
    0.05873728218361954,
    0.00010548074108659204,
    0.022704601336788144,
    0.0263466068952608,
    -0.026365157800757603,
    0.012321827957672322,
    0.026895845153597726
  ],
  "sum weights": 1.0000049999746987
}