{
  "mu_target": [
    -0.5,
    0.6000000238418579
  ],
  "mu_model": [
    [
      -0.49984503068239994,
      0.6002391283941482
    ]
  ],
  "diff": [
    [
      0.00015496931760006216,
      0.00023910455229025906
    ]
  ],
  "sigma_integral": [
    0.0005836061546568252,
    0.000940514225947986
  ],
  "within_band": [
    [
      true,
      true
    ]
  ],
  "toy_seed": 56,
  "weights": [
    0.03159520193033917,
    -0.04544976132279821,
    0.0074799190062542755,
    0.019036747744409267,
    0.003157282575650754,
    0.024264347506076995,
    0.019853204174086748,
    0.03494803658778982,
    0.022464494092796588,
    -0.033030762539764065,
    -0.05053898626992303,
    -0.05396136656612144,
    0.01867896034301012,
    0.10099677035305077,
    0.10701068063843681,
    0.01526938277230077,
    -0.021017971166823222,
    -0.024894801587805517,
    0.019698805659607885,
    0.01839099299345186,
    0.014645411773192741,
    -0.0160773275787603,
    0.043610013751384624,
    0.024523801405133994,
    0.05969909395273393,
    0.0705609259484309,
    -0.018332737710252418,
    0.0022928474118438427,
    0.0873654087271481,
    0.012373929313145697,
    0.001974595533749795,
    0.008421233894051819,
    0.03533049997812665,
    0.0036742763626537184,
    0.14812160673720992,
    -0.0038089001036780614,
    -0.023361452172579407,
    -0.024362073968330067,
    0.09051355017096055,
    0.011005739958541276,
    0.0921556276829925,
    -0.0418499860976798,
    0.007985249414405685,
    0.10810384318180215,
    0.0029043862131844624,
    -0.029003098281471046,
    0.00491344006373397,
    0.0076018509678567,
    -0.008696011119950808,
    0.033252801715716124,
    0.015463457964173843,
    0.021370937125992036,
    -0.03862144763222473,
    0.02265914006368564,
    -0.0254376152006287,
    0.012947265353003166,
    -0.012031751159439788,
    0.03210433502682079,
    0.01523087406128329,
    0.036830080322716195
  ],
  "sum weights": 1.0000049999747052
}