{
  "mu_target": [
    -0.5,
    0.6000000238418579
  ],
  "mu_model": [
    [
      -0.5003612232207245,
      0.5996625877641745
    ]
  ],
  "diff": [
    [
      0.00036122322072451585,
      0.00033743607768343953
    ]
  ],
  "sigma_integral": [
    0.0005804472504951006,
    0.00093944748198363
  ],
  "within_band": [
    [
      true,
      true
    ]
  ],
  "toy_seed": 15,
  "weights": [
    0.05743357249943806,
    -0.04257051610774111,
    0.02186870213817888,
    0.019772032678892267,
    0.0451964027607832,
    0.015091017780352337,
    -0.007770466059495642,
    0.011954321215192036,
    0.04540308307643343,
    -0.055352306282780685,
    -0.03412105033302404,
    -0.025998794850656183,
    0.025677777476377322,
    0.10187313261801756,
    0.06032214910269088,
    0.02048892518524315,
    -0.03867643116420933,
    -0.0012083598459217124,
    0.031853660545405345,
    -0.001430809183189935,
    -0.006441912794813728,
    -0.047326748784956435,
    0.05742326196487633,
    -0.0075746231336756824,
    0.049367369652181047,
    0.04159602240689456,
    0.005623771987233459,
    0.032499545374675684,
    0.03132001440710086,
    0.04602512261728989,
    0.07678352978305693,
    -0.0009252395638413068,
    0.010387870610006532,
    0.025594684847274944,
    0.1448611626389376,
    0.03288040065967135,
    0.019236417292819982,
    -0.013053757350742224,
    0.02382691336636062,
    0.021421716770455377,
    0.05025813384753026,
    -0.06654708170542212,
    -0.03430807504926909,
    0.10913430561080656,
    0.046265470453469404,
    -0.025171916870599047,
    0.010036340462198706,
    0.02513084211678374,
    -0.02725394948485059,
    0.039596663181043164,
    0.06451055218955896,
    0.01121243219272225,
    -0.04057691633877027,
    0.0187336104449451,
    -0.0178775401711011,
    -0.010417884485217086,
    -0.005219538547935337,
    0.020378716608995748,
    0.0011603781532300852,
    0.03762889136579416
  ],
  "sum weights": 1.000004999974705
}