{
  "mu_target": [
    -0.5,
    0.6000000238418579
  ],
  "mu_model": [
    [
      -0.4985869579722286,
      0.600344971605602
    ]
  ],
  "diff": [
    [
      0.0014130420277714273,
      0.00034494776374405234
    ]
  ],
  "sigma_integral": [
    0.0005802357520886845,
    0.0009369218520217266
  ],
  "within_band": [
    [
      false,
      true
    ]
  ],
  "toy_seed": 208,
  "weights": [
    0.0223913630854682,
    0.024510942979446077,
    0.02220126655887367,
    0.02063586291007102,
    0.04093086316331768,
    -0.010631213069581952,
    0.03552885566228322,
    0.0734615224604747,
    0.006264660075219293,
    -0.09450454206148542,
    -0.0066586955888200796,
    -0.01986563317702352,
    0.020877451830619113,
    0.06546080231480689,
    0.054615688710752154,
    0.007656647649797441,
    -0.024892737526132115,
    -0.036833855977149804,
    -0.005690996797966777,
    -0.010028245636648668,
    -0.03584811836766,
    -0.03694559958559554,
    0.035188347993727075,
    -0.023143961981693176,
    0.052762553122522364,
    0.02848285357246102,
    0.033678944602974076,
    0.00626333293280404,
    0.06074527259643684,
    0.021152335531316766,
    0.07895782137692853,
    0.03328240999226793,
    -0.0185648185740082,
    0.034609914089610845,
    0.06657773485754497,
    0.04679610311996038,
    -0.019381558678852225,
    0.02988429433989072,
    0.08153394973477307,
    0.024495896870337555,
    0.09213101953272984,
    -0.014664320977826243,
    -0.03888294546396701,
    0.16369118205126393,
    0.013895682697812965,
    -0.0065840683011537515,
    0.016212338623473786,
    -0.02301373160274373,
    0.007582661179464112,
    0.00969805182465302,
    0.0035375191684432063,
    0.004357792588169682,
    -0.026790698567266458,
    0.03371859562846886,
    -0.015521354587456106,
    0.024676977242033164,
    -0.029717536598604485,
    0.0518475792925939,
    0.01815976524691445,
    0.02971277588559599
  ],
  "sum weights": 1.0000049999746672
}