{
  "mu_target": [
    -0.5,
    0.6000000238418579
  ],
  "mu_model": [
    [
      -0.5005026847102665,
      0.6002332224157462
    ]
  ],
  "diff": [
    [
      0.0005026847102664878,
      0.00023319857388826026
    ]
  ],
  "sigma_integral": [
    0.0005846499512743016,
    0.0009359244195488456
  ],
  "within_band": [
    [
      true,
      true
    ]
  ],
  "toy_seed": 37,
  "weights": [
    0.059885453723734,
    -0.017454875188503027,
    0.02284141308488476,
    -0.01835271267431714,
    0.05448115895581617,
    -0.009891373013715392,
    0.006433084517338368,
    0.023928597978364458,
    0.06605447162567259,
    0.017907460937093986,
    -0.043210666292698485,
    -0.017030965583265986,
    -0.014574434402026343,
    0.1400043652434025,
    0.0824368407704038,
    0.01699816972524964,
    -0.026350165614742006,
    -0.04211205998961378,
    0.019418393688836317,
    -0.010878318250196395,
    -0.05348590255593232,
    -0.02939036440978925,
    0.02480914021550042,
    -0.0042403531314841505,
    0.021759517177757128,
    0.0564924480528377,
    0.01742735322985853,
    0.06946992565519164,
    0.06531372884400705,
    0.040583632698499426,
    0.03131018379931976,
    -0.01831743206843943,
    0.03943472882788677,
    0.03663812005049217,
    0.1000094732040004,
    0.007131834211096886,
    -0.018299232274165515,
    -0.010319304080790265,
    0.04378973141791961,
    0.027254929345856483,
    0.053595549611240904,
    -0.045054664510308616,
    -0.06694097116337144,
    0.11028583595368534,
    0.013761589768970572,
    -0.01701642915421944,
    0.02849874945297476,
    0.01929127416233973,
    -0.04039766055166011,
    0.06473844482920102,
    0.028179858948179325,
    0.037161515723729506,
    -0.03619945589525599,
    0.06641462060753306,
    -0.01215774887070893,
    0.023126646238901566,
    0.005302597431367109,
    -0.030445598159094023,
    0.029729999342650346,
    0.010224848757157463
  ],
  "sum weights": 1.0000049999746532
}