{
  "mu_target": [
    -0.5,
    0.6000000238418579
  ],
  "mu_model": [
    [
      -0.49927667956321037,
      0.6010281748857548
    ]
  ],
  "diff": [
    [
      0.0007233204367896318,
      0.0010281510438968633
    ]
  ],
  "sigma_integral": [
    0.0005843744622346489,
    0.0009416117703484531
  ],
  "within_band": [
    [
      false,
      false
    ]
  ],
  "toy_seed": 47,
  "weights": [
    0.041595611527902254,
    -0.0064829562982251406,
    0.04070748224108867,
    0.004543659114743894,
    0.0038783711200764738,
    0.008339968114464727,
    0.0026348532754322932,
    0.026254622822729657,
    0.023065961169856007,
    -0.005955947495183389,
    -0.039663284693630424,
    -0.014598169016118311,
    0.06327562711194872,
    0.10731629114229832,
    0.08629283230129431,
    0.01913324306814494,
    0.011237922805515454,
    -0.08550935536589296,
    0.024799927985131708,
    0.040945767743827174,
    0.004389049462504602,
    -0.05477107982715305,
    -0.018936245964280143,
    0.001548557421730346,
    0.04313859766859992,
    0.06558907519822617,
    -0.0077880713084592925,
    0.00563337225755654,
    0.0551024714851728,
    0.004123683680471711,
    0.014284204739616549,
    -0.006768964980459469,
    0.04886334343034572,
    0.002738648691576186,
    0.06612008153854315,
    0.013035960747462333,
    0.001776881229931306,
    0.012012933159781195,
    0.05639463221483322,
    0.0023953132369911854,
    0.08166841093044884,
    -0.04131534141471041,
    -0.02737263680555658,
    0.08583860761393114,
    -0.025610422147523865,
    -0.037884504321811334,
    -0.0006581656118498969,
    0.021033383950854287,
    -0.006728833159900612,
    0.0652973687649711,
    0.012142525248405787,
    0.06367501528118269,
    -0.001666758487038578,
    0.06726610884121777,
    -0.022689771728501937,
    0.018922081584846782,
    -0.015869623795064194,
    -0.004689965108507947,
    0.035714469618584835,
    0.07223817796231591
  ],
  "sum weights": 1.0000049999746892
}