{
  "mu_target": [
    -0.5,
    0.6000000238418579
  ],
  "mu_model": [
    [
      -0.4998598060771456,
      0.5994278190563765
    ]
  ],
  "diff": [
    [
      0.00014019392285441468,
      0.0005722047854813672
    ]
  ],
  "sigma_integral": [
    0.0005880287283091822,
    0.0009400688889768788
  ],
  "within_band": [
    [
      true,
      true
    ]
  ],
  "toy_seed": 232,
  "weights": [
    0.05423722319051501,
    0.05789504049700618,
    -0.011109727086337156,
    -0.011403511387927062,
    -0.013482257273235113,
    -0.01144279194147276,
    0.02975064478845102,
    0.07496432200037337,
    0.03849415995437178,
    -0.028185033285160924,
    -0.03405280089907132,
    -0.011869678112355354,
    -0.02420718707570134,
    0.062327179249996256,
    0.0888546510521136,
    0.038625858225702456,
    -0.0094245110680185,
    -0.02199448066860692,
    0.040662034921363256,
    0.02302001391140482,
    0.040658240439791896,
    -0.01804280981138805,
    0.036894650180874185,
    0.007241680336759003,
    0.045711107424996913,
    0.0028676623111625983,
    -0.0098737120604396,
    -3.2591604999482305e-07,
    0.07419579934309149,
    0.02588638716549,
    0.01230770790592733,
    -0.014458893175888724,
    0.020230272635886243,
    0.03248587362025949,
    0.09864540506585491,
    0.03655586513561595,
    -0.039321359017876534,
    -0.02919636782586592,
    0.03518018739958809,
    -0.009411660562767328,
    0.017108017071283996,
    -0.021580288331937026,
    -0.07041495787126201,
    0.10648531270201601,
    0.005966609223307219,
    -0.03731279104711843,
    0.007546342553507668,
    0.07303912790713583,
    0.009048215268157044,
    0.033927531353159845,
    0.03458984184388565,
    0.02420372847603198,
    -0.03293013580670687,
    0.052630312047285764,
    0.0115938464759365,
    0.01046453940412033,
    0.009012188617867845,
    0.026006302296043157,
    0.00880703838096041,
    0.05159935982257451
  ],
  "sum weights": 1.0000049999746827
}