{
  "mu_target": [
    -0.5,
    0.6000000238418579
  ],
  "mu_model": [
    [
      -0.4994088831178726,
      0.5993708749366758
    ]
  ],
  "diff": [
    [
      0.0005911168821273738,
      0.0006291489051820642
    ]
  ],
  "sigma_integral": [
    0.0005853343800193967,
    0.0009414304328756822
  ],
  "within_band": [
    [
      false,
      true
    ]
  ],
  "toy_seed": 50,
  "weights": [
    0.07148947689650925,
    0.023613732948870793,
    -0.009899918413760407,
    0.03716055857829193,
    0.042424455587826704,
    -0.0009516705071809323,
    0.011892121881289278,
    0.0397817055268236,
    0.07050817965982148,
    0.013592865179304584,
    0.001343804851727931,
    -0.0042812696272285814,
    -0.004004250832392492,
    0.0775051252424419,
    0.039898509957758566,
    0.029745135583424103,
    -0.02292488357890616,
    -0.04323187294119646,
    0.010404051777598051,
    0.01811786260875566,
    0.017362501506627548,
    -0.03645668076112511,
    0.01950054738144566,
    0.031151069837655802,
    0.01780897018233173,
    0.019151882592706077,
    0.0021048349050744324,
    0.06293403083800725,
    0.032208103075008654,
    -0.014269085331431995,
    0.03439708822552427,
    0.001406045674061901,
    0.029122891478793583,
    0.027810785978802398,
    0.10506139243791618,
    0.03479064895360834,
    -0.06089277949306119,
    -0.0036995919049215365,
    0.06704143167191251,
    -0.050745746425324374,
    0.05742700596094152,
    -0.03116261720599156,
    -0.034454733774211856,
    0.12430427146871505,
    -0.013886774088058653,
    -0.02252766237241669,
    0.012961447703025274,
    0.024241181079883753,
    -0.007394010553653516,
    0.017722199642766192,
    0.01768751848097254,
    0.06319289021810133,
    -0.05412786353914818,
    0.06317335674602045,
    -0.010335418070894756,
    0.017837423183401983,
    -0.007076759402462115,
    -0.017464425229578192,
    0.015355442728975826,
    0.04656046579493365
  ],
  "sum weights": 1.000004999974713
}