{
  "mu_target": [
    -0.5,
    0.6000000238418579
  ],
  "mu_model": [
    [
      -0.49906158953630464,
      0.6002518596997035
    ]
  ],
  "diff": [
    [
      0.0009384104636953605,
      0.0002518358578456059
    ]
  ],
  "sigma_integral": [
    0.0005862261881436145,
    0.0009415528281247161
  ],
  "within_band": [
    [
      false,
      true
    ]
  ],
  "toy_seed": 88,
  "weights": [
    0.06670670621957978,
    -0.027579134567470274,
    0.019507495667899853,
    -0.00015266025107577046,
    0.03517484782394928,
    -0.046730711399022976,
    0.03934153419642198,
    0.07652544793981146,
    0.024988348078922744,
    -0.00048105879619487433,
    -0.012920803434973302,
    -0.004061935349891559,
    0.03728246531647576,
    0.12004340028945039,
    0.03541954031813658,
    -0.0049626586285802885,
    -0.008642298738887326,
    -0.04172401527438112,
    0.034409367254669955,
    0.010895525948224093,
    -0.005348214865516474,
    -0.0020348247304235144,
    -0.04608834968036445,
    0.008079299879716463,
    0.02041081634460249,
    0.01836146301204873,
    0.017174113363770966,
    0.06285096301387227,
    -0.02895013144258437,
    0.02380640615543933,
    0.05356108368368021,
    0.012912521653149515,
    0.06242758915676035,
    -0.03669284895313666,
    0.06893643419278545,
    0.05044507116436001,
    0.017303245080985134,
    0.029772847610928233,
    0.06703877540068938,
    -0.046003077398995854,
    0.059871143811492,
    0.003585550248561856,
    -0.09046851752325925,
    0.13999883901930996,
    -0.00761815398930087,
    -0.03464438811276598,
    0.0037817921953155536,
    0.051798491730854934,
    -0.027233805371256147,
    0.048011945100052376,
    0.07275021180990149,
    0.000773697610165989,
    -0.00701315664105357,
    0.049608998749167015,
    -0.027766233391311724,
    0.030917212532646378,
    -0.023822530591043133,
    0.02687492299656866,
    -0.009098784202066109,
    0.03869517873786568
  ],
  "sum weights": 1.0000049999746767
}