{
  "mu_target": [
    -0.5,
    0.6000000238418579
  ],
  "mu_model": [
    [
      -0.4993788975849451,
      0.6000596311884175
    ]
  ],
  "diff": [
    [
      0.0006211024150549194,
      5.96073465596314e-05
    ]
  ],
  "sigma_integral": [
    0.0005865216278364327,
    0.0009416745313349815
  ],
  "within_band": [
    [
      false,
      true
    ]
  ],
  "toy_seed": 191,
  "weights": [
    0.048781106312423016,
    -0.023148372011075787,
    0.009852956724532203,
    0.021876693792449702,
    0.04945490437207737,
    -0.047023737940389984,
    -0.05722334983030721,
    0.11263007636993523,
    0.0687011673800324,
    -0.012217667039237861,
    -0.02171830847272508,
    -0.0018157344770337131,
    -0.04365712526538771,
    0.1263080295205047,
    0.0881086180050737,
    0.011292531789725304,
    0.005963658919472642,
    -0.0682096277673666,
    -0.023138691398080422,
    0.019849095274353773,
    0.01985268029503912,
    -0.02468165209126908,
    -0.0010337584049470076,
    0.008932228784272526,
    0.030526724963398654,
    0.01462255266447361,
    0.03882941370031333,
    0.09231172056697273,
    0.09185816886062839,
    -0.04102081659519972,
    0.045277843679163876,
    -0.004343848525582802,
    0.01273520718294877,
    0.033865089478551796,
    0.0838718635134075,
    0.043567567189979825,
    -0.005214951044167163,
    -0.019710002696408147,
    0.058109709570464525,
    -0.021766289128043126,
    0.05309470337952185,
    -0.062345247544251824,
    -0.02356835083746276,
    0.1154152147356353,
    0.011355483800519518,
    0.05548157573760511,
    0.006858302978608035,
    0.03044017998581984,
    -0.002107614054554242,
    -0.01519826491979307,
    0.038938340202631636,
    0.011755934021917071,
    -0.0008642175209255857,
    0.022213540895795008,
    -0.051699316249645653,
    0.012021318643906483,
    -0.015395845328966875,
    0.02847844681581323,
    0.00012197013724455649,
    0.06375316887229864
  ],
  "sum weights": 1.0000049999746896
}