{
  "mu_target": [
    -0.5,
    0.6000000238418579
  ],
  "mu_model": [
    [
      -0.5000837129754506,
      0.6007193040339409
    ]
  ],
  "diff": [
    [
      8.371297545062273e-05,
      0.000719280192083005
    ]
  ],
  "sigma_integral": [
    0.0005824862869710028,
    0.0009432275251160358
  ],
  "within_band": [
    [
      true,
      true
    ]
  ],
  "toy_seed": 86,
  "weights": [
    0.057057976985154,
    0.006837224774488701,
    0.011625442703201328,
    -0.033971688156585335,
    -0.0356460352732992,
    -0.02785279232714792,
    -0.02002673646671438,
    0.06958148929952553,
    0.023410890903944607,
    -0.0034834887994114874,
    -0.0339731296939802,
    0.02487113133820661,
    0.05282418518940285,
    0.08862232005381224,
    0.08773551738122862,
    0.03855110103322594,
    0.0322928846560316,
    0.010605505252814547,
    0.006214461729690342,
    0.00879956669350781,
    -0.011378436289860697,
    -0.021880866791485435,
    0.014555149628828477,
    0.019363490410276126,
    0.01999477268666287,
    0.032865335038629935,
    -0.004022914793774673,
    0.03910344911827902,
    -0.00021426872466404688,
    0.041350391164860986,
    0.06208346724073622,
    0.00029476323245312323,
    0.05163654632343582,
    -0.0027831832254122607,
    0.1495361350645633,
    0.0634674767687541,
    -0.01613678175850702,
    -0.014743388634835479,
    0.07013087460730864,
    -0.01816128413384318,
    0.07419360905173873,
    -0.056642649939580084,
    -0.08878637371371889,
    0.13633307965581634,
    -0.03706789440469232,
    -0.026106010259958956,
    0.040970417128951886,
    0.000621870352278103,
    -0.012749002636167555,
    0.025185750340558716,
    -0.017955432609083343,
    -0.0020512903676156023,
    -0.007197996918164635,
    0.03248986153737056,
    -0.022713236824046676,
    0.04236702759073395,
    0.00017246049195548786,
    0.011040272010254459,
    -0.002504862211998994,
    0.07126884749056718
  ],
  "sum weights": 1.0000049999747005
}