{
  "mu_target": [
    -0.5,
    0.6000000238418579
  ],
  "mu_model": [
    [
      -0.49912986663642595,
      0.5994026222541753
    ]
  ],
  "diff": [
    [
      0.0008701333635740549,
      0.0005974015876826222
    ]
  ],
  "sigma_integral": [
    0.000581548163862407,
    0.0009379937580492335
  ],
  "within_band": [
    [
      false,
      true
    ]
  ],
  "toy_seed": 125,
  "weights": [
    0.06070962843695028,
    0.03275372495385589,
    -0.0028512492047766996,
    0.00812902628821294,
    0.011375321634201777,
    -0.03229971909940594,
    0.03307707348158964,
    0.07025651338015218,
    0.04110545996339192,
    0.0011721515321059311,
    -0.011095578643757546,
    -0.04434577252787129,
    -0.010199438528831588,
    0.12114984310616517,
    0.11460203554538523,
    0.024385180510265555,
    -0.019938848713800878,
    -0.0349339630537084,
    -0.018386947837535497,
    -0.03884130675507211,
    -0.006007678164923256,
    -0.03322885928742639,
    -0.0018709112339547259,
    -0.0022753519317315774,
    0.04548784366479111,
    0.044710263289432284,
    0.04469175003645523,
    0.05816735758033892,
    0.0596454630418854,
    -0.007851472399622198,
    0.024216112260656276,
    0.012160911000801924,
    0.07085576727483008,
    -0.003983449664843823,
    0.10778865706995969,
    0.013856123033188563,
    -0.01859874296646167,
    -0.021172697862338937,
    0.06493940222712181,
    0.028203492064842663,
    0.0009293506062957311,
    -0.02464076980035872,
    -0.004428424362626294,
    0.11862605506119227,
    -0.028998939135430012,
    -0.015777689490113805,
    0.024103594495443262,
    0.02354455561213187,
    -0.006065286887099452,
    0.008358488284136063,
    0.008292660915879007,
    0.0018853586757952977,
    -0.007774240914839569,
    0.03488232251948925,
    -0.025680997214445007,
    0.004149013717318037,
    -0.0053226061535699256,
    0.06201821566075451,
    0.030346012199524243,
    0.016001212684683755
  ],
  "sum weights": 1.0000049999746783
}