{
  "mu_target": [
    -0.5,
    0.6000000238418579
  ],
  "mu_model": [
    [
      -0.5004230760809226,
      0.599372689650475
    ]
  ],
  "diff": [
    [
      0.00042307608092262416,
      0.0006273341913829444
    ]
  ],
  "sigma_integral": [
    0.0005828696807394846,
    0.0009456062202528478
  ],
  "within_band": [
    [
      true,
      true
    ]
  ],
  "toy_seed": 107,
  "weights": [
    0.042681313923619825,
    0.009824323767189272,
    0.021762624728998307,
    0.041580987636506396,
    0.05772468665958201,
    -0.006388197412572867,
    -0.0014801645130755555,
    0.0631620806311396,
    0.02061495396883325,
    -0.007473582957392877,
    -0.012843569546403791,
    -0.018771033755613124,
    -0.026181230133290965,
    0.0862381978535573,
    0.07571507264261433,
    0.00147534573039563,
    -0.010609251166587948,
    -0.057231741439966864,
    0.05724673819417799,
    -0.045681521194594774,
    0.005735165351778749,
    -0.049942092472579074,
    0.028392881720396286,
    0.0026206608340489062,
    0.04035382382461157,
    0.03411253655130944,
    0.012252121341356122,
    0.02376993737216917,
    0.0480954486582238,
    0.028429251554094835,
    0.048596458980169135,
    0.019171401722204665,
    0.011052410874073123,
    0.055806909521829685,
    0.07369901526453007,
    0.018399172265241154,
    -0.038481809897240475,
    -0.023065296761768564,
    0.07766647131567557,
    0.032184809244374106,
    0.024027549494547575,
    -0.04284534437872869,
    -0.025350569978289314,
    0.08878134833558933,
    0.009480378984845769,
    0.022405528677525183,
    0.0038558790092210146,
    -0.000959799299942393,
    0.008267759884044417,
    0.015884421420048818,
    0.02759150917490522,
    0.029426678130045732,
    -0.04510470190558885,
    0.02264829460397156,
    0.0047437985150837305,
    -0.008797755776347584,
    -0.01260784470817648,
    0.039378077340301305,
    0.0423309836181158,
    0.056633497951927195
  ],
  "sum weights": 1.000004999974713
}