{
  "mu_target": [
    -0.5,
    0.6000000238418579
  ],
  "mu_model": [
    [
      -0.4994177809808933,
      0.6023714634457868
    ]
  ],
  "diff": [
    [
      0.0005822190191067111,
      0.0023714396039289376
    ]
  ],
  "sigma_integral": [
    0.000584631346654595,
    0.0009324369027348363
  ],
  "within_band": [
    [
      true,
      false
    ]
  ],
  "toy_seed": 248,
  "weights": [
    0.03516706362522003,
    0.023075231558874074,
    0.022033523717467578,
    -0.03602107774174933,
    0.022467452176806162,
    0.0013966154063889803,
    0.002963278743277454,
    0.05226511701259409,
    0.06325729160007115,
    0.002731631574626313,
    -0.011546907594690708,
    -0.00994396892629891,
    0.011702617406752784,
    0.1055861517831218,
    0.112046772210679,
    0.016497256027099262,
    -0.03559704694677184,
    -0.0032373979470447655,
    0.011097798386749833,
    0.038949469669541485,
    -0.016980090105388732,
    -0.03344462839699026,
    0.021253550781111887,
    -0.011204748569085782,
    0.01421109973324175,
    0.056672104295683264,
    0.009091376672202705,
    0.027091605000496635,
    0.06383011524672982,
    0.014970182046980989,
    0.009707550411441434,
    0.013850157124913795,
    0.03200767508148654,
    0.02396975729991923,
    0.1289433974578954,
    0.020923317295968382,
    -0.021303362784567428,
    -0.024570856763344764,
    0.04530018037365302,
    -0.013841443872320155,
    0.030423931861475746,
    -0.03311919211158045,
    -0.051012435438712214,
    0.12751496184007716,
    0.019654393156357038,
    -0.0033207540608450356,
    0.008159423926884771,
    -0.005520212821281063,
    -0.024208894525821787,
    0.037033310589607425,
    0.04804656404302355,
    0.020676206493363682,
    -0.007342180774686292,
    0.029767784781788858,
    -0.024271379081162812,
    0.0029577323585628697,
    0.014438528555460071,
    -0.0352564765046288,
    0.0059830655395543,
    0.054032812074504055
  ],
  "sum weights": 1.0000049999746832
}