{
  "mu_target": [
    -0.5,
    0.6000000238418579
  ],
  "mu_model": [
    [
      -0.49909147799015413,
      0.6008423953075682
    ]
  ],
  "diff": [
    [
      0.0009085220098458691,
      0.0008423714657103121
    ]
  ],
  "sigma_integral": [
    0.0005873944176522374,
    0.0009374554535361455
  ],
  "within_band": [
    [
      false,
      true
    ]
  ],
  "toy_seed": 79,
  "weights": [
    0.052867273118979416,
    -0.004043438508583748,
    -0.02902438157642924,
    -0.005522619183538711,
    0.03297179270799931,
    -0.00234350674901733,
    -0.03507005951468452,
    0.07336675828994738,
    0.09191347076660461,
    -0.03360143109326538,
    -0.03257086426327766,
    0.030082823208371613,
    0.017983594371509877,
    0.09152300679158308,
    0.14728468594647698,
    0.012506694876615817,
    0.006241423109989726,
    -0.05184176843253558,
    0.01209884629581141,
    0.03314960653406904,
    0.0022853503762804957,
    -0.06724259020518432,
    0.005117691081262929,
    0.00413093900792705,
    0.05313892887832519,
    0.01289018058243396,
    0.034744977192664124,
    0.027358081000915517,
    0.08882428506876416,
    -0.006712976171395644,
    0.06762554552118769,
    0.01366066176665332,
    0.0109699298646023,
    0.03253984954714995,
    0.08758236926527697,
    0.03141333554544152,
    0.00954193387664044,
    -0.0242138374523409,
    0.04913839103040195,
    -0.02396525375256365,
    0.05349137269200645,
    -0.03846726526828143,
    -0.12018683834119172,
    0.1338468163942021,
    -0.0022305657275243176,
    0.03828186061625404,
    0.010883429086088529,
    -0.002369603670536113,
    0.02435962931751654,
    0.00830644154279667,
    -0.007078466600627194,
    0.023402002869539366,
    -0.016991443643142735,
    0.014127628249715456,
    0.00677431199528092,
    0.029906397497336333,
    -0.014503318523096904,
    -0.017174924073026072,
    0.017938770834515352,
    0.04088906600580464
  ],
  "sum weights": 1.0000049999746992
}