{
  "mu_target": [
    -0.5,
    0.6000000238418579
  ],
  "mu_model": [
    [
      -0.4993484066442107,
      0.6011407838502064
    ]
  ],
  "diff": [
    [
      0.0006515933557892928,
      0.001140760008348507
    ]
  ],
  "sigma_integral": [
    0.0005853218147722089,
    0.0009403238175457212
  ],
  "within_band": [
    [
      false,
      false
    ]
  ],
  "toy_seed": 78,
  "weights": [
    0.044657412461075414,
    0.01577140481177448,
    0.01580882799153641,
    0.008135165452892695,
    0.014796571097235742,
    0.013839431433049705,
    0.02554203811380047,
    0.06360226512314479,
    0.05144657177025641,
    -0.044774065434441734,
    -0.04195508047427074,
    -0.014277355198262807,
    0.03825285740928593,
    0.09536385285749338,
    0.05829472536943991,
    0.021391851344717248,
    -0.0042442379050314115,
    -0.02155964037763315,
    0.026541585431691536,
    -0.01709631980462327,
    -0.04943137607459185,
    -0.013677214713521983,
    0.04410643292020574,
    -0.003024666584465145,
    0.009278050288611773,
    0.015605531847932941,
    0.036529060778897136,
    0.013642373151513546,
    0.028518923323935737,
    -0.0014041282358793138,
    0.03415514036362962,
    0.015251190328574507,
    0.025779143041252298,
    0.01983874266187471,
    0.08422725123608721,
    -0.000452931706066442,
    -0.03700819061796806,
    -0.06417198095198193,
    0.07802143851857887,
    0.039485092240460345,
    0.027511788653912753,
    -0.014839330489327925,
    -0.010409283104590366,
    0.0993803739540437,
    0.029720758842389835,
    0.0012476722026919227,
    0.010193491392343195,
    -0.009016876549915292,
    0.010045060233452141,
    0.011391318623360604,
    0.019471037819308156,
    0.04582696901907719,
    -0.020550173607808163,
    0.0003161777637418026,
    0.00485191838205589,
    0.0201749753881802,
    0.029112517780622297,
    0.047085542391916,
    0.03694482529570646,
    0.03674049269330756
  ],
  "sum weights": 1.0000049999746785
}