{
  "mu_target": [
    -0.5,
    0.6000000238418579
  ],
  "mu_model": [
    [
      -0.4982960237934844,
      0.5989665279221738
    ]
  ],
  "diff": [
    [
      0.0017039762065155784,
      0.0010334959196841575
    ]
  ],
  "sigma_integral": [
    0.0005848872858080137,
    0.0009406379184317553
  ],
  "within_band": [
    [
      false,
      false
    ]
  ],
  "toy_seed": 239,
  "weights": [
    0.06678657507583861,
    -0.023322644766871996,
    0.02202293574418744,
    0.012968408097422111,
    0.03704456978320164,
    -0.007117718153427431,
    0.005933863734536048,
    0.04433942442579377,
    0.05719212799667207,
    -0.007847232465226287,
    -0.010738300997370552,
    -0.011027609777421487,
    0.048580134452104205,
    0.0747249203746393,
    0.036185885642501185,
    -0.02446138065966231,
    -0.018914453725835462,
    -0.09436713409335903,
    0.016295785729366574,
    0.03338644135599642,
    -0.009515274471407658,
    -0.04783144319357575,
    0.0101050672742523,
    0.029226583488993388,
    0.02691777961953212,
    0.027186973910036313,
    0.03801959276971526,
    0.042736280748998524,
    0.0657134320039031,
    0.03717577021565668,
    0.010056228169299932,
    0.011403125925993214,
    0.04889412051444145,
    0.05809412451936786,
    0.07048825847384022,
    -0.0010889861738922243,
    0.01697450375740698,
    -0.016388707380903558,
    0.07286674112847667,
    0.010039625053640292,
    0.01697564053718799,
    -0.00890961594960827,
    -0.02558146708219002,
    0.1067599581361404,
    -0.01687345818585349,
    -0.034291145274013564,
    0.038011867528262994,
    -0.00920307080036334,
    0.060348697418683483,
    0.024103387661905423,
    0.015451546476072449,
    0.046600762260497176,
    -0.055720064533092244,
    0.049106258650240514,
    -0.010878900209071478,
    0.017046727294939664,
    -0.01180962074355055,
    -0.01610015581704193,
    0.00638607898345355,
    0.04984317949519997
  ],
  "sum weights": 1.0000049999746585
}