{
  "mu_target": [
    -0.5,
    0.6000000238418579
  ],
  "mu_model": [
    [
      -0.5003084441636435,
      0.601764624156874
    ]
  ],
  "diff": [
    [
      0.00030844416364350646,
      0.0017646003150161294
    ]
  ],
  "sigma_integral": [
    0.0005851080053061256,
    0.000938884033636887
  ],
  "within_band": [
    [
      true,
      false
    ]
  ],
  "toy_seed": 122,
  "weights": [
    0.010032223188520999,
    -0.034403222814333966,
    0.0001782679073895298,
    0.003677001671191715,
    0.027784196693427243,
    -0.010268895640507975,
    0.03981159468828612,
    0.06168377346936452,
    -0.005386134124979116,
    -0.010004486573057154,
    -0.007781017290854281,
    0.02378897440716492,
    0.017182119389352914,
    0.12635347859404727,
    0.08699581193260356,
    0.0017305198066369187,
    -0.010228608193472285,
    -0.001195032424621124,
    0.019275008397119035,
    -0.00916561930903589,
    0.033492161935206904,
    -0.00504689206653284,
    -0.00036667532047685806,
    0.03750926719035631,
    0.05234307406651198,
    0.03446467497956427,
    0.04427975278401802,
    0.010253871965537386,
    0.04382630998736502,
    -0.038488593460871114,
    0.036836999384381015,
    0.01986226850405239,
    0.03166873467866534,
    0.029437533988884358,
    0.0785935006221144,
    0.00858159689076813,
    -0.036913218815671375,
    -0.04115114720063727,
    0.09859443569265953,
    0.036339931335176205,
    0.034054983553356274,
    -0.022055134666436018,
    -0.04709757691421831,
    0.08770740600011301,
    -0.0068118510645331695,
    0.00982496882415331,
    0.02468805243253081,
    -0.006459820622624673,
    -0.01789725356312575,
    0.03459628419037059,
    0.008677071625809888,
    0.02685475077771025,
    -0.015927345616139132,
    0.015529415430237501,
    0.02572324300065251,
    0.006940648071619341,
    -0.02143596410401018,
    0.016312033650431847,
    0.010258251591612675,
    0.032345296461860504
  ],
  "sum weights": 1.000004999974686
}