{
  "mu_target": [
    -0.5,
    0.6000000238418579
  ],
  "mu_model": [
    [
      -0.4996201167631019,
      0.600244427644336
    ]
  ],
  "diff": [
    [
      0.000379883236898082,
      0.00024440380247814364
    ]
  ],
  "sigma_integral": [
    0.0005813660418795982,
    0.0009361132657264391
  ],
  "within_band": [
    [
      true,
      true
    ]
  ],
  "toy_seed": 175,
  "weights": [
    0.03089721772793894,
    -0.00541755042145624,
    0.013524248380052615,
    0.014170811220307934,
    0.021329899331386185,
    -0.03872461505895555,
    0.03704865334803192,
    0.03789305740938635,
    0.0076593809082239365,
    -0.004151116007457889,
    -0.055765020666997824,
    7.6654901170697e-06,
    0.04281092194190982,
    0.08245440233570768,
    0.08525584404937464,
    0.02292808889768056,
    0.02584181443502616,
    -0.039125181154372204,
    0.0466422362644549,
    0.013274169369320975,
    0.008743773090159177,
    -0.05971946418470819,
    0.008231410021491685,
    0.030005203618896484,
    -0.00490450533080939,
    0.03535899231625249,
    0.015867170042586882,
    0.06694845313038054,
    0.013860363016212896,
    0.013066126062123633,
    0.03477685507737468,
    0.013767007877458388,
    0.0385883517316196,
    -0.007054228126815585,
    0.0870689496106567,
    0.05030748340528492,
    0.007053451908709174,
    -0.020861959007511074,
    0.06458656559560715,
    -0.016492312410021626,
    0.05298073499711865,
    -0.02213975555581984,
    -0.07552330130309125,
    0.13905299175849747,
    0.0034995241041119347,
    0.010513041286412578,
    0.03042407644044686,
    0.03452822325711556,
    -0.019906083466951663,
    0.02195974159365654,
    0.05614754841083223,
    0.01967220617932532,
    -0.0019396683649544793,
    0.04286411091733291,
    -0.010194553420205286,
    0.020172476760819628,
    -0.015570837532066084,
    -0.0031621517925250636,
    -0.0065713431338017825,
    0.005445403593781744
  ],
  "sum weights": 1.0000049999746645
}