{
  "num": -48760.234375,
  "den": -48751.7734375,
  "test": -8.4609375
}