{
  "num": -50245.703125,
  "den": -50243.92578125,
  "test": -1.77734375
}