{
  "mu_target": [
    -0.5,
    0.6000000238418579
  ],
  "mu_model": [
    [
      -0.5008788974136307,
      0.5994941384076248
    ]
  ],
  "diff": [
    [
      0.0008788974136306749,
      0.0005058854342331331
    ]
  ],
  "sigma_integral": [
    0.0006471679529336876,
    0.0009642620313384292
  ],
  "within_band": [
    [
      false,
      true
    ]
  ],
  "toy_seed": 165,
  "weights": [
    0.005168176583708571,
    0.0386638774889801,
    0.11666396276802074,
    0.10831860794323045,
    0.022967479801655612,
    -0.01374772952452793,
    0.03420837149460375,
    0.03894193583988647,
    0.02093855368352406,
    -0.003082352716270013,
    0.022310000236596822,
    -0.0015858978728477146,
    0.0011578486178108205,
    -0.03160926609725669,
    -0.008911057141459304,
    0.007390610231187301,
    0.05580930152648731,
    0.0482984780700892,
    0.06171231810137612,
    -0.021863132012045556,
    -0.014987594837981361,
    0.030436266351591225,
    -0.023133045629722716,
    -0.11000370061198576,
    0.008864840990376908,
    0.03248997409423163,
    0.01505572401628971,
    0.021944467757690066,
    -0.03952432130782913,
    0.06701819584204004,
    -0.048974691040018996,
    -0.08928096017780443,
    0.0681934826590958,
    0.039413973543724494,
    -0.02641208627541732,
    0.020288518109547585,
    0.0499696416112523,
    0.018512051657422323,
    -0.03427708616854324,
    -0.017719641954743296,
    -0.04019677829615859,
    0.016342249393746375,
    0.06204330576930772,
    0.04737524326942281,
    0.04457420794462066,
    0.0003151439825127453,
    0.05099251312782985,
    0.027911957756561936,
    0.04476652251651127,
    0.045084295724403825,
    0.031109780517895813,
    0.0002308303811992174,
    0.05796556695559481,
    -0.016894163986307695,
    0.08083155083333406,
    -0.0012968454547751657,
    0.02738188024025942,
    -0.007704921443400832,
    0.04037810912684015,
    0.01916539934234116
  ],
  "sum weights": 0.9999999433537053
}