{
  "mu_target": [
    -0.5,
    0.6000000238418579
  ],
  "mu_model": [
    [
      -0.500841569882571,
      0.5987740735990463
    ]
  ],
  "diff": [
    [
      0.0008415698825710027,
      0.0012259502428115798
    ]
  ],
  "sigma_integral": [
    0.0006433760413800915,
    0.0009654373233131909
  ],
  "within_band": [
    [
      false,
      false
    ]
  ],
  "toy_seed": 262,
  "weights": [
    -0.027713664521855946,
    0.047831390936233745,
    0.040552749802903826,
    0.02505552416048584,
    0.030944362032667632,
    0.004838739682166334,
    0.0270887394887233,
    0.04691578151119918,
    0.0483346093629821,
    0.024030918709922074,
    0.07564673325834216,
    0.0015304084304196162,
    0.03340841546379805,
    -0.0777456382551234,
    0.006938552622429462,
    -0.05076443612330666,
    -0.028684857093321355,
    0.01998811954209612,
    0.01542540343262755,
    -0.04051073981239117,
    0.004314875831847183,
    0.015549325055642407,
    0.008037070065306698,
    -0.0011720078641378829,
    0.009171087931749443,
    0.05019061879578,
    0.07058020567613499,
    0.050502167462943136,
    0.004613992879290451,
    0.08051681317391446,
    -0.03549489407352148,
    -0.04319427516601429,
    0.09616085213210017,
    0.049484768781007875,
    -0.032366555448013,
    0.00915653740409252,
    0.06179660104388174,
    -0.015348659271730807,
    -0.020183958204978335,
    0.016834253371780374,
    -0.021937134486170344,
    -0.007415349104789898,
    0.054210325989859795,
    0.08410670484884115,
    0.04693823492291475,
    0.012975694448920575,
    0.023300327435227055,
    0.05133149991624547,
    0.006513887273864033,
    -0.00015299038096924604,
    0.02680310971059135,
    0.07380596874824998,
    0.007171912024704171,
    -0.0021033692269059536,
    0.03937204982941555,
    -0.08285357293583592,
    0.0633628283463036,
    -0.03881114747375317,
    0.015578778167970372,
    0.04554225128168592
  ],
  "sum weights": 0.9999999415444434
}