{
  "mu_target": [
    -0.5,
    0.6000000238418579
  ],
  "mu_model": [
    [
      -0.5003883214771162,
      0.6006224205390683
    ]
  ],
  "diff": [
    [
      0.0003883214771162047,
      0.0006223966972104256
    ]
  ],
  "sigma_integral": [
    0.0006439974131987683,
    0.0009667444268747549
  ],
  "within_band": [
    [
      true,
      true
    ]
  ],
  "toy_seed": 247,
  "weights": [
    0.0394845030404764,
    0.08726909490673451,
    0.06435443784164036,
    0.016453403481299526,
    -0.0018770252621631946,
    0.03434157951999693,
    0.0371617853523249,
    0.05720781325308397,
    -0.014403931493892791,
    0.001367166414404142,
    0.09721066592621283,
    -0.003529657535296313,
    0.029909238448746975,
    -0.004842472704156392,
    -0.045284875311360044,
    -0.01852634275149331,
    -0.006658466249667068,
    0.014112818246570622,
    0.050364008505714895,
    0.00884086038736458,
    -0.0014049891643642836,
    0.03823504576257116,
    -0.0038207916991285134,
    -0.035413152882014715,
    0.03370976161630079,
    0.011391956570808654,
    0.009674794594217957,
    0.030351289707589667,
    -0.024671511774012774,
    0.01884353972171837,
    0.0012061737431599258,
    -0.04650530002673237,
    0.031252478825854524,
    0.032511952757511814,
    0.0018584316284380828,
    0.032324009930033475,
    0.052482987890462934,
    0.0038729101924604836,
    -0.06315018217566046,
    -0.016223172737159994,
    -0.006704234326902245,
    0.00240032148240878,
    0.06373714144344123,
    0.10233814250040521,
    0.013107271029682661,
    -0.03389573988912385,
    0.07905311815820303,
    0.005939337510600629,
    0.020687140282986943,
    0.02733478226236664,
    0.037016238988163815,
    0.0370088437596716,
    -0.000529230927636763,
    -0.007212946574713841,
    0.047303033008989075,
    -0.01147404203002507,
    0.03285713863282614,
    0.004183390711037369,
    0.04949141025804574,
    -0.012122008504941701
  ],
  "sum weights": 0.9999999442740817
}