{
  "mu_target": [
    -0.5,
    0.6000000238418579
  ],
  "mu_model": [
    [
      -0.5002572075596032,
      0.5992438649902736
    ]
  ],
  "diff": [
    [
      0.00025720755960323416,
      0.0007561588515843098
    ]
  ],
  "sigma_integral": [
    0.0006462451781777824,
    0.000970233042562688
  ],
  "within_band": [
    [
      true,
      true
    ]
  ],
  "toy_seed": 267,
  "weights": [
    -0.014815404783244458,
    0.02502548162485685,
    0.053663095503732675,
    0.04489948289543061,
    -0.006282846474618801,
    0.05699625313377678,
    0.0018563785141282052,
    0.01707868690155213,
    0.009949422017950052,
    8.875096317706949e-05,
    -0.018085326930990495,
    0.012514117302258532,
    0.013586983460097369,
    -0.006919326071264635,
    -0.01331862381836394,
    -0.01982698626151809,
    -0.02486707210699593,
    -0.002111068141706684,
    0.0374112115777393,
    0.024662733778398904,
    -0.01178619751100971,
    -0.014526894121172156,
    -0.029060472064833014,
    -0.02257342671575789,
    -0.01177261616943333,
    0.03627673838719407,
    -0.006098030396944397,
    0.02253554552416164,
    0.026027382139691205,
    0.057588150521934695,
    0.04857640270173094,
    -0.0008774186975048704,
    0.07628497203621602,
    -0.019547550495299795,
    0.01051737906921924,
    0.03681330464568318,
    0.0676797644368077,
    0.06229571040267066,
    -0.004764743112613261,
    0.012336367339413297,
    -0.027360755767839674,
    -0.021152379488240138,
    0.051395912001777025,
    0.08940507051307453,
    0.04023933414422096,
    -0.023132048637727373,
    0.04059489835491567,
    -0.025593260329361073,
    0.0700212680892292,
    0.007665048064344912,
    0.08794547045417689,
    0.033646427851647336,
    0.08504476730473036,
    0.021475868566430197,
    0.07124555624183097,
    -0.08129526498260894,
    0.0005894203926391714,
    0.0010630152549327486,
    0.0591730259380289,
    -0.008401745953634358
  ],
  "sum weights": 0.999999939017117
}