{
  "mu_target": [
    -0.5,
    0.6000000238418579
  ],
  "mu_model": [
    [
      -0.5001134737819943,
      0.6010521690177708
    ]
  ],
  "diff": [
    [
      0.00011347378199433322,
      0.0010521451759128997
    ]
  ],
  "sigma_integral": [
    0.0006419972244784952,
    0.0009619196072144339
  ],
  "within_band": [
    [
      true,
      false
    ]
  ],
  "toy_seed": 285,
  "weights": [
    0.03641957972020051,
    0.03340360830826805,
    0.08620687573398977,
    0.11033270940763525,
    0.009768238928393447,
    0.04689054146717795,
    0.014985641323595108,
    0.08469761099911782,
    0.07611654201253448,
    0.006238105174941257,
    0.028140833962312702,
    0.0050620426155422345,
    0.015251399628202128,
    -0.011578689417884277,
    0.01675113925841496,
    0.013358743213408363,
    -0.06031038293786974,
    -0.04495340402357405,
    0.04247940775057252,
    0.0051525761655517735,
    -0.05515333657562604,
    0.06401794143067588,
    -0.018985729985720103,
    -0.023251903124454566,
    0.0003603380136666433,
    0.018045020069690238,
    -0.0035498453916751656,
    0.06930673570686831,
    -0.0012181422944429635,
    0.015128266160450439,
    -0.0032501334869741655,
    -0.037540083205801544,
    0.05538976322447216,
    -0.00512498099664735,
    0.02863867745231495,
    0.026403563353269602,
    0.015233115508732768,
    -0.016421675264599003,
    -0.06376220153196926,
    -0.06737063928964204,
    -0.0029582356728011607,
    0.019140176252450215,
    0.05204766876037848,
    0.10276773738797344,
    0.056407873535039794,
    0.03137960919878904,
    0.08080229374920807,
    0.046852820806406605,
    0.0012323678419538637,
    -0.008549649520654713,
    0.004231957594920245,
    0.05816236539705584,
    0.04392094946025048,
    0.028746288174592485,
    0.04107816308676794,
    -0.04965649537396721,
    -0.01773078457864442,
    0.007357138658079589,
    0.010430776019520072,
    -0.01697094722251893
  ],
  "sum weights": 0.9999999426179187
}