{
  "mu_target": [
    -0.5,
    0.6000000238418579
  ],
  "mu_model": [
    [
      -0.49928747478404467,
      0.5982842304228851
    ]
  ],
  "diff": [
    [
      0.0007125252159553286,
      0.0017157934189727664
    ]
  ],
  "sigma_integral": [
    0.0006449222212656352,
    0.0009575224058189895
  ],
  "within_band": [
    [
      false,
      false
    ]
  ],
  "toy_seed": 254,
  "weights": [
    0.03165070175985982,
    -0.012718679361351303,
    0.08673540945301546,
    0.0425228524740735,
    0.023954540250128536,
    0.042198356905488156,
    0.0008312414806931097,
    0.031105882627533544,
    0.02438295337720171,
    0.046175226983665045,
    0.03532319313988571,
    -0.0023524285934566807,
    0.009856368478602499,
    -0.05399119539733876,
    -0.022193981358119907,
    0.0021035791661559887,
    -0.01166644757256648,
    0.01885717943279234,
    -0.0074762594199011805,
    -0.016064190101382107,
    -0.03678531266058648,
    0.05274002452031145,
    -0.05631920189987281,
    0.0001742783567530739,
    0.011214193621287187,
    0.037094692018201245,
    0.06714911574943543,
    0.006923646074761861,
    0.03477499564847909,
    0.04323076095994878,
    0.002574014171174716,
    -0.06438920655923483,
    0.022150763484842243,
    0.05509510862739838,
    0.03831854215046513,
    0.05238978291626314,
    0.03409852104480043,
    0.012927808239468559,
    -0.015524460018395303,
    0.02712004118312292,
    -0.0025429341451836136,
    0.03229293202424459,
    0.009299297975315484,
    0.0733016596352641,
    0.0599010395509178,
    0.014133117567739049,
    0.0290815281832469,
    0.05220637703687463,
    -0.008261265398287703,
    0.020757096810504427,
    0.06398592744219056,
    0.019525770915098953,
    0.04888680259628594,
    0.040577802056107205,
    0.045281271820169285,
    -0.05014012259694054,
    -0.024200700680015046,
    -0.02660306064307034,
    0.05413078572759387,
    -0.04580579757460412
  ],
  "sum weights": 0.9999999396570545
}