{
  "mu_target": [
    -0.5,
    0.6000000238418579
  ],
  "mu_model": [
    [
      -0.5004947743302247,
      0.6012821344317302
    ]
  ],
  "diff": [
    [
      0.0004947743302247121,
      0.0012821105898722651
    ]
  ],
  "sigma_integral": [
    0.0006403050506640575,
    0.0009654519808309274
  ],
  "within_band": [
    [
      true,
      false
    ]
  ],
  "toy_seed": 273,
  "weights": [
    -0.05900817754375797,
    0.042105081709532415,
    0.10439471833936696,
    0.08436089746997294,
    -0.012633456192268609,
    0.019176528897028793,
    -0.008049627096641282,
    0.05254662944882697,
    0.0654804896764884,
    -0.032968420887523324,
    0.0278221369377473,
    0.009252985109737698,
    0.003593186683441606,
    -0.03659568386916128,
    -0.013900295556172261,
    0.031026107995158522,
    -0.050468614694900174,
    -0.0019102304240047714,
    0.032555186018585855,
    -0.007228117756143871,
    -0.0033623505828749255,
    0.04241600706704405,
    -0.02357052537996494,
    -0.008626616101782334,
    0.008265171846502552,
    0.04108994138569346,
    0.06322925593693042,
    0.02426262301779723,
    0.02912327938934027,
    0.05354876154073027,
    -0.018437543854694708,
    -0.06578218238019493,
    0.06765760602249435,
    0.02748637179261655,
    0.03010582162462548,
    -0.014191956882380629,
    -0.0015401221726113472,
    -0.01933839287149719,
    -0.01433161730532375,
    0.020625424683150463,
    0.00021427933922725357,
    0.0017224280055474037,
    0.04648424615348827,
    0.08072611153926891,
    0.05089098980136888,
    0.00944715431258823,
    0.05915805899104579,
    0.05653196408630652,
    0.029342696970138388,
    0.05627949223506372,
    0.018629815048310915,
    0.06163626641570777,
    0.047190428919472865,
    -0.011502221656054627,
    0.057888089328426935,
    -0.05150010732920005,
    -0.009718613885669613,
    0.014668377264637367,
    -0.009124982374612258,
    0.0028551853066887743
  ],
  "sum weights": 0.9999999395126656
}