{
  "mu_target": [
    -0.5,
    0.6000000238418579
  ],
  "mu_model": [
    [
      -0.5010044106558303,
      0.6022610612450564
    ]
  ],
  "diff": [
    [
      0.0010044106558303456,
      0.002261037403198496
    ]
  ],
  "sigma_integral": [
    0.0006410325643286143,
    0.0009639847166249826
  ],
  "within_band": [
    [
      false,
      false
    ]
  ],
  "toy_seed": 217,
  "weights": [
    0.05266063560867375,
    0.01262919846463826,
    0.08775813369435904,
    0.0755016092296054,
    0.01693852890643689,
    0.07820201951253544,
    0.05651047951412785,
    0.08020331422400725,
    0.004839694933264517,
    -0.034678112218988554,
    0.06451978965338076,
    -0.0010091506559427941,
    -0.004641282647784095,
    -0.0436944377471097,
    0.0037120522569333817,
    0.015612308547872584,
    0.017621751221050093,
    -0.013016766491175865,
    0.015229006718115374,
    0.026617346345508903,
    -0.014095748945719765,
    -0.04726515752230408,
    -0.02725994602636407,
    -0.046099757312722416,
    0.004582761965119952,
    0.02983889512473968,
    -0.0035767950869143436,
    -0.022275557810146614,
    -0.0031170418929624783,
    0.03161225989861168,
    -0.008087237070649938,
    -0.07875807003304244,
    0.021073888866380418,
    0.029584331604691518,
    0.07103307599460151,
    0.01128896391879222,
    0.01882625263439972,
    0.009691853365515623,
    -0.08783971245935605,
    0.030249771049865114,
    0.016749311571265565,
    -0.0005861500136941037,
    0.07254798504853303,
    0.0632563848077942,
    0.06591599582406324,
    -0.015627157674306023,
    0.04863862228565253,
    0.030537641675456913,
    -0.010331469122919523,
    0.012133011312459049,
    0.032940128029063,
    0.027243285361418308,
    0.0386689844121073,
    0.044395993633160914,
    0.10287156418044277,
    -0.01010205857686878,
    0.04554957433021308,
    -0.028943106443759123,
    0.02152147348757471,
    0.011696776900647927
  ],
  "sum weights": 0.9999999403603488
}