{
  "mu_target": [
    -0.5,
    0.6000000238418579
  ],
  "mu_model": [
    [
      -0.4999373428411074,
      0.5995898105103276
    ]
  ],
  "diff": [
    [
      6.265715889258727e-05,
      0.00041021333153035133
    ]
  ],
  "sigma_integral": [
    0.0006447925421702817,
    0.0009719218158172742
  ],
  "within_band": [
    [
      true,
      true
    ]
  ],
  "toy_seed": 42,
  "weights": [
    0.020815649123146703,
    0.04473690085771053,
    0.08145968528832566,
    0.04077713179559338,
    -0.002301237961089746,
    0.06322062457011254,
    0.055078116569364205,
    0.03009021789024746,
    0.027213810956533795,
    0.05054760092729803,
    0.06734453234370227,
    -0.02487400742584303,
    0.004857142014769622,
    -0.09034424402645658,
    0.07821496088613689,
    -0.011457803225882062,
    -0.013804487057849679,
    -0.021837643369987655,
    0.021639910423097933,
    -0.018099959100631342,
    -0.011749480952910611,
    0.06388789426164262,
    -0.007952462471839564,
    0.005123122805463628,
    -0.0004019163236442149,
    0.09554346824514674,
    0.005404530060839898,
    0.025656732281080837,
    -0.02118671355243941,
    0.025813545437404387,
    0.00037836601922219674,
    -0.061838875888229214,
    0.11430983039008177,
    -0.0073921684817858215,
    0.05477498088142195,
    0.0017011704507369928,
    0.006857904765922087,
    -0.023405694509033705,
    -0.032404775304634065,
    -0.04395747101806035,
    -0.0007066593173508098,
    -0.015070481760424878,
    0.0302698238356427,
    0.04333413877211477,
    0.0788259967439841,
    0.020267306451382222,
    0.023759181284454835,
    0.07827351056564051,
    0.015220345738644496,
    -0.0036813176405934415,
    0.041991528332012376,
    0.05159867483163379,
    0.014647249564776027,
    -0.04716721728885142,
    0.08429821097909532,
    -0.04814323399775936,
    0.030717975540666027,
    -0.033445614954216114,
    0.026046197609552974,
    0.01652544133625009
  ],
  "sum weights": 0.9999999452013393
}