{
  "mu_target": [
    -0.5,
    0.6000000238418579
  ],
  "mu_model": [
    [
      -0.5010833335841162,
      0.5997002974974776
    ]
  ],
  "diff": [
    [
      0.001083333584116164,
      0.0002997263443803577
    ]
  ],
  "sigma_integral": [
    0.0006434572175159283,
    0.0009663070734432928
  ],
  "within_band": [
    [
      false,
      true
    ]
  ],
  "toy_seed": 56,
  "weights": [
    -0.009266778693194994,
    0.04211343170602261,
    0.11590366425012583,
    0.08283923976646909,
    -0.014359277249429878,
    0.038187804826587006,
    0.04741619385312662,
    0.05250119652598116,
    0.03272727796035848,
    0.007134458614546282,
    0.06809995451004848,
    -0.023270967113578792,
    0.001321529025570008,
    -0.017995086624706738,
    0.000849969792482633,
    -0.01812356371573194,
    0.02302677358347649,
    -0.0025691440071617076,
    0.008343284746482927,
    -0.028411581915814544,
    0.003940734058285157,
    0.04230516772461523,
    -0.046234020226013355,
    -0.04617116099667405,
    0.006145558593925154,
    0.013830953444114252,
    0.015880318387715364,
    0.008897456746785916,
    0.0031700504062035415,
    0.03062557301626723,
    0.01397594017612775,
    -0.07375652865652381,
    0.045610204392054675,
    0.02982839320050329,
    0.002296863806753686,
    0.0500786090388471,
    0.01207027058700539,
    -0.017138543896465453,
    -0.017828865951200826,
    -0.007012884943173239,
    -0.036502033516058394,
    0.028391770365794034,
    0.059081643277711995,
    0.12647742110059643,
    0.07439324114558882,
    -0.02026155237881144,
    0.023748313020574743,
    -0.004667215048236041,
    0.026164101263237774,
    -0.009251023203045381,
    0.06616128855445776,
    0.06326976974673426,
    0.05881884228799344,
    -0.03095700969702036,
    0.0799046856247154,
    -0.05401368798919217,
    0.06453889118169293,
    0.00771695339499624,
    0.005832118958240708,
    -0.0058290443409047795
  ],
  "sum weights": 0.9999999424998779
}