{
  "mu_target": [
    -0.5,
    0.6000000238418579
  ],
  "mu_model": [
    [
      -0.5008338243997232,
      0.5979754926453955
    ]
  ],
  "diff": [
    [
      0.0008338243997232375,
      0.002024531196462398
    ]
  ],
  "sigma_integral": [
    0.0006407016094957093,
    0.000971355227330075
  ],
  "within_band": [
    [
      false,
      false
    ]
  ],
  "toy_seed": 21,
  "weights": [
    -0.012721690880392331,
    0.007552556472059799,
    0.09179559704100805,
    0.10818725999448191,
    0.019703555167701923,
    0.011763939513961572,
    0.022515302552644726,
    0.01109216183715596,
    0.013010126040492766,
    0.006994564809108979,
    0.02511230736913438,
    0.02504772547802788,
    0.05350163720354017,
    -0.018205013843738023,
    0.007911835020104228,
    0.019984383730961456,
    -0.04855887481972315,
    0.007924425316363594,
    0.0094966526653189,
    -0.007389571966210197,
    -0.04906573394087762,
    0.031563926178185174,
    -0.029354073886679405,
    -0.018200737701240043,
    0.014617094474056782,
    0.07735811995022195,
    0.028490998609885673,
    0.026195282096038327,
    0.0003887273325602832,
    0.017468301838925025,
    -0.032666044377666084,
    -0.046313665962504476,
    0.061241182360984206,
    0.04468061394579617,
    -0.0027786635332207065,
    0.01673239159513061,
    0.028417102996614724,
    -0.031156069926581296,
    0.05332321494695718,
    0.044214586959844586,
    -0.03136450284303017,
    -0.01460588883116868,
    0.06397634659853016,
    0.0714855145923203,
    0.022749299886601463,
    0.00013624006045062436,
    0.02748605894782388,
    0.028366371282169157,
    0.07565754366627712,
    0.053686597596278696,
    0.01562686328969594,
    0.009256955142061556,
    0.04763112189454882,
    -0.01653085999268414,
    0.09337805031336247,
    -0.043597482684978796,
    0.011543911984052016,
    -4.9323477053621414e-05,
    0.024107257581124766,
    -0.028815562277143842
  ],
  "sum weights": 0.9999999453876713
}