{
  "num": -50320.4609375,
  "den": -50318.65625,
  "test": -1.8046875
}