{
  "mu_target": [
    -0.5,
    0.6000000238418579
  ],
  "mu_model": [
    [
      -0.4999965087220636,
      0.5985992569255127
    ]
  ],
  "diff": [
    [
      3.4912779364182356e-06,
      0.0014007669163451641
    ]
  ],
  "sigma_integral": [
    0.0005050816674900883,
    0.0008115247688820653
  ],
  "within_band": [
    [
      true,
      false
    ]
  ],
  "toy_seed": 70,
  "weights": [
    0.07116250582462545,
    -0.019986666634338027,
    -0.005641541381958004,
    -0.00181246155154089,
    0.03171752293683094,
    -0.01016113798611599,
    0.05025183561281811,
    0.07029027316285086,
    0.057134924598449585,
    -0.037306418044015126,
    -0.038184209989409836,
    -0.021904689364654343,
    0.012508781949550175,
    0.07859275997783004,
    0.07271591640372514,
    0.03617213255640583,
    0.0026448181296770987,
    -0.04163406726664106,
    0.02343111776875985,
    0.013945334162321134,
    0.0407410788045874,
    -0.03187846267581162,
    0.028062972369269565,
    0.00837612997676481,
    0.034570435660404845,
    0.0210677377094945,
    0.0036080297981111167,
    0.05385396615518287,
    0.028463113218663644,
    0.02120557326948496,
    0.0387861745843051,
    0.0020567836213607363,
    0.008335607867217444,
    0.029393287866315464,
    0.06842477157476083,
    0.026566798661052736,
    -0.019156241350813306,
    -0.0013405559154351567,
    0.03426561654742401,
    -0.05730399620777917,
    0.03517782120659596,
    -0.03410159674144018,
    -0.022841666581653697,
    0.10251658343910078,
    0.012189053718100725,
    -0.005319988768943779,
    0.020307214985702017,
    -0.006646699612370578,
    -0.012761241971115547,
    0.04970763640334922,
    0.02504515142310597,
    0.01844346413181414,
    -0.03799778398513027,
    0.06024813093097865,
    -0.0179031801117657,
    0.05343289157633098,
    0.004018740369421218,
    -0.01789851234457291,
    0.02965247911841765,
    0.06270095038902204
  ],
  "sum weights": 1.0000049999746785
}