{
  "mu_target": [
    -0.5,
    0.6000000238418579
  ],
  "mu_model": [
    [
      -0.4999468435691477,
      0.6002439768909619
    ]
  ],
  "diff": [
    [
      5.315643085229693e-05,
      0.0002439530491039621
    ]
  ],
  "sigma_integral": [
    0.0005054716148515347,
    0.000811281358003743
  ],
  "within_band": [
    [
      true,
      true
    ]
  ],
  "toy_seed": 98,
  "weights": [
    0.020864422038496623,
    -0.014903260226803864,
    -0.01643780412695539,
    -0.00915272641148374,
    0.02026452817396688,
    -0.05631423076857195,
    0.017025863726270248,
    0.06507893062340975,
    0.026175282398314497,
    -0.027348528156848333,
    -0.04506577405250206,
    0.029835815900393633,
    -0.0035440477697796322,
    0.06532400017277738,
    0.0642129040982922,
    0.03236096888152047,
    -0.01962135907645052,
    -0.03531917138110532,
    -0.03835725877600646,
    -0.0016030213145933946,
    0.013168558843823551,
    -0.01837858370761123,
    0.009870831443303996,
    0.027557270901180698,
    0.07297419523912169,
    0.02988895839790911,
    0.041846855365772324,
    0.020426751359080182,
    0.07115603360912204,
    0.022621485993764862,
    0.05408527812487346,
    0.035637767184748904,
    0.04960457686064299,
    0.003458740583131159,
    0.11126257550507072,
    0.03537418289096947,
    -0.031085572502375567,
    -0.014052062578441408,
    0.044904615924143264,
    0.013983190900748801,
    0.06371716386113291,
    -0.04429080284996021,
    -0.02452773920275611,
    0.1087275818366871,
    0.00324520006181539,
    -0.015249800526851756,
    0.026666578193990795,
    0.03339416649141469,
    -0.030305632462085726,
    0.0448259261923797,
    0.03319176278928646,
    0.03169190634459435,
    -0.012058621017318435,
    0.027970247979782734,
    0.0022031173162161423,
    0.019049812920100846,
    0.016400686102024692,
    0.011677730302912902,
    0.018701204272196677,
    0.017193327077793495
  ],
  "sum weights": 1.0000049999746765
}