{
  "mu_target": [
    -0.5,
    0.6000000238418579
  ],
  "mu_model": [
    [
      -0.49997932837247655,
      0.5989662437848173
    ]
  ],
  "diff": [
    [
      2.0671627523449754e-05,
      0.0010337800570405786
    ]
  ],
  "sigma_integral": [
    0.0005079092743709555,
    0.0008155291918196974
  ],
  "within_band": [
    [
      true,
      false
    ]
  ],
  "toy_seed": 152,
  "weights": [
    0.04779083943195383,
    -0.024676425589352215,
    0.005431474113539261,
    0.021524411138885237,
    0.0219318493565016,
    -0.019828598283554034,
    0.018681322308653037,
    0.0627462156034338,
    0.012502575333936708,
    0.0017697097878475677,
    -0.008705934032233069,
    -0.001884766170482767,
    0.027555264382086168,
    0.09177677502386784,
    0.07008824439355411,
    0.03970641795016073,
    -0.027031832918022823,
    -0.043440803459974364,
    -0.00959577972472024,
    -0.004047821127595992,
    -0.019016715261258067,
    -0.025180943211378592,
    0.0034747230220781894,
    0.030863329832032344,
    0.018346773894476375,
    0.023463576238944833,
    0.027868171761995825,
    0.05926138294923378,
    0.07702704019244334,
    0.019303141129658745,
    0.07619708693785414,
    0.010580282880994902,
    0.011331359729031258,
    0.04234007323129183,
    0.08889877737259311,
    0.043033269708012495,
    -0.0066729371879801925,
    -0.0010944988120005865,
    0.06709337389919555,
    -0.0012786054990454167,
    0.035718971728259885,
    -0.03548880873698052,
    -0.040131458212038854,
    0.11198319290231891,
    -0.00040270024064836406,
    -0.03161148540984921,
    0.013788264381576548,
    0.012788266357409183,
    -0.012663059523563417,
    0.03672724700531948,
    0.03969913525685691,
    0.013369362025259174,
    -0.03064212030608024,
    0.008262715565358385,
    0.0006534324076692212,
    0.0031348650094972673,
    -0.0030782228553808935,
    -0.019652173756098443,
    0.019874534109337032,
    0.049543241939831624
  ],
  "sum weights": 1.000004999974712
}