{
  "mu_target": [
    -0.5,
    0.6000000238418579
  ],
  "mu_model": [
    [
      -0.4996925210531904,
      0.600924829196567
    ]
  ],
  "diff": [
    [
      0.00030747894680960286,
      0.0009248053547090684
    ]
  ],
  "sigma_integral": [
    0.0005038544588317148,
    0.000817298812084038
  ],
  "within_band": [
    [
      true,
      false
    ]
  ],
  "toy_seed": 296,
  "weights": [
    0.0731686157677305,
    0.01759114831327695,
    0.005306780096537201,
    0.030322976322651594,
    -0.015317675172922873,
    0.0003284187786949744,
    -0.005453322389893691,
    0.06124894976197245,
    0.04365867908186017,
    0.02043218935962189,
    -0.030183325321941682,
    0.0017976730049041512,
    0.005698851607979072,
    0.06041181429039738,
    0.09320770442234229,
    0.03631943913519892,
    0.02702485729919683,
    -0.03542910634700222,
    0.01643198262547185,
    0.027185893201188027,
    -0.012126736284852443,
    0.002128328997749398,
    0.044054853829831576,
    0.004442857936433414,
    0.03570264005802728,
    0.009383572965030802,
    0.02506779249749665,
    0.03350703563925286,
    0.028737670623450815,
    0.039429498402207,
    0.06252612493148507,
    0.03715537395497073,
    -0.0016328229945506724,
    0.03351687237420613,
    0.0993281010023171,
    0.021963984962463996,
    -0.02428152925459022,
    -0.019376607858538872,
    0.0518510914323705,
    -0.015721573175725773,
    0.014732707956504415,
    -0.026434506987926647,
    -0.0273171615761388,
    0.11755249854705757,
    0.007986241656181316,
    -0.0507021017831654,
    0.013520863978031584,
    0.0010470627834813042,
    6.05654532358707e-05,
    0.047823781287422894,
    0.0032931660352663386,
    0.014108452483121628,
    -0.02617518600632374,
    0.022700800787725055,
    -0.014096200528622456,
    -0.0005008152922633128,
    0.005168249657209001,
    -0.03278028138391766,
    0.01240086633932817,
    0.028206922692180236
  ],
  "sum weights": 1.0000049999746865
}