{
  "mu_target": [
    -0.5,
    0.6000000238418579
  ],
  "mu_model": [
    [
      -0.500233553463426,
      0.5996504454588487
    ]
  ],
  "diff": [
    [
      0.00023355346342601724,
      0.00034957838300919697
    ]
  ],
  "sigma_integral": [
    0.0005095234725247557,
    0.0008137868815992178
  ],
  "within_band": [
    [
      true,
      true
    ]
  ],
  "toy_seed": 65,
  "weights": [
    0.05721619118812613,
    -0.06330458012933067,
    0.012303831748050451,
    -0.0024220735804450777,
    0.025053545474586922,
    -0.03543815680164778,
    -0.02489391129275862,
    0.06387239713122285,
    0.024253145720179548,
    0.0007323460678440666,
    -0.01731384355484316,
    0.026054206359223283,
    0.053038389886223856,
    0.09569649440762579,
    0.09626249707342925,
    0.03376442325415991,
    -0.051590616548818996,
    -0.03808785403241355,
    0.006808577737193961,
    0.03897229915200047,
    0.02569249061160303,
    -0.03746533284159088,
    -0.006034294183986833,
    0.025324053724652604,
    0.007854392877467633,
    0.02438813155630929,
    0.021491822870976087,
    0.013065210279064108,
    0.039300001084614546,
    -0.0074331039622857,
    0.058733226141034,
    0.03170232718536355,
    0.06295372357275844,
    0.038807798735756203,
    0.10444357188568243,
    0.03053143761972178,
    0.0025558142728238954,
    -0.03629486944864227,
    0.03421700140966469,
    -0.010200180701749478,
    0.05216958157189001,
    -0.013354425273134605,
    -0.0808047201919521,
    0.14313945020684832,
    0.015386641822653428,
    -0.007669022727914974,
    0.003149873405632381,
    -0.0020845202289016943,
    -0.029094876549969704,
    0.04876924032251864,
    0.02874156099871823,
    0.020700795754163673,
    -0.004228129324798106,
    0.020072789398773248,
    -0.02798354860309474,
    0.01588716994465058,
    -0.0036464702289530065,
    -0.002757438823872568,
    0.020370737500911187,
    0.0786297790516972
  ],
  "sum weights": 1.0000049999747112
}