{
  "mu_target": [
    -0.5,
    0.6000000238418579
  ],
  "mu_model": [
    [
      -0.4994010248103668,
      0.5992106893374904
    ]
  ],
  "diff": [
    [
      0.0005989751896331996,
      0.0007893345043674671
    ]
  ],
  "sigma_integral": [
    0.0005037373033170636,
    0.0008158296486014915
  ],
  "within_band": [
    [
      false,
      true
    ]
  ],
  "toy_seed": 121,
  "weights": [
    0.08748881201157652,
    0.0069775179953474615,
    0.008188852418790547,
    -0.0039034663747966134,
    0.03909473457503224,
    -0.0028356446160721633,
    0.016237884768263083,
    0.06863365381733488,
    0.019913440342155985,
    -0.021838824043941923,
    -0.03771308720977277,
    -0.017601113585150686,
    0.02233802720917949,
    0.08385415696506354,
    0.04461883449417303,
    0.012254076908198077,
    -0.05501566323572969,
    -0.03790909385189297,
    0.005347486578603844,
    -0.01509871753503973,
    0.026014261878951485,
    -0.031472675648744834,
    0.0606563636037661,
    4.800296142637596e-05,
    0.02720903006301963,
    0.05108642669091789,
    0.042732832137256524,
    0.07243035441630685,
    0.016993042970420532,
    0.022063062217203895,
    0.03166064392474189,
    -0.00629651536809547,
    -0.0024101241526136297,
    0.024460662207186106,
    0.10704353748382371,
    0.05600203079399688,
    0.0029636785809056287,
    0.0027896286822107655,
    0.03520918075788956,
    -0.004456034048661531,
    0.05361212632096494,
    -0.047656642262560375,
    -0.01004053409539273,
    0.10491975889139857,
    -0.005041674340770158,
    -0.044124176385515315,
    0.020031284470155102,
    0.0025083010951979508,
    0.012770082048868285,
    0.03155518896015016,
    0.06576609802511771,
    0.012152965667470353,
    -0.03967086196768451,
    0.04193322833944951,
    -0.0391967097768059,
    0.016918046173213776,
    0.006575316216498176,
    0.032804624005996326,
    -0.011741934667745936,
    0.03817125547346317
  ],
  "sum weights": 1.0000049999746996
}