{
  "mu_target": [
    -0.5,
    0.6000000238418579
  ],
  "mu_model": [
    [
      -0.5001484750186191,
      0.5988947424511708
    ]
  ],
  "diff": [
    [
      0.00014847501861914303,
      0.0011052813906871073
    ]
  ],
  "sigma_integral": [
    0.0005068122025302301,
    0.0008164304025813846
  ],
  "within_band": [
    [
      true,
      false
    ]
  ],
  "toy_seed": 36,
  "weights": [
    0.0538816710686765,
    -0.013710598814053173,
    0.046278635424192756,
    0.04572189593362203,
    0.020408189675057087,
    -0.002000845172773054,
    -0.014933212513288566,
    0.07866315473303752,
    0.03636389746134413,
    -0.008494134139257505,
    -0.03754647564235334,
    -0.0002361187423415373,
    0.004680589212393517,
    0.09808468615606249,
    0.03896904223219583,
    -0.011756262358649431,
    -0.012779971199522523,
    -0.034771629355292724,
    0.015078896756044659,
    0.0038861095295110253,
    0.03454113307210165,
    -0.01776262796290648,
    0.0020079602428456165,
    0.026929766605704213,
    0.03666509697965222,
    0.07970722379808129,
    -0.0014954789872137244,
    0.011341330786330575,
    0.038514774403815184,
    0.028545740012668835,
    0.03723613741719489,
    0.008046616595717156,
    0.04034879343787191,
    0.031111520381801133,
    0.07046622523982914,
    -0.005083845898227309,
    -0.027380761553147354,
    -0.001499079476290855,
    0.04518421626392814,
    -0.01806201670915377,
    0.053802497317652145,
    -0.04531637078020081,
    -0.03200712378703475,
    0.1155238692849841,
    0.020639858660389813,
    -0.014829633401741283,
    0.010537584118613033,
    0.015235281222508074,
    0.03159834732295009,
    0.019903992842060902,
    0.01376010517707684,
    0.00028241403113420365,
    -0.030201035972649733,
    0.04001418700633951,
    0.0030772882320544413,
    0.014235443541952136,
    -0.010187524620265547,
    0.004172191664834818,
    0.007763402911883713,
    0.056849980306945186
  ],
  "sum weights": 1.000004999974695
}