{
  "mu_target": [
    -0.5,
    0.6000000238418579
  ],
  "mu_model": [
    [
      -0.49945431749165003,
      0.5977847385083656
    ]
  ],
  "diff": [
    [
      0.000545682508349965,
      0.002215285333492356
    ]
  ],
  "sigma_integral": [
    0.0005079583044580752,
    0.000814680639714395
  ],
  "within_band": [
    [
      false,
      false
    ]
  ],
  "toy_seed": 46,
  "weights": [
    0.05080884431492808,
    -0.008689908023088028,
    -0.0017577681445124047,
    0.028511820207453586,
    0.060852398209061194,
    -0.04501703193150555,
    -0.006339217811344989,
    0.06297097163242087,
    0.05700955384742549,
    0.008602516604489427,
    -0.007165646355083607,
    -0.025569200509059482,
    0.023058889154139027,
    0.11580835165775057,
    0.0838250783221625,
    -0.01018075871563632,
    -0.024043768639625287,
    -0.03570341999077385,
    0.03978989363093492,
    -0.008411679994921907,
    0.009918959038541909,
    -0.020709329193058453,
    0.004078042039419081,
    0.012677564838282885,
    0.017077894918549996,
    0.02157006976595999,
    0.004443959817370692,
    0.04619179927672502,
    0.05744956642233336,
    0.01842193495091414,
    0.05202280867622465,
    -0.0018671303270648121,
    0.02518938882080277,
    0.004032298593493676,
    0.11711237605586883,
    0.03100472735075796,
    -0.03690523392707167,
    -0.019636002142057588,
    0.055564085707017125,
    -0.033432475932763425,
    0.02874934239483452,
    -0.03312919787819286,
    -0.028110925071546205,
    0.09326131624477775,
    0.014516975700891638,
    -0.0029429886583447373,
    0.011690890709512269,
    0.027383246712124575,
    -0.023572899347891897,
    0.04388219031530117,
    0.017414540735324346,
    0.013178629330565716,
    -0.019632406217494566,
    0.03901820010721833,
    -0.05037326723983884,
    0.0009912926873352633,
    0.006624449803020793,
    0.050685874995485505,
    0.007080535391338105,
    0.08072397704482756
  ],
  "sum weights": 1.000004999974709
}