{
  "mu_target": [
    -0.5,
    0.6000000238418579
  ],
  "mu_model": [
    [
      -0.49988782021744926,
      0.5988815341989315
    ]
  ],
  "diff": [
    [
      0.00011217978255073646,
      0.001118489642926379
    ]
  ],
  "sigma_integral": [
    0.0005052989945443776,
    0.0008148496569122438
  ],
  "within_band": [
    [
      true,
      false
    ]
  ],
  "toy_seed": 190,
  "weights": [
    0.04106774717555884,
    -0.03741666705607907,
    -0.047700431335135296,
    0.021148227618534302,
    0.08803720106548381,
    -0.002098051408636213,
    0.0024367501763790916,
    0.048969766370584214,
    0.04782472846658582,
    0.026500697068157098,
    -0.005118328618949251,
    -0.04433456176087698,
    0.015079847407598589,
    0.10979556862038908,
    0.09154226599303099,
    0.004479403739235655,
    -0.007137332064318439,
    -0.034140279742195107,
    0.029126200390605466,
    -0.007930551739031374,
    0.026085313034858573,
    -0.020620356117356662,
    0.01667216873238328,
    -0.01930884252356766,
    0.031198206846367982,
    0.03150665937587449,
    0.019535043374841216,
    0.07481497217346124,
    0.06839465259653185,
    -0.008945794873064341,
    0.052344038541681494,
    0.003919754084640689,
    0.026224345018075055,
    0.012726046115191368,
    0.10782922236691396,
    0.002133657988180273,
    -0.029611139406568322,
    -0.016033449511299157,
    0.06594553889458722,
    -0.013453318537666745,
    0.028747650319211348,
    -0.03485209713601747,
    -0.06388370238599972,
    0.12907147415873194,
    -0.011654409534218844,
    -0.010249796220631642,
    -0.007897299176281007,
    -0.011754683048294672,
    0.016761529658546902,
    0.024504200039304543,
    0.007813896406074449,
    0.009834411405726056,
    0.006152013845616846,
    0.04420063196226608,
    -0.014706791726215031,
    0.01637750110613671,
    0.00997765856477429,
    0.009863430559307055,
    0.010761515748489981,
    0.06944894688718153
  ],
  "sum weights": 1.0000049999746965
}