{
  "mu_target": [
    -0.5,
    0.6000000238418579
  ],
  "mu_model": [
    [
      -0.5003782035416987,
      0.6002212797232583
    ]
  ],
  "diff": [
    [
      0.0003782035416987073,
      0.0002212558814004284
    ]
  ],
  "sigma_integral": [
    0.0005056813553693222,
    0.0008122018872000114
  ],
  "within_band": [
    [
      true,
      true
    ]
  ],
  "toy_seed": 176,
  "weights": [
    0.0615796267952966,
    0.005802314144372621,
    0.005128294935731163,
    0.025230686722941858,
    0.03024092195983285,
    -0.00813749865542276,
    -0.005475569671851771,
    0.08240241791719712,
    0.04420265553418097,
    -0.02741023921250079,
    -0.028570481765135106,
    -0.014680702717508256,
    0.034437370613056885,
    0.09568154632223427,
    0.10269856338269255,
    0.008917649017951288,
    0.015944775270476882,
    -0.011737599892158211,
    0.0022302451701485433,
    0.016717609696933818,
    -0.026062471284770777,
    -0.01891364834272169,
    0.0028965656445106404,
    0.024635524828579707,
    0.04672257958167671,
    0.0416009337233442,
    0.007749927997872571,
    0.03147066653109272,
    0.04439764868736643,
    -0.015308567392103888,
    0.03558284274263852,
    0.0071823797916436794,
    0.028288605982124716,
    0.025510368540259683,
    0.09423743447568574,
    0.011413889014690363,
    -0.0069573512449101526,
    0.001378175566427389,
    0.014155269315645588,
    0.007493599471648006,
    0.06611835907747954,
    -0.08060324055609161,
    -0.07917957471146,
    0.12570326485579247,
    -0.014895665167872075,
    -0.027153192181214873,
    0.015654986624821593,
    0.028235698902694152,
    -0.014680590036910985,
    0.008352730225939622,
    0.01951769776140465,
    0.01380251090200271,
    -0.00385561680615903,
    0.04860551622905611,
    -0.0017880115644063883,
    0.005620074990072875,
    0.01336666834885758,
    0.018902134597407926,
    0.01894703942219226,
    0.046657249861926126
  ],
  "sum weights": 1.0000049999747034
}