{
  "mu_target": [
    -0.5,
    0.6000000238418579
  ],
  "mu_model": [
    [
      -0.5002204883431819,
      0.5988742826452527
    ]
  ],
  "diff": [
    [
      0.00022048834318189048,
      0.0011257411966052455
    ]
  ],
  "sigma_integral": [
    0.0005071734206784719,
    0.0008159374114566415
  ],
  "within_band": [
    [
      true,
      false
    ]
  ],
  "toy_seed": 269,
  "weights": [
    0.039715971851078544,
    -0.028351298512765424,
    0.011537214454189018,
    0.014099660192552443,
    0.05263986965449507,
    -0.0004238342746892448,
    0.0009963891238926185,
    0.02828584046654239,
    0.04012415439570987,
    0.00424512109024762,
    -0.03628800725574514,
    -0.001468912690250716,
    -0.013657637202789851,
    0.0856079141861742,
    0.02256651498011952,
    0.009775715658170647,
    -0.009524038386694297,
    -0.022267518285949903,
    0.05937675956129624,
    0.003203898310796438,
    0.03156512544783559,
    -0.014039944707971496,
    -0.004162264073251885,
    0.00030878225872994417,
    0.035926377331055935,
    0.07389836362821285,
    -0.0016976160093475814,
    0.015370798585145323,
    0.04102843905953937,
    0.0182425368652645,
    0.04070636212290975,
    0.005625797737367965,
    0.019515799171487186,
    0.023178110711662654,
    0.0931047990538049,
    -0.00371443132392461,
    -0.011807082864621168,
    -0.012404473250552717,
    0.07531111558510364,
    -0.024435380927329706,
    0.04230411567908928,
    -0.05825871240356784,
    -0.05316435824591682,
    0.13125111197618566,
    0.014868682588574182,
    -0.012041219623369785,
    0.037638661357638645,
    0.014660311324353262,
    0.008960971848065897,
    0.03977634672241888,
    -0.0015212983266859703,
    0.006386251939465742,
    -0.026629196223339126,
    0.06419928952520598,
    0.029168004704696653,
    -0.0019566245403502395,
    0.006424436549806749,
    0.04633333172751307,
    0.004488088619803844,
    0.045401813057611845
  ],
  "sum weights": 1.0000049999747005
}