{
  "mu_target": [
    -0.5,
    0.6000000238418579
  ],
  "mu_model": [
    [
      -0.49947656353050457,
      0.6002130497417654
    ]
  ],
  "diff": [
    [
      0.0005234364694954308,
      0.00021302589990745968
    ]
  ],
  "sigma_integral": [
    0.000504495115371955,
    0.0008164124649196569
  ],
  "within_band": [
    [
      false,
      true
    ]
  ],
  "toy_seed": 187,
  "weights": [
    0.04771035931726903,
    0.017659075218045613,
    0.003581628377456027,
    0.020223353608514818,
    0.0436434781190624,
    0.011425117985341104,
    -0.021067101692214846,
    0.05379799931871221,
    -0.005803424730854151,
    -0.026412355033427825,
    -0.03367880311488588,
    -0.010310358149808406,
    0.025260732453241213,
    0.07014531005735665,
    0.10740697100946431,
    0.025295063762389935,
    0.03304044915732258,
    -0.053577539782636116,
    -0.0036626966138360484,
    0.029057858915897718,
    0.007655046071450558,
    -0.028612683340554595,
    0.022215550665352506,
    -0.006067564895225931,
    0.05414209122374499,
    0.047276836492655634,
    0.022644457539629535,
    0.005703965957067162,
    0.06404174967902186,
    0.006233522409209177,
    0.0399225087082307,
    0.039567532529289344,
    -0.0019923708863622738,
    0.03991748440962046,
    0.09324695656440046,
    0.0660532966304627,
    0.00571633332562925,
    -0.0187606787098526,
    0.03625894717313646,
    -0.03210759597463672,
    0.0636630322381521,
    -0.05048504589904873,
    -0.027775926999073518,
    0.09229724115280385,
    -0.010164310334061276,
    -0.02280527023983995,
    -0.008317300592867574,
    0.012766347449405803,
    -0.018838575033408293,
    0.033343291573830806,
    0.018815858428020023,
    0.03332483002091112,
    -0.010307143581740518,
    0.028281941344583623,
    0.0003060080794598866,
    -0.002706981483635087,
    0.013260079839897366,
    0.0039930519482745935,
    0.02165671215732388,
    0.03290665615103729
  ],
  "sum weights": 1.0000049999747045
}