{
  "num": -54711.390625,
  "den": -54891.2265625,
  "test": 179.8359375
}