{
  "mu_target": [
    -0.5,
    0.6000000238418579
  ],
  "mu_model": [
    [
      -0.5017630090869508,
      0.598976972450756
    ]
  ],
  "diff": [
    [
      0.0017630090869508175,
      0.0010230513911019257
    ]
  ],
  "sigma_integral": [
    0.0009482745552564828,
    0.0014256893003386636
  ],
  "within_band": [
    [
      false,
      true
    ]
  ],
  "toy_seed": 243,
  "weights": [
    -0.0067280916712789424,
    -0.032288577809078685,
    0.07035466466133011,
    0.036355754506071584,
    -0.0023020120634312993,
    0.051190126768166866,
    -0.030283360239477853,
    0.015056184261003778,
    0.10692425588503647,
    0.03039259922773279,
    0.016607453147417947,
    0.055034185007597484,
    0.013451965684196097,
    -0.07451091551527425,
    -0.0012564339368115155,
    0.0858933126884666,
    -0.035533128761091826,
    0.025105489297282253,
    -0.035990915004884404,
    -0.033796713298409296,
    -0.00839694544040293,
    -8.092565152471398e-06,
    -0.012713677670629402,
    -0.10522081702858738,
    -0.024101152556163078,
    0.03360141354174598,
    0.0912402914214329,
    0.027661905858169567,
    -0.022446187993482417,
    0.08724083978661053,
    -0.050471123225702186,
    -0.05629180043607631,
    0.1435267476190826,
    0.03146138129874366,
    0.011916564056667977,
    0.01916396741410092,
    0.03372705784645918,
    0.030704384592431508,
    0.07085808403264192,
    -0.046511950628848824,
    -0.07075250969437488,
    0.015237846782599946,
    0.03554288016151329,
    0.12687188171169655,
    0.1048730191889037,
    -0.012534681510285159,
    0.021427615725949326,
    -0.012486162406632249,
    -0.0008069956635943162,
    0.04064460467491401,
    0.04217949938470634,
    0.003564585000615965,
    0.03145877186284269,
    0.046863453554707626,
    0.04678717692811455,
    -0.02906581637545002,
    0.025320228183941165,
    -0.06536290950920709,
    0.07802968584245432,
    0.0635910121951577
  ],
  "sum weights": 0.9999999187961792
}