{
  "mu_target": [
    -0.5,
    0.6000000238418579
  ],
  "mu_model": [
    [
      -0.49970696993563857,
      0.5990367942568355
    ]
  ],
  "diff": [
    [
      0.00029303006436143253,
      0.0009632295850223738
    ]
  ],
  "sigma_integral": [
    0.0009598394065130017,
    0.0014366726417144489
  ],
  "within_band": [
    [
      true,
      true
    ]
  ],
  "toy_seed": 291,
  "weights": [
    -0.00498940190372066,
    -0.014459502899207355,
    0.1968246217180156,
    0.05685835620709513,
    0.031611439054294074,
    0.0741476211877973,
    0.023768707223368914,
    0.01354747712260408,
    0.08412945702781674,
    0.04011286491308723,
    0.04826109079845939,
    0.02300675617786833,
    -0.009030076204119683,
    -0.0423247853142797,
    -0.032471827886486816,
    0.029769494363149143,
    0.006541813744294334,
    -0.009148839642333194,
    0.011490896453635921,
    0.0006928908339201749,
    -0.05260755065705061,
    -0.014806410181199759,
    -0.032929146036641516,
    -0.09161324402207296,
    0.012441898643565708,
    0.08553558486600213,
    0.01200837737835199,
    -0.002950193078061811,
    0.028908475692817133,
    -0.03809597594679496,
    -0.011850617063659818,
    -0.07058151401423235,
    -0.02744255384717967,
    -0.014580897075926602,
    -0.031802908871813376,
    0.024321835509006587,
    -0.010537221595987828,
    0.023980504718392203,
    -0.010208436693309631,
    0.10941548574763955,
    -0.05339641238299719,
    -0.002681898588538656,
    0.11911553729256374,
    0.07195788777402083,
    0.07946114356780971,
    -0.023812808670302475,
    0.09197721069604434,
    0.030209692226949032,
    0.04958387548872447,
    -0.01759753000616397,
    0.02542856803278993,
    0.0649654059325926,
    0.05426760872849651,
    -0.012070580193404647,
    0.0435639453242022,
    -0.055210883308828944,
    0.08465483886592828,
    -0.001958152158901864,
    0.0333142184995565,
    0.003283729526354942
  ],
  "sum weights": 0.9999999430939988
}