{
  "mu_target": [
    -0.5,
    0.6000000238418579
  ],
  "mu_model": [
    [
      -0.4994579560927901,
      0.6008921768132015
    ]
  ],
  "diff": [
    [
      0.0005420439072099104,
      0.0008921529713435961
    ]
  ],
  "sigma_integral": [
    0.0009528210481100448,
    0.0014260273917608953
  ],
  "within_band": [
    [
      true,
      true
    ]
  ],
  "toy_seed": 285,
  "weights": [
    0.048912348827141766,
    0.07463527754014311,
    0.04404145532434936,
    0.008241564956681453,
    -0.015096490879907153,
    0.0591439221587742,
    -0.023627649246316405,
    0.04134483374227588,
    0.030754469274133816,
    -0.029379669367113056,
    0.04064399022628066,
    0.04714924721350837,
    -0.06451483136545012,
    0.005364269577153225,
    -0.004494257963410358,
    0.001571713038500745,
    -0.06707590938169986,
    -0.10526345177459054,
    0.03446013753117907,
    -0.06769618355218913,
    -0.025755640109750292,
    0.04998118538705945,
    -0.05307704902471322,
    -0.02412689501107274,
    -0.004246602531799849,
    0.06830091264973909,
    0.07465668350406023,
    0.06086409762160651,
    -0.04045327068989371,
    0.05478112943021153,
    0.04474304407235003,
    -0.12490589557964442,
    0.04327116093801093,
    0.008091231975781151,
    -0.006610795870324003,
    0.0189105082967738,
    0.08898951135505641,
    -0.006909750446527566,
    -0.07303612003203133,
    -0.02002189802187143,
    -0.055032243142890194,
    0.07332247518702899,
    0.07071300862889751,
    0.1987496934728312,
    0.06094315233456167,
    0.004184292910504632,
    0.010864559517709175,
    -0.0585938606116684,
    -0.004179734541881175,
    0.011537863549719156,
    0.0861517371813003,
    0.09223821037162275,
    0.07624301356838703,
    0.01723073226567586,
    0.10059547621617669,
    -0.04757683026161309,
    0.0631926901344527,
    0.056765318985938285,
    0.008730248876470394,
    0.04135980069956506
  ],
  "sum weights": 0.9999999391352541
}