{
  "mu_target": [
    -0.5,
    0.6000000238418579
  ],
  "mu_model": [
    [
      -0.500268817961004,
      0.6012952963476851
    ]
  ],
  "diff": [
    [
      0.00026881796100397537,
      0.001295272505827172
    ]
  ],
  "sigma_integral": [
    0.0009430323872551538,
    0.0014029841016600351
  ],
  "within_band": [
    [
      true,
      true
    ]
  ],
  "toy_seed": 47,
  "weights": [
    0.06151017331622801,
    0.05785736492489634,
    0.1001464734501088,
    0.006296952575694797,
    -0.03777351025294693,
    0.06596974781084751,
    0.061993183029398685,
    0.048510481533836546,
    0.09400316300291522,
    0.019074585423251165,
    0.0994929917031398,
    -0.022623297855120034,
    0.025947261848594503,
    -0.010376037979407745,
    -0.04081805068126978,
    -0.01210736486660043,
    0.020813004978514935,
    -0.028801607082826162,
    -0.02151222523371951,
    -0.013203591403775517,
    -0.052156630898302324,
    0.06794321043829642,
    -0.043200550246912856,
    -0.018839268609285826,
    0.006677825620914921,
    0.11422042243149766,
    -0.010535586779149718,
    -0.022765351010117132,
    0.030413548056814736,
    -0.05066107552974967,
    -0.023848566418210305,
    -0.05750537070019163,
    0.08427066687188454,
    0.009872175961638653,
    0.06974444834345105,
    0.010976293082030889,
    -0.005466774625451825,
    0.01229728288539354,
    -0.09577829876310248,
    0.06463158411525273,
    -0.03719401237218567,
    -0.001569004046629542,
    0.061118511943745395,
    0.066615340368993,
    0.05822577608652463,
    0.019554296561664547,
    0.028552541001513693,
    0.0701587006733909,
    0.00989023791340509,
    0.028777989918123748,
    0.01919529206854529,
    0.06282556016053333,
    0.03805200996024765,
    -0.04722348555540212,
    0.08156298640048278,
    -0.11577910406598133,
    0.022868247118692987,
    0.029154046163407752,
    -0.012706614749126814,
    0.05323094242903497
  ],
  "sum weights": 0.9999999404474417
}