{
  "mu_target": [
    -0.5,
    0.6000000238418579
  ],
  "mu_model": [
    [
      -0.5010575263776799,
      0.600711121100766
    ]
  ],
  "diff": [
    [
      0.0010575263776798627,
      0.0007110972589080555
    ]
  ],
  "sigma_integral": [
    0.0009570853931549957,
    0.001429911926371254
  ],
  "within_band": [
    [
      false,
      true
    ]
  ],
  "toy_seed": 14,
  "weights": [
    -0.03702278616003966,
    0.05268380354515525,
    0.007745543299400046,
    0.1370175575159032,
    0.010046465380843401,
    0.023847000487703884,
    -0.043707864728175345,
    0.02303671756193126,
    0.009312212445353456,
    0.019952804029485644,
    0.030033046163320334,
    -0.01802931645122503,
    0.03401180490346294,
    -0.03952094738221208,
    -0.01705150984107205,
    -0.009891400259748669,
    -0.02614220009501294,
    0.0067003593384648615,
    -0.0209469745558509,
    0.05729022522581435,
    -0.023860504415160952,
    -0.008266232733479194,
    -0.020638477413063412,
    0.03145578441548427,
    0.0105747121288838,
    -0.04075819494039947,
    0.07112584080261684,
    0.018228999799002787,
    -0.00856488566557447,
    0.005176974801017572,
    -0.034467892144740164,
    -0.06985880773218775,
    0.06615109495343308,
    0.015968313379445636,
    0.10769698173629051,
    0.05796496104219431,
    0.07183976337513762,
    0.0061120393514776765,
    -0.037597012099059086,
    0.03696013878307346,
    -0.014062592654245518,
    -0.04286826734494257,
    0.1416302937722347,
    0.11009019636180493,
    0.002267954809027245,
    -0.018138925778675912,
    0.05086876237687878,
    -0.005089561923680992,
    0.07867614404033499,
    0.0055779646771759615,
    0.030200940250668183,
    0.009836764412577451,
    -0.016489492480653144,
    -0.013848725324031582,
    0.05777216436950776,
    -0.09161749456571223,
    -0.0004270478495501571,
    0.10961093962734693,
    0.09290565409882687,
    0.058496133641058795
  ],
  "sum weights": 0.9999999423638455
}