{
  "mu_target": [
    -0.5,
    0.6000000238418579
  ],
  "mu_model": [
    [
      -0.5004405636536728,
      0.6032428039941597
    ]
  ],
  "diff": [
    [
      0.000440563653672843,
      0.0032427801523018385
    ]
  ],
  "sigma_integral": [
    0.0009523985325157718,
    0.0014234686772295953
  ],
  "within_band": [
    [
      true,
      false
    ]
  ],
  "toy_seed": 215,
  "weights": [
    -0.01846522533003952,
    0.11152728602600051,
    0.12552643915140105,
    0.0660888502784245,
    0.030021178375425568,
    0.03496046009826544,
    -0.005892498223632,
    0.1106075358202315,
    0.05181265748161368,
    0.03257434030609909,
    0.008808012994933282,
    0.03509089700605091,
    0.03236287278637719,
    -0.02441678305876291,
    -0.0606776232169207,
    0.023714541066779667,
    -0.008800536296801952,
    0.016182355144257688,
    0.09418536764004887,
    -0.07741791430409012,
    0.02592821397345742,
    0.0240820740688306,
    0.007259230595115717,
    -0.08340020068612637,
    -0.054582325036925776,
    -0.012787521656531261,
    0.08804691356327025,
    0.03464738944577509,
    -0.04744136692434712,
    0.005345205773535823,
    -0.04453172490568523,
    -0.08601365262514829,
    0.18009432031418357,
    0.07448760278813098,
    -0.000638519825890892,
    0.006705502951308447,
    0.004155943333000542,
    -0.030258431920534498,
    -0.09024416132209981,
    0.0526782290105891,
    0.001001222387287771,
    -0.030713567458920538,
    0.06538252175859964,
    0.15188163961019685,
    0.012432574260314739,
    -0.006127035682261988,
    0.1240545802178663,
    0.023782850197125116,
    0.0019260897525257023,
    0.03736806583356664,
    0.0034294634318131133,
    0.05963062290044532,
    0.005863268713455307,
    -0.06139336938066828,
    0.02877103243135803,
    -0.03436033678580885,
    0.019458024999580284,
    -0.0004967180909068386,
    -0.02705192664907029,
    -0.006163989874223755
  ],
  "sum weights": 0.9999999472318442
}