{
  "mu_target": [
    -0.5,
    0.6000000238418579
  ],
  "mu_model": [
    [
      -0.5001925174220552,
      0.6025364071155251
    ]
  ],
  "diff": [
    [
      0.00019251742205517175,
      0.002536383273667231
    ]
  ],
  "sigma_integral": [
    0.000949783451154365,
    0.0014222046072637719
  ],
  "within_band": [
    [
      true,
      false
    ]
  ],
  "toy_seed": 100,
  "weights": [
    0.03770391146404063,
    0.04579777599116573,
    0.022400949365703623,
    -0.0005052942629768815,
    -0.007907320308193126,
    0.003243203120816331,
    -0.007356877003874934,
    0.010938431859103164,
    0.07776617714366744,
    0.013216182282330463,
    0.05809926829534297,
    0.0030441405873725684,
    0.08780888802612995,
    -0.04495870954628229,
    -0.03701184091652971,
    -0.04812861289966107,
    0.05017820974932777,
    -0.03735196920635595,
    0.05615304340929156,
    0.01645076167630783,
    -0.012247243527274673,
    0.07935418262022903,
    -0.0593926403433977,
    -0.05108280387176119,
    0.0029836421054760245,
    0.03597283975245909,
    0.0028577747660865297,
    -0.03726132358719496,
    -0.019487416142740334,
    0.07455303753893078,
    0.09283240987640357,
    0.014420311073871178,
    0.08650826015942767,
    -0.004392827937149087,
    0.03860093132632596,
    0.08686351813318266,
    0.033658132289367225,
    -0.002169975628296171,
    -0.01335764904767514,
    0.040279859650153446,
    -0.013375896929037265,
    0.009356115669474696,
    0.06513530563387512,
    0.10645882500544215,
    0.05024915158317867,
    0.01471648087031392,
    0.008766445271365216,
    -0.026900870177396244,
    -0.015788818693975637,
    -0.010206068388752071,
    0.060029546771122,
    0.03600737220468363,
    0.0548213792001985,
    -0.02570844814356536,
    0.02210346125691257,
    -0.05430463357759484,
    0.03440674074081471,
    0.013750413580561177,
    -0.010120005627689103,
    -0.00846989863659185
  ],
  "sum weights": 0.9999999356464899
}