{
  "mu_target": [
    -0.5,
    0.6000000238418579
  ],
  "mu_model": [
    [
      -0.5012231408631334,
      0.6006076432259886
    ]
  ],
  "diff": [
    [
      0.001223140863133354,
      0.0006076193841306754
    ]
  ],
  "sigma_integral": [
    0.000950258410869362,
    0.0014197075986399463
  ],
  "within_band": [
    [
      false,
      true
    ]
  ],
  "toy_seed": 99,
  "weights": [
    -0.05435876011129208,
    0.007068289757449197,
    -0.0038805963097690746,
    0.05179171552601318,
    0.027772020540572345,
    -0.016106664790152773,
    0.02933993320056713,
    0.04165594562745424,
    0.04986260942243881,
    0.017765539663758927,
    0.07200099331033795,
    -0.08009347138407667,
    0.11222411641713147,
    -0.02989396548150578,
    -0.025060246346131267,
    -0.003262684631613944,
    0.040995191546782835,
    0.05151186279021212,
    0.027224477328320975,
    -0.0006737035597929322,
    0.06469123502315281,
    0.0461048342812353,
    -0.0028439469219336713,
    0.13198013652208593,
    -0.0011979710670305154,
    0.022078278613501607,
    0.03635488422571969,
    0.0015744239892923847,
    0.007802638595258058,
    0.04769312239958637,
    -0.03169452217521955,
    -0.03491515944069683,
    0.04219378014666304,
    -0.04479407321787244,
    -0.04783035487054369,
    -0.022411722929252635,
    -0.012763464522821512,
    0.008997737795938179,
    -0.020967325241687467,
    -0.03482411081531752,
    0.008201565404111778,
    -0.03615372116664349,
    0.12517927030551185,
    0.12726214744470563,
    0.04626434946408739,
    -0.06127732820006716,
    0.08248346648304647,
    0.028060628696994154,
    0.009118262361878909,
    0.017547769254102147,
    0.05198624987523378,
    0.07016067377706299,
    0.007673409422850626,
    0.06647684382229088,
    0.04347296547922563,
    -0.12134798250022817,
    0.014114423535649031,
    0.02351390162964967,
    0.007808352460708088,
    0.018343673786708422
  ],
  "sum weights": 0.9999999442436408
}