{
  "mu_target": [
    -0.5,
    0.6000000238418579
  ],
  "mu_model": [
    [
      -0.4995667785182896,
      0.599611709432684
    ]
  ],
  "diff": [
    [
      0.00043322148171037744,
      0.0003883144091738622
    ]
  ],
  "sigma_integral": [
    0.0009506436215765949,
    0.001435156153514635
  ],
  "within_band": [
    [
      true,
      true
    ]
  ],
  "toy_seed": 75,
  "weights": [
    -0.07214983824274802,
    0.028043401425693545,
    0.05764865972590916,
    0.07716044631452158,
    0.05978867763000699,
    0.08247461013517854,
    -0.0011663597596585525,
    -0.04280554935584634,
    -0.03283493545820192,
    0.04059504718475726,
    -0.00585641032764973,
    -0.035212254200772446,
    0.06457803808290256,
    -0.0065190864347584995,
    0.012215003081308209,
    -0.01544568568290973,
    0.02210614693927861,
    -0.013524605138458337,
    0.02578005152125736,
    -0.01216255793491731,
    -0.04003607715368931,
    0.030820996402109967,
    -0.005195623010967808,
    -0.02668020500921788,
    -0.013384025414487211,
    0.05302846571093067,
    0.036923750220737246,
    0.070966202745335,
    -0.019361436361360132,
    0.1006229206921168,
    0.04995844711191426,
    -0.023060636444174946,
    0.11699101615515264,
    0.047997358049551825,
    -0.004282297582012316,
    0.033916069606373125,
    0.012207352930169656,
    -0.030152346911203033,
    0.05054386670344324,
    0.03219197439895817,
    -0.016950550811619974,
    -0.045431596661211264,
    0.03571785828002489,
    0.100884191361382,
    0.05634821394754644,
    0.01722212247718828,
    0.0075523435298429685,
    0.0013039610555322407,
    0.014428363261644423,
    0.013920351234681999,
    -0.0005405485190615286,
    -0.06570128371984466,
    0.0026195739918931558,
    5.8090870582420845e-05,
    0.09673018885404067,
    -0.05999817460345991,
    0.0799870896193409,
    0.07264704303681266,
    0.011115039332434705,
    -0.02864090482891673
  ],
  "sum weights": 0.9999999440534066
}