{
  "mu_target": [
    -0.5,
    0.6000000238418579
  ],
  "mu_model": [
    [
      -0.5014003159818478,
      0.5989053634281308
    ]
  ],
  "diff": [
    [
      0.001400315981847755,
      0.0010946604137270777
    ]
  ],
  "sigma_integral": [
    0.0009563278587441793,
    0.0014226561964233904
  ],
  "within_band": [
    [
      false,
      true
    ]
  ],
  "toy_seed": 58,
  "weights": [
    -0.0018664845423964817,
    -0.0345213181534755,
    0.013017128475474076,
    0.1557701686445544,
    0.021497038786980158,
    -0.06294010588533118,
    -0.009268244778737942,
    -0.010792018970417965,
    0.07918547622821441,
    0.06115997331568462,
    0.0653751896315061,
    -0.10766130713786405,
    0.021864577967638438,
    -0.07706857340827283,
    -0.00538222314403133,
    0.0627265221036311,
    -0.09735493022663669,
    -0.017083115254164737,
    0.0493040005743496,
    -0.0049592860875597704,
    0.007848527056596794,
    0.114090695099809,
    0.005856206416721216,
    -0.05169460193405382,
    -0.010163639425314773,
    0.05993478852485008,
    0.04035249434087893,
    -0.015055313006998458,
    -0.015507817529492988,
    0.08840218517924955,
    0.00307650079302198,
    -0.08656791938627058,
    0.11007156877952719,
    -0.022080962827668842,
    0.039573395293064945,
    0.00886993020807003,
    0.025051361014150297,
    -0.014638434503356229,
    0.026458377354458742,
    -0.039528868571778626,
    -0.036808816656563374,
    0.007130175371662989,
    0.11636859084526072,
    0.07886307277640908,
    0.04587611998261046,
    0.018122682012728306,
    0.04576878969052892,
    0.09494424630352424,
    0.0507459975354809,
    0.06326312289770365,
    0.10907435355212611,
    0.004916016307142497,
    -0.029630898375213644,
    -0.03466386940920175,
    0.06896069796429125,
    -0.016441268639161247,
    0.06973775314874689,
    -0.01903948646083341,
    -0.006530332097569331,
    -0.006007946552239205
  ],
  "sum weights": 0.9999999412120429
}