{
  "mu_target": [
    -0.5,
    0.6000000238418579
  ],
  "mu_model": [
    [
      -0.49820165444528175,
      0.5970641154687899
    ]
  ],
  "diff": [
    [
      0.0017983455547182503,
      0.002935908373068008
    ]
  ],
  "sigma_integral": [
    0.0009511611469879177,
    0.0014367284498978787
  ],
  "within_band": [
    [
      false,
      false
    ]
  ],
  "toy_seed": 159,
  "weights": [
    0.015709802798032284,
    0.009594270692236631,
    0.12814432723083688,
    -0.057946356698673894,
    -0.022789746195218313,
    0.0340968119045717,
    -0.05924967448079219,
    0.028131297533165928,
    0.03226347346991787,
    -0.03929613717245113,
    0.04082845682174221,
    -0.00626162310199799,
    -0.0011447020264929164,
    -0.03002663745537036,
    0.05489397082397921,
    -0.00839514699820115,
    0.02099388668334217,
    0.015517747307976048,
    0.023301555123836675,
    -0.03127253586719963,
    -0.02720005863181369,
    0.042426860462021106,
    0.013959302809531865,
    0.07366612631395479,
    -0.009377437447700128,
    0.08425812025384036,
    0.08456308649129972,
    0.022319493840004576,
    -0.01475426302166629,
    0.03651161523027967,
    0.05891212092984794,
    -0.04994563952318652,
    -0.06238898016449645,
    0.05657805629657558,
    -0.02228012850639381,
    0.01377928966487718,
    0.08995431112121634,
    0.05107809913895707,
    0.07227652221464807,
    -0.009394467255046146,
    -0.05809292915943187,
    -0.01143173118501431,
    0.1073344665689318,
    0.05970851415151599,
    0.012933065511899716,
    -0.0003176288572431874,
    0.010256364856847921,
    0.04635667850923946,
    0.08499802694775675,
    0.027329527945046755,
    0.006570018194285426,
    0.015879217513881234,
    0.004958087074289107,
    0.064089237544093,
    0.0588257116036705,
    -0.05326828291925415,
    0.04632867981296869,
    -0.022878888561015092,
    -0.03218999980524736,
    -0.019423270152433714
  ],
  "sum weights": 0.9999999362047779
}