{
  "mu_target": [
    -0.5,
    0.6000000238418579
  ],
  "mu_model": [
    [
      -0.5009362616935492,
      0.5999890858300141
    ]
  ],
  "diff": [
    [
      0.0009362616935492118,
      1.0938011843819595e-05
    ]
  ],
  "sigma_integral": [
    0.0009612602840673114,
    0.0014313239378742821
  ],
  "within_band": [
    [
      true,
      true
    ]
  ],
  "toy_seed": 234,
  "weights": [
    -0.022229210649753396,
    0.02267859187004999,
    0.08981291707813431,
    0.11134208608686989,
    -0.029929603868775176,
    0.0024966615580403685,
    0.028926138619663175,
    0.07109256062469416,
    -0.008982862428988655,
    0.02846364858075023,
    0.03026239684437764,
    0.013991138506702767,
    -0.010356508018450844,
    -0.021168147353930702,
    0.009727475141470552,
    0.009315897047584254,
    0.034248086118942665,
    0.0016120682136337757,
    0.04112198054408278,
    0.001305063801414446,
    -0.030202768589298917,
    -0.0012476681207620039,
    -0.04516612881258333,
    -0.048216536318233263,
    0.022947551295813415,
    0.06762034780419882,
    8.539784822931598e-05,
    -0.036388243328595075,
    0.04233803525369852,
    0.046355430389120184,
    0.010079647860282768,
    -0.05355199240942191,
    0.003275031517415927,
    0.020683928572409145,
    0.018473470764225543,
    0.07478960339908987,
    -0.014017672602686194,
    -0.008016838465149877,
    -0.05081924986407101,
    -0.020378505568870033,
    -0.00016757193296125788,
    0.029986973430860965,
    0.07329903044867651,
    0.12605281928726123,
    0.07354234988971678,
    -0.014457276320259452,
    0.13966564485757027,
    0.0026449750042591394,
    0.00997931666967495,
    0.0282696764113022,
    0.09689306945658177,
    0.03630105648280598,
    0.053987225096355146,
    -0.033487771094926344,
    0.02666770947530586,
    -0.0942711479080798,
    0.04108151056535561,
    -0.03570422224088833,
    0.018635538103581945,
    0.018707815724065678
  ],
  "sum weights": 0.999999940347583
}