{
  "mu_target": [
    -0.5,
    0.6000000238418579
  ],
  "mu_model": [
    [
      -0.5003575830372109,
      0.599498333549228
    ]
  ],
  "diff": [
    [
      0.0003575830372108957,
      0.0005016902926299194
    ]
  ],
  "sigma_integral": [
    0.0009451200335176037,
    0.0014216312533196
  ],
  "within_band": [
    [
      true,
      true
    ]
  ],
  "toy_seed": 40,
  "weights": [
    0.0023136036779583193,
    0.06672951300435602,
    -0.007012136915758962,
    0.010308022509881509,
    -0.02816354211813126,
    -0.0034642492193649316,
    0.025797106547481123,
    0.0436491604285515,
    0.010051110311662212,
    -0.009748946383719311,
    0.01786770681257762,
    -0.026904733825474734,
    0.1268526371486,
    -0.00246377222773423,
    -0.001455255647239344,
    -0.06834738499677535,
    0.020785851745358394,
    -0.013197911761508441,
    0.0005583802287399992,
    0.005951451714497444,
    -0.0057407173173666505,
    0.07248511536405945,
    -0.019624718925511028,
    0.06337266454424832,
    -0.005675260227798336,
    0.1024217499934445,
    0.048249371600959774,
    -0.02005262570681966,
    -0.019695277796793594,
    0.12878380611510862,
    0.0505444532358958,
    -0.026574153222434522,
    0.08119659732208263,
    0.061193245228964445,
    -0.005191246151977774,
    0.022620329463441186,
    0.006926778916717081,
    0.0031205752776708945,
    0.04703447926297298,
    0.011777910265285806,
    -0.054965338642318104,
    -0.05228510590834117,
    0.029901381143859183,
    0.0681554627922989,
    0.08641716717726658,
    0.01046495134059236,
    0.020971120523639242,
    0.07118791993272773,
    -0.006746558980001842,
    0.030563374298604593,
    0.0013366298486697766,
    0.04888182570986489,
    0.012701165056636802,
    0.010360233402898692,
    0.06397936892893662,
    -0.07804244048375743,
    0.01840017602972197,
    -0.02055117809124901,
    -0.03799318055837851,
    0.009983279579562037
  ],
  "sum weights": 0.9999999413773408
}