{
  "num": -50425.11328125,
  "den": -50446.1171875,
  "test": 21.00390625
}