{
  "mu_target": [
    -0.5,
    0.6000000238418579
  ],
  "mu_model": [
    [
      -0.5008268317238418,
      0.6008419130062476
    ]
  ],
  "diff": [
    [
      0.0008268317238417922,
      0.0008418891643896531
    ]
  ],
  "sigma_integral": [
    0.0006376283315014015,
    0.0009526186004910377
  ],
  "within_band": [
    [
      false,
      true
    ]
  ],
  "toy_seed": 124,
  "weights": [
    0.007423905631976029,
    0.04304697212552328,
    0.03781468080398619,
    0.07247060180143997,
    -0.00903178097474646,
    0.02479609296679119,
    0.04233974260810011,
    0.056469564853426066,
    0.039895149201953924,
    -0.057071444685004795,
    0.03856155237353574,
    0.03890099793608926,
    0.040751443028200794,
    -0.00015247166733717922,
    -0.028767288716127916,
    -0.009869733332624734,
    -0.018398512816947914,
    -0.032636406579648086,
    0.011386022676018319,
    0.021765344756028527,
    0.02426870925091301,
    0.04941230511700885,
    -0.030909990218150944,
    -0.025595217706760605,
    0.012277151304397205,
    0.04667501080193723,
    0.03473672163885127,
    0.03961282021663524,
    -0.008603624049630366,
    0.04720784495816184,
    0.025533945867482304,
    -0.06976428486250313,
    0.02435394850526654,
    -0.026028415656084544,
    0.03129449431438997,
    0.03263970866521046,
    0.052047604881378336,
    0.018735659453898525,
    -0.03831085892297078,
    0.05903246936388098,
    0.05955982731002611,
    -0.00596806129375681,
    0.015251128930705182,
    0.046131236312841294,
    0.12960368980623357,
    0.040437184454554985,
    0.02100024250805068,
    -0.02373224802271581,
    0.04398509927048569,
    -0.006260396515910331,
    -0.003404331623875932,
    0.01843689694605904,
    0.01310913609743447,
    -0.0033937726672941143,
    0.07731305575503528,
    -0.01738940690278211,
    0.004503785037625225,
    -0.06593790746200984,
    -0.001187305746943993,
    0.03963164895169006
  ],
  "sum weights": 0.9999999360593963
}