{
  "mu_target": [
    -0.5,
    0.6000000238418579
  ],
  "mu_model": [
    [
      -0.49947097788285416,
      0.6004945898669077
    ]
  ],
  "diff": [
    [
      0.0005290221171458387,
      0.0004945660250498252
    ]
  ],
  "sigma_integral": [
    0.000638358301823016,
    0.0009550813917114772
  ],
  "within_band": [
    [
      true,
      true
    ]
  ],
  "toy_seed": 229,
  "weights": [
    0.05283800968365131,
    0.04793491306346238,
    0.10822106784280267,
    0.07380431345167565,
    0.029621692649876658,
    0.040218498906170116,
    0.05254379639451023,
    -0.0033454394092696225,
    0.057308502303644565,
    0.01715077602552528,
    -0.007894218333869751,
    -0.019302411104394956,
    -0.007589581737547205,
    -0.002531993980026239,
    -0.002026777730372476,
    0.0032954103389051695,
    -0.008912338941185934,
    -0.015457952927843037,
    0.02834916745715468,
    -0.01697616185309015,
    -0.004036497334250794,
    0.07329372507705804,
    -6.514813575433093e-05,
    0.014752618660747263,
    -0.014668771914821296,
    0.017272474456474927,
    0.03349100693337977,
    0.007244292021230592,
    -0.062161484834226774,
    0.04624396872291779,
    0.03095174955794062,
    -0.09655262523976202,
    0.04784987410432144,
    0.015614319578889091,
    -0.009206826173247426,
    0.03719943082851174,
    0.06185097161688171,
    -0.025471341866406642,
    -0.023884390150217583,
    0.005679729784123436,
    -0.055439554328245814,
    -0.006037476745922822,
    0.07302159111040488,
    0.04548545944375252,
    0.05983207770530665,
    0.02198171172522286,
    0.006302837506173606,
    0.040398986809861315,
    0.07321229614255122,
    0.07263377879467807,
    -8.652471353237654e-05,
    -0.0039442327195053,
    0.028003386083732974,
    0.007767232591615331,
    0.05775770490356713,
    -0.01959353121988097,
    0.03709058761580287,
    -0.011747233672352414,
    -0.027660368016944353,
    0.018374857730324604
  ],
  "sum weights": 0.9999999345401789
}