{
  "mu_target": [
    -0.5,
    0.6000000238418579
  ],
  "mu_model": [
    [
      -0.500682872728415,
      0.6001684322994181
    ]
  ],
  "diff": [
    [
      0.0006828727284150515,
      0.0001684084575601652
    ]
  ],
  "sigma_integral": [
    0.0006424939721028777,
    0.0009755367297847007
  ],
  "within_band": [
    [
      false,
      true
    ]
  ],
  "toy_seed": 222,
  "weights": [
    -0.030003064324454577,
    0.02160692338826865,
    0.06695281225392069,
    0.05753899134490288,
    -0.032260971927978846,
    0.03823569930172064,
    0.01030054630462556,
    0.025496035087756594,
    0.03305250491015189,
    -0.01840815877183301,
    0.05945289887375724,
    -0.007105222972691323,
    0.03792196060663535,
    -0.05680289770118588,
    0.018272108299135368,
    0.0008874940137992844,
    0.009532894022696404,
    0.008874199855722444,
    0.0474089917683054,
    -0.007097769669754866,
    -0.018664799626082095,
    0.020118163027899066,
    -0.02239121568950166,
    -0.036008790303688025,
    -0.0243727673748165,
    0.07289253023509484,
    0.058751542318368835,
    -0.00762185877599308,
    -0.009726600837939213,
    0.04722187060682938,
    0.007840531819212047,
    -0.022670973816846438,
    0.10492486186324002,
    0.019065433356868347,
    0.015705539939597293,
    0.016528273062308727,
    0.026226995026127548,
    -0.005130114433181834,
    0.007351095633607859,
    -0.021831619952610428,
    -0.0427938620165424,
    0.036145928211140224,
    0.05865646946163837,
    0.11311470922722515,
    0.0411759847454659,
    0.013510738669989343,
    0.05381884052935443,
    0.03851392574208604,
    0.04616798733075368,
    0.039452608563742796,
    0.035667026784541096,
    0.01672751124147195,
    0.033180387978389285,
    -0.045839012911028654,
    0.033984180991212434,
    -0.03745517051172896,
    0.028554850058216057,
    -0.04178276072371593,
    0.004126286408471914,
    0.06300924365470567
  ],
  "sum weights": 0.9999999441773829
}