{
  "mu_target": [
    -0.5,
    0.6000000238418579
  ],
  "mu_model": [
    [
      -0.499879542156943,
      0.6012793121467598
    ]
  ],
  "diff": [
    [
      0.00012045784305697582,
      0.001279288304901871
    ]
  ],
  "sigma_integral": [
    0.0006423762702954623,
    0.0009687550662324183
  ],
  "within_band": [
    [
      true,
      false
    ]
  ],
  "toy_seed": 88,
  "weights": [
    0.06473395601960086,
    0.03528293919988202,
    0.09874780537037754,
    0.05889514025492705,
    0.019730394737178317,
    0.010886590800190768,
    0.03298593149896514,
    0.010310223262524685,
    0.05426229724578449,
    0.07038940613848152,
    0.08204724556333932,
    -0.013832670775314164,
    -0.007699842561399784,
    -0.023313215608027574,
    -0.023734060399940436,
    0.007594636122639961,
    -0.027540178979324183,
    0.037421568292684344,
    0.07981571251903735,
    -0.009779913601746818,
    -0.02153130077329543,
    0.04521465072490513,
    -0.028315692874439545,
    0.04018615604142906,
    0.010490871151395655,
    0.009806582797277016,
    0.03539450431925355,
    0.006283849929088614,
    -0.024098551399116215,
    0.05313479417710366,
    -0.0838196646335802,
    -0.06240898547550668,
    0.013941592913330466,
    0.011701016784190157,
    -0.0006902088460953032,
    -0.0011898901752736167,
    0.06158181429197178,
    -0.016558183518178483,
    -0.0030248725529693405,
    -0.059239773425048284,
    -0.01834146827837428,
    -0.005184521545751093,
    0.0713658591051367,
    0.051144540646417914,
    0.025850919235200834,
    0.03991284542790799,
    0.02844504011413504,
    0.07291303545070638,
    0.04172237582825758,
    -0.002086365794472958,
    0.04547987570182098,
    0.03662720606870971,
    0.028062489597049524,
    -0.03295045588069699,
    0.07480592405851348,
    0.02984262650452359,
    0.05797900650683515,
    -0.06758866450595961,
    -0.013749188459533794,
    -0.008313812777329153
  ],
  "sum weights": 0.9999999415593994
}