{
  "mu_target": [
    -0.5,
    0.6000000238418579
  ],
  "mu_model": [
    [
      -0.5004051293636416,
      0.6003672802828297
    ]
  ],
  "diff": [
    [
      0.0004051293636415654,
      0.0003672564409717971
    ]
  ],
  "sigma_integral": [
    0.0006438667569182278,
    0.0009619927529113042
  ],
  "within_band": [
    [
      true,
      true
    ]
  ],
  "toy_seed": 281,
  "weights": [
    0.03948010457273535,
    0.03961447212063305,
    0.07003124884122754,
    0.08633248399628592,
    0.014554984943613616,
    0.05975357488732465,
    0.006072135149530094,
    0.028368872561426197,
    0.015300446789896475,
    0.03119831563946044,
    0.06495803385654274,
    -0.02102744486783189,
    0.04718339735073222,
    -0.0019661928885256045,
    0.01025773793357517,
    -0.0016430757289168927,
    -0.023868003442439584,
    -0.022275792577834547,
    0.04754693772196388,
    -0.010006306180615024,
    -0.028019248763207168,
    0.06342510497069982,
    -0.02381606341571859,
    -0.02041379447443324,
    -0.041690946097913906,
    0.06442590187310246,
    0.04365316565162772,
    -0.0364789061947837,
    -0.028439395299100462,
    0.05465552936554122,
    0.06822056478363543,
    -0.016543539535341503,
    0.07304456514877831,
    0.015725244188262554,
    -0.004280814744490549,
    0.019985577982316132,
    0.05957888820790066,
    0.03300579650764467,
    -0.04205300527566982,
    -0.04713732272539989,
    0.012012337816131273,
    -0.011533998250610872,
    0.049983459319768477,
    0.098669144362574,
    0.03931927930249998,
    -0.045528106612703644,
    0.024662397761011083,
    0.023790751914825835,
    0.003539792988968813,
    0.015080774042581447,
    0.027284124426211545,
    0.022515179068906543,
    -0.00325964018240206,
    0.02196578806763484,
    0.03395233452059346,
    -0.032207967618641774,
    0.05668398526558374,
    -0.03966714135986713,
    -0.01845182061685051,
    0.034476035717014526
  ],
  "sum weights": 0.9999999427654636
}