{
  "mu_target": [
    -0.5,
    0.6000000238418579
  ],
  "mu_model": [
    [
      -0.5007921354168018,
      0.599206421767219
    ]
  ],
  "diff": [
    [
      0.0007921354168017869,
      0.000793602074638855
    ]
  ],
  "sigma_integral": [
    0.0006460071619516914,
    0.0009603058462303522
  ],
  "within_band": [
    [
      false,
      true
    ]
  ],
  "toy_seed": 226,
  "weights": [
    0.049189073385306044,
    0.06977701363145193,
    0.018368993958542468,
    0.07262599571584619,
    0.017634131241816352,
    0.09581062758044982,
    0.009383847830080616,
    -0.0019350508139281866,
    0.04812923687361354,
    0.0034352177285985673,
    0.04895972154031643,
    -0.04367996282778879,
    0.0374162206309713,
    -0.028605479754255456,
    0.021005324817802953,
    -0.014193958789805486,
    -0.05271060871804389,
    -0.01531670790668531,
    0.018396207109273473,
    -0.016688982788373614,
    0.0038102412788818298,
    0.07535579828967823,
    0.0076864418003451,
    -0.001865860133684012,
    -0.016760097359940832,
    0.030367828991605467,
    -0.02408658913744266,
    0.03201166324432,
    -0.03737687001760928,
    0.05709570412947144,
    0.0005639523528297157,
    -0.04589627035006156,
    0.06773702916419937,
    0.04151689070800877,
    0.022827225460934148,
    0.004379909111800081,
    0.04414417420526359,
    0.004157281292061393,
    -0.05330673225953497,
    -0.004715257010906751,
    -0.009069267998897977,
    -0.04020866262436835,
    0.02445199223153859,
    0.05765790200917751,
    0.11048025541552524,
    0.0009037528981544056,
    0.04163352321536584,
    0.034239986570499814,
    0.02921878507405953,
    0.03619491702712011,
    0.0010257238384633553,
    0.0077201495189575245,
    0.05053469574765407,
    0.012494690871641012,
    0.018431835374678764,
    0.019017870496359526,
    0.002868617935681319,
    0.013781534218686659,
    0.019502021937711906,
    0.02447229623463469
  ],
  "sum weights": 0.9999999441980516
}