{
  "mu_target": [
    -0.5,
    0.6000000238418579
  ],
  "mu_model": [
    [
      -0.4989240377611599,
      0.6001632679493
    ]
  ],
  "diff": [
    [
      0.0010759622388401002,
      0.00016324410744206208
    ]
  ],
  "sigma_integral": [
    0.0006457589030198038,
    0.000966984989975505
  ],
  "within_band": [
    [
      false,
      true
    ]
  ],
  "toy_seed": 275,
  "weights": [
    -0.0053782296591968915,
    0.07931398478766473,
    0.056195412432035435,
    0.08959525032341802,
    -0.0041298577003085635,
    -0.009425662226916204,
    0.06651191540673156,
    -0.04711763680061502,
    0.03206293886162307,
    0.08744596561890142,
    0.03824791868841054,
    -0.0057805341748797786,
    0.037406548644014756,
    0.023623655226007574,
    -0.02061744941965036,
    -0.010495464681366777,
    0.018903304285661362,
    0.027339574772047175,
    0.03047984208440635,
    -0.02435404643172648,
    -0.02332629554906354,
    0.001501929371152081,
    0.011017896123367076,
    0.034614917028693834,
    0.010387182479356405,
    0.05117629472721269,
    0.006493570298585201,
    0.041210697339180265,
    -0.035367690453291155,
    0.07093372186169102,
    0.0018761731239523096,
    -0.03863110703578643,
    0.04345238465860653,
    0.03280485942740921,
    0.032458839465681615,
    0.028827275130332116,
    0.019696894114481875,
    0.03641449648745134,
    -0.04498887453778613,
    -0.0020765516120797396,
    -0.04179197954241035,
    -0.019482967928198817,
    0.07588455194089967,
    0.09448976280262854,
    0.042811237466461156,
    0.007623201406623116,
    0.015300303242857482,
    0.0829489321411177,
    -0.01674111943426887,
    0.02134343108669857,
    -0.0009099400884180325,
    0.06043098052807534,
    0.01953057685164508,
    -0.02349404846805197,
    0.02079107020956582,
    -0.06655353541937134,
    -0.0005018934293164463,
    0.01250452913821194,
    -0.0032097311023664005,
    -0.019277461028490442
  ],
  "sum weights": 0.9999999428593002
}