{
  "mu_target": [
    -0.5,
    0.6000000238418579
  ],
  "mu_model": [
    [
      -0.5000400891554214,
      0.5995840215699847
    ]
  ],
  "diff": [
    [
      4.008915542141889e-05,
      0.00041600227187321703
    ]
  ],
  "sigma_integral": [
    0.0006438120628334087,
    0.0009733537229207866
  ],
  "within_band": [
    [
      true,
      true
    ]
  ],
  "toy_seed": 82,
  "weights": [
    0.0062895169302582985,
    0.07137902722257017,
    0.086125988865822,
    0.05146668005355841,
    -0.01394899462996856,
    0.0622448758288627,
    0.034799384467017136,
    -0.052992098376226336,
    0.013144156142584802,
    -0.04618164482928241,
    0.02147459212822835,
    -0.002144874875235768,
    0.02845986668382178,
    0.012807875323102826,
    0.005451036510866045,
    -0.026994095463043738,
    0.02386199966506511,
    0.00925484273784495,
    0.026333941660382405,
    -0.011362130471406577,
    -0.014011158484217414,
    0.04217479864611772,
    -0.051158770247983834,
    -0.007353014044200238,
    -0.016540169285355545,
    0.09644479697186396,
    0.02564741137305176,
    0.03682269292046075,
    -0.03246657535702785,
    0.06305995432972646,
    0.03590356293098746,
    -0.05832648286581301,
    0.06764914584749504,
    0.04105839048515861,
    0.028908198232799213,
    0.041522288698968166,
    0.025491134411458154,
    0.03146159400784878,
    -0.00841025899683587,
    0.014886830410146488,
    -0.026618818984328517,
    -0.023364825650074063,
    0.022053549799162048,
    0.09401190411758391,
    0.06372959767844502,
    0.0010016823803253617,
    -0.007850617325246629,
    0.00415961502482817,
    0.0339204624766439,
    0.02587366517953898,
    0.048656539479376315,
    -0.014952355146687116,
    0.03227309259793841,
    -0.01879902155060522,
    0.036182754436258846,
    -0.04945570613146428,
    0.03544407050788445,
    0.001000842660206731,
    0.05015558453335926,
    0.03034360930430588
  ],
  "sum weights": 0.999999940946922
}