{
  "mu_target": [
    -0.5,
    0.6000000238418579
  ],
  "mu_model": [
    [
      -0.5013476995356937,
      0.6003870877620168
    ]
  ],
  "diff": [
    [
      0.0013476995356936916,
      0.0003870639201588588
    ]
  ],
  "sigma_integral": [
    0.0006438385110530834,
    0.000968181290705826
  ],
  "within_band": [
    [
      false,
      true
    ]
  ],
  "toy_seed": 156,
  "weights": [
    0.030188568239420743,
    0.05124015190068216,
    0.08371344594663008,
    0.02490642828138547,
    0.013948330278719053,
    0.05138635944602935,
    0.02253414495671163,
    0.0310173064980685,
    0.05895642896615257,
    0.002395428747424977,
    0.07344736214253136,
    -0.032601037747347274,
    -0.021050133502457487,
    0.0006691460491217363,
    0.021927235530186075,
    0.03161311087051642,
    -0.007917419072957378,
    0.00210500686902615,
    -0.00800143114760027,
    -0.039892936496794734,
    -0.0085488595401945,
    -0.011870215677583229,
    -0.043384923915055496,
    -0.004064501659901265,
    -0.017975612566980055,
    0.02877420480405726,
    0.034383978757281095,
    0.027699073159085444,
    -0.04455948861803866,
    0.021348525220780266,
    0.014752270928052666,
    -0.10434174910414179,
    0.09133143257559052,
    0.029318413970542558,
    0.06512276136921012,
    0.00431558225956199,
    0.03986610721503897,
    -0.006870014911408317,
    -0.008447998776992,
    -0.010965801841623444,
    -0.03497865832399567,
    0.01151938697773769,
    0.06147527207658515,
    0.10815155651879145,
    0.08587380555730108,
    -0.007127767849965219,
    0.031297291559150585,
    0.05222774048588284,
    0.002939758931478928,
    0.03284097578720015,
    0.1096348100489576,
    0.017177957536353212,
    0.012432762865177036,
    0.021038113128747097,
    0.035368896319318194,
    -0.0187016195407355,
    0.013139247809017993,
    -0.04293479578800789,
    0.02869222408208103,
    -0.0065357016990063126
  ],
  "sum weights": 0.9999999368848006
}