{
  "mu_target": [
    -0.5,
    0.6000000238418579
  ],
  "mu_model": [
    [
      -0.5004061738444325,
      0.5993793563918551
    ]
  ],
  "diff": [
    [
      0.00040617384443253357,
      0.0006206674500027765
    ]
  ],
  "sigma_integral": [
    0.0006489332445369598,
    0.0009659685017871792
  ],
  "within_band": [
    [
      true,
      true
    ]
  ],
  "toy_seed": 61,
  "weights": [
    0.012928738321905987,
    0.06910988488061952,
    0.07849156588657996,
    0.08266004182449188,
    0.0035147849599582747,
    0.04405128527068855,
    0.028330276167893617,
    -0.04609370340795369,
    -0.00867009223387432,
    0.00402208287634355,
    0.0337527317708489,
    0.05544346946254017,
    0.04415439132875012,
    -0.04260662890114141,
    -0.04226731120496962,
    0.010604918488750047,
    -0.002748426343477931,
    0.012022640979670965,
    -0.006922685923449881,
    -0.03902234921905351,
    0.00046162571330254313,
    0.09529145918563275,
    -0.007549775663997412,
    -0.020802394293421466,
    -0.01659515046666046,
    0.07483440631565286,
    0.013238006222275616,
    0.005555586251119302,
    0.004199322562283348,
    0.045018238340582765,
    -0.04365325989402858,
    -0.03243202263712435,
    0.03235427614717259,
    0.01837738051746609,
    0.05962824183565376,
    0.02580584371288004,
    0.0238596746668533,
    0.00667596186311798,
    0.006611269491881451,
    0.04408173216156325,
    -0.03913528112882498,
    -0.012450232605292615,
    0.02727917755762148,
    0.09017973436180178,
    0.0666612513353707,
    0.012838921724058053,
    -0.0003477753751190834,
    0.02463101157849889,
    0.04550202547678001,
    0.007169221883776373,
    0.05039939255735361,
    0.007476292966168306,
    0.0376827692021445,
    0.05822227916547716,
    0.06057770428585833,
    -0.043200934893666894,
    -0.012206619148001299,
    0.01802117804993618,
    -0.0025881322509453985,
    -0.022428078341423265
  ],
  "sum weights": 0.9999999434188984
}