{
  "mu_target": [
    -0.5,
    0.6000000238418579
  ],
  "mu_model": [
    [
      -0.49971268258379387,
      0.6015630829197708
    ]
  ],
  "diff": [
    [
      0.00028731741620613427,
      0.0015630590779128761
    ]
  ],
  "sigma_integral": [
    0.0006456410941349393,
    0.0009723892985451387
  ],
  "within_band": [
    [
      true,
      false
    ]
  ],
  "toy_seed": 108,
  "weights": [
    -0.0077157007537543435,
    0.028418106497710895,
    0.05681331576680816,
    0.07276343619957268,
    0.005344191524947277,
    0.024864067570131522,
    0.05884313944492571,
    0.01523864752910594,
    0.037221923878805026,
    -0.029183602981810847,
    0.049435199472973854,
    -0.012067055953014258,
    0.0012248667246748286,
    -0.008736802158170314,
    0.006056607829033079,
    0.022964597116406044,
    -0.050256511751590086,
    -0.009218070173301281,
    0.009910401053847485,
    -0.0561537784041673,
    -0.0034909382338193817,
    0.03676857380340907,
    -0.015746572753485927,
    -0.019847511453497616,
    0.010363943672367044,
    0.05321942928687337,
    0.05157455608382241,
    0.028984368696490397,
    0.0001928205300557632,
    0.07027330884100082,
    0.005826513729497117,
    -0.10143806939169706,
    0.09703324330208908,
    0.0686408315688744,
    0.050669983150181744,
    0.07078906813552763,
    0.0027527496517588865,
    -0.005252240022678609,
    0.019562619480098013,
    -0.03144614688147928,
    -0.01968277402444835,
    -0.021475101438916344,
    0.016043667125464223,
    0.09188239187110307,
    0.08643342295997927,
    0.03640339547473905,
    0.0568278430837766,
    0.021428903647742803,
    0.008096667019359263,
    0.024306834832861595,
    -0.0055052222075105935,
    0.005685781998600624,
    0.057818406253972936,
    0.0405448903938329,
    0.10049550691591297,
    -0.07423702203357292,
    0.04926111250875797,
    -0.029613094027049175,
    -0.0022577392080686378,
    -0.04765543693939952
  ],
  "sum weights": 0.9999999438356597
}