{
  "mu_target": [
    -0.5,
    0.6000000238418579
  ],
  "mu_model": [
    [
      -0.49973970453574384,
      0.6006830932840098
    ]
  ],
  "diff": [
    [
      0.000260295464256155,
      0.0006830694421519068
    ]
  ],
  "sigma_integral": [
    0.0006436936215605189,
    0.0009603997070542589
  ],
  "within_band": [
    [
      true,
      true
    ]
  ],
  "toy_seed": 126,
  "weights": [
    -0.003769851227241564,
    0.048913934698308875,
    0.08426129826794154,
    0.08034693744118433,
    0.019544070304896986,
    0.05016492069860772,
    0.009799910378893151,
    0.019232830626787736,
    0.05031234012496684,
    0.036573053054075835,
    0.04339295180571186,
    -0.0013353760816020657,
    0.014686601080473873,
    -0.02745186008301579,
    -0.03196241085061946,
    -0.020827024982889422,
    0.017527561954580693,
    -0.00020820663565883563,
    0.003436500563047666,
    -0.05298736411530242,
    -0.0017463348777403533,
    0.03045160103174994,
    0.006602560896487413,
    -0.0017138526129510689,
    -0.024515796835654295,
    0.06931051548646225,
    0.015279641858785293,
    0.015454990657238255,
    0.005197330608169992,
    0.057120568092187365,
    -0.06581050163805426,
    -0.0689886447965215,
    0.09600196119318025,
    0.05438725446569096,
    0.02363290476266983,
    0.0024675016648858525,
    0.04629687279837284,
    0.02556376549025978,
    -0.02565713807516489,
    -0.04418346003861112,
    -0.05981698567833618,
    -0.024856438679859025,
    0.05710276493099161,
    0.08468863110140121,
    0.03232573631577249,
    0.05678951908610747,
    0.034472862133526565,
    0.04393676297030395,
    0.015485378641471583,
    0.04497974627160724,
    0.03683931878499013,
    0.030324065999719017,
    0.03649318289555521,
    -0.001764844191112069,
    0.03134328077553675,
    -0.05722558480736666,
    0.06193377079356457,
    -0.010348183025584514,
    0.014174680985585848,
    0.018319721947888872
  ],
  "sum weights": 0.9999999444063543
}