{
  "mu_target": [
    -0.5,
    0.6000000238418579
  ],
  "mu_model": [
    [
      -0.5011423180287117,
      0.6000365011490928
    ]
  ],
  "diff": [
    [
      0.0011423180287116752,
      3.6477307234883405e-05
    ]
  ],
  "sigma_integral": [
    0.0006397347058251924,
    0.000952448633417188
  ],
  "within_band": [
    [
      false,
      true
    ]
  ],
  "toy_seed": 179,
  "weights": [
    0.044281888116916704,
    0.03347826097229234,
    0.08836801755349834,
    0.09585644417749004,
    0.005986222087746474,
    0.05456099938705507,
    0.015515339513785139,
    0.028770651931328585,
    0.061368613167958455,
    -0.006623559398207931,
    0.06197536168470275,
    -0.0019155740455036449,
    0.042997812769824964,
    0.025525292311359138,
    0.0342495945418768,
    0.0026307086682822605,
    -0.06403739321064233,
    -0.030351575896146787,
    0.020871760874361423,
    -0.0026138999143098616,
    -0.019156001299771422,
    0.09298659148398099,
    -0.0028458464863398317,
    -0.00411478711174648,
    0.03586635719608108,
    0.029077287173987238,
    -0.005990711777669399,
    0.031480656524680656,
    -0.004073236664449904,
    0.02207951959708632,
    0.02142070485988262,
    -0.07230512045900976,
    0.03841472184416025,
    0.059987118306762344,
    0.015347787828968383,
    -0.003318717377234126,
    0.049631116362562185,
    0.008711049455970378,
    0.005933022754253045,
    -0.017291401214966712,
    -0.03194275923626775,
    -0.037158282750569045,
    0.016044640555051073,
    0.10670232803601729,
    0.0214122448030807,
    0.08491253469593438,
    0.041429099498945375,
    0.002056431186172083,
    0.043438839083325374,
    -0.00028369149600548433,
    0.002614508151785312,
    0.02255888561272441,
    0.05545623706438088,
    0.021803184212106055,
    -0.007253730284687067,
    -0.11448803462744284,
    0.030906635760027373,
    -0.05960624190359256,
    0.012958229189694448,
    -0.00429619140657593
  ],
  "sum weights": 0.9999999424349598
}