{
  "mu_target": [
    -0.5,
    0.6000000238418579
  ],
  "mu_model": [
    [
      -0.5002949877600349,
      0.6000092375461736
    ]
  ],
  "diff": [
    [
      0.0002949877600348927,
      9.213704315724769e-06
    ]
  ],
  "sigma_integral": [
    0.0006404009298675909,
    0.000964358149649893
  ],
  "within_band": [
    [
      true,
      true
    ]
  ],
  "toy_seed": 159,
  "weights": [
    0.036145693838888486,
    0.052427140784836436,
    0.08817841284537487,
    0.07659933813732898,
    -0.02874686275317622,
    0.07759082605125298,
    0.021991399174972424,
    0.03502550727956546,
    0.031063126272503787,
    0.011037863439727418,
    0.04631067633786193,
    0.025174480405895715,
    -0.004408682839612899,
    0.002223039748318446,
    -0.03199560603702256,
    0.009828960544025368,
    -0.02453996356349993,
    -0.0033500427119349655,
    0.06449149432984674,
    -0.006992681829223034,
    -0.032391749317255414,
    0.022901759030948203,
    -0.010754483527254544,
    -0.03561914676076435,
    -0.01812169678694404,
    0.07034407521832602,
    0.028050414750127105,
    0.03940649011711286,
    -0.004598392670322509,
    0.03758867133288619,
    0.05568268602460043,
    -0.03922294411322784,
    0.023392060364360746,
    0.056017220346745236,
    -0.012590721865754339,
    0.004990754462035819,
    0.033754866308828596,
    -0.030543873042882447,
    0.018294220329119523,
    -0.0037218445312090145,
    -0.000895946341200532,
    0.008347531696432264,
    0.05949590076325549,
    0.1055048170089156,
    0.017467336967122337,
    -0.0005166024507999812,
    0.03998961803736871,
    0.013686979961489687,
    0.027756002382372344,
    0.011977033344558928,
    0.022314276004953303,
    0.030978864784506892,
    0.01885479999528033,
    -0.016179327184902895,
    0.007190710172972509,
    -0.053080024037585515,
    0.01296944614099338,
    -0.06911138358506509,
    0.04674216367779525,
    0.03559526015313887
  ],
  "sum weights": 0.9999999426170075
}