{
  "mu_target": [
    -0.5,
    0.6000000238418579
  ],
  "mu_model": [
    [
      -0.4998948127615475,
      0.5999399318763171
    ]
  ],
  "diff": [
    [
      0.00010518723845248656,
      6.009196554079832e-05
    ]
  ],
  "sigma_integral": [
    0.0006405247719879443,
    0.0009664361033707557
  ],
  "within_band": [
    [
      true,
      true
    ]
  ],
  "toy_seed": 231,
  "weights": [
    0.03700270206289435,
    0.05843925241314002,
    0.04314989689197032,
    0.10100387735539519,
    -0.008277129667631462,
    0.05085891046386573,
    0.03836989266856389,
    0.07428340672434305,
    0.020628013211236248,
    -0.018218759422522508,
    0.04421937159192279,
    0.022501333512700356,
    -0.003519088597907882,
    -0.0618704869888648,
    -0.029007309105257936,
    -0.052474643629222134,
    0.011264490672126799,
    0.015405491397290768,
    0.04979296479051038,
    0.006504204872454015,
    -0.003599338637956461,
    0.08036736698068558,
    -0.035379357213818054,
    -0.004215385099657401,
    -0.05138129019460392,
    0.049504808592357195,
    0.03213069248669374,
    -8.850172404884085e-05,
    -0.05162346384292416,
    0.05385180175693859,
    0.009177565228169395,
    -0.023847789589120625,
    0.014457704406562159,
    0.03131745683140002,
    -0.01285063011615875,
    0.06329395606942069,
    0.02686388936670949,
    -0.019657539990136096,
    -0.032070917757219396,
    0.06257325115252768,
    -0.010037517646709519,
    0.009665626141885028,
    0.03570596243292567,
    0.033284037961686046,
    0.05104646414394617,
    0.0009659499520021186,
    0.04981123986034383,
    0.012122041479631753,
    0.02671908548783409,
    0.012639384040747183,
    0.027227197104281148,
    0.035823992059035206,
    0.0020786925304641427,
    -0.02184015467273608,
    0.09435286819194169,
    0.0012557729391831848,
    0.0176767243347213,
    0.030401131258434525,
    -0.02440365460978642,
    0.02662442966339883
  ],
  "sum weights": 0.9999999425760578
}