{
  "mu_target": [
    -0.5,
    0.6000000238418579
  ],
  "mu_model": [
    [
      -0.49916864150872875,
      0.5996986375402711
    ]
  ],
  "diff": [
    [
      0.0008313584912712502,
      0.00030138630158682567
    ]
  ],
  "sigma_integral": [
    0.000644203931603533,
    0.0009673687853800468
  ],
  "within_band": [
    [
      false,
      true
    ]
  ],
  "toy_seed": 39,
  "weights": [
    -0.07480142429415415,
    -0.006420441844190754,
    0.06884919941817542,
    0.093382273137805,
    0.033274146635215926,
    0.019841315643930064,
    0.0224651166931328,
    0.015280746124568692,
    0.06613133858008906,
    0.0017639623707523856,
    0.05650742515819402,
    0.010930722592329143,
    0.03669827943595978,
    -0.04597055869506115,
    -0.029788431394453446,
    0.012147405005808257,
    -0.017202293854231384,
    0.0005588641645054586,
    -0.013666454572554854,
    -0.030396332231660876,
    0.007288604642903309,
    0.007743183590051048,
    -0.018296826628590217,
    0.006083670823708587,
    -0.010367647930007199,
    0.03708755882241297,
    0.06306485869457763,
    0.033227001218388064,
    -0.021406581154327673,
    0.008359357543126588,
    -0.0007018453417022422,
    -0.04933658566731748,
    0.056407042607586076,
    0.01555070644264675,
    0.03379449205475995,
    0.015104818272607002,
    0.06076367522444195,
    0.021129462566296834,
    0.014712654376629197,
    0.011334268131856277,
    -0.013553997776148822,
    -0.009226428330834816,
    0.05298953752432406,
    0.13259545591935343,
    0.07395264574123926,
    0.01654842970907978,
    0.002580031464684041,
    0.039878516361928955,
    0.014499372446723,
    0.0295042958645225,
    0.03483948184723607,
    -0.012536413249996613,
    0.016131979220137954,
    0.06339477343983209,
    -0.004207444449477176,
    -0.02479862888603068,
    0.021626319179827543,
    0.03679990974491497,
    0.005873486552779728,
    0.011981889175288479
  ],
  "sum weights": 0.9999999378635906
}