{
  "mu_target": [
    -0.5,
    0.6000000238418579
  ],
  "mu_model": [
    [
      -0.5006680239076671,
      0.5992847284744676
    ]
  ],
  "diff": [
    [
      0.0006680239076670702,
      0.000715295367390345
    ]
  ],
  "sigma_integral": [
    0.0006410125258146803,
    0.0009568184660157427
  ],
  "within_band": [
    [
      false,
      true
    ]
  ],
  "toy_seed": 64,
  "weights": [
    -0.0067478944907589985,
    -0.02967781701748435,
    0.08973661789447662,
    0.025200920010671275,
    0.02765171688342204,
    0.022636047303457602,
    -0.0020523994018961304,
    0.037330014751309135,
    -0.008819071494840559,
    0.021340158063963312,
    0.09079490591354268,
    0.020655243406118354,
    0.039208148118279953,
    -0.054062811250093906,
    0.023489932040109858,
    0.015387582262912943,
    -0.05977411988133908,
    0.0012768568299418447,
    0.0710679937169047,
    -0.012622111087504913,
    -0.017666823160535083,
    -0.05560031257780893,
    0.0001923387856534984,
    -0.027336130147254174,
    0.02586696026118002,
    0.00723471228287337,
    0.003996118980902038,
    0.038176933796847085,
    -0.05790738474624434,
    0.06357927074673576,
    0.0019652777247913043,
    -0.06996796943092208,
    0.08291189769227546,
    0.023418007630620467,
    0.03964077436304548,
    0.022956255908383055,
    0.034951095567619224,
    0.023338745965863595,
    -0.0061107333533542895,
    0.005986254985410942,
    0.013318963432095297,
    -0.014913371466188036,
    0.08548241645631634,
    0.08790695920450413,
    0.05253418192571671,
    -0.004911345170233633,
    0.029855117463665357,
    0.05126878279396889,
    0.013535748817835319,
    0.011111106663114167,
    0.02293247552268328,
    0.03317154983598093,
    0.03206617996244387,
    0.026853135819533806,
    0.06224901941882727,
    0.010297467650347659,
    0.01557737079079377,
    -0.019173949894823246,
    0.008174506122167522,
    0.031018422989833237
  ],
  "sum weights": 0.9999999421858574
}