{
  "num": -5164.09326171875,
  "den": -5192.935546875,
  "test": 28.84228515625
}