{
  "num": 39118.99609375,
  "den": 28456.052734375,
  "test": 10662.943359375
}