{
  "num": 39480.71484375,
  "den": 28823.9375,
  "test": 10656.77734375
}