{
  "num": 40953.4140625,
  "den": 30285.03125,
  "test": 10668.3828125
}