{
  "num": 39282.73828125,
  "den": 28611.416015625,
  "test": 10671.322265625
}