{
  "mu_target": [
    -0.5,
    0.6000000238418579
  ],
  "mu_model": [
    [
      -0.49929220954398645,
      0.6011181454667109
    ]
  ],
  "diff": [
    [
      0.0007077904560135462,
      0.0011181216248530301
    ]
  ],
  "sigma_integral": [
    0.001016147994972121,
    0.0016725717315432453
  ],
  "within_band": [
    [
      true,
      true
    ]
  ],
  "toy_seed": 206,
  "weights": [
    -0.03819108688916242,
    -0.028553889445811546,
    0.07162131847633431,
    0.059158458718352604,
    0.012361653138312606,
    0.08986986787351253,
    0.04795059228624425,
    -0.00430236931508141,
    -0.016246578465724564,
    -0.004002524405609583,
    -0.007963949451668674,
    -0.08012887684013804,
    0.04938927214873385,
    -0.06446963082990424,
    0.011827951022462004,
    0.06420415393689037,
    0.012158826516267365,
    0.026030636540076386,
    -0.08506190668170557,
    0.005794970626949969,
    0.03659652127267267,
    0.029486055174449546,
    -0.06839189186435027,
    0.05978016763874463,
    0.01168485013981155,
    -0.05626882044353892,
    0.05269975548215982,
    0.012504901685053017,
    3.015149083957504e-07,
    0.08325371502421082,
    -0.019639457296452757,
    -0.10742400840711935,
    0.03226461211318281,
    -0.008774744417831373,
    0.07464075890862704,
    0.047537104957466554,
    0.016294650362416018,
    0.0626344818764773,
    0.005379789141915672,
    -0.003324996763408244,
    -0.048601073638519995,
    0.06733490120050441,
    0.00120511248271181,
    0.16050109273297694,
    0.05205427302479589,
    -0.05115632342269533,
    -0.014304686356425273,
    0.08685026904680535,
    -0.009775704752336056,
    -0.004175278290351787,
    0.023701178595606318,
    -0.025379429503741627,
    0.066100391264633,
    0.039304903106231935,
    -0.000524620589836952,
    -0.0432249951881856,
    -0.004440628420472181,
    0.07269992021687546,
    0.0035263094942181864,
    0.05527924295626449,
    -0.015563756420567678,
    -0.02822525637572607,
    0.06783478735770664,
    -0.04335568143427895,
    0.08580132447227443,
    -0.020868917719638218,
    -0.002801730482237207,
    0.02868429704320348,
    -0.0046028864280296,
    0.017054413329447664,
    -0.04416250447771144,
    0.07183579787611133,
    -0.04358874177563387,
    -0.0005392446710287609,
    0.036254241623749475,
    -0.03563878813464521,
    0.06248985109437037,
    0.02316547554733426,
    0.026788805489356984,
    -0.03904834692467155,
    0.04113661123666554,
    -0.05723138375361405,
    -0.008655904045429026,
    -0.024379493828273924,
    0.003733371664810562,
    -0.08507081627863568,
    0.12857346378085738,
    0.1651774239140346,
    -0.021060032853522818,
    0.05447219450471712,
    -0.0650309682573572,
    -0.04233016230786123,
    0.009194530942954074,
    0.06614625869420299,
    -0.011267546884138691,
    -0.07836415680789643,
    0.021212642231346435,
    -0.09911403550765867,
    0.042788282371488184,
    0.009201032566855187
  ],
  "sum weights": 0.9999999393907145
}