{
  "mu_target": [
    -0.5,
    0.6000000238418579
  ],
  "mu_model": [
    [
      -0.500687171912343,
      0.6014456084322216
    ]
  ],
  "diff": [
    [
      0.0006871719123430209,
      0.0014455845903637021
    ]
  ],
  "sigma_integral": [
    0.0010161900902959107,
    0.0016904965873481173
  ],
  "within_band": [
    [
      true,
      true
    ]
  ],
  "toy_seed": 177,
  "weights": [
    -0.04797519824166465,
    0.011955131783798149,
    0.11422636576207135,
    0.10456657584593247,
    -0.015068350108967581,
    0.04570980754202917,
    0.06273344688084147,
    0.02877779668170811,
    0.016960969440290338,
    0.04004095044004809,
    -0.018679329546894028,
    0.044535642046796865,
    0.0019214519577534827,
    -0.059681054830735936,
    -0.01855473934033234,
    0.02693247929385107,
    -0.008411003316590747,
    -0.011146476913334194,
    -0.026242961956745865,
    0.009389328235879459,
    0.030204456035873923,
    -0.06051125347834367,
    -0.08447602735067526,
    -0.05435144210269331,
    -0.04037815679173309,
    0.07225467790584778,
    0.006237631936751197,
    0.03614825136556176,
    -0.029091661002547526,
    0.06957267107204201,
    -0.04537023806658935,
    -0.06202697526326544,
    0.11738963557487772,
    0.0031642454964634814,
    0.031165605047287773,
    0.03562015955694032,
    0.035300711466757034,
    -0.028373271492697777,
    -0.018327407319137155,
    -0.0853604046572001,
    -0.01776874879858442,
    -0.010864123682554743,
    0.0879997247745987,
    0.13584710604619615,
    0.00974946409529785,
    -0.008522120697106778,
    0.1074218844213246,
    0.006260618528182667,
    0.00829679425382621,
    0.012378888304245847,
    -0.01064359303939232,
    -0.00015777114682575874,
    0.05323897652523303,
    0.06000810044522097,
    0.04226692135419297,
    -0.05804891902032983,
    0.06338589316041317,
    -0.00774756962731679,
    -0.048495383263314255,
    0.006853618021705805,
    -0.043796051072872634,
    0.01993837244443576,
    0.045305534459948296,
    -0.05150134270447405,
    -0.026657213036013205,
    -0.0003985320073147342,
    -0.023686138584193335,
    0.014317598401337615,
    -0.05496148224188882,
    0.060973151447765245,
    -0.02316466395467022,
    0.06215629014098226,
    0.02546627520071759,
    -0.048271287765208955,
    0.041714494942876885,
    -0.007897089378774862,
    -0.011296848401981863,
    0.032134303786080655,
    0.018956956497282598,
    0.012840658252919924,
    0.04554142523489921,
    -0.06508388107022395,
    0.009854761550178781,
    0.05864113497691646,
    0.009026290952017119,
    0.008049181249104951,
    0.051427017387792755,
    0.15276706183301605,
    -0.06274153086638311,
    0.00030403917193620234,
    -0.05530007620889044,
    -0.022884944667055117,
    0.005821837863555605,
    0.0630301662863365,
    0.004830637890802532,
    0.002731345253955803,
    0.013732590624406626,
    0.07102202935095665,
    0.027112910728841862,
    -0.022296837301936254
  ],
  "sum weights": 0.9999999469114506
}