{
  "mu_target": [
    -0.5,
    0.6000000238418579
  ],
  "mu_model": [
    [
      -0.5011048513803597,
      0.5995459281175389
    ]
  ],
  "diff": [
    [
      0.0011048513803596505,
      0.0004540957243189814
    ]
  ],
  "sigma_integral": [
    0.001022010299784226,
    0.0016692068522348095
  ],
  "within_band": [
    [
      false,
      true
    ]
  ],
  "toy_seed": 219,
  "weights": [
    0.0017906419972897633,
    0.06034991355289167,
    0.11104364373655753,
    0.023402546502819113,
    -0.037340695963394746,
    0.06964106414754892,
    0.002950559098012682,
    0.07177026901878814,
    -0.013361548378022685,
    0.022700300412115425,
    -0.06390813628265544,
    0.027040535013568064,
    0.023317092470938463,
    -0.04593117940795342,
    0.038910298102408085,
    0.007729873075377884,
    -0.1303310706622768,
    -0.018126034007227464,
    0.03853436630886487,
    -0.030991010026339083,
    0.03017782673876146,
    -0.07116704500706872,
    0.008327767408119201,
    -0.03661355796730169,
    0.022827295075988265,
    0.0033402242121061735,
    -0.04594904036505905,
    -0.035696292088198134,
    -0.054477467189005965,
    0.06332257532950422,
    0.11479062417106152,
    0.0827493020542782,
    0.03294168607520803,
    0.00922759772931437,
    0.051907874214406784,
    -0.011990689386039458,
    0.034786684161705925,
    0.016231117905553774,
    0.06251510977172685,
    -0.06989603129027867,
    0.08175517248871822,
    0.009080303096954167,
    -0.006400859536323934,
    0.009323103465632318,
    -0.06727300182725902,
    0.023006979609536973,
    0.09542657493587228,
    -0.01136196309039375,
    -0.001188888165629198,
    0.034791590174126065,
    0.05375952500008015,
    0.04553627005402564,
    -0.005102414289383079,
    0.07134911986392627,
    0.05558141086681671,
    -0.11130837650637845,
    0.0029879917982529912,
    0.05879789902565476,
    -0.09264748554765696,
    -0.02881664977934612,
    -0.02529435576942097,
    0.007278612009645783,
    -0.024796420462995024,
    -0.023730900862803463,
    -0.02234017719522641,
    -0.05955594874496243,
    -0.027408757044200566,
    -0.005109982694258408,
    -0.03900878992638596,
    0.05905738966576164,
    -0.01908714980557925,
    0.013090322850318813,
    -0.004292101268819217,
    -0.013566205621078466,
    -0.01911925143904599,
    0.017281248669439534,
    0.05906085384280006,
    0.06854333815601164,
    0.07886563776306608,
    0.008020256169252402,
    0.04723577143933261,
    0.02789956498867939,
    -0.11006924210787047,
    0.08054070727282078,
    0.056905370572410345,
    0.05828142371102375,
    0.05929874863593067,
    0.05626539379208542,
    0.04562822428129255,
    0.1025181559010839,
    -0.03380007888764505,
    -0.007156902667483796,
    0.006450529880615792,
    -0.03282515210483547,
    0.05055779503879796,
    0.06097502548634343,
    0.008330505513089146,
    -0.05745663015638962,
    -0.06573002462854556,
    0.03441984906627498
  ],
  "sum weights": 0.9999999452198505
}