{
  "mu_target": [
    -0.5,
    0.6000000238418579
  ],
  "mu_model": [
    [
      -0.5010000161353021,
      0.5999534069906056
    ]
  ],
  "diff": [
    [
      0.0010000161353020953,
      4.6616851252290203e-05
    ]
  ],
  "sigma_integral": [
    0.0010246375865069126,
    0.0016759674779947117
  ],
  "within_band": [
    [
      true,
      true
    ]
  ],
  "toy_seed": 65,
  "weights": [
    -0.04657647130049392,
    0.040613705128216916,
    0.08409909418618403,
    0.12904784878408235,
    0.0065254380589026,
    0.03385360281510527,
    -0.02834114863860641,
    -0.020521823139725177,
    0.034882538498933406,
    0.07480597379650337,
    -0.0928822607750734,
    0.05287415490843031,
    0.03148096191281157,
    -0.03831845693835132,
    -0.0018320771595097636,
    0.028997859346751434,
    -0.01117976509553592,
    -0.021020640714548473,
    -0.012358167049549949,
    0.04013220410280742,
    0.003780882183611352,
    -0.06833111636920892,
    -0.06148376984379195,
    -0.0005537205613650822,
    -0.07873997712331418,
    0.038138937746574134,
    0.07816101013959927,
    0.01813271962739698,
    -0.03317808610522589,
    0.03414524788907058,
    -0.02543991097714004,
    0.08284181712211927,
    0.06879573399270912,
    0.03453549431744912,
    0.035878252364401404,
    -0.02098897572656334,
    0.0588927866124484,
    0.039793482376153426,
    -0.053274933070819534,
    -0.08295648602611633,
    0.003496391791246738,
    -0.025610231035736484,
    0.15045009736067444,
    0.04023261876232545,
    0.012236370732040624,
    0.002939514276590731,
    0.03051223308989888,
    0.01806651087549922,
    0.018512758935842193,
    -0.008548258092518149,
    0.12687235483105877,
    -0.013833532268324551,
    0.010078214097035597,
    0.025966761866494485,
    0.030491608617788043,
    -0.08967686749721555,
    0.059855631360393846,
    -0.0016114482062201017,
    0.06601885494290564,
    0.06606832229926966,
    0.0431614702638892,
    -0.014542305796812895,
    0.00964629543708111,
    -0.035454925798363957,
    0.013001937163051067,
    -0.020757458451985244,
    0.0182743234799636,
    0.0477226344139974,
    -0.014380442576711526,
    -0.023362760979955537,
    0.016193161891444888,
    0.07534015810225311,
    0.01103339069727576,
    -0.03624566015892752,
    -0.004538554617835455,
    0.04952342860968737,
    -0.03307089711665988,
    0.0030049554146848,
    0.06288536369145963,
    -0.03534118778428431,
    0.07082313549583487,
    0.019099509510385016,
    -0.01607962325163813,
    0.059596175448339735,
    -0.02886720647239231,
    0.05850477075505813,
    0.0904763047184582,
    0.11393987995852994,
    -0.019357700144905836,
    0.008892500646066814,
    -0.10789280792636663,
    -0.09454549818826517,
    -0.03872120853381559,
    -0.011000062427615252,
    -0.024275861686058296,
    -0.09101033240417489,
    -0.05505272737643318,
    -0.06403458510763366,
    0.08201301509157856,
    0.0404494700937261
  ],
  "sum weights": 0.9999999401163017
}