{
  "mu_target": [
    -0.5,
    0.6000000238418579
  ],
  "mu_model": [
    [
      -0.4988413215365895,
      0.5995777065869592
    ]
  ],
  "diff": [
    [
      0.0011586784634105007,
      0.00042231725489871863
    ]
  ],
  "sigma_integral": [
    0.0010305140480612177,
    0.0016816787283466935
  ],
  "within_band": [
    [
      false,
      true
    ]
  ],
  "toy_seed": 139,
  "weights": [
    -0.005767773901941823,
    0.04319009781669453,
    0.06856411051798393,
    0.0517565713721983,
    -0.01001194706418397,
    0.03285618501082586,
    -0.04361397832411082,
    0.023300722439574647,
    0.050744991439344314,
    0.0976324569136223,
    -0.07182633365112101,
    0.040468815632348415,
    0.0521099108396027,
    -0.013056883518963532,
    0.0759065614542298,
    0.11241787267869859,
    0.0032971944833677038,
    0.01169739834976803,
    0.11769582950369159,
    -0.01478067975086185,
    -0.010403755937871108,
    0.12270300109541828,
    -0.037815815986187336,
    0.02935225077852973,
    -0.02098768338185274,
    -0.033606672823949246,
    0.040211707090099934,
    -0.03469754047706249,
    -0.1138118403876853,
    0.08738460123356175,
    -0.013464701587050364,
    -0.08244894573031664,
    0.08773862941683937,
    0.01172112002213614,
    -0.014254107335536339,
    0.04093254751269854,
    0.0375439466048319,
    -0.0012981359380880156,
    -0.040733617863214805,
    -0.13281175367970033,
    -0.027657017697559187,
    -0.022121839148998255,
    0.07275143720339693,
    0.031099808824330444,
    -0.013860121211442887,
    -0.06702346580923635,
    -0.044691955210361595,
    0.05157478193250334,
    0.018455137115064094,
    0.02041608031354129,
    -0.008488460992288194,
    0.019277854119741956,
    -0.01004292462876731,
    0.0038191710746757687,
    -0.0012097245954658215,
    -0.06784231332307035,
    -0.03230787876718217,
    -0.05918061554492197,
    0.1238056916667733,
    0.13730319925280823,
    -0.01578189244818309,
    0.007076161826105865,
    0.00851459289631101,
    -0.022738720139065357,
    -0.052999518140043896,
    0.024351309531524378,
    0.08253062491767607,
    0.02591986466697866,
    0.04970653757000655,
    0.017375443396452053,
    -0.05377160665289474,
    0.07463147568763225,
    -0.036973244453897325,
    -0.03931168568089814,
    -0.010202863914212391,
    -0.016865677534055414,
    -0.05885796582966924,
    0.02636899638420469,
    0.16517847921824536,
    -0.08667721060019036,
    -0.06036261388380829,
    -0.02847628433807402,
    -0.003407423376522924,
    0.09372804067958264,
    0.0018141303813587475,
    0.08458683810902806,
    -0.05888936181247712,
    0.0252843811353309,
    -0.026571642895256847,
    0.09500037359956595,
    -0.013984502071257322,
    0.009472907396136708,
    0.008503085527072365,
    0.028966499588661255,
    -0.033063459262480194,
    -0.005658377777276422,
    0.006698100182067385,
    0.016593638639382274,
    0.05135395845497516,
    0.053027357621433145
  ],
  "sum weights": 0.9999999460393783
}