{
  "mu_target": [
    -0.5,
    0.6000000238418579
  ],
  "mu_model": [
    [
      -0.49918836332623406,
      0.6018688444383997
    ]
  ],
  "diff": [
    [
      0.0008116366737659364,
      0.0018688205965418092
    ]
  ],
  "sigma_integral": [
    0.001015965389119024,
    0.0016822483036755538
  ],
  "within_band": [
    [
      true,
      false
    ]
  ],
  "toy_seed": 266,
  "weights": [
    -0.017093181076499455,
    -0.02015296140445745,
    0.08278726514852468,
    0.030995231553619423,
    0.02804729410012804,
    0.13389194533936177,
    0.035487734234631085,
    0.031044479555065167,
    0.08777913579128349,
    -0.0004243534586227942,
    -0.0032146922345729035,
    -0.02599120758523179,
    0.008678585150690591,
    -0.10393354064764858,
    0.004044020361771614,
    0.0739522010193023,
    -0.0993505323057956,
    -0.004931251696700201,
    0.04727831721694192,
    -0.058834272242192315,
    -0.0024264446057291424,
    0.017827818160099502,
    -0.031687982475771204,
    -0.01166387413409414,
    0.014871684044525548,
    0.08718451055613817,
    0.006599367214736114,
    -0.04377889323014151,
    -0.05008963070340973,
    0.05103710099647004,
    -0.05135998727153108,
    -0.0425679254589987,
    0.03969983753405718,
    -0.023039786920127852,
    0.01058171036535844,
    0.004068784235809552,
    0.022870777593354288,
    -0.011677012017824288,
    -0.03834510005304251,
    -0.10569464088911674,
    0.034597932119920356,
    -0.0025644308246871466,
    -0.010418671856819502,
    0.044992975614986115,
    0.04926626667262968,
    0.07417255320291659,
    -0.03661563109337271,
    0.048783570236562074,
    -0.0021785824872212144,
    0.05143542406673426,
    0.0625385863698164,
    -0.02458868434646039,
    0.04821159220710539,
    0.055146292770823495,
    0.052997671531342515,
    -0.12159902332210501,
    0.06190686522712872,
    0.0037850387057248003,
    -0.00714781264116295,
    -0.07396410792361359,
    -0.0384683278276862,
    -0.0008189400377961148,
    -0.029312992308023072,
    -0.054710149737291554,
    -0.038300980957435234,
    -0.0030934726915277117,
    0.06607613087160566,
    0.016039761791172932,
    -0.03602568379227275,
    0.09958278235944072,
    0.03514130918588554,
    0.019226079379740225,
    0.011689750360241984,
    -0.03466679438358593,
    -0.00737642782425077,
    0.023377316827436066,
    0.005233903795878636,
    -0.004024288761933959,
    0.11554803095315594,
    -0.052356563385151274,
    0.10670901560430582,
    -0.04390825274130021,
    0.02183331444771286,
    0.04430777829764451,
    -0.04982129786952484,
    0.0866373446395284,
    0.07444199521933723,
    0.09290049886224538,
    0.022522017970810985,
    0.07874491351273293,
    -0.013450980006345214,
    0.01181873947355247,
    -0.06315411688190968,
    0.05811155823635676,
    0.013778904957411754,
    0.06100824582991022,
    0.014640130743269182,
    -0.15242198617822283,
    0.09534574983462683,
    0.0659675714897909
  ],
  "sum weights": 0.9999999432501453
}