{
  "mu_target": [
    -0.5,
    0.6000000238418579
  ],
  "mu_model": [
    [
      -0.5012609271357191,
      0.5994060046145375
    ]
  ],
  "diff": [
    [
      0.0012609271357191254,
      0.0005940192273203859
    ]
  ],
  "sigma_integral": [
    0.0010193003087110612,
    0.001657574711837144
  ],
  "within_band": [
    [
      false,
      true
    ]
  ],
  "toy_seed": 131,
  "weights": [
    0.018662709504842636,
    0.015479104875846174,
    0.09488814553577171,
    0.07407669506271342,
    0.007920424759900279,
    -0.004811303360186373,
    0.053529771766353026,
    -0.007354541418131849,
    0.027592007811304817,
    -0.013122536607996617,
    0.12183649881239336,
    0.028994586404585663,
    0.10510209188525908,
    -0.03390311598003389,
    -0.0615761195960148,
    0.01002882343143685,
    -0.05706650894562057,
    -0.05707506135888247,
    0.013888433700368793,
    -7.995997637270773e-05,
    -0.024350050466785532,
    0.044431009008221695,
    -0.12029090191522238,
    -0.08382878157217405,
    -0.03475505460966695,
    0.08424625570393715,
    0.016081580891726392,
    0.054684400450136235,
    -0.0013351156062080028,
    0.04749985085756232,
    0.014560570680080076,
    -0.03176010033383532,
    -0.035088150945687416,
    0.02546925538960323,
    -0.03324175835705839,
    0.018589565542398583,
    0.056234985148805434,
    -0.08474392205494095,
    -0.024970922782375386,
    -0.06289708231164566,
    -0.010345340832415024,
    0.03535508002197494,
    -0.022043240654039738,
    0.06170983033694709,
    0.0027600747268164286,
    0.019326598500184065,
    0.0024701056549268074,
    0.06209154883402163,
    -0.09364216285613601,
    0.031562700517319714,
    0.058846462548701274,
    0.06520426872727077,
    0.030517944280333123,
    0.02073114823884914,
    0.01485013430121075,
    -0.006671401340102964,
    0.054054929738642246,
    0.020673248330241374,
    0.004439586133105053,
    0.03317738650537627,
    0.006649294330440447,
    0.03500491490943887,
    0.00011967411248940766,
    0.029898516933529646,
    -0.0058777367805855785,
    -0.010432375324586057,
    -0.02771958449649857,
    0.04326578045547755,
    -0.05879092024289271,
    0.0008510885619810604,
    0.04853792045049815,
    0.08158022708377258,
    -0.003918186413574654,
    -0.041480291536596596,
    -0.027343740889238265,
    0.013416040269966243,
    -0.01851326641946483,
    -0.01912461832793435,
    0.05207591013891792,
    0.054398509987440426,
    0.014094773502910976,
    0.01351332732254205,
    0.03998536043232875,
    0.018282638299509057,
    -0.036260702691409935,
    0.08828549825953888,
    0.010430344959390684,
    0.07228508948830747,
    0.021159094434330703,
    0.07012486994837924,
    -0.07102056048664847,
    0.0064878008651507516,
    0.04900212173804596,
    -0.010435751039902562,
    -0.02010254815955804,
    -0.02225077273832948,
    -0.020295103382963673,
    -0.005104311724372489,
    0.08492077874972687,
    -0.002313841845485445
  ],
  "sum weights": 0.9999999434717066
}