{
  "mu_target": [
    -0.5,
    0.6000000238418579
  ],
  "mu_model": [
    [
      -0.49961651395593815,
      0.6017559644369624
    ]
  ],
  "diff": [
    [
      0.0003834860440618537,
      0.0017559405951045326
    ]
  ],
  "sigma_integral": [
    0.0010028121903251938,
    0.001677879675458265
  ],
  "within_band": [
    [
      true,
      false
    ]
  ],
  "toy_seed": 278,
  "weights": [
    -0.04192099327269642,
    -0.05288946963815748,
    0.0983165579277426,
    0.07472295733406704,
    -0.02228369439703067,
    0.14539044051977276,
    -0.00020699407372480356,
    0.004252681220698429,
    0.025448044299883562,
    -0.050098202142778755,
    -0.06621401799500108,
    -0.013167196145010062,
    0.04596002255671982,
    -0.021659820849813265,
    -0.036952274359838326,
    -0.057523944568616245,
    -0.08429396246877989,
    -0.042633863863902735,
    0.03573647763724207,
    -0.06960490226965838,
    -0.030368878430859635,
    -0.02118078293830664,
    -0.010823490949055084,
    0.004001828345019093,
    -0.011910515311639776,
    0.031077240029741254,
    -0.045976369092700864,
    -0.020595969576272674,
    -0.04599269390781148,
    0.05730137031357207,
    0.05706040896712901,
    0.043971521732687986,
    0.1025513067490347,
    0.0851525183391154,
    0.018483544220563624,
    0.003340825141332561,
    -0.05379726369387941,
    0.029521556964610535,
    -0.07000410307437535,
    -0.046078316688359613,
    0.0273648743106711,
    -0.013981863207054275,
    -0.00506447620608925,
    0.08306209666908121,
    -0.08676345445440559,
    0.003888838226031373,
    -0.04712217955183645,
    0.03289326114218731,
    -0.009754961176836023,
    0.09531560093404325,
    0.04932215739857181,
    0.05651177486236462,
    0.004277914164209776,
    0.05261689772595935,
    -0.04520814789704697,
    -0.09883252075361425,
    0.024458281720368995,
    -0.02665312760815807,
    0.02235847122242799,
    0.06392789600681888,
    0.058177456995512744,
    0.05182227822537582,
    0.050744402605867774,
    0.07056842596313868,
    0.06090375651550105,
    0.004545589453154158,
    0.11712820095446597,
    0.02374751881458305,
    0.055402584606422965,
    0.1226858774612318,
    0.022177917079555937,
    0.061955574292066856,
    0.017195638647637266,
    -0.008705698488507916,
    0.04263262095888652,
    -0.04271393813525777,
    -0.012048455920108819,
    -0.012040668498106574,
    0.09468322699737958,
    -0.047544999779399105,
    0.04171715835934464,
    0.0677741115665079,
    -0.026926324410184724,
    0.03835231283551006,
    0.05048394977253585,
    0.09858133468236678,
    -0.09758802288710215,
    0.16671269750136525,
    -0.003308621550331982,
    0.13862892274687127,
    -0.09635081439734933,
    -0.07247367223228446,
    0.029909742483275284,
    0.02700024593433386,
    -0.04112097429663623,
    -0.05231310831167335,
    -0.022847512888893196,
    -0.11003275104884666,
    0.01767827760683619,
    -0.013923233102693397
  ],
  "sum weights": 0.9999999432307101
}