{
  "mu_target": [
    -0.5,
    0.6000000238418579
  ],
  "mu_model": [
    [
      -0.5012195230125328,
      0.6010660097229259
    ]
  ],
  "diff": [
    [
      0.0012195230125328083,
      0.0010659858810679879
    ]
  ],
  "sigma_integral": [
    0.0010207169888746962,
    0.0016801291904014785
  ],
  "within_band": [
    [
      false,
      true
    ]
  ],
  "toy_seed": 241,
  "weights": [
    -0.021740059333015416,
    -0.026402799457266937,
    0.1431507631972244,
    0.0578306517970731,
    0.040455831381188946,
    0.03274582572123368,
    0.024539518080881964,
    0.04497520696838864,
    0.015067607776201513,
    0.008843160317366781,
    0.01831495180434941,
    0.023316998497893072,
    -0.01764608656199458,
    -0.0652816769552347,
    -0.03043115923439977,
    0.011336972562902614,
    -0.01658682855970356,
    0.00832886471975012,
    0.0380475957257501,
    -0.01947029180728696,
    -0.008051423847376603,
    -0.019831202168277145,
    0.02896134991792421,
    -0.033894956366435434,
    0.006587131808192638,
    0.02226027142798256,
    0.00795200613170922,
    0.04033872941841744,
    0.010332960174558006,
    0.019356341960101518,
    0.00043697204829339466,
    -0.08574015040085815,
    0.02300250447364776,
    0.04548042377439536,
    0.011434373504691994,
    0.039908832346850984,
    -0.027878789641669472,
    0.002122295217039436,
    -0.05059164555109275,
    -0.037667874700204475,
    -0.05363034097842108,
    -0.07035125848457774,
    0.11087354839075904,
    0.09334008016790613,
    0.006927045890498328,
    -0.06940865233340818,
    -0.017144005681155736,
    0.08718622719743059,
    0.016561349258891227,
    0.06519833128701259,
    0.0261389978180647,
    0.08690978815390714,
    0.009734777253898826,
    0.05446315939438236,
    0.052465535342136244,
    -0.09827373204052275,
    0.05025897262397718,
    0.0359981830043441,
    0.006386941217116393,
    0.008879056289596638,
    -0.0522819881571883,
    0.04432410220766233,
    0.0712617907518083,
    0.014887779304247417,
    -0.039819939371110745,
    -0.08450308955045847,
    0.013381628445056888,
    0.059934588374444694,
    -0.0357427310665483,
    0.04487636715811639,
    -0.09503549636110833,
    0.07719988810723016,
    0.06361605108693953,
    -0.04043829043428885,
    0.0027356342046610557,
    -0.0770158260680032,
    0.09924158170194146,
    0.03078611008588504,
    0.04745478836334158,
    -0.08134851041194709,
    0.05443127767261524,
    -0.011185273319323646,
    0.002373325396457806,
    0.05590259589374059,
    0.0255795860912908,
    -0.005649817018464279,
    -0.037071254496598774,
    0.10436757292576022,
    0.014347177712954991,
    0.03292261200112599,
    -0.008469731561823525,
    0.01488788546782458,
    0.05331611493554793,
    0.051643193236686424,
    -0.06101891165958395,
    -0.04013776764314939,
    0.07567260902859171,
    -0.015520887361480452,
    0.022648396933102194,
    -0.058980399853415404
  ],
  "sum weights": 0.9999999426935694
}