{
  "mu_target": [
    -0.5,
    0.6000000238418579
  ],
  "mu_model": [
    [
      -0.5006085789306175,
      0.6019662166283698
    ]
  ],
  "diff": [
    [
      0.0006085789306174982,
      0.001966192786511889
    ]
  ],
  "sigma_integral": [
    0.0010043730927261317,
    0.0016827538972122458
  ],
  "within_band": [
    [
      true,
      false
    ]
  ],
  "toy_seed": 157,
  "weights": [
    0.06116288442099759,
    0.058460362029556186,
    0.09607850384871816,
    0.1443541305146682,
    0.021859913225391873,
    0.021209177978794295,
    -0.012377102336522089,
    0.017097834386407985,
    0.08837777880963471,
    -0.012532037744111572,
    0.05499672522697447,
    0.07796029471563726,
    0.041349757441846935,
    -0.13589223878462905,
    -0.07482612594274839,
    -0.08364799948661795,
    0.02503961551750589,
    0.005444755491728301,
    0.009002217156209028,
    -0.0630590740520976,
    0.008101485072048609,
    -0.054822703762739955,
    -0.04751762653078255,
    -0.03491068613741411,
    0.0020701556502805323,
    0.05317695546137046,
    -0.057419566330964934,
    -0.05477538511560438,
    -0.055735619124990594,
    0.045558086669118085,
    0.01411600175828075,
    0.016266062967625818,
    0.09594385658551312,
    0.08003480976717592,
    0.01541766632176918,
    0.014939434033273897,
    0.02849413611948563,
    -0.021066725820325195,
    0.00716874080879726,
    0.06008005154501798,
    -0.024215684320844345,
    0.01613396125406777,
    -0.0353718020106283,
    0.16199917900036467,
    0.053858018585911376,
    -0.01153234216384075,
    0.050616525869262886,
    -0.06515959091758826,
    0.046114046183521676,
    0.06115626292905372,
    0.0015976092610802066,
    0.04082374255073977,
    0.06309567217069083,
    0.0016487225931316623,
    0.06991695936431432,
    -0.009331058606041307,
    0.04802692215658684,
    -0.08631352147202884,
    0.013045206457272723,
    -0.010199333639859087,
    0.028386615691936016,
    -0.07680618211152916,
    -0.10675993157843426,
    0.026934927340302395,
    -0.05180196691145297,
    -0.01454572268098731,
    -0.004707867358436215,
    0.0017736109228770377,
    0.013843475184967867,
    0.008780126926148647,
    0.05552907035594224,
    0.08528829632815886,
    0.005702410959320005,
    0.022860440417368934,
    -0.03870460530097075,
    0.08442810000538513,
    -0.0009532969620544595,
    -0.08953207484002931,
    -0.01921764715125562,
    0.004749779790681942,
    0.04634054391569851,
    -0.05047561631280436,
    -0.036968458281037744,
    0.077429920746219,
    0.026083887494533175,
    0.11053437067170534,
    0.029154303644478838,
    0.05245516869865865,
    -0.06014043958687793,
    0.061800616779232355,
    -0.11222099265499615,
    -0.026150702439897117,
    0.07576771408485243,
    0.03232200587483786,
    0.04786876212390297,
    -0.02771481051037883,
    0.03614503264392183,
    -0.154636910308073,
    0.02257412220456081,
    0.07349587018968701
  ],
  "sum weights": 0.9999999456056099
}