{
  "mu_target": [
    -0.5,
    0.6000000238418579
  ],
  "mu_model": [
    [
      -0.5000518819563463,
      0.5990176720815784
    ]
  ],
  "diff": [
    [
      5.188195634631132e-05,
      0.0009823517602794984
    ]
  ],
  "sigma_integral": [
    0.0010143547042665631,
    0.001659514321893182
  ],
  "within_band": [
    [
      true,
      true
    ]
  ],
  "toy_seed": 136,
  "weights": [
    0.011631147208704265,
    0.010532006470351366,
    0.06461836689221577,
    0.06582993318561702,
    -0.005639940985317948,
    0.13077733831479582,
    0.020404273085578566,
    0.014081364066821967,
    0.02104744618698376,
    0.035692570505922776,
    0.045270085691259704,
    -0.017129174655845316,
    -0.03985661499205635,
    -0.02123098219976212,
    0.031053320133974226,
    0.03507526277680052,
    -0.024238546210726766,
    -0.03313863821877879,
    0.01458452002486385,
    -0.017434283170458205,
    -0.06690500086027537,
    0.01620380882420056,
    -0.10213397957635562,
    -0.030852352970133418,
    -0.015750575423330478,
    -0.040617480957793384,
    0.018970905201337738,
    0.013024346433972225,
    -0.026196537755763697,
    0.05580795448015,
    -0.05550609693666505,
    -0.08265296947408955,
    0.12785420647508328,
    0.06356625455283944,
    0.037991665568793354,
    -0.008397676682632554,
    0.021928726247297713,
    0.019402639436268,
    -0.012042128133681941,
    -0.03458014877831301,
    -0.0036537298303603374,
    -0.018788221235749518,
    0.0024603269157300305,
    0.08453599414510325,
    0.04205960069103889,
    -0.040779739625752376,
    -0.028654049286057998,
    0.040850467067095816,
    -0.02267401970711445,
    -0.010558423196225571,
    0.08115116615352531,
    0.049722715267215285,
    -0.005172846207350732,
    0.008334935876241682,
    0.030779202487844735,
    -0.06724740618313375,
    0.013726002191204525,
    -0.020366453611306685,
    0.05327173024198528,
    0.03304213299778558,
    -0.006209300906538041,
    -0.00828294197720248,
    0.02713119157264013,
    0.03449682569068243,
    -0.024882083236687075,
    0.016774090622000033,
    0.05136545891418293,
    0.05866748482324873,
    0.04928397881611994,
    0.07233530923724452,
    0.041869806078922586,
    0.08320000484975468,
    -0.004585192645274496,
    -0.02427260024291761,
    -0.029397297075219826,
    -0.033764383382105016,
    -0.013598347674659488,
    -0.015219620660497403,
    0.06950130518598296,
    -0.08513023768772182,
    0.036341948797624826,
    0.024010834486570244,
    0.03481176793858117,
    0.0562854971565059,
    -0.022423988871354522,
    0.04786585358252193,
    -0.0112965050361491,
    0.09425881535262377,
    0.01924686511552341,
    0.09893973835802355,
    -0.08805387286770373,
    -0.037769935527513766,
    0.03226457861051364,
    0.06741641187525861,
    -0.0028845589729853197,
    0.023417739252656392,
    -0.008986516905610503,
    -0.07033243750605302,
    -0.03190505676976439,
    0.015011371500233489
  ],
  "sum weights": 0.9985863988050296
}