{
  "mu_target": [
    -0.5,
    0.6000000238418579
  ],
  "mu_model": [
    [
      -0.5010426067235063,
      0.6009729366805937
    ]
  ],
  "diff": [
    [
      0.001042606723506312,
      0.0009729128387357955
    ]
  ],
  "sigma_integral": [
    0.0010180027417401472,
    0.0016650203502635503
  ],
  "within_band": [
    [
      false,
      true
    ]
  ],
  "toy_seed": 14,
  "weights": [
    -0.05705928993787012,
    0.06987310959025093,
    0.05484943342466146,
    0.08615008664566326,
    0.019308676493504755,
    0.011936461648977133,
    -0.06109609236692095,
    -0.008483726198303565,
    -0.009404750979836165,
    0.01230686031079899,
    0.049998283044572656,
    -0.03442467812134569,
    0.010085665479789443,
    -0.06852788549768833,
    0.00025792562306912683,
    -0.013078944440086875,
    -0.034498504458382546,
    0.0007235601910103965,
    -0.021980107686150607,
    0.04078210603865796,
    -0.019002958861751747,
    -0.016103942042507355,
    -0.034971846590291705,
    0.02894115438684776,
    0.002386411360095205,
    -0.07521315923684906,
    0.06553503473006385,
    0.004039257985129175,
    -0.02765347656292415,
    0.009493172262185172,
    -0.03605603387892032,
    -0.06403482413917391,
    0.04996056414754912,
    0.0286905943900775,
    0.11095945504900938,
    0.07715376176697689,
    0.05122155949130735,
    0.03062802767518648,
    -0.045378108533011205,
    0.09939306824390907,
    -0.004505702278890128,
    -0.0577980093592537,
    0.12707467218443153,
    0.05486095184317656,
    -0.03533507592115344,
    -0.05596938377472581,
    0.0011928574047832458,
    0.0063800220800598354,
    0.05035299162450017,
    0.012547928818741708,
    0.002761438582571336,
    0.05525196228165345,
    -0.024750717148373298,
    0.048480505247698875,
    0.043781378366516785,
    -0.141827630626219,
    -0.012692930892212302,
    0.11483267265903183,
    0.08928965907046937,
    0.045312768067873696,
    -0.0003299558890570772,
    0.04547196522477108,
    -0.01740290685255712,
    -0.0645702543927542,
    -0.03791618246623302,
    -0.03759607055514188,
    -0.004793579829132658,
    0.06707360271465759,
    0.04972518582774552,
    0.013711589361406555,
    -0.003050093780087412,
    0.009199190117155451,
    0.04700403008750304,
    -0.050418113571166316,
    -0.022289541417277303,
    -0.021076916224433955,
    0.04162509916168895,
    0.05012964733652305,
    -0.03573426810937976,
    -0.05449407804864372,
    0.10232183817010997,
    0.015034080495737574,
    -0.04037012816805568,
    -0.029812824444048938,
    0.053820508680732536,
    0.04005072087654377,
    -0.043442417080059886,
    0.10257170270184386,
    0.05977746505045922,
    0.09404425542307335,
    -0.041559474878496074,
    -0.04924362929350139,
    0.15245669666562842,
    0.027181985937174722,
    0.05874114063749791,
    0.04443971386424492,
    0.009453218755761272,
    -0.08782449477603814,
    -0.023183600263987962,
    -0.025671424740186174
  ],
  "sum weights": 0.9999999409879796
}