{
  "mu_target": [
    -0.5,
    0.6000000238418579
  ],
  "mu_model": [
    [
      -0.5012018666071983,
      0.6023853911804069
    ]
  ],
  "diff": [
    [
      0.001201866607198343,
      0.0023853673385489937
    ]
  ],
  "sigma_integral": [
    0.0010264355150656037,
    0.0016749785702474054
  ],
  "within_band": [
    [
      false,
      false
    ]
  ],
  "toy_seed": 62,
  "weights": [
    -0.03721785795989369,
    -0.020360264729775233,
    0.08263360894782888,
    0.07033839909038445,
    -0.030741402140397063,
    0.06967103205700963,
    0.053792930646059,
    0.03147732308969229,
    -0.00036030279246877485,
    -0.0019372773442296412,
    0.03171540740843371,
    0.05236957874777433,
    -0.009575706797726614,
    0.03322378303182821,
    0.03586468497018487,
    0.047141393731548825,
    -0.06617985178697851,
    -0.04568215080035328,
    0.06698230929512217,
    0.033445842196880585,
    -0.052448271397287874,
    0.05286419788077194,
    -0.0437137102977412,
    -0.021039862437619686,
    0.010092191979008729,
    -0.020955341149649656,
    -0.004220654513121553,
    -0.0312793920230717,
    -0.012633737196394795,
    -0.039918796983176595,
    0.03208644635137892,
    -0.07208524046552336,
    0.03545626408586699,
    -0.0591356438460149,
    0.04865621754319585,
    -0.051011618040601794,
    0.020745830543041074,
    0.02785938049290034,
    0.014560576208360912,
    -0.05930752179042824,
    0.0034952746134028303,
    -0.057265631015375476,
    0.14509160187157372,
    0.07353526490288902,
    -0.05956666010484756,
    0.03543163158287021,
    0.048862236734052246,
    0.08083201560220225,
    0.04443145130294016,
    -0.010104312359248956,
    0.04935453478146827,
    0.03439572486672724,
    0.014030753935259146,
    0.06413817372613852,
    0.04709319437937932,
    -0.024938586888503107,
    -0.004482594174581586,
    -0.044195130968423424,
    -0.043453333727720846,
    -0.024434374427359143,
    0.06190091298643282,
    0.005795475662511965,
    -0.012155419210780314,
    0.03372440239557768,
    0.008357644146410699,
    -0.0007133502088570405,
    -0.05227150853829287,
    0.007905805446519672,
    0.05948121950080736,
    0.07203213625973669,
    -0.002479845680502187,
    0.02271473003490755,
    0.06597150791482535,
    -0.04119232752612632,
    -0.01651389655400983,
    0.04409161935000296,
    -0.008539950955733105,
    -0.028010081115417387,
    0.014946040204148973,
    -0.06682600816834891,
    -0.02175533119951922,
    0.0027252647034395855,
    0.04670651231278919,
    0.0010459588480366978,
    -0.09771505841492481,
    0.11223939515492752,
    0.02331428421125604,
    0.003959122055621683,
    0.11421670902702993,
    0.0895478658221023,
    -0.026613210378834344,
    0.0005690240499543153,
    -0.014384315816556092,
    0.015966459804486247,
    -0.02758654822059393,
    0.05458102568290793,
    0.061834809471274295,
    -0.07134151465732798,
    0.043283176126199495,
    -0.022236819114979503
  ],
  "sum weights": 0.9999999438487636
}