{
  "mu_target": [
    -0.5,
    0.6000000238418579
  ],
  "mu_model": [
    [
      -0.4991654588884937,
      0.6016175284618951
    ]
  ],
  "diff": [
    [
      0.0008345411115063261,
      0.00161750462003718
    ]
  ],
  "sigma_integral": [
    0.0010211050117009174,
    0.001668180153726665
  ],
  "within_band": [
    [
      true,
      true
    ]
  ],
  "toy_seed": 173,
  "weights": [
    -0.05846171364601223,
    -0.0392966336024142,
    0.039933656290546224,
    0.023344951874844914,
    -0.03182231645828804,
    0.046708382846405376,
    -0.03642026826376221,
    -0.02673920585569149,
    0.02934893522411962,
    0.0016533104759204429,
    0.028854172464010872,
    0.003955729368348806,
    -0.009436630964204449,
    -0.0903870196357573,
    -0.01730825819339002,
    0.0009339542127245497,
    -0.031552171154374475,
    -0.0175116994316987,
    0.048943685497778146,
    -0.027796706165148545,
    -0.03918632700174356,
    -0.03862857437106009,
    -0.053604743351466,
    -0.020303159852714157,
    -0.03217009879176564,
    0.04673248685481716,
    0.08679668865363431,
    -0.06711344914542929,
    -0.04026200266341511,
    0.06322003484557648,
    -0.1117804372521079,
    0.005664292619425774,
    0.06091989915064122,
    0.048312961266353024,
    -0.059974299657052275,
    -0.05607620230201808,
    0.11711469058938574,
    -0.013038777748512786,
    0.02804882919867397,
    -0.006692167629897644,
    -0.009876385660473478,
    -0.015337338772482662,
    0.032086303868013005,
    0.1141315903173393,
    0.07210751954800154,
    -0.011114343461692482,
    -0.06257810055513426,
    0.08261208525892727,
    -0.06738915614689374,
    0.07194948425897803,
    -0.017435084520251918,
    0.08274223758552737,
    0.061590936603974564,
    0.032625544892623724,
    0.07802882522203909,
    -0.11864408927526811,
    0.025525627987732058,
    -0.021765709364351474,
    0.011834394605346648,
    0.0654271773942997,
    -0.082639930203512,
    0.02689845268867354,
    0.13194065024546026,
    0.06369199273324579,
    -0.02024417742011679,
    -0.09620016354413756,
    0.003003329597116356,
    -0.047123895134796305,
    0.01098792712548909,
    0.062449598295296345,
    0.027639230367709385,
    0.09140694006662979,
    0.041729091092766055,
    -0.003413564344111604,
    -0.019516632085090604,
    0.04570864311070464,
    -0.043352807074550026,
    0.024348308271470807,
    0.046262369240156254,
    0.04993516495716074,
    0.08683058134924589,
    0.01635478726310031,
    -0.028749788436164606,
    -0.061235051088150125,
    0.01955613089794525,
    -0.0595839148638351,
    0.11694239005726328,
    0.19305103819656427,
    -0.06914833970843079,
    0.1212762470397072,
    0.027961791755317746,
    -0.01502524438715176,
    0.03877818400411074,
    0.09985779017040619,
    0.0028914464940483523,
    0.022464856256633695,
    -0.029527350018693808,
    -0.027690221654879447,
    0.04350913552535413,
    0.02652962324603492
  ],
  "sum weights": 0.9999999381655271
}