{
  "mu_target": [
    -0.5,
    0.6000000238418579
  ],
  "mu_model": [
    [
      -0.50040729072754,
      0.6008202185023189
    ]
  ],
  "diff": [
    [
      0.0004072907275399773,
      0.0008201946604610155
    ]
  ],
  "sigma_integral": [
    0.0010248856748757435,
    0.0016823455785785926
  ],
  "within_band": [
    [
      true,
      true
    ]
  ],
  "toy_seed": 201,
  "weights": [
    -0.06783413272747867,
    -0.010418168845632356,
    0.10029123989521216,
    -0.05624712264431371,
    0.04342986455918883,
    0.07336475407574646,
    0.007517252703096583,
    -0.0570598294497256,
    -0.02803666102083214,
    -0.08154582058430235,
    0.041405951251482845,
    0.0010790143205669943,
    0.012517116030483891,
    -0.04373129042736001,
    0.04304812890108365,
    -0.010825454004871064,
    -0.022407617630028288,
    -0.048179149330824914,
    -0.00380640755555937,
    0.0033745810829391527,
    -0.027846539333775087,
    -0.009514577959845318,
    -0.039112142810398605,
    -0.005370692918915193,
    -0.07617000684592884,
    0.01974881190347719,
    0.04802680801964206,
    0.053665195116935606,
    -0.047584211159200675,
    0.0658949684448354,
    -0.005570440311090853,
    -0.048431614013268426,
    0.03564741364302245,
    -0.03481843373439787,
    0.03934617052808043,
    0.007014213847969229,
    0.09125174595413021,
    -0.03311750731606948,
    -0.06157635425487517,
    0.00762100702689847,
    0.02938737240082095,
    -0.048862559843745566,
    0.0587139237272111,
    0.05211195645358169,
    0.05803928067931168,
    0.006244756224806328,
    -0.0333288596249363,
    0.05591526616497732,
    0.059482120054122685,
    0.07573457941830672,
    0.1151178476279196,
    0.03362186367835317,
    -0.0080451037086205,
    0.07922019761882744,
    0.010002283699299595,
    -0.1323360874755795,
    0.07031174097884788,
    0.013052418392838232,
    0.005044787487372717,
    0.01598570576323658,
    -0.03752972209195411,
    0.11218641558326815,
    0.03566360469434001,
    -0.014893829212952025,
    -0.01911953062035024,
    -0.009464605936929844,
    0.053934375954046744,
    0.04176181294885423,
    0.041955354860057414,
    0.001183403103395182,
    0.0057186807090146416,
    0.060622673170966535,
    0.006847060489731935,
    -0.07936103200821877,
    0.03358071539170006,
    -0.012089448239210482,
    0.059455402677976346,
    -0.05679216823179599,
    0.02820912245052268,
    0.007163868816282478,
    0.08838947650828466,
    0.02851463965876941,
    -0.011135614738240946,
    0.016163716564443046,
    0.03430270122420491,
    0.0347930814901064,
    0.01673867730144506,
    0.14573654486673837,
    0.050493974523464415,
    0.09820636959114924,
    -0.09097475609695038,
    0.012823367624365782,
    0.05826393037157752,
    0.011983988278527482,
    -0.045751087464962314,
    -0.023543938608785033,
    -0.016517348130997023,
    -0.12104068608685185,
    0.022792306018345785,
    0.0402748950019804
  ],
  "sum weights": 0.9999999445484095
}