{
  "dim": 0,
  "truth": -0.49994507560437657,
  "truth_n_samples": 10000000,
  "n_pseudoexperiments": 100,
  "N_data_per_pe": 50000,
  "N_ref_per_pe": 50000,
  "M_sir_per_pe": 200000,
  "coverage_1sigma": 0.66,
  "coverage_2sigma": 0.94,
  "pull_mean": 0.24164927716826523,
  "pull_std": 0.9812078403520115,
  "fitted_mean_mean": -0.4995844481269524,
  "fitted_mean_std": 0.0014698379215992588,
  "sigma_total_mean": 0.001496074815911391,
  "sigma_total_std": 1.159810217771653e-05,
  "sigma_sandwich_mean": 0.0013473486585393413,
  "sigma_sandwich_std": 1.1003457224120904e-05,
  "sigma_pool_mean": 0.0006502902606656178,
  "sigma_pool_std": 5.240603326291181e-06,
  "var_pool_fraction_of_total": 0.1889339390946964,
  "sigma_ratio": 1.017850195539645,
  "bce_loss_mean": 0.6396577081299749
}