{
  "num": 41198.18359375,
  "den": 30518.048828125,
  "test": 10680.134765625
}