{
  "mu_target": [
    -0.5,
    0.6000000238418579,
    0.20000000298023224,
    -0.8999999761581421
  ],
  "mu_model": [
    [
      -0.502245410568972,
      0.5994225263692711,
      0.2008638921708594,
      -0.8973683883917086
    ]
  ],
  "diff": [
    [
      0.002245410568971984,
      0.0005774974725868409,
      0.0008638891906271595,
      0.002631587766433463
    ]
  ],
  "sigma_integral": [
    0.0004713393526498986,
    0.000766050765156082,
    0.0005660130598827363,
    0.0009888948068816797
  ],
  "within_band": [
    [
      false,
      true,
      false,
      false
    ]
  ],
  "toy_seed": 176,
  "weights": [
    0.012479879230008668,
    -0.00398188492214409,
    -0.011541166119247662,
    -0.0008303010669068519,
    0.0021034236913362,
    -0.017551688117783345,
    0.03379989766886617,
    0.04649803333696718,
    0.03127171070566564,
    0.0003488696917550162,
    0.04900544440776569,
    0.03283042758303955,
    -0.017430218952140378,
    0.06318502211519757,
    0.05558447879806253,
    0.02915665690400051,
    0.012658128905725244,
    0.03944419396574649,
    0.010658170567005921,
    0.02497591030130826,
    0.014732904297105665,
    -0.005449351470958696,
    -0.013899643231246147,
    0.022976786534812138,
    0.032119772817495305,
    -0.002567390700777478,
    -0.005302767864647617,
    0.055506231641715184,
    -0.018035177515114582,
    -0.01800118046279524,
    0.014499035631419872,
    0.011558504069505487,
    -0.0075325673215439985,
    -0.02405274399641868,
    0.05941188795213522,
    0.021175993961910878,
    0.05367337492238546,
    0.04103413099504294,
    -0.018009781396199624,
    0.0049712409075343186,
    0.0322502564267898,
    0.016088978460976407,
    -0.050756008580520706,
    0.02579567620491313,
    0.029295740309818127,
    -0.012256227535844794,
    0.055850523933218536,
    -0.007048106953775902,
    0.018536440590476943,
    0.006721994651385588,
    0.018666561426907157,
    0.03225255801492745,
    0.037711674736681605,
    0.047446133642036016,
    0.010359909571849296,
    0.0796796897377553,
    0.02116870614797929,
    -0.0019904094577072808,
    0.013476550085950395,
    0.015280110095594913
  ],
  "sum weights": 1.0000049999749998
}