{
  "mu_target": [
    -0.5,
    0.6000000238418579,
    0.20000000298023224,
    -0.8999999761581421
  ],
  "mu_model": [
    [
      -0.5009420597861719,
      0.5999123482535981,
      0.20094020046008246,
      -0.9003832709644207
    ]
  ],
  "diff": [
    [
      0.0009420597861719004,
      8.767558825983901e-05,
      0.0009401974798502188,
      0.00038329480627863344
    ]
  ],
  "sigma_integral": [
    0.00047263707685033684,
    0.0007629855470918297,
    0.0005730402952646683,
    0.0009906468174128184
  ],
  "within_band": [
    [
      false,
      true,
      false,
      true
    ]
  ],
  "toy_seed": 83,
  "weights": [
    0.01493597235212738,
    -0.004409271806611849,
    -0.0020413315700464263,
    0.012099614421553707,
    0.01827167389924593,
    -0.004615835987420204,
    0.0003384321582131953,
    0.032946820608834734,
    0.025847097733423953,
    0.016011242510974945,
    0.04565962318719053,
    -0.0027287148136621317,
    0.007459201395097735,
    0.02765227184204628,
    0.036552734346663895,
    0.02210973201911133,
    -0.0006226674900900541,
    0.039028533318431244,
    0.0071509608882970605,
    0.03764204291503889,
    0.019420320176559345,
    0.0198849459618502,
    0.010026822148440135,
    0.029890947739109285,
    0.005675400740776795,
    0.033564960356733446,
    -0.005980239115819042,
    0.06674826851526515,
    -0.0026779357662121855,
    -0.02314274318195251,
    0.027798163683610867,
    0.029384405681782747,
    -0.017719426506175157,
    0.013048487273290993,
    0.06422477095561874,
    0.0007529614004322954,
    0.014723201620536202,
    0.05488548369864548,
    -0.0007586809014498228,
    0.007019532037507838,
    0.013966694812627068,
    0.023813340574717453,
    -0.05614497930658417,
    0.04429655344271138,
    0.01852259811435933,
    -0.00508933227644325,
    0.024695253187260575,
    0.021812690308920697,
    0.045199332655585865,
    -0.00024558977319909356,
    0.022234216420727534,
    0.012158098241030731,
    0.018750225031885958,
    0.05742776645867277,
    0.002453062443326804,
    0.08377142327813168,
    -0.012024467228822592,
    -0.021818636873316147,
    -0.0005442298348110532,
    0.030713201851247787
  ],
  "sum weights": 1.0000049999750003
}