{
  "mu_target": [
    -0.5,
    0.6000000238418579,
    0.20000000298023224,
    -0.8999999761581421
  ],
  "mu_model": [
    [
      -0.5013081775968198,
      0.6000062022899566,
      0.20038795649209998,
      -0.8994055033146766
    ]
  ],
  "diff": [
    [
      0.0013081775968197817,
      6.178448098692613e-06,
      0.0003879535118677391,
      0.0005944728434654767
    ]
  ],
  "sigma_integral": [
    0.00047498948134465027,
    0.000774998059848717,
    0.0005720516727396023,
    0.0009916509963793627
  ],
  "within_band": [
    [
      false,
      true,
      true,
      true
    ]
  ],
  "toy_seed": 56,
  "weights": [
    -0.008219655222672644,
    0.004112556882719392,
    0.018814575239955108,
    -0.0040422227677093326,
    0.0013967046098394573,
    -0.00908906499230023,
    -0.0005266104415989101,
    0.022836923027825348,
    0.04710908867133715,
    0.029468583283640003,
    0.03799261445457632,
    0.02146596735487103,
    -0.008594527361529622,
    0.013271174790653744,
    0.03257698875432994,
    0.03365880311782096,
    0.0031133434146434933,
    -0.008386529465380226,
    0.03680818430124607,
    0.03604277026834714,
    0.012027245495669896,
    0.013356021364024853,
    -0.009873179306957846,
    0.0189902742101367,
    0.0019329548484473937,
    0.02368373114599144,
    0.017850155024363483,
    0.04364277796431763,
    -0.005496851268454303,
    0.001092209852771805,
    -0.0025735067353845217,
    0.02803499037487357,
    0.005757313497892992,
    0.014021999470865592,
    0.07010508010165059,
    0.010081154816445385,
    0.009137373381233887,
    0.03126189245609018,
    -0.014137946136304766,
    -0.015269098565194487,
    0.0553679143764596,
    0.021525602686587587,
    -0.035415404136924886,
    0.04929337891094112,
    0.005121067524074294,
    -0.01086132275914997,
    0.03423208498935925,
    -0.0010539066090303278,
    0.018307550228768368,
    0.02316754846723291,
    0.040053513823051466,
    0.050144872794632804,
    0.004994624904087679,
    0.05703880722102594,
    0.023961099764373293,
    0.033570657391658404,
    0.025164901577728327,
    -0.005514719896864983,
    0.03371814579476585,
    0.02375432300912997
  ],
  "sum weights": 1.0000049999750005
}