{
  "mu_target": [
    -0.5,
    0.6000000238418579,
    0.20000000298023224,
    -0.8999999761581421
  ],
  "mu_model": [
    [
      -0.5005286907330727,
      0.599984959536694,
      0.20137086412773467,
      -0.8998209234774487
    ]
  ],
  "diff": [
    [
      0.000528690733072712,
      1.5064305163958736e-05,
      0.001370861147502428,
      0.0001790526806934034
    ]
  ],
  "sigma_integral": [
    0.000473913611642173,
    0.0007666626579185114,
    0.0005675781419880179,
    0.000988376754058165
  ],
  "within_band": [
    [
      false,
      true,
      false,
      true
    ]
  ],
  "toy_seed": 214,
  "weights": [
    -0.0112502843280718,
    0.028875423371320853,
    -0.0022401539029510502,
    -0.005494563661866908,
    -0.006993996355370308,
    -0.00023175757347511836,
    0.020242441727734997,
    0.046981934611309395,
    0.050326441633744196,
    0.0036264145558151935,
    0.05604955409161435,
    0.017777047514955,
    -0.009674756692865421,
    0.04366138612761697,
    0.049161140270164445,
    0.011395512584589628,
    0.016918073233923886,
    0.012758215602528804,
    0.028229106868335952,
    0.007637443379537546,
    0.0001543951302007488,
    0.029513657602316133,
    0.005863932912526685,
    0.016229567906145447,
    0.006882007325355418,
    0.03918607960908446,
    0.0235168336596108,
    0.05521102439918501,
    -0.031990628469207485,
    -0.029313482225759625,
    0.010698130926745732,
    0.02866875661486369,
    -0.011212427014277524,
    -0.0010770630334251236,
    0.07518586592695925,
    0.043112157271950134,
    0.043424546791388165,
    0.06712854454457441,
    -0.01681408900169529,
    -0.004137373490694365,
    0.029668108924300406,
    0.008770929780061127,
    -0.056044234508066344,
    0.04739694694959348,
    -0.011003908076842588,
    0.005026664247882108,
    -0.018932190275454383,
    0.044338367545581805,
    0.024173522676660807,
    -0.004518097920104076,
    0.046884044151696155,
    -0.009489866661530654,
    0.012641123726579415,
    0.04111384835911666,
    0.025586940809676547,
    0.056135986591754825,
    -0.0015350862958833685,
    0.008414122532432311,
    0.016592159014738178,
    0.026800557958370573
  ],
  "sum weights": 1.0000049999750003
}