{
  "mu_target": [
    -0.5,
    0.6000000238418579,
    0.20000000298023224,
    -0.8999999761581421
  ],
  "mu_model": [
    [
      -0.5015601478751941,
      0.6001792216379361,
      0.20138796286846256,
      -0.9014162520667834
    ]
  ],
  "diff": [
    [
      0.0015601478751940956,
      0.00017919779607822317,
      0.0013879598882303168,
      0.0014162759086413512
    ]
  ],
  "sigma_integral": [
    0.00047673121332455495,
    0.0007701944768374149,
    0.000572870616716475,
    0.0009965202410756088
  ],
  "within_band": [
    [
      false,
      true,
      false,
      false
    ]
  ],
  "toy_seed": 12,
  "weights": [
    -0.011348792650644857,
    0.0024512599504960464,
    -0.017003650000298815,
    -0.0016337394017802017,
    0.027935511509830348,
    -0.0017089180851517613,
    0.01914215976653745,
    0.061281581226031855,
    0.05502085295255044,
    -0.015579257671846324,
    0.048869911348387786,
    0.014423798039396658,
    -0.004801572823930943,
    0.03832018475739779,
    0.015015144387013948,
    0.035169597308860885,
    -0.014612305593168028,
    0.013738753614896862,
    0.020900222056727386,
    0.02109983605796079,
    0.02079253416292066,
    0.019115228289605393,
    -0.008473232453486879,
    0.017073029144478266,
    0.010830856461396355,
    0.03739746437281142,
    0.042756190738001965,
    0.04836638408455217,
    -0.024103612029648457,
    -0.02056801078934336,
    0.016450868630815824,
    0.02991916727565947,
    -0.005545900994391446,
    -0.008917229674613763,
    0.05775447074886745,
    0.01781560152342028,
    0.0066331787496135336,
    0.033090371179113336,
    0.0013584818558262223,
    -0.026531253406605712,
    0.013473840974493997,
    0.0285650437516298,
    -0.03450232196801825,
    0.040764584265031586,
    0.0013962994819082812,
    0.02798582599871723,
    0.02351610984738632,
    0.037126434858492326,
    -0.0036933965464807364,
    0.028675168358352543,
    0.008534778219408845,
    0.026765034914540662,
    0.02408959348175615,
    0.06005046482414184,
    0.033334351939681546,
    0.06304478149444179,
    -0.004511084787866598,
    0.019843247856869452,
    0.004231944240780933,
    0.029419134151472483
  ],
  "sum weights": 1.0000049999750003
}