{
  "mu_target": [
    -0.5,
    0.6000000238418579,
    0.20000000298023224,
    -0.8999999761581421
  ],
  "mu_model": [
    [
      -0.500624342730923,
      0.5995806769201774,
      0.20168892997329033,
      -0.8984188139430576
    ]
  ],
  "diff": [
    [
      0.0006243427309230443,
      0.0004193469216805523,
      0.0016889269930580875,
      0.0015811622150845306
    ]
  ],
  "sigma_integral": [
    0.0004729219068793527,
    0.0007656416493939216,
    0.0005610053266073469,
    0.0009903576524436604
  ],
  "within_band": [
    [
      false,
      true,
      false,
      false
    ]
  ],
  "toy_seed": 268,
  "weights": [
    -0.010020049265132596,
    0.0049965177233083895,
    -0.006706688324424898,
    -0.016046552687218222,
    0.006493265913897216,
    0.007234839484252841,
    0.03739489540121024,
    0.032352578503323126,
    0.06858273884662065,
    -0.0033160479233221504,
    0.037755300302134684,
    0.01993851961866315,
    -0.006956469357595678,
    0.026881382237088376,
    0.04045182414744083,
    0.035863545559279,
    0.01720057246604391,
    0.03679545854234302,
    0.018230108395675005,
    0.0264557872985119,
    0.01822270278236273,
    0.012629724073064083,
    -0.02407866039988023,
    -0.0006044522638916775,
    -0.008187753616874297,
    -0.012087872733925668,
    0.024138788826293115,
    0.016113468905814263,
    -0.017280109083377668,
    0.006461796199450774,
    -0.00991810465394353,
    0.029303415036308848,
    -0.016956386537625562,
    -0.02676046518482288,
    -0.00750320794293312,
    0.032075129058276385,
    0.04013944692447332,
    0.056951550127284124,
    0.008989105197367259,
    -0.005310990105315805,
    0.06177123341599679,
    0.040632324086839054,
    -0.038625189739142696,
    0.012887311488529226,
    0.008490661284140109,
    0.00975086139992121,
    0.04809338281435361,
    0.02323596304593362,
    0.01890637559187521,
    0.006154670534067132,
    0.03466896275802744,
    0.0693144431097915,
    0.012523843733028684,
    0.05538294235518595,
    0.04257015281199379,
    0.05789000056543873,
    0.0020272228937644565,
    -0.011393286884115505,
    0.026406599826734066,
    0.029397873392432366
  ],
  "sum weights": 1.000004999974998
}