{
  "mu_target": [
    -0.5,
    0.6000000238418579,
    0.20000000298023224,
    -0.8999999761581421
  ],
  "mu_model": [
    [
      -0.501693562027396,
      0.5991895534401708,
      0.20053833591457762,
      -0.9003270988450012
    ]
  ],
  "diff": [
    [
      0.0016935620273960117,
      0.0008104704016871356,
      0.0005383329343453813,
      0.00032712268685908263
    ]
  ],
  "sigma_integral": [
    0.0004732531350590963,
    0.0007651531312690963,
    0.0005709553105013551,
    0.0009935358968410238
  ],
  "within_band": [
    [
      false,
      false,
      true,
      true
    ]
  ],
  "toy_seed": 128,
  "weights": [
    0.0016129798398236506,
    0.015786742565035653,
    0.011006176817993754,
    -0.02570020683428597,
    0.015904213499149215,
    -0.01954604037095259,
    0.018623364041814944,
    0.02129114037154462,
    0.010429806635683981,
    0.004559629805184895,
    0.036330623283405764,
    0.01750857691471505,
    -0.03125886195683514,
    0.019324584118271367,
    0.045474911914253645,
    0.004561074270034976,
    0.008311770557675421,
    0.027278265320593,
    0.017247369507845105,
    0.04674130726169006,
    0.010624253991816691,
    -0.016540772717906556,
    0.014659327595200493,
    0.015020697442103182,
    -0.004518025955033187,
    0.022453947553848712,
    0.01162241060392406,
    0.07792664624600529,
    0.012943461470409843,
    0.0015463284121642873,
    0.028206321126269026,
    0.03272177524573999,
    -0.015932707499249438,
    0.005138398100496112,
    0.050502216421259655,
    0.03604700459430988,
    0.01790905795174454,
    0.03529828832051787,
    -0.006297343348504401,
    -0.011127820639602753,
    0.03478805553093168,
    0.03132163729675079,
    -0.040091865538252655,
    0.0493802562645972,
    0.006051405902249169,
    0.02342442785454174,
    0.014254596683828894,
    0.04066670543787067,
    0.02973284480689447,
    0.006355701441469363,
    0.0194672015414343,
    0.037276412320439926,
    -0.010374973929047026,
    0.07654577451802454,
    0.023917052406999793,
    0.05517285574333707,
    -0.004836238161950776,
    -0.005059656009816524,
    0.017267970397263913,
    0.031053942989279097
  ],
  "sum weights": 1.0000049999750005
}