{
  "mu_target": [
    -0.5,
    0.6000000238418579,
    0.20000000298023224,
    -0.8999999761581421
  ],
  "mu_model": [
    [
      -0.5021558843266957,
      0.5995772383715904,
      0.20033729374746032,
      -0.8988792038269495
    ]
  ],
  "diff": [
    [
      0.0021558843266956673,
      0.0004227854702675282,
      0.0003372907672280767,
      0.0011207723311925655
    ]
  ],
  "sigma_integral": [
    0.00047117164724477784,
    0.0007651022660002009,
    0.0005693777754667778,
    0.000991323917103995
  ],
  "within_band": [
    [
      false,
      true,
      true,
      false
    ]
  ],
  "toy_seed": 245,
  "weights": [
    -0.0018725389257873756,
    0.002659819443184041,
    0.00012461504505450425,
    0.011796885085091309,
    0.025991683123954383,
    -0.011454009474789929,
    0.04687916279588459,
    0.030010600825931034,
    0.02024254145340158,
    -0.007056587072293062,
    0.03982719817579717,
    0.017709014313157023,
    -0.002599528665674862,
    0.026762825768246856,
    0.035194117870460284,
    0.04840963703672114,
    0.024413923335270905,
    0.01981963946876406,
    0.027000426542439344,
    0.016897430930919905,
    0.005570274815860073,
    0.02094613107269653,
    -0.00659631644349313,
    0.01380685906137595,
    -0.011486354442954516,
    0.029654948601116282,
    0.05024451345225293,
    0.06238362764433338,
    -0.027645537808583132,
    0.009484541155670913,
    0.020875976362132356,
    0.0057744708143902855,
    -0.025088787262292928,
    -0.015094686012918029,
    0.04656574364066117,
    0.02248752684879257,
    0.03099234738207541,
    0.02502114578718805,
    -0.004340891492576213,
    0.007422561392691981,
    0.02151314241970345,
    0.015992532025382273,
    -0.04521970297751618,
    0.03665006801980811,
    -0.0006816656207325286,
    0.004660890549940262,
    0.014564305118992328,
    0.014891609704789805,
    0.005889407446963591,
    0.001021471652270483,
    0.00974207731689194,
    0.0381373533869323,
    0.010287617579812329,
    0.04977638430655711,
    0.03261047933262277,
    0.059481471277333525,
    0.02375314865603203,
    0.03456582102810897,
    -0.0006515559323384625,
    0.041285193039293434
  ],
  "sum weights": 1.0000049999750003
}