{
  "mu_target": [
    -0.5,
    0.6000000238418579,
    0.20000000298023224,
    -0.8999999761581421
  ],
  "mu_model": [
    [
      -0.5016009808121367,
      0.5986783182965858,
      0.20099110821625776,
      -0.8980426277055958
    ]
  ],
  "diff": [
    [
      0.0016009808121366653,
      0.0013217055452721116,
      0.0009911052360255246,
      0.001957348452546248
    ]
  ],
  "sigma_integral": [
    0.0004796669449639782,
    0.0007654070898857256,
    0.0005710590699373201,
    0.001003244369003806
  ],
  "within_band": [
    [
      false,
      false,
      false,
      false
    ]
  ],
  "toy_seed": 209,
  "weights": [
    0.024524977752366037,
    -0.027271328618360156,
    -4.9737520169011544e-05,
    0.0132128915388828,
    0.01682057340536197,
    -0.002716968036666108,
    0.039781022250956,
    -0.006954451637276738,
    0.04218746230334009,
    0.027260342773080964,
    0.07007322413497047,
    0.03626380150116202,
    -0.0038268487301094923,
    0.04102758028325965,
    0.018708815670744585,
    0.04020485961915856,
    0.02415680289018873,
    0.011162897509708851,
    0.014584406947045606,
    0.02584113258508419,
    0.0022446271156727317,
    0.010553268794038392,
    0.01624661014633333,
    -0.013084795978791785,
    -0.017183679330400416,
    0.021187396667545384,
    0.025230114637278603,
    0.04437091132193132,
    -0.043087811229127755,
    0.004300762042544775,
    0.030925770611546468,
    -0.012497495255999575,
    -0.010086978633722508,
    0.006977376766899275,
    0.02762126057128034,
    0.05432538824729108,
    0.020928582304931945,
    0.07207902113875929,
    0.004323866974640963,
    0.011545767018110248,
    -0.000697029048263275,
    0.01390395217409127,
    -0.0596594061032703,
    0.02257886093415176,
    0.023523671830589128,
    0.015733746948288316,
    0.010386629597871252,
    0.019813509698700403,
    0.037027349911713414,
    0.01846544782071265,
    0.03091803073962227,
    0.030082586189202502,
    0.03296589366899796,
    0.035233604231289975,
    0.006906675145010988,
    0.02761378309591777,
    0.010366891086463112,
    0.005514574679284239,
    0.016606380064444287,
    0.040808426722850843
  ],
  "sum weights": 1.0000049999411598
}