{
  "mu_target": [
    -0.5,
    0.6000000238418579,
    0.20000000298023224,
    -0.8999999761581421
  ],
  "mu_model": [
    [
      -0.5016436644840866,
      0.5997999826666109,
      0.20113476886806278,
      -0.8986820830991796
    ]
  ],
  "diff": [
    [
      0.0016436644840865933,
      0.00020004117524696774,
      0.0011347658878305411,
      0.0013178930589624605
    ]
  ],
  "sigma_integral": [
    0.00047250489318402116,
    0.0007633501249116049,
    0.0005672623079019349,
    0.0009842460339728383
  ],
  "within_band": [
    [
      false,
      true,
      false,
      false
    ]
  ],
  "toy_seed": 14,
  "weights": [
    0.007740783973689837,
    -0.00031684092119383306,
    0.008648605014762185,
    -0.0007766934147258118,
    0.024326800425661606,
    -0.009893616551906263,
    0.06634769925200358,
    0.0443516128415817,
    0.015470613681156176,
    0.002357162748628463,
    0.059712166490384626,
    0.007169803336084209,
    -0.006172894871651209,
    0.011426516295655243,
    0.041353023890008736,
    0.014908381378838974,
    -0.0018714201037945857,
    0.02570746618202944,
    0.031899763748894916,
    0.024310676027647082,
    0.031363320694295864,
    -0.005044683671387829,
    0.014062138400840354,
    0.0015270838807724249,
    -0.03978713450068224,
    0.051748790900814405,
    0.018297186260430677,
    0.07141741788736636,
    -0.018550648119144673,
    -0.02625202814194135,
    0.008658549263180373,
    0.002535043657166154,
    -0.009582734844725306,
    -0.01075885439657738,
    0.07883800661314047,
    0.04110089487011658,
    0.016561338279019695,
    0.0641016781016584,
    0.006240650860763883,
    -0.020741203798551325,
    0.03764432116798736,
    0.0073915199646386355,
    -0.06837548740731493,
    0.038104121000612196,
    0.020587319579318735,
    0.014567829629689385,
    0.013995374899617719,
    0.01071526456024918,
    0.05188542319766213,
    -0.017280108351489028,
    0.008965958117054714,
    0.03532447138585745,
    0.005259281811459107,
    0.049778193381030844,
    0.021448734678777597,
    0.03647736897762064,
    0.0121394453435413,
    -0.002745911276746207,
    0.017590405596136498,
    0.06409705209898624
  ],
  "sum weights": 1.0000049999750003
}