{
  "mu_target": [
    -0.5,
    0.6000000238418579,
    0.20000000298023224,
    -0.8999999761581421
  ],
  "mu_model": [
    [
      -0.5018952838028882,
      0.5998347262783726,
      0.2016789329205837,
      -0.8975266525107651
    ]
  ],
  "diff": [
    [
      0.0018952838028881702,
      0.00016529756348526714,
      0.001678929940351459,
      0.002473323647376957
    ]
  ],
  "sigma_integral": [
    0.0004724849784816469,
    0.0007666183655536169,
    0.0005690293567362315,
    0.0009907631594412308
  ],
  "within_band": [
    [
      false,
      true,
      false,
      false
    ]
  ],
  "toy_seed": 1,
  "weights": [
    0.006169821783048486,
    0.016427253684039984,
    0.003156470325191839,
    0.020978159123845323,
    0.0042425933402241624,
    -0.015813779775793204,
    0.033870983215350876,
    0.056883568925615365,
    0.026951872000804417,
    -0.004326251748941107,
    0.05308386339512704,
    0.0008322734972248634,
    -0.013465681742478312,
    0.028731801778279106,
    0.040348640830019114,
    0.021390420783480538,
    0.024629818180317814,
    0.05633970606840159,
    0.009973703053631164,
    0.007068729835011723,
    0.01655409512351117,
    0.017118007556066645,
    -0.010266252994372551,
    0.01003176013847396,
    0.005218914947102364,
    0.051374375407704856,
    0.015094917513399806,
    0.047582473051767674,
    -0.007507427830487245,
    0.0153354693939114,
    -0.004476962255204931,
    0.009998609132056087,
    -0.013838385159534936,
    -0.01866381835314043,
    0.04707832740042596,
    0.04585344763478728,
    -0.0025077217140961087,
    0.03706334441444748,
    -0.00499535485880415,
    -0.011714697954588797,
    0.024521296947774208,
    0.028303907621985633,
    -0.02368034777787379,
    0.020148250797856038,
    0.012349634230307903,
    0.016262316982199498,
    0.024950660382057236,
    -0.0096079699993246,
    0.0423890003841517,
    -0.015277943709846463,
    0.0020797845212315157,
    0.03144924676069632,
    0.0010911727512091297,
    0.04915935315216816,
    0.040150770027490304,
    0.06069337205513144,
    0.027498955065029577,
    0.0035001561153433273,
    0.010194232761513095,
    0.032022063760073514
  ],
  "sum weights": 1.000004999975
}