{
  "mu_target": [
    -0.5,
    0.6000000238418579,
    0.20000000298023224,
    -0.8999999761581421
  ],
  "mu_model": [
    [
      -0.501808620909584,
      0.6000798797981277,
      0.201049899521277,
      -0.8989267532647222
    ]
  ],
  "diff": [
    [
      0.0018086209095840022,
      7.985595626980313e-05,
      0.0010498965410447592,
      0.001073222893419934
    ]
  ],
  "sigma_integral": [
    0.0004745581738944044,
    0.0007683207398973244,
    0.0005845516622729676,
    0.0010085908071245644
  ],
  "within_band": [
    [
      false,
      true,
      false,
      false
    ]
  ],
  "toy_seed": 152,
  "weights": [
    -0.0020320153552281757,
    0.007209635542120973,
    0.01068967949787992,
    -0.021244708468140642,
    0.017106646553365943,
    -0.013225296539393213,
    0.019148748226348367,
    0.010230050132687131,
    0.0435570808558015,
    -0.0029425905116892033,
    0.049308406257040374,
    0.018568211138589516,
    -0.012020059470945359,
    0.02950405990780515,
    0.010742962377922619,
    0.055700624996817695,
    -0.005356155584157664,
    0.011274551330358906,
    0.025595276115156558,
    0.020224933396130716,
    -0.014532805432301113,
    0.049989808684102154,
    0.03548044974842131,
    0.007140515766149329,
    -0.006868183745413067,
    0.03793657420653999,
    0.060724115150469424,
    0.04260961125634306,
    -0.03204319241189016,
    0.0004284242645088654,
    0.030647514535863302,
    0.004385132750734369,
    -0.032696965677666,
    -0.022434586465287207,
    0.0647048643680128,
    0.03865023774231232,
    0.05950121429096171,
    0.06007212673743064,
    0.008307898795392551,
    0.011822546620808743,
    0.033485065748413215,
    0.016334010474681495,
    -0.05109728285621615,
    0.03224409504216091,
    0.018442118027374575,
    -0.0012470659613011534,
    -0.004182112303677639,
    0.02063164455336861,
    0.02239147142896447,
    0.008037907281350865,
    0.06843246621386365,
    0.0005293796107408427,
    -0.00036785150556215305,
    0.05819363737957621,
    0.009674864542397183,
    0.03002647711135547,
    0.013264798520858483,
    0.009083414124364272,
    0.00881125309608248,
    0.03145136782876468
  ],
  "sum weights": 1.0000049999415246
}