{
  "mu_target": [
    -0.5,
    0.6000000238418579,
    0.20000000298023224,
    -0.8999999761581421
  ],
  "mu_model": [
    [
      -0.5024172625724354,
      0.5992962954332599,
      0.20074723926659638,
      -0.899496175867467
    ]
  ],
  "diff": [
    [
      0.0024172625724353525,
      0.0007037284085980033,
      0.0007472362863641391,
      0.0005038002906750938
    ]
  ],
  "sigma_integral": [
    0.00047508336029643706,
    0.0007643385186380259,
    0.000572818320272075,
    0.000985369311474175
  ],
  "within_band": [
    [
      false,
      true,
      false,
      true
    ]
  ],
  "toy_seed": 107,
  "weights": [
    -0.001983795889016522,
    -0.004092214328947687,
    0.02255675793783609,
    0.009381662446646163,
    0.0016011022741088017,
    0.002058490027685536,
    0.044097565186137,
    0.05163450350457163,
    0.0181280026439643,
    0.0021032343187210333,
    0.07658011417211974,
    0.022411738778956237,
    0.0028720067595931847,
    0.03893670148081027,
    0.03753938272053389,
    0.011932013457379981,
    0.014726760338417634,
    0.04645093054276618,
    0.020046987327336514,
    0.03878043256692871,
    0.0007514081414203111,
    -0.01071219199140889,
    0.00574169107676069,
    -0.001506548770434824,
    -0.0325468066479791,
    0.06704880555642934,
    -0.022090301419938327,
    0.08549815181463032,
    0.005686395611873975,
    -0.02928731133297684,
    -0.001137956240546331,
    0.020080873955286568,
    0.00020308886275397775,
    0.01292162466006768,
    0.06622272867267552,
    0.0443986049435151,
    0.014496738929339897,
    0.01879427674162383,
    0.004179524043153093,
    -0.004990865622278905,
    0.015272095006214561,
    0.028095314200068115,
    -0.03434113249762515,
    0.02449451321791454,
    -0.015170665312145141,
    -0.0006629149293699698,
    0.027619416156914958,
    0.01332183853548882,
    0.04823878194354116,
    0.0020601809637617965,
    0.024934087272872014,
    -0.002939832925482927,
    -0.010006472989418489,
    0.04442628819690412,
    0.024170272525149503,
    0.03402537543536868,
    0.025894784977985696,
    0.010486159342773981,
    0.006309674518127999,
    0.034262929085440166
  ],
  "sum weights": 1.0000049999750003
}