{
  "mu_target": [
    -0.5,
    0.6000000238418579,
    0.20000000298023224,
    -0.8999999761581421
  ],
  "mu_model": [
    [
      -0.5005875886651991,
      0.5995226069310433,
      0.2017608990860572,
      -0.8999939517397094
    ]
  ],
  "diff": [
    [
      0.0005875886651991458,
      0.0004774169108145987,
      0.0017608961058249717,
      6.024418432670764e-06
    ]
  ],
  "sigma_integral": [
    0.0004752205371838103,
    0.0007696113717802433,
    0.0005727306706798437,
    0.0009968513412480027
  ],
  "within_band": [
    [
      false,
      true,
      false,
      true
    ]
  ],
  "toy_seed": 110,
  "weights": [
    0.007439407960057022,
    0.01529463908570264,
    -0.01457522885039972,
    0.02795143549770791,
    0.008758724948072841,
    -0.008328583146532313,
    0.03479687302953526,
    0.03370825881876128,
    0.030186905219159916,
    0.016430338208834994,
    0.05798004695834282,
    0.009406964996678745,
    -0.010169615303113432,
    0.032429698042262006,
    0.03125921110969153,
    0.00767192160312305,
    -0.013512204699140483,
    0.026421131957121466,
    0.028259958801962505,
    0.028424773619960837,
    0.014675942361788444,
    0.01718994443965966,
    -0.0008438298724331445,
    0.021471958818956957,
    0.0011136651316657113,
    0.0260447787295387,
    0.025619408295757536,
    0.07183791854456645,
    0.004018210660126878,
    -0.012020686473957223,
    0.015513124800160018,
    -0.00557258090271807,
    0.008785584401324074,
    -0.004196255907528184,
    0.04705999759665257,
    0.023122590093220576,
    0.014653300876718569,
    0.06873257287797878,
    0.006492321725773877,
    -0.025729857489777096,
    0.012996213754655487,
    0.015141827995116774,
    -0.04491235126555996,
    0.0347495895237319,
    0.015362035981879496,
    -0.0020921120175003832,
    0.027650158622159107,
    0.014215326364252524,
    0.00958130519218655,
    0.021275648197122216,
    0.02429398029769818,
    -0.020653994209534603,
    0.007364051429169327,
    0.050392554175397286,
    0.027603881855455824,
    0.04765291830071968,
    0.017669159091140328,
    0.031451811149657796,
    0.0003663606569081706,
    0.04209386831508054
  ],
  "sum weights": 1.0000049999750003
}