{
  "mu_target": [
    -0.5,
    0.6000000238418579,
    0.20000000298023224,
    -0.8999999761581421
  ],
  "mu_model": [
    [
      -0.5012991240993975,
      0.6000099524662514,
      0.2019347521915718,
      -0.900480058114319
    ]
  ],
  "diff": [
    [
      0.001299124099397475,
      9.928624393529262e-06,
      0.0019347492113395703,
      0.000480081956176881
    ]
  ],
  "sigma_integral": [
    0.00047513709112268523,
    0.0007661154266636351,
    0.0005737770439758781,
    0.0009887057689258105
  ],
  "within_band": [
    [
      false,
      true,
      false,
      true
    ]
  ],
  "toy_seed": 67,
  "weights": [
    -0.019720765227625964,
    0.009715015380831155,
    -0.02138720229343917,
    0.048459464420981535,
    0.04400871176143938,
    -0.00986916139492211,
    0.03301318099147957,
    0.06213326724748595,
    0.05827334363028728,
    0.02571318350839493,
    0.02942522703146219,
    0.011819664560546892,
    0.0018061388717165877,
    0.004904938975651487,
    0.03361492376040938,
    0.011406700201566592,
    0.001455458924115101,
    0.031147051850288474,
    0.022901863967167722,
    0.001819052237073579,
    0.004130965831848077,
    0.034186651310074805,
    -0.02014522951559495,
    0.0009070203140438079,
    -0.022149170847718228,
    0.03262306292952292,
    0.03381202612861146,
    0.04027309696572283,
    -0.02311392049870833,
    -0.02279630565609748,
    0.013292585038692841,
    0.00042510089442639057,
    -0.013734039963514732,
    0.013535024875408383,
    0.0641883348863432,
    0.023925516541768294,
    0.03297503262879874,
    0.062379830078277465,
    -0.01846554782501098,
    0.009182123306998323,
    0.005144720865093158,
    -0.00016020123740531565,
    -0.029991639207069185,
    0.02576548030404131,
    0.018806140857158593,
    0.02102488043007216,
    0.022927751025291886,
    0.02822145301282551,
    0.024860795654157823,
    0.007058335388994628,
    -0.001253710039868295,
    0.038950360018846844,
    0.015098728970479185,
    0.04485328999691324,
    0.04426187802083885,
    0.05465419926137055,
    0.007225873575815624,
    0.01848520867693502,
    0.0012773023214324656,
    0.0267219362169347
  ],
  "sum weights": 1.000004999941662
}