{
  "mu_target": [
    -0.5,
    0.6000000238418579,
    0.20000000298023224,
    -0.8999999761581421
  ],
  "mu_model": [
    [
      -0.5014681733281819,
      0.5986634089181677,
      0.20093924131080051,
      -0.898917019237138
    ]
  ],
  "diff": [
    [
      0.0014681733281819431,
      0.0013366149236901936,
      0.0009392383305682761,
      0.00108295692100413
    ]
  ],
  "sigma_integral": [
    0.00047555546911501556,
    0.0007663400669835503,
    0.0005689309075538146,
    0.0010031579440879308
  ],
  "within_band": [
    [
      false,
      false,
      false,
      false
    ]
  ],
  "toy_seed": 23,
  "weights": [
    0.026156177108867622,
    -0.009260186650133576,
    -0.022346711591443476,
    -0.016068864253973664,
    -0.018068044353569318,
    -0.005731963744034115,
    0.05048934031485484,
    -0.009096063958455459,
    0.034490325297583876,
    0.0050063922747895315,
    0.05010087300930937,
    0.026046653111770006,
    -0.026145606348999782,
    0.02154331400216892,
    0.02346157202031558,
    0.025247647996495974,
    -0.0006880464082552218,
    0.0264816577895374,
    0.006672516571274189,
    0.03254659302823527,
    0.008420146666452799,
    0.027110890621502765,
    0.026152661037063797,
    0.013780741751081222,
    0.0037292944317978164,
    0.024985702934060394,
    0.03198464365872344,
    0.05263466126947907,
    -0.02657101547621615,
    -0.008842520773762706,
    0.023066501404590052,
    0.018555680882957115,
    0.010662494221946341,
    -0.003524305130019059,
    0.06813375014768105,
    0.025928954482614994,
    0.013769438821075735,
    0.027448413826245913,
    -8.844504218019277e-05,
    0.010198049018260727,
    0.02017924604904597,
    0.017838430833731142,
    -0.07998254584757676,
    0.03687450715868754,
    0.02275848747912587,
    0.0036039644716657814,
    0.040659721073311346,
    0.03627592899244201,
    0.0030052516170469053,
    0.018924771855768963,
    0.004842089669950855,
    0.04509207605425809,
    0.02405881650685066,
    0.06270317889240618,
    0.03803376540692266,
    0.0636150732903656,
    -0.01746361224588964,
    0.014198131864578644,
    0.014134933115785432,
    0.06227946973329669
  ],
  "sum weights": 1.000004999941467
}