{
  "mu_target": [
    -0.5,
    0.6000000238418579,
    0.20000000298023224,
    -0.8999999761581421
  ],
  "mu_model": [
    [
      -0.5017080654308054,
      0.5993212150876168,
      0.2018905171693747,
      -0.898412282607106
    ]
  ],
  "diff": [
    [
      0.0017080654308053722,
      0.0006788087542410892,
      0.0018905141891424615,
      0.0015876935510360513
    ]
  ],
  "sigma_integral": [
    0.0004757752016262895,
    0.000766943426171191,
    0.0005680025035266564,
    0.0009916806320954
  ],
  "within_band": [
    [
      false,
      true,
      false,
      false
    ]
  ],
  "toy_seed": 237,
  "weights": [
    0.0033266865332743857,
    -0.01879813644509907,
    -0.0009184422489414146,
    0.014187719019101071,
    0.019482070829394786,
    -0.0031524142885483693,
    0.02585750499530517,
    0.055220239306747104,
    0.022344456066930717,
    -0.016010164564534867,
    0.042633384518521424,
    0.020775808277087915,
    -0.0261664975338266,
    0.009141270841220942,
    0.03015604645862916,
    0.0473607081261297,
    -0.002843428935234534,
    0.04028114482278264,
    -0.0023144205600759494,
    0.020868971984797324,
    0.007702472109466199,
    0.027249407235744153,
    0.014104395633201183,
    0.0015699810252609817,
    0.0026195961420554283,
    0.0326622707647119,
    0.029858941983857454,
    0.038203181715647655,
    -0.007897137384521318,
    0.02254938634670113,
    0.025194238353801936,
    0.03375994105724384,
    -0.001063674639558434,
    0.005231332592617669,
    0.06182386938222136,
    0.03128710178657691,
    0.02367047013829937,
    0.04876289478770888,
    -0.0018522413774606555,
    -0.039851557193836554,
    0.05392463199120848,
    0.003028042429844991,
    -0.046133849276060984,
    0.037788671829537324,
    0.0030924162045810858,
    0.023101318982215343,
    0.020179950838525126,
    0.03228454142246641,
    0.02829376596335942,
    -0.00156520267880374,
    0.023146640601320878,
    0.024609007690308875,
    0.016933220035166084,
    0.05172656820898984,
    0.01118728593935804,
    0.03609020641913152,
    0.01799329320736187,
    -0.02222443869333928,
    0.015082749001518214,
    0.03444880219490975
  ],
  "sum weights": 1.0000049999749998
}