{
  "mu_target": [
    -0.5,
    0.6000000238418579,
    0.20000000298023224,
    -0.8999999761581421
  ],
  "mu_model": [
    [
      -0.5014886717449679,
      0.6001984247895303,
      0.20040888996123293,
      -0.8998981378195897
    ]
  ],
  "diff": [
    [
      0.0014886717449679177,
      0.000198400947672428,
      0.00040888698100069454,
      0.00010183833855237356
    ]
  ],
  "sigma_integral": [
    0.00047111887597258535,
    0.0007641247403533701,
    0.0005658452094172426,
    0.0009841077595494332
  ],
  "within_band": [
    [
      false,
      true,
      true,
      true
    ]
  ],
  "toy_seed": 295,
  "weights": [
    0.006219024240711267,
    0.010123165711667813,
    -0.011474932630245063,
    0.0009114860387734303,
    0.015188129087903738,
    0.0029768193314688523,
    0.0068346626699344395,
    0.022578908680215146,
    0.04321666033922555,
    0.010196587109834261,
    0.04911982930205234,
    0.016710337498503553,
    -0.017825338776018763,
    0.03228899300386229,
    0.04220330731672584,
    0.006033493837695554,
    -0.0017259777100721663,
    0.009893337970026938,
    0.0066899088679587045,
    0.004374869903701446,
    0.010806398368088386,
    0.0031404494468633003,
    0.00012736589200144325,
    -0.014032259495732134,
    0.02186790220744609,
    0.052773297042245516,
    0.035337988529054135,
    0.04814322681315841,
    -0.016081568174175106,
    0.017149569662063515,
    0.019313464589481587,
    -0.0008150062220541534,
    -0.014156297774302726,
    0.0014742154176863808,
    0.06543215361492329,
    0.02755498522031894,
    0.015303211891239229,
    0.06619597676647324,
    -0.0003833445736455187,
    0.03027281434457762,
    0.025620365143898902,
    0.0442642176398357,
    -0.050573873776746735,
    0.030841365358857196,
    0.02116222601458717,
    0.026260285677662823,
    0.010951561056075199,
    0.002320354409591585,
    0.009950097740431471,
    0.008849667338277474,
    0.027362577183780566,
    0.0596221655224497,
    0.026001702630637166,
    0.012862084610983121,
    0.006844108451504373,
    0.05312919639064091,
    -0.002136349530389417,
    -0.010052094945022778,
    0.020177779526240457,
    0.052589748172068865
  ],
  "sum weights": 1.0000049999750005
}