{
  "mu_target": [
    -0.5,
    0.6000000238418579,
    0.20000000298023224,
    -0.8999999761581421
  ],
  "mu_model": [
    [
      -0.5011815645546198,
      0.6012170259310976,
      0.2007706662253585,
      -0.8985587941125114
    ]
  ],
  "diff": [
    [
      0.0011815645546198184,
      0.0012170020892396938,
      0.0007706632451262574,
      0.0014411820456307067
    ]
  ],
  "sigma_integral": [
    0.000472490919559817,
    0.0007659007915179972,
    0.0005697888905601737,
    0.0009884733187527982
  ],
  "within_band": [
    [
      false,
      false,
      false,
      false
    ]
  ],
  "toy_seed": 115,
  "weights": [
    -0.014571302181219704,
    -0.012744851676384889,
    -0.0056338876892131125,
    -0.015820548035740373,
    0.02165847217779526,
    -0.00785708652617457,
    0.035520499810193076,
    0.04402131795658313,
    0.037578168207977304,
    0.010234776053317993,
    0.030589185824111496,
    0.038109655443492395,
    -0.018271168673332342,
    0.019658968160441236,
    0.03259406142800416,
    0.010890500029396169,
    0.013824327312820028,
    0.04119970111894195,
    0.028917301406307914,
    0.018143708988069506,
    0.03175149476180027,
    0.0014060418548184693,
    0.024317506190652635,
    -0.0009873702152687627,
    0.018629990502051275,
    0.03490245164858618,
    0.021140259468274525,
    0.03162146478785422,
    -0.02163858967515738,
    -0.0017474240090262889,
    0.009888137714739656,
    0.03919897954795147,
    -0.015411108419635207,
    -0.016589964264813756,
    0.07243798566394363,
    0.027916570326067272,
    0.03476354141805843,
    0.03998974760098189,
    0.003438031965233174,
    -0.004183432355828267,
    0.03232655064624717,
    -0.000975752559983732,
    -0.06308205783848929,
    0.009349704493266572,
    0.023016564834693838,
    0.013733702885006397,
    0.03734421825606253,
    0.02694293207655177,
    0.0029618320389277137,
    0.0022503941590317727,
    0.03776004004325753,
    0.026706604886165403,
    -0.0071283654401630885,
    0.05968307139602827,
    0.01746063625539327,
    0.04440268755163655,
    0.02421810585297552,
    -0.011557392056117104,
    0.01452404870626648,
    0.07118136014157254
  ],
  "sum weights": 1.0000049999750003
}