{
  "mu_target": [
    -0.5,
    0.6000000238418579,
    0.20000000298023224,
    -0.8999999761581421
  ],
  "mu_model": [
    [
      -0.5011139125961558,
      0.5998316634907356,
      0.20214085086104244,
      -0.8998606100932258
    ]
  ],
  "diff": [
    [
      0.001113912596155786,
      0.00016836035112233194,
      0.002140847880810204,
      0.00013936606491626868
    ]
  ],
  "sigma_integral": [
    0.0004753285068774534,
    0.0007698737089961612,
    0.0005713753348904544,
    0.0009887259415625102
  ],
  "within_band": [
    [
      false,
      true,
      false,
      true
    ]
  ],
  "toy_seed": 276,
  "weights": [
    0.005965778090967809,
    -0.0010089725194911664,
    0.028661153573622932,
    -0.009296721543694791,
    0.00175968576660418,
    -0.0019503134357010347,
    0.03273074848093471,
    0.04098384533714671,
    0.0837595474033952,
    0.021668727328206096,
    0.04948405328346542,
    -0.012711230278889882,
    -0.0028437998206687605,
    0.05028465039358349,
    0.04235363568140201,
    0.030041078545414997,
    -0.0027015720966446963,
    0.03053919807604201,
    -0.0013457961239868072,
    0.04009277894520001,
    0.02133154689151914,
    0.03232796118979192,
    0.024556880026906133,
    0.003312972806420077,
    0.0004010732286791862,
    0.016253898407503804,
    0.035404005574463215,
    0.04730868976717587,
    -0.00919061774456784,
    -0.00034187424555150744,
    0.03230312148283583,
    0.02336453997543404,
    0.005917258629705841,
    -0.01364878797202268,
    0.04331918853665472,
    0.017663701146189974,
    -0.00394735374512483,
    0.051831909887579096,
    -0.015126870070627735,
    -0.011732940736612699,
    0.02356190845467177,
    0.024960097923461946,
    -0.04631091564675503,
    0.025359533569777947,
    -0.005817633878586026,
    0.003668930588340227,
    0.01270999476179176,
    0.012533400841290154,
    0.01062676977625477,
    0.004901272112208608,
    0.02859986629613226,
    0.01139688078092345,
    0.014551781339259405,
    0.056241049417635074,
    0.017876616136315228,
    0.023038483823584886,
    -0.0035986848404637385,
    0.010222371565077945,
    0.028201852016486017,
    0.019506646780937838
  ],
  "sum weights": 1.0000049999416045
}