{
  "mu_target": [
    -0.5,
    0.6000000238418579,
    0.20000000298023224,
    -0.8999999761581421
  ],
  "mu_model": [
    [
      -0.5021966631994976,
      0.6006118659113725,
      0.20072717492621314,
      -0.899108621346291
    ]
  ],
  "diff": [
    [
      0.0021966631994976282,
      0.0006118420695145899,
      0.0007271719459809034,
      0.0008913548118510972
    ]
  ],
  "sigma_integral": [
    0.00047667751232758357,
    0.0007732787838830033,
    0.0005695889286030061,
    0.0009990933840523459
  ],
  "within_band": [
    [
      false,
      true,
      false,
      true
    ]
  ],
  "toy_seed": 225,
  "weights": [
    -0.02608724785914985,
    -0.001959247594431347,
    0.0022800417513213905,
    5.284042023174665e-05,
    0.007714198856057295,
    0.0033429181095019646,
    0.040860301546384904,
    0.013729657897845596,
    0.023368174694241437,
    0.013621152940978027,
    0.0436887792311011,
    0.032179846830375156,
    -0.021864147487544477,
    0.015285493748914431,
    0.06076210656726878,
    0.05129686735403158,
    0.02833615711469038,
    0.010793022002697338,
    0.0338722348039499,
    0.0033320932474758458,
    0.0066375738227165745,
    0.008807561931872277,
    0.025845449222470347,
    -0.006291163452460896,
    0.01880774695613745,
    0.05538658019796637,
    -0.015542288480489679,
    0.05027132232469897,
    -0.04105696986926566,
    -0.013179907836002279,
    0.01285174105098023,
    0.026126369154316424,
    0.008739514983782169,
    -0.0034786877177404715,
    0.042044583719926004,
    0.02120245790880056,
    0.04637863558477487,
    0.014006702031765718,
    0.005170866806670082,
    0.020200059340642743,
    0.017651197339122182,
    -0.005714223759739471,
    -0.034615320329472246,
    0.041305797120546384,
    0.0095274516004376,
    0.002228289894958075,
    0.01817383690592228,
    0.01845928200030771,
    -5.312483419258957e-05,
    0.0019695072146321295,
    0.03140689470095739,
    0.033154433504436705,
    0.012569846322001085,
    0.051214695797441166,
    0.021371698475533944,
    0.046778426432364885,
    0.012049244900146189,
    0.01707547912076941,
    0.04077348425641805,
    0.047144711454905786
  ],
  "sum weights": 1.0000049999749996
}