{
  "mu_target": [
    -0.5,
    0.6000000238418579,
    0.20000000298023224,
    -0.8999999761581421
  ],
  "mu_model": [
    [
      -0.5012801115717064,
      0.6007303603811867,
      0.2009851542399254,
      -0.8979033896088888
    ]
  ],
  "diff": [
    [
      0.0012801115717063771,
      0.0007303365393287464,
      0.0009851512596931733,
      0.0020965865492532654
    ]
  ],
  "sigma_integral": [
    0.00047455430173173646,
    0.0007641496817963962,
    0.0005684210085100283,
    0.0009926547560769549
  ],
  "within_band": [
    [
      false,
      true,
      false,
      false
    ]
  ],
  "toy_seed": 292,
  "weights": [
    -0.017406510012413813,
    0.00845132785815086,
    -0.0060640323659881725,
    -5.134801791200773e-05,
    0.027492106008247662,
    -0.02681626656349413,
    0.01820914583488399,
    0.009103462308603023,
    -0.0005937290228119857,
    0.0176118086045506,
    0.02982395263974561,
    0.0057326981215475,
    -0.005130540175930996,
    0.04047917352675585,
    0.021879519444955493,
    0.009214413863736911,
    -0.0046301650137176124,
    0.026942836294242455,
    -0.0027025639022674013,
    0.013268843950100735,
    0.005308705492202768,
    0.021730467389874872,
    0.026930966955014818,
    0.015416737406028815,
    -0.009024512013168517,
    0.024771890320896214,
    0.027765921753210205,
    0.02647129781526644,
    -0.034670957323079565,
    -0.006252561946083282,
    0.025034623755534988,
    0.011729929429692244,
    0.01643261418818121,
    0.007025624134602604,
    0.07421831697364026,
    0.04540091179270225,
    0.04666908345413445,
    0.043250395165175565,
    -0.005157280637160561,
    0.006118249803128829,
    0.030895797474075656,
    0.02815165888179357,
    -0.05918606260765339,
    0.031292715828744926,
    0.02723601926157488,
    0.05004843769876676,
    0.026114276335819385,
    0.024908560457846944,
    0.017850162292426253,
    -0.006207567496518504,
    0.02826982488961097,
    0.03339146639582989,
    0.033084029587064,
    0.046827928902850216,
    0.022314380837683723,
    0.047605981556142825,
    0.025452018634752122,
    0.003710998095805803,
    -0.0029344684799137853,
    0.057194284137518266
  ],
  "sum weights": 1.0000049999749998
}