{
  "mu_target": [
    -0.5,
    0.6000000238418579,
    0.20000000298023224,
    -0.8999999761581421
  ],
  "mu_model": [
    [
      -0.5016065358767717,
      0.5990750794290262,
      0.20104691511174136,
      -0.9003093510785591
    ]
  ],
  "diff": [
    [
      0.0016065358767717308,
      0.0009249444128317519,
      0.00104691213150912,
      0.0003093749204170493
    ]
  ],
  "sigma_integral": [
    0.0004707253476919367,
    0.0007603770202626593,
    0.0005695945124427561,
    0.000986874651300061
  ],
  "within_band": [
    [
      false,
      false,
      false,
      true
    ]
  ],
  "toy_seed": 103,
  "weights": [
    -0.011554543110817706,
    0.018135493903836813,
    -0.008337982634087974,
    -0.008886096989621714,
    0.02130121664327572,
    0.00840312347879327,
    0.026515291480766628,
    0.005734914019098884,
    0.03228482528276327,
    0.008613379849409518,
    0.059681035432306635,
    0.014764917768773306,
    -0.019537392370355088,
    0.013388176351721843,
    0.013842087309628928,
    0.03203689677725768,
    0.03292570227924783,
    0.02162592748312921,
    -0.008534234819175965,
    0.06272261880565487,
    0.028202208588381943,
    -0.00036007406810878965,
    0.0056553239587535335,
    0.030648023846294312,
    0.03144962325845986,
    -0.0025475988238419637,
    0.03307043488545257,
    0.034404127695394,
    -0.005626144926290777,
    -0.009908785598395907,
    0.02553763089444379,
    0.012861572996231876,
    0.009654284120206077,
    -0.01568063605014713,
    0.07152615197690959,
    0.047328668125879936,
    0.023456120881050993,
    0.029046792416814328,
    -0.011095989087964601,
    0.009341663610676287,
    0.02740025717752266,
    0.03450676985760783,
    -0.05320419338616205,
    0.0359734696906092,
    0.010024736327541058,
    0.023082886586790894,
    0.016843689567050287,
    0.002578491641604083,
    0.026348640208539602,
    0.0008260652073759229,
    0.03251166378504821,
    0.02579529881790924,
    0.0163441820966125,
    0.044469633959062616,
    -0.000948729749811095,
    0.07039229984774696,
    0.0007623504417620516,
    -0.02283166106915323,
    0.012537145498229733,
    0.03450324782730749
  ],
  "sum weights": 1.0000049999749998
}