{
  "mu_target": [
    -0.5,
    0.6000000238418579,
    0.20000000298023224,
    -0.8999999761581421
  ],
  "mu_model": [
    [
      -0.5009987947641172,
      0.5992995739132632,
      0.20038721206737553,
      -0.9005773324641374
    ]
  ],
  "diff": [
    [
      0.000998794764117239,
      0.0007004499285947485,
      0.00038720908714329205,
      0.0005773563059953135
    ]
  ],
  "sigma_integral": [
    0.00047153493664478004,
    0.0007650519256219455,
    0.0005658940431950758,
    0.0009887682050799234
  ],
  "within_band": [
    [
      false,
      true,
      true,
      true
    ]
  ],
  "toy_seed": 22,
  "weights": [
    -0.0038139393910192037,
    -0.009299885961527156,
    -0.010844628857972822,
    -0.0018029010923053962,
    0.015703287815873053,
    -0.01968022594320141,
    0.02270718387915162,
    0.01732498053225416,
    0.03757826172076977,
    0.010389291357516473,
    0.05345563611249441,
    0.015972568185750057,
    -0.022629259455739844,
    0.06909065731768152,
    0.027237054473613347,
    0.039724377029017995,
    -0.020292633382402392,
    0.02693810932433535,
    0.03703200158106005,
    0.026562973454703955,
    0.008492320865520686,
    7.36743436763712e-05,
    -0.020512417031939727,
    0.0066814936832964925,
    -0.013427900542853326,
    0.04487241686384282,
    0.030054592766883423,
    0.07488193203938182,
    -0.01156599399331075,
    -0.009616662574700499,
    0.04517897042141081,
    0.02388782356116672,
    -0.027768147104309693,
    -0.006848410625167373,
    0.10104454303041271,
    0.033270576734586346,
    0.019229177863923856,
    0.0492386037176995,
    0.0031706755169758506,
    0.00910976836168811,
    0.017420840395715908,
    0.013262096685854858,
    -0.042018477037887754,
    0.02566248930228075,
    0.02897129286080417,
    5.192562283774863e-06,
    0.033547269205204656,
    0.008067953374075471,
    0.022178234705318142,
    -0.009784723982610022,
    0.03689705431140744,
    0.033600573419504155,
    0.013754372845530459,
    0.03880014920343702,
    0.011526864205962642,
    0.043962561065501476,
    -0.006828669755448296,
    0.016646165508617937,
    0.013891597779698787,
    0.02964221672151064
  ],
  "sum weights": 1.0000049999749998
}