{
  "mu_target": [
    -0.5,
    0.6000000238418579,
    0.20000000298023224,
    -0.8999999761581421
  ],
  "mu_model": [
    [
      -0.5014390041570406,
      0.600434978595102,
      0.20128472607299297,
      -0.8975462180238515
    ]
  ],
  "diff": [
    [
      0.0014390041570405687,
      0.00043495475324406563,
      0.0012847230927607312,
      0.0024537581342906067
    ]
  ],
  "sigma_integral": [
    0.0004729749495193015,
    0.0007660587695912615,
    0.000571051538559642,
    0.0010034519001923528
  ],
  "within_band": [
    [
      false,
      true,
      false,
      false
    ]
  ],
  "toy_seed": 179,
  "weights": [
    0.009269046900081424,
    -0.01580074301952995,
    0.030521927843844786,
    -0.0014582295830056467,
    -0.0016249951294503987,
    -0.0175160256655257,
    -0.010112520989015323,
    0.017608029653190384,
    0.0270735529159612,
    0.00822084382216612,
    0.055222436582765745,
    0.024439048712692677,
    -0.014271098424768168,
    0.004768892721072269,
    0.03393623884898663,
    0.013060499787902571,
    -0.0068059622174683745,
    0.0041591988490745115,
    0.027987970023031956,
    0.010339069001510897,
    0.009118257881489848,
    0.004726438246002238,
    0.03175718738843129,
    0.01622792888232406,
    0.029379815893779925,
    0.04233216125525209,
    0.04364684175132595,
    0.021943745139003983,
    0.0019291076258471554,
    -0.01138070521167671,
    0.016763309381012878,
    0.047280151135219335,
    -0.02152333950897681,
    0.013015640605781042,
    0.08431459841600573,
    0.027935852888640814,
    0.0315669302047139,
    0.06346770207667075,
    -0.015190122463681312,
    -0.00851132049167363,
    0.02968319935059602,
    0.01315025715246948,
    -0.055525770381152785,
    0.04742641553669507,
    0.03258911944231436,
    0.005182329094482747,
    0.02654875585937397,
    0.020254992790041157,
    0.01629216073073108,
    -0.005341851596274561,
    0.02755590393681725,
    0.03169110547537405,
    0.015950786862040954,
    0.052053097048818095,
    0.002494017172290364,
    0.046585056785403846,
    0.0041426475684252385,
    0.006948646276525009,
    0.013877770126030664,
    0.04062899901498799
  ],
  "sum weights": 1.0000049999750003
}