{
  "mu_target": [
    -0.5,
    0.6000000238418579,
    0.20000000298023224,
    -0.8999999761581421
  ],
  "mu_model": [
    [
      -0.5025779923005825,
      0.5987810140106972,
      0.20091223946526898,
      -0.8992452639295735
    ]
  ],
  "diff": [
    [
      0.0025779923005825323,
      0.0012190098311607445,
      0.0009122364850367437,
      0.0007547122285685992
    ]
  ],
  "sigma_integral": [
    0.000474836191648452,
    0.0007719985166975796,
    0.0005732073224556712,
    0.0009827898355477087
  ],
  "within_band": [
    [
      false,
      false,
      false,
      true
    ]
  ],
  "toy_seed": 223,
  "weights": [
    0.006082423788602318,
    -0.007900180244737319,
    0.0012423115696054252,
    0.0179719322231286,
    0.017651185614188897,
    -0.00986730356593924,
    0.03613244495656427,
    0.028662001589671516,
    0.01296732410607566,
    -0.004145433600065465,
    0.0548205677292149,
    0.019779763774515183,
    -0.02148370428549377,
    0.02780854847224776,
    0.0416208535344903,
    0.034820740178334066,
    0.015883879567514272,
    0.006117546321446732,
    0.009041251003964464,
    -0.01384603385446645,
    0.011967540840741926,
    0.003496177647553364,
    0.010552855949268424,
    -0.015663654044200212,
    -0.007029226391450908,
    0.06218545626714427,
    0.015224889219667203,
    0.04754849576909626,
    0.0050428021274293786,
    -0.008232452316031546,
    0.048319914960076246,
    0.001165684852797384,
    0.014249616811385847,
    -0.013021942672680364,
    0.03919196409786725,
    0.045717380945578714,
    0.029382610175027697,
    0.061554977373082444,
    -0.013200270060020097,
    0.0006238133033736515,
    -0.0014462289666744344,
    0.020812440541771515,
    -0.04433480428378109,
    0.03157753331813745,
    0.029005855835091878,
    -0.007600885699196584,
    0.040577142007455665,
    0.028802690457385725,
    0.017401475486291996,
    0.03474134776484465,
    0.01124721411788097,
    0.025800241491781676,
    0.015578200235096476,
    0.04269423969437187,
    0.0159642282878581,
    0.06438412219164384,
    0.015602035800250364,
    -0.016871382527271807,
    0.024603518880118528,
    0.03902926157386925
  ],
  "sum weights": 1.000004999941495
}