{
  "mu_target": [
    -0.5,
    0.6000000238418579,
    0.20000000298023224,
    -0.8999999761581421
  ],
  "mu_model": [
    [
      -0.5010452142596423,
      0.5995663070242969,
      0.20133947981475878,
      -0.8985534378080491
    ]
  ],
  "diff": [
    [
      0.0010452142596423242,
      0.0004337168175609918,
      0.0013394768345265373,
      0.0014465383500930074
    ]
  ],
  "sigma_integral": [
    0.0004743179267758169,
    0.0007632033388297175,
    0.0005737823706599397,
    0.0009890381723245125
  ],
  "within_band": [
    [
      false,
      true,
      false,
      false
    ]
  ],
  "toy_seed": 274,
  "weights": [
    -0.006019006074717398,
    0.00607428877615477,
    -0.016585883692034026,
    0.024191921815315397,
    0.025278993576584093,
    -0.004518198108120553,
    0.027997639465488208,
    0.030075115490838716,
    -0.0004896060734208994,
    -0.007759185440149761,
    0.04585620522732127,
    0.015823308572958817,
    -0.016957641492894672,
    0.023738026843676586,
    -0.005578577830474356,
    0.01752119581435004,
    0.022575773539233412,
    0.0391181951521112,
    0.020811587027063462,
    0.04208687900765979,
    0.03529028953747985,
    0.015239432372176023,
    -0.002924418915268563,
    0.009304529572553063,
    -0.00939935999979013,
    0.0447382883238437,
    0.0011486963574179499,
    0.052203507773475474,
    -0.015273298864042004,
    -0.018012595615334748,
    0.004287563675868856,
    0.013223720820796465,
    0.01866663741871709,
    -0.007760010226720859,
    0.062490983457177414,
    0.018384394044169614,
    0.030433905678334375,
    0.040287583560045165,
    0.009293396197864198,
    0.004539482610682135,
    0.017129492108077658,
    0.033217160949988764,
    -0.030979159476250635,
    0.028498105423153428,
    0.008730693033106295,
    0.01570829501104578,
    0.03625583112102332,
    0.012931113036150941,
    0.040721712350825306,
    -0.0007006087124045028,
    0.029160846013437172,
    0.018354836093583092,
    0.013409411670364572,
    0.04900548081686674,
    0.01808941797360948,
    0.02275735865067845,
    0.020049294241174898,
    0.013512650554726193,
    0.015199027993645418,
    0.049550281745808694
  ],
  "sum weights": 1.0000049999750003
}