{
  "mu_target": [
    -0.5,
    0.6000000238418579,
    0.20000000298023224,
    -0.8999999761581421
  ],
  "mu_model": [
    [
      -0.5019092493159621,
      0.5994202809051438,
      0.20161823329885514,
      -0.8978996683949235
    ]
  ],
  "diff": [
    [
      0.001909249315962147,
      0.0005797429367141449,
      0.0016182303186229041,
      0.0021003077632185674
    ]
  ],
  "sigma_integral": [
    0.0004714526988809006,
    0.0007637472683078366,
    0.0005719057114047272,
    0.0009968838815363804
  ],
  "within_band": [
    [
      false,
      true,
      false,
      false
    ]
  ],
  "toy_seed": 240,
  "weights": [
    0.02168097637667415,
    0.010983267470269804,
    0.0049171273806262305,
    0.03272871440406328,
    0.03242065392716301,
    -0.01081130109621352,
    0.019837076399290422,
    0.029260011259980102,
    0.031283306150496466,
    -0.00363298632914824,
    0.05426504426677348,
    0.04157696702485122,
    -0.029323817831616777,
    0.011985132785504648,
    0.05967102074772365,
    0.02772591861363337,
    -0.019323475825445576,
    -0.001676785999690336,
    -0.005615090005779992,
    -0.0028061370208465096,
    0.021943025158295652,
    0.01389777009317878,
    0.01131242709405976,
    0.022533105660037942,
    -0.008250041350913541,
    0.054475304455028024,
    0.018521685750377655,
    0.04344722275402756,
    -0.03771846997323354,
    -0.01235653680275409,
    0.013690063146417868,
    0.03539726117077125,
    0.01355556131779625,
    0.016171987011405008,
    0.09060792943128108,
    0.036709740022089175,
    0.003341131604990776,
    0.03518211862869853,
    0.005590060320594303,
    0.000602542967182153,
    0.007977600071578547,
    0.026753936744240366,
    -0.04690661052292306,
    0.007532333177263495,
    0.006092223354841169,
    0.006118640622270463,
    0.021929982778637322,
    0.011752181624852162,
    0.013071752423335524,
    -0.014032129303328573,
    0.02870346871714119,
    0.042012080503527297,
    0.028944333873868733,
    0.007219283781857441,
    0.003127667700497662,
    0.08066447461660482,
    0.03188428657108493,
    0.01841845843141233,
    0.007646337009361322,
    0.027295186641237607
  ],
  "sum weights": 1.0000049999750003
}