{
  "mu_target": [
    -0.5,
    0.6000000238418579,
    0.20000000298023224,
    -0.8999999761581421
  ],
  "mu_model": [
    [
      -0.5012332166915474,
      0.5982240554786523,
      0.20171042843309173,
      -0.8980807969516872
    ]
  ],
  "diff": [
    [
      0.0012332166915474119,
      0.0017759683632055934,
      0.0017104254528594875,
      0.0019191792064549018
    ]
  ],
  "sigma_integral": [
    0.00047522341604696043,
    0.0007641242672787743,
    0.0005714042455589044,
    0.000986880431912162
  ],
  "within_band": [
    [
      false,
      false,
      false,
      false
    ]
  ],
  "toy_seed": 216,
  "weights": [
    -0.006988588965078081,
    0.0240632639647721,
    -0.012883390670558034,
    0.020875887449909397,
    0.01522701273560977,
    -0.014071865435427367,
    0.028066375394315907,
    0.05303493292293793,
    -0.008373069667982461,
    -0.0028755638894269447,
    0.058906723523654045,
    0.04792697786599533,
    -0.017935474314917762,
    0.03068992356102396,
    0.05499070407181568,
    0.01362779731442248,
    -0.0006333656172632171,
    0.0015090004974137256,
    0.009489832294840569,
    0.012605363386204582,
    0.0064821180446927185,
    0.011497381187000865,
    0.0021594394170338232,
    -0.013929444696446506,
    -0.007219625634388894,
    -0.0038609782377052302,
    0.041672793322518296,
    0.05744618175564275,
    -0.024435453913202253,
    -0.024634265090940907,
    0.024882895854673202,
    0.013894521800429724,
    0.0003306475397860398,
    -0.00139598600150104,
    0.0713231171345131,
    0.0064688263351569885,
    0.06085886331811947,
    0.08376446679768591,
    0.003910926965128172,
    -0.014053541023580196,
    0.04080948467860126,
    0.013130668538248555,
    -0.0263721497180119,
    0.0384941434177923,
    -0.005315289490910051,
    0.01931828068916534,
    0.0010940581995176528,
    0.03621214901934769,
    0.020448978075857997,
    -0.020436559652586794,
    0.016487158544543277,
    0.043060939727705465,
    0.036266776403395797,
    0.0417171719257057,
    0.029130703714911242,
    0.059136419275667484,
    0.009122953557754292,
    0.0054600225035991885,
    0.012859818405890447,
    0.026963910861927596
  ],
  "sum weights": 1.0000049999750003
}