{
  "mu_target": [
    -0.5,
    0.6000000238418579,
    0.20000000298023224,
    -0.8999999761581421
  ],
  "mu_model": [
    [
      -0.5018282807615788,
      0.5997236462236339,
      0.20049047690329772,
      -0.8992349235646035
    ]
  ],
  "diff": [
    [
      0.0018282807615788155,
      0.00027637761822396634,
      0.0004904739230654764,
      0.0007650525935385399
    ]
  ],
  "sigma_integral": [
    0.00047479949875171086,
    0.0007680455658651993,
    0.0005702081488757031,
    0.000992370508171308
  ],
  "within_band": [
    [
      false,
      true,
      true,
      true
    ]
  ],
  "toy_seed": 142,
  "weights": [
    0.014768727357500705,
    0.006152750932681264,
    -0.008169179889044224,
    0.00402731709920741,
    0.04695049465896571,
    0.0031835921224047316,
    0.007155426895041395,
    0.02490087442613309,
    0.058907019931267776,
    0.020312972991475248,
    0.05094749688427237,
    0.0156686148333998,
    -0.010224338518289279,
    0.03566295507335386,
    0.041268478721082254,
    0.04361777985113969,
    -0.008604939396007202,
    0.015739893555200665,
    0.014058919270072108,
    -0.0036510461195493203,
    0.021672885207596623,
    -0.007649544854303189,
    -0.002969033557820641,
    0.005243734166282297,
    0.022073646333955192,
    0.02081579326678663,
    0.03206492123351671,
    0.0646984272747107,
    -0.020178325089516665,
    0.013762166062553722,
    0.008689485455730664,
    0.011067527728683465,
    -0.0012955503960638698,
    -0.015301884442323338,
    0.05179441829152319,
    0.03247488608159727,
    0.03810263838479068,
    0.035382927105989476,
    0.0042014704855143645,
    -0.01506255012612071,
    0.013402016023623665,
    0.019787451745669506,
    -0.05478225410289603,
    0.03190489583154025,
    0.02041491639615533,
    0.017096572313825397,
    0.022473900340654954,
    0.03160977282156512,
    -0.00048528423360732565,
    0.004251278766299439,
    0.012094343107662203,
    0.018686712584028462,
    0.013892620200954948,
    0.06447574753380862,
    0.009801649954099469,
    0.043604733048643575,
    0.02047666427460061,
    0.013616463187665085,
    0.013216804097876747,
    0.012204146756105606
  ],
  "sum weights": 1.0000049999416663
}