{
  "mu_target": [
    -0.5,
    0.6000000238418579,
    0.20000000298023224,
    -0.8999999761581421
  ],
  "mu_model": [
    [
      -0.5010718138788272,
      0.600376347413526,
      0.2003235630889509,
      -0.8975363354077858
    ]
  ],
  "diff": [
    [
      0.0010718138788271547,
      0.00037632357166805797,
      0.00032356010871867347,
      0.002463640750356322
    ]
  ],
  "sigma_integral": [
    0.00047314030210773665,
    0.0007645193635239878,
    0.0005664592216212127,
    0.0009889936167557047
  ],
  "within_band": [
    [
      false,
      true,
      true,
      false
    ]
  ],
  "toy_seed": 266,
  "weights": [
    0.012720504386539093,
    -0.024970921423076352,
    -0.018136422921368245,
    -0.005079003651393197,
    0.017311632194488672,
    0.0003291379106977732,
    0.03135372611237158,
    0.01375207440816434,
    0.047411206648779396,
    0.015586056162213896,
    0.040589403150883156,
    0.04933317294176757,
    -0.011537119392837246,
    0.04403245312514281,
    0.04001705726284034,
    0.01623716152503419,
    0.0016050920155761587,
    0.014977160293083294,
    0.016019718820324488,
    0.017499383148839854,
    0.01198100745043317,
    0.016710375643953987,
    0.016073876367639895,
    0.01965994689579712,
    0.013929981003339831,
    0.007390894271046244,
    0.017934061761744086,
    0.05366434349259963,
    -0.014752480362944452,
    -0.00901599130735684,
    0.012184691862488774,
    0.03081340619925038,
    -0.026394352491148017,
    0.010557141101124056,
    0.06049601933864814,
    0.025181865310436116,
    0.05006489268986782,
    0.037860880485105455,
    0.007822273748629635,
    -0.030662574407447178,
    0.050222623712134866,
    0.024589150286431882,
    -0.046449971021690545,
    0.022030748887123693,
    -0.0029514612034425578,
    0.0031763120860790173,
    0.011915551596678196,
    0.017207603269038467,
    0.012016666525983261,
    -0.008185577927207305,
    0.032420857349048086,
    0.025130967742220414,
    0.022351942896398122,
    0.05241780881055841,
    0.028735566734216053,
    0.06779336081603704,
    -0.0013357610753545256,
    0.006807432391580614,
    0.004170195910628321,
    0.04738925041725912
  ],
  "sum weights": 1.000004999975
}