{
  "mu_target": [
    -0.5,
    0.6000000238418579,
    0.20000000298023224,
    -0.8999999761581421
  ],
  "mu_model": [
    [
      -0.5012518731670499,
      0.5996329792851574,
      0.20100258479898833,
      -0.8984229733462599
    ]
  ],
  "diff": [
    [
      0.0012518731670498884,
      0.0003670445567005576,
      0.001002581818756093,
      0.0015770028118822221
    ]
  ],
  "sigma_integral": [
    0.00047685095899417543,
    0.0007705441371225945,
    0.0005694428696850191,
    0.0009929825206782714
  ],
  "within_band": [
    [
      false,
      true,
      false,
      false
    ]
  ],
  "toy_seed": 183,
  "weights": [
    0.017708103055137137,
    -0.0033567208237024995,
    -0.003197462867724277,
    0.016478902733558745,
    0.025844119549865825,
    -0.005623283701123522,
    0.029318283978988835,
    0.03401738700118488,
    0.02650902787518697,
    -0.00011920529772053449,
    0.04101404288176462,
    0.012006257918772769,
    -0.03546562552560765,
    0.017069083326287725,
    0.0035722052163842627,
    0.007839920079464487,
    -0.009092816696704883,
    0.024089298497600546,
    0.008186804376010107,
    0.0015054338177740024,
    0.011903493413892954,
    0.006558438768600393,
    -0.0038714943621182525,
    0.011215342742844208,
    0.022643089046800267,
    0.026589457252519617,
    0.009098814163510235,
    0.047997135944728216,
    -0.023519818460735552,
    -0.010822645069230877,
    0.03566720893591418,
    0.008435498203285551,
    0.01779696812023865,
    0.0009541014126621145,
    0.029588326419194285,
    0.04172310871128285,
    0.021209337491141657,
    0.019902575808880427,
    -0.0031895902206238386,
    -0.001652802585227128,
    0.036834168010380086,
    -0.0076297616425907685,
    -0.03202832714547681,
    0.0646157779529119,
    0.018853857324279064,
    0.014830451495241995,
    0.020376278705484037,
    0.03089776517276101,
    0.026100273693949502,
    0.020269717248312592,
    0.04877978056403625,
    0.054368704062978584,
    0.015541422060982095,
    0.06766575881421842,
    0.04643643002327156,
    0.06934036248016585,
    -0.01097337918276662,
    -0.00029891271536457793,
    0.019341055448734802,
    0.020153276470533433
  ],
  "sum weights": 1.0000049999749998
}