{
  "mu_target": [
    -0.5,
    0.6000000238418579,
    0.20000000298023224,
    -0.8999999761581421
  ],
  "mu_model": [
    [
      -0.5011801279970904,
      0.5999075660610347,
      0.20169417834591258,
      -0.8998468798383333
    ]
  ],
  "diff": [
    [
      0.001180127997090441,
      9.245778082322964e-05,
      0.0016941753656803393,
      0.00015309631980875427
    ]
  ],
  "sigma_integral": [
    0.00047311289481125616,
    0.0007653718684187621,
    0.0005687359641026704,
    0.0009913720066219984
  ],
  "within_band": [
    [
      false,
      true,
      false,
      true
    ]
  ],
  "toy_seed": 99,
  "weights": [
    0.005833007939198988,
    0.004367956181139479,
    0.0029643407646712853,
    -0.03536331398546207,
    0.00037909367980228044,
    -8.994129241461071e-05,
    0.03828515612035565,
    0.021120225384393614,
    0.017126493651051563,
    -0.0035502027472465955,
    0.07236431146556813,
    0.01793678763723747,
    -0.02328052584436625,
    0.038005280043208155,
    0.04602814171192594,
    0.01858403167629006,
    -0.01431160098138502,
    0.02981785152295388,
    0.02681684447114337,
    0.02563910955647437,
    0.016407435994109622,
    0.01776052045046589,
    -0.0060181612593901155,
    0.0008571813305753107,
    -0.01244004433448731,
    0.019140118722060204,
    0.02535419396563629,
    0.04881027943761499,
    -0.005299966394238308,
    0.01864397109279968,
    0.024777476331680405,
    0.004786990722547898,
    -0.005883158695342681,
    -0.0023618977688839664,
    0.05106162293907384,
    0.03681568414450396,
    0.047656996933026746,
    0.04751431420122818,
    0.006785928651983843,
    -0.018466852797860363,
    0.03959680068807745,
    0.026366190476026403,
    -0.0663657558740755,
    0.02393429792765296,
    0.00027746648397322654,
    0.0010670457713044313,
    0.0549316919873192,
    0.012664896785394661,
    0.01168020307709571,
    -0.0194153011659505,
    0.0333905982210552,
    0.016956711816193168,
    0.01442185696104673,
    0.06639638858582572,
    0.019145367972789068,
    0.07104003311090919,
    0.013556646651933017,
    0.031032789797927125,
    0.009401838152704267,
    0.03534955192615501
  ],
  "sum weights": 1.0000049999750003
}