{
  "mu_target": [
    -0.5,
    0.6000000238418579,
    0.20000000298023224,
    -0.8999999761581421
  ],
  "mu_model": [
    [
      -0.5010204871483351,
      0.5998984729438591,
      0.2023391635129488,
      -0.8998850282160199
    ]
  ],
  "diff": [
    [
      0.0010204871483351363,
      0.00010155089799879224,
      0.002339160532716572,
      0.00011494794212218995
    ]
  ],
  "sigma_integral": [
    0.00047670689585632134,
    0.0007640731337744829,
    0.0005768799942037842,
    0.00099820560636657
  ],
  "within_band": [
    [
      false,
      true,
      false,
      true
    ]
  ],
  "toy_seed": 40,
  "weights": [
    -0.004478635077091193,
    0.015357695104939062,
    0.00260273076433035,
    -0.013054931999930732,
    0.03192835713229033,
    -0.007729989622698957,
    0.0010040271218022378,
    0.035113669533887684,
    0.04470945528534739,
    -0.014798033717121194,
    0.06313694269657957,
    0.012981170050648356,
    -0.003463273718452647,
    0.024987437696891088,
    0.030693535852121433,
    0.028190057291407323,
    0.01894791442400686,
    -0.0067528933427566384,
    0.015368724706657714,
    0.04059949680589624,
    0.02752514457859168,
    0.0202899086190809,
    -0.0024189076323481926,
    0.025404123020578737,
    0.0034259435424957027,
    0.008721341642931757,
    0.005479486355129875,
    0.04224780973600509,
    -0.020257509809352803,
    0.010261498109590922,
    0.045451357828137535,
    0.01148480092613841,
    -0.003589616435938316,
    0.017290077232717763,
    0.05490310152364615,
    0.008386235889692993,
    0.015539715413999572,
    0.035585304469008296,
    -0.018633126097097746,
    0.00048744693480834217,
    0.02830972985634903,
    -0.0031358097635709988,
    -0.026780294562327032,
    0.033145548047187556,
    0.008508187040320546,
    0.015052709747157647,
    0.03541624494726671,
    0.020294926608669786,
    0.028089007146762997,
    0.008608323734620909,
    0.03393310750662486,
    0.03451457204492345,
    0.04530421171006287,
    0.046601626629849416,
    -0.001828219473755792,
    0.04901892988154934,
    0.015245145189713517,
    -0.0035717688295516066,
    0.008021634522767138,
    0.02232959515380844
  ],
  "sum weights": 1.0000049999749998
}