{
  "mu_target": [
    -0.5,
    0.6000000238418579,
    0.20000000298023224,
    -0.8999999761581421
  ],
  "mu_model": [
    [
      -0.5013607771461182,
      0.6005250229823085,
      0.20115842304786632,
      -0.8992491851833033
    ]
  ],
  "diff": [
    [
      0.0013607771461181528,
      0.0005249991404505661,
      0.0011584200676340861,
      0.0007507909748387664
    ]
  ],
  "sigma_integral": [
    0.0004739733996722722,
    0.0007657634771424113,
    0.0005708852181153678,
    0.0009876741140310767
  ],
  "within_band": [
    [
      false,
      true,
      false,
      true
    ]
  ],
  "toy_seed": 44,
  "weights": [
    0.010699798925433197,
    0.025833914300878412,
    -0.005041247031385011,
    -0.01160500429124774,
    0.00944717763963723,
    -0.011596867004144498,
    0.02862397403493176,
    0.03174930656803646,
    0.033915078014696745,
    0.02134937278901904,
    0.03336776418500728,
    0.024164665117084903,
    -0.0014557502730747688,
    0.028097765421603967,
    0.04320219397969931,
    0.011515031428265583,
    -0.026423570839680256,
    0.010548570789472096,
    0.010987219690389311,
    0.025898258066209226,
    0.016734306582086522,
    0.012509134931435666,
    0.01989795778629042,
    0.01160118503667799,
    -0.0012962714898604921,
    0.022485795140003487,
    0.01738985063621865,
    0.06645365608936614,
    -0.0014521515385139494,
    -0.0020356550313991315,
    0.017356696267228043,
    0.018068230832382175,
    0.006195300713279251,
    -0.006834243412715482,
    0.0748301508484898,
    0.027983444484534117,
    0.0077832901045013555,
    0.03744814986804684,
    0.024476694970489217,
    -0.005027764735732604,
    0.011323778872237853,
    0.017150621984903885,
    -0.057344482186012596,
    0.03683705400987089,
    0.032376557215013375,
    0.032497191767258266,
    0.06147078272103458,
    -0.023574564836877702,
    0.022948272631526885,
    -0.008185109842874577,
    0.031076995247969117,
    0.037788864178919565,
    0.003463116008529084,
    0.018739519312706673,
    0.024265556522866612,
    0.04535487818759702,
    0.015046828110768858,
    0.011310948410869963,
    -0.0011303110014233024,
    0.030743093033142137
  ],
  "sum weights": 1.000004999941667
}