{
  "mu_target": [
    -0.5,
    0.6000000238418579,
    0.20000000298023224,
    -0.8999999761581421
  ],
  "mu_model": [
    [
      -0.501495650893324,
      0.6002919279765524,
      0.20148703107268842,
      -0.8989986863266972
    ]
  ],
  "diff": [
    [
      0.0014956508933240409,
      0.0002919041346944873,
      0.001487028092456183,
      0.0010012898314448737
    ]
  ],
  "sigma_integral": [
    0.00047133161760082196,
    0.0007549960569922846,
    0.0005677877124440539,
    0.0009813146923744326
  ],
  "within_band": [
    [
      false,
      true,
      false,
      false
    ]
  ],
  "toy_seed": 173,
  "weights": [
    -0.002326329638636341,
    -0.01971161661037812,
    -0.018717846313685397,
    0.0009488966605422002,
    0.015938229502789954,
    -0.006154641457355314,
    0.004838196808777422,
    0.044876984602660354,
    0.02129669384684148,
    0.009667574826656436,
    0.05230847160408002,
    0.013112245115324017,
    -0.021711333280753062,
    0.018577469637187923,
    0.023455463557197444,
    0.01654494437814066,
    -0.03488920865901584,
    0.029616829640093226,
    0.02412716547148124,
    0.03858216565806111,
    0.008051838883131525,
    0.020058494861133182,
    0.02993878055689572,
    -0.02352317309095963,
    0.01294472127130271,
    0.05565432124078024,
    0.020756139691446476,
    0.05242691245430266,
    -0.02739299606589957,
    0.011327682849542504,
    -0.0010372317249771291,
    0.01010237211181257,
    -0.004967435472831955,
    0.0061850734292534775,
    0.04367624067152394,
    0.028133348388115806,
    0.01815719417249379,
    0.06858102762914772,
    -0.0022797902604143796,
    -0.0006811038667826341,
    0.0339676222056716,
    0.03576618414192306,
    -0.022969085958397504,
    0.029341435906894104,
    0.013726694936162945,
    0.016636936583089117,
    0.0500236184906228,
    0.019188297078408755,
    0.033983024505963855,
    -0.006810411502699774,
    0.018768543446384497,
    0.024927856467818137,
    0.021161734323925596,
    0.05371334044832026,
    0.029449364518284133,
    0.03260288938864973,
    0.008668638694380743,
    0.006282110061392465,
    0.00773380323126865,
    0.05734962992791067
  ],
  "sum weights": 1.0000049999750003
}