{
  "mu_target": [
    -0.5,
    0.6000000238418579,
    0.20000000298023224,
    -0.8999999761581421
  ],
  "mu_model": [
    [
      -0.5018433783796915,
      0.5992305285664838,
      0.20074330770929524,
      -0.9006504279518931
    ]
  ],
  "diff": [
    [
      0.001843378379691507,
      0.0007694952753740658,
      0.0007433047290630046,
      0.0006504517937510057
    ]
  ],
  "sigma_integral": [
    0.00047326092428826195,
    0.0007627020074847334,
    0.0005697974754721243,
    0.0009907714022167364
  ],
  "within_band": [
    [
      false,
      false,
      false,
      true
    ]
  ],
  "toy_seed": 102,
  "weights": [
    -0.010594044570127529,
    -0.010164312658581625,
    -0.0034300895735059336,
    0.01067112252964068,
    0.007928584128779554,
    -0.020691265565977796,
    0.022504386673447212,
    0.0249128236353396,
    0.028991916350060553,
    0.018349302195861318,
    0.04644036616138617,
    0.02360585831793354,
    -0.021967838337762554,
    0.03262512626868321,
    0.033373701817419846,
    0.016739905262595122,
    0.01773184338828876,
    0.02237103168864775,
    -0.0036325639882379456,
    0.05009339421559549,
    0.004528292923680248,
    -0.021094029295151084,
    0.023679767923052757,
    0.019720834486094886,
    0.01764702713247124,
    0.007510374708815284,
    0.016387119182658304,
    0.04529599493446441,
    -0.018468794469474588,
    -0.01806832051774342,
    0.031173980822828153,
    0.021700752048790677,
    0.0011117095632298829,
    -0.0038276308010869,
    0.07820323284752101,
    0.017744845820850987,
    0.031217956597415972,
    0.03545891622369294,
    0.005685227198879178,
    0.009029921589812183,
    0.00586485553810044,
    0.03243012200418754,
    -0.03436110646775625,
    0.04620023869332286,
    0.01780478342321472,
    0.008263230604674262,
    0.015435490329181794,
    0.02486724330314224,
    -0.0018159771661651245,
    0.026792251170163945,
    0.037377936313987996,
    0.024056659455677414,
    0.02398163316047608,
    0.032903890590005445,
    0.019078459454452013,
    0.05006952574716583,
    -0.0028082528200058035,
    0.015967999317782988,
    0.017045800889658392,
    0.05035378957343982
  ],
  "sum weights": 1.000004999974994
}