{
  "mu_target": [
    -0.5,
    0.6000000238418579,
    0.20000000298023224,
    -0.8999999761581421
  ],
  "mu_model": [
    [
      -0.5011364444336942,
      0.5995132867016721,
      0.20060646861245945,
      -0.900175282672727
    ]
  ],
  "diff": [
    [
      0.0011364444336942059,
      0.00048673714018576675,
      0.0006064656322272155,
      0.0001753065145848609
    ]
  ],
  "sigma_integral": [
    0.00047529322421016547,
    0.0007693718265272831,
    0.000572972427841691,
    0.0009970634064873443
  ],
  "within_band": [
    [
      false,
      true,
      false,
      true
    ]
  ],
  "toy_seed": 85,
  "weights": [
    0.004098085160830977,
    0.019463978841910017,
    -0.0015964085813638153,
    0.009257448273761293,
    0.025336389469990468,
    -0.04185001797264585,
    0.03482551955940593,
    0.0345612093736596,
    0.05385823475112691,
    0.01222964975430364,
    0.03703919632904684,
    0.016473381299471797,
    0.012424184998924746,
    0.032395366920860265,
    0.021492202103487165,
    0.0010538541167294233,
    -0.010723586468347219,
    0.04059030019878684,
    0.021593205579235487,
    0.029389120308778223,
    -0.009892731722201637,
    -0.00031191444682531725,
    0.019326164770801138,
    -0.012445916591313244,
    -0.007269422300481399,
    0.02361473461803475,
    0.02953384317084209,
    0.05844734879607089,
    -0.01014826701445138,
    0.003909269469020042,
    0.054157268308096376,
    0.03134635283619772,
    -0.02557283900872948,
    0.0030592862227092773,
    0.07714765513053333,
    3.969166478941241e-06,
    0.019754603167254196,
    0.043495789026707254,
    0.000898641040204341,
    -0.003652881139308676,
    -9.891490250481574e-05,
    0.00914004377071041,
    -0.04170075495634397,
    0.029169813406853942,
    -0.002217192710892764,
    0.007834764876699577,
    0.02811020102044796,
    0.04769658118392776,
    0.020887970265258307,
    0.01248807273668615,
    0.008872342772111994,
    0.022424083739174233,
    0.011076534948820684,
    0.05379256219045005,
    0.009570331470582037,
    0.06762208327853615,
    0.025015336582140352,
    -0.009066904698493361,
    0.002666862990666414,
    0.04940891449257715
  ],
  "sum weights": 1.0000049999750003
}