{
  "mu_target": [
    -0.5,
    0.6000000238418579,
    0.20000000298023224,
    -0.8999999761581421
  ],
  "mu_model": [
    [
      -0.5015790471731206,
      0.5988939438711925,
      0.2006892222167532,
      -0.8981893141116044
    ]
  ],
  "diff": [
    [
      0.001579047173120629,
      0.0011060799706653635,
      0.0006892192365209604,
      0.001810662046537681
    ]
  ],
  "sigma_integral": [
    0.00047478470360782604,
    0.0007642116150248726,
    0.0005720427311089002,
    0.0009862129135202865
  ],
  "within_band": [
    [
      false,
      false,
      false,
      false
    ]
  ],
  "toy_seed": 121,
  "weights": [
    0.014961240680368908,
    0.004012336766341962,
    -0.00459752134859317,
    0.01226086699192583,
    0.011245039032969304,
    -0.007262474663277021,
    0.01645113175161534,
    0.05500254521975803,
    0.019503921703864963,
    0.02352059731895072,
    0.01953264607452123,
    0.015809962596579193,
    -0.02648352293590486,
    0.051245149360846606,
    0.04318017669413839,
    0.013775142987464871,
    -0.015741869467826422,
    0.02699538149913932,
    0.017105168787358863,
    0.024452344405895624,
    -0.0005904317705816859,
    4.0845736730654475e-05,
    0.0003810170189602887,
    0.0029705475286250704,
    0.009956761871496762,
    0.03306228309079891,
    0.019838719088228565,
    0.07125748651913687,
    -0.025943280107687393,
    -0.002470361391443417,
    0.01802045309302489,
    0.03145010089584834,
    -0.012928563254850948,
    -0.002128661781267145,
    0.07980109455229356,
    0.03459318641681126,
    0.02103537329574462,
    0.06284437132939731,
    -0.010327262008335177,
    0.004002836333024877,
    0.03844480520674293,
    0.02435102686674882,
    -0.033293727335866476,
    0.026903352996177465,
    0.04136084178927902,
    0.009466979808034905,
    0.03341772305343015,
    0.002999596485013474,
    0.04551120229192369,
    -0.019160112728591968,
    0.02563010844679245,
    0.04290041882421184,
    0.0074260632551633905,
    0.032471122712734765,
    0.03510107402467922,
    0.03002605134646672,
    0.009968025444188818,
    -0.007428915532195446,
    -0.01219080126993895,
    0.01626538437791159
  ],
  "sum weights": 1.0000049999750003
}