{
  "mu_target": [
    -0.5,
    0.6000000238418579,
    0.20000000298023224,
    -0.8999999761581421
  ],
  "mu_model": [
    [
      -0.5010967926625407,
      0.6004755986216095,
      0.20133057160242185,
      -0.8994461467544533
    ]
  ],
  "diff": [
    [
      0.001096792662540702,
      0.00047557477975157525,
      0.0013305686221896096,
      0.0005538294036887548
    ]
  ],
  "sigma_integral": [
    0.00047187316793779045,
    0.0007625887499320389,
    0.000570313041573548,
    0.000987218845433502
  ],
  "within_band": [
    [
      false,
      true,
      false,
      true
    ]
  ],
  "toy_seed": 35,
  "weights": [
    -0.017847312710945855,
    0.010203071976489486,
    -0.002728154382545787,
    0.004825702492237118,
    -0.009150998369485151,
    0.003402029303489195,
    0.027362058011722732,
    0.03565785780064459,
    0.03650618924507393,
    0.01936327992583199,
    0.06937130888075033,
    0.018414273922206317,
    -0.008421613092419542,
    0.016801449835161603,
    0.024499146028757638,
    0.004855837983916219,
    -0.01468246752737396,
    0.030715663357984934,
    0.0146873095033197,
    0.009234573395404597,
    0.021939553479807278,
    -0.02827472001161992,
    -0.008694773583242447,
    0.0310460870886245,
    -0.01165263298697789,
    0.040347319813919764,
    0.0219582582113206,
    0.06254364823480049,
    -0.007092472009558609,
    0.01204499641123185,
    0.021032325756902327,
    0.006446306094635442,
    -0.018152506766511364,
    -0.026539621893887606,
    0.06534349231944107,
    0.020728514357976877,
    0.021431913268627277,
    0.06754976093566219,
    7.065033309758694e-05,
    -0.021810486082005767,
    0.01112451069799326,
    0.034792697643715155,
    -0.020806498670904672,
    0.024257418842508344,
    0.011571363956557935,
    0.0397792974455559,
    0.03759238858451777,
    0.001749997472139566,
    0.021671032028668373,
    -0.007447723448551074,
    0.033792698747582284,
    0.04162400207873053,
    0.014143672638210536,
    0.058195904830528604,
    0.013024554207825908,
    0.07569258242700654,
    0.033867528043694535,
    -0.004308854977311689,
    0.01940851367778759,
    0.016945095196281037
  ],
  "sum weights": 1.0000049999750003
}