{
  "mu_target": [
    -0.5,
    0.6000000238418579,
    0.20000000298023224,
    -0.8999999761581421
  ],
  "mu_model": [
    [
      -0.5007518113563173,
      0.5994099216665562,
      0.2009339260186979,
      -0.8995526250417079
    ]
  ],
  "diff": [
    [
      0.0007518113563173001,
      0.0005901021753017544,
      0.0009339230384656505,
      0.00044735111643423586
    ]
  ],
  "sigma_integral": [
    0.0004740600230914223,
    0.0007671258504725519,
    0.0005714739471221965,
    0.0009900319101303016
  ],
  "within_band": [
    [
      false,
      true,
      false,
      true
    ]
  ],
  "toy_seed": 210,
  "weights": [
    0.020637474412817863,
    0.01051506958819913,
    0.00028846991880617396,
    -0.00108532124142396,
    0.015165974501511248,
    -0.03152357414039148,
    0.028148472006709058,
    0.012715357707037609,
    0.04504941485977204,
    0.036266616267498664,
    0.0655218180434185,
    0.012379261105952166,
    -0.033184938501011375,
    0.03920098442453045,
    0.052610416203434034,
    0.008579912681197977,
    -0.02196763875861421,
    0.010849120966233172,
    0.020504581466303642,
    0.011601412535584273,
    0.026967515630716032,
    -0.015564975216542067,
    0.005928846256165193,
    0.010074819138482615,
    0.01198303768662701,
    0.02187767924125203,
    0.011981549159441916,
    0.04733887528746422,
    -0.034348005694565455,
    -0.006474268704819512,
    0.02237176969024074,
    0.029034861191666282,
    -0.007563674846369424,
    0.01550199225932123,
    0.06974844506263461,
    0.023905622343413476,
    0.034152568647532015,
    0.049036525866049466,
    0.015426075394167032,
    -0.012264274977988337,
    0.02951105961999242,
    0.02638310932405844,
    -0.032285523679182,
    0.04666568930770041,
    -0.005251980605127642,
    -0.0037339110543831485,
    0.004292495324243313,
    0.006157328977759443,
    0.029066467989413272,
    0.020990024542693195,
    0.021937224300614854,
    0.013155582894414646,
    0.024293408898441813,
    0.05926607647466359,
    0.035470978759188934,
    0.04680731211225863,
    0.008874821373577198,
    0.006670218030569586,
    0.01177008338255682,
    0.028576666505758113
  ],
  "sum weights": 1.000004999941666
}