{
  "mu_target": [
    -0.5,
    0.6000000238418579,
    0.20000000298023224,
    -0.8999999761581421
  ],
  "mu_model": [
    [
      -0.5012094282717529,
      0.5988150203291843,
      0.2010914299706432,
      -0.8996014157504035
    ]
  ],
  "diff": [
    [
      0.0012094282717528548,
      0.001185003512673588,
      0.0010914269904109541,
      0.0003985604077385574
    ]
  ],
  "sigma_integral": [
    0.0004735232129592381,
    0.0007651762273481482,
    0.0005719816035850109,
    0.000982485549965103
  ],
  "within_band": [
    [
      false,
      false,
      false,
      true
    ]
  ],
  "toy_seed": 270,
  "weights": [
    0.007724190735766936,
    0.003126447688167165,
    -0.015254894892182565,
    0.016069222618411733,
    0.011101427568063624,
    -0.02265827006784212,
    0.004157285730976355,
    0.0383147884133887,
    0.015599449213523853,
    0.029100876707891993,
    0.037029553171978556,
    0.01735759601215381,
    -0.008462080165366091,
    0.03264569646908189,
    0.02662583481483096,
    0.013354152676076649,
    -0.006850876507740673,
    0.0025481778979859057,
    -0.00250633612644698,
    0.021283625796033857,
    0.021077053068517496,
    -0.0001581597952053419,
    0.027470873271526995,
    -0.031151623022623653,
    -9.52050394835073e-06,
    0.03281063253464238,
    0.020679111174068374,
    0.057191779981332784,
    -0.005055071694110514,
    -0.007001011848501284,
    0.04335187589429513,
    0.02169604440335867,
    -0.03198306800245979,
    -0.008306851056361371,
    0.05999523334838715,
    0.0360788734480302,
    0.017046974353699382,
    0.04309498302922265,
    0.011098575325615909,
    0.006795057151849793,
    0.031761751342225884,
    0.03830754140347648,
    -0.048759582291967835,
    0.02771151252289944,
    0.001787752845597787,
    0.018007409195394043,
    0.03378848971302999,
    -0.004967350077730125,
    0.02968748567010224,
    0.0036002678980481813,
    0.03735078628814585,
    0.044358377743569634,
    0.02127106401169507,
    0.032026791814597985,
    0.07628466177101911,
    0.04585186610731097,
    0.015307084931872135,
    0.021512302088870127,
    0.011202453357004953,
    0.02888670482374821
  ],
  "sum weights": 1.0000049999750003
}