{
  "mu_target": [
    -0.5,
    0.6000000238418579,
    0.20000000298023224,
    -0.8999999761581421
  ],
  "mu_model": [
    [
      -0.5015320936386376,
      0.6008406284135618,
      0.20071021866959363,
      -0.8994689352260911
    ]
  ],
  "diff": [
    [
      0.0015320936386375994,
      0.0008406045717038735,
      0.0007102156893613876,
      0.0005310409320510301
    ]
  ],
  "sigma_integral": [
    0.00047479065800562525,
    0.0007695853315455485,
    0.0005697676488083678,
    0.000987853876727275
  ],
  "within_band": [
    [
      false,
      false,
      false,
      true
    ]
  ],
  "toy_seed": 211,
  "weights": [
    0.00902224706232656,
    -0.01282062213517362,
    0.0023287843255438705,
    -0.005622964736294429,
    0.025900443174148857,
    -0.007633288602834911,
    0.04042745324774055,
    0.04459845896947877,
    0.045346532840062036,
    0.013059231157655593,
    0.026844211765069157,
    0.017816350131769985,
    -0.00818583633720114,
    0.02754915560419595,
    0.04804273182028228,
    0.02206432438466892,
    -0.01050366807536082,
    0.006236297143073403,
    4.464096233144742e-05,
    0.03648236736389412,
    0.007890213251503577,
    0.003879254689057708,
    -0.015760975602171413,
    -0.009229775535088842,
    -0.0014289067800145236,
    0.06407389970725558,
    0.004814028905818838,
    0.06889146129827096,
    -0.012499114197314885,
    -0.012083547276919107,
    0.0065956101334600755,
    0.020231681783529357,
    -0.008395204249736525,
    -0.008295415561279117,
    0.04286698285706327,
    0.024485962012790633,
    0.027139450838531008,
    0.051916206303767386,
    -0.016158245209422273,
    -0.0053216772602023826,
    0.04233420186898587,
    0.020567249805073223,
    -0.04427698970478113,
    0.0199237833591101,
    0.017500097475945806,
    0.006471746373596704,
    0.039624745979727705,
    0.05304325391789357,
    0.03900807672825208,
    0.0005709343509868236,
    0.013956799757125224,
    0.018936219158594506,
    0.005521872062104826,
    0.057559492192497695,
    0.02848786455309342,
    0.03816777668273069,
    0.010679548843605691,
    0.017905027418184387,
    0.0048241043391258134,
    0.05459045463887128
  ],
  "sum weights": 1.0000049999750003
}