{
  "mu_target": [
    -0.5,
    0.6000000238418579,
    0.20000000298023224,
    -0.8999999761581421
  ],
  "mu_model": [
    [
      -0.5008383233309651,
      0.6001846221176832,
      0.2012062917951118,
      -0.8983779808495508
    ]
  ],
  "diff": [
    [
      0.0008383233309651184,
      0.00018459827582528732,
      0.0012062888148795525,
      0.0016219953085913064
    ]
  ],
  "sigma_integral": [
    0.00047441218546344577,
    0.0007682693674393746,
    0.0005675509575395851,
    0.0009891725939476833
  ],
  "within_band": [
    [
      false,
      true,
      false,
      false
    ]
  ],
  "toy_seed": 0,
  "weights": [
    -0.001528227255221851,
    0.0003320804492237602,
    0.0045783245775664234,
    0.00042676038259458393,
    0.01780896450241632,
    -0.004968952033206967,
    0.02390732370235174,
    0.01493328905173627,
    0.03437542988072932,
    0.003292234489139908,
    0.04821723784061064,
    0.01103079995085479,
    -0.001196299358770318,
    0.013531824150492412,
    0.03739502375727035,
    0.041171875871562964,
    -0.0061329037515393545,
    0.048420442732045904,
    0.03233946209357726,
    0.026330266057474988,
    0.019956379936102518,
    0.010251383250842325,
    0.006967004467782067,
    0.009821907553557212,
    0.009727300439834394,
    0.028685237493290435,
    0.02681278047578473,
    0.026688273891897388,
    -0.03691261635527443,
    -0.029314136430204512,
    0.003973749747474625,
    0.002448620673708467,
    -0.009979718430458197,
    0.01054132423354415,
    0.07450955384634025,
    0.015550963732136895,
    0.04001743964801722,
    0.06145366560155491,
    0.006544600881476828,
    0.0013877329424658177,
    0.008551338546761721,
    0.021342893444692018,
    -0.040223923650209055,
    0.04113671213053558,
    0.011307235757241168,
    0.022736803330150126,
    0.03994672563912937,
    0.008527568689910765,
    0.03897736238220788,
    -0.00980819154323521,
    0.038951838101416,
    0.01957574553526586,
    -0.01611572247244329,
    0.03512659427415787,
    0.018430568083496437,
    0.060369265366163646,
    0.001596397590336226,
    0.00018606199607321602,
    0.018104272236721192,
    0.05788904984584635
  ],
  "sum weights": 1.0000049999750003
}