{
  "mu_target": [
    -0.5,
    0.6000000238418579,
    0.20000000298023224,
    -0.8999999761581421
  ],
  "mu_model": [
    [
      -0.5027175093638763,
      0.5988182727322826,
      0.20176034008104896,
      -0.9001712487079564
    ]
  ],
  "diff": [
    [
      0.0027175093638762693,
      0.001181751109575302,
      0.0017603371008167168,
      0.00017127254981430529
    ]
  ],
  "sigma_integral": [
    0.00047247095866536276,
    0.000761936411305282,
    0.0005742773114226845,
    0.000997452408993222
  ],
  "within_band": [
    [
      false,
      false,
      false,
      true
    ]
  ],
  "toy_seed": 156,
  "weights": [
    0.002041296759420778,
    0.016846862481432055,
    0.00663120532082137,
    0.02320769361119024,
    0.0047321700168472085,
    -0.01160278613827717,
    0.028299485987567114,
    0.062017548107060685,
    0.017388267384838684,
    0.006302459229571295,
    0.037513251962926854,
    0.026141249307397755,
    -0.013534050534951488,
    0.01287338811205173,
    0.02224811158301716,
    0.02566809137652511,
    0.013192947048428098,
    0.02978497808270838,
    0.002447378572780994,
    -0.0023733192026206625,
    0.014599725155611504,
    0.0037725076229284077,
    0.025249816751837028,
    0.012356608529056845,
    0.004674979822950506,
    0.0367091090627244,
    0.019508562603928522,
    0.07077865689208539,
    -0.024365252457685633,
    -0.017643647494461498,
    0.00737168008241886,
    -0.006396230632777118,
    -0.0064663637237024965,
    0.022720973814096223,
    0.05723136235529456,
    0.02787265323716069,
    0.006102980191211237,
    0.03513562950061561,
    0.0026971758678515922,
    -0.006653687995914034,
    0.032717453556716264,
    0.01952450874827911,
    -0.051122765818029554,
    0.012724888733510709,
    -0.006987701859328951,
    -0.003211985924153123,
    0.01997138249192138,
    0.030910245356326426,
    0.024328561614845264,
    0.0034298428262747645,
    0.0242982124359521,
    0.037694129055756524,
    0.018346998129963085,
    0.06900475805273819,
    0.025659096174241766,
    0.08285804071908352,
    -0.002346014435401863,
    0.01787745396410364,
    0.01187141208594196,
    0.03737301574562581
  ],
  "sum weights": 1.0000049999083338
}