{
  "mu_target": [
    -0.5,
    0.6000000238418579,
    0.20000000298023224,
    -0.8999999761581421
  ],
  "mu_model": [
    [
      -0.5012323749820615,
      0.5976447862521935,
      0.20098292065131076,
      -0.8989822615995012
    ]
  ],
  "diff": [
    [
      0.0012323749820615237,
      0.002355237589664383,
      0.000982917671078526,
      0.0010177145586408587
    ]
  ],
  "sigma_integral": [
    0.0004711600309497168,
    0.0007615421767358421,
    0.0005650863492291561,
    0.000984830938890668
  ],
  "within_band": [
    [
      false,
      false,
      false,
      false
    ]
  ],
  "toy_seed": 284,
  "weights": [
    0.029298465571085414,
    -0.003415936781732543,
    -0.004704619617457546,
    -0.026958975707475484,
    0.02849675108851226,
    -0.017271758825565253,
    0.028261893882962956,
    0.017860610369450365,
    0.042229706796077196,
    0.016740285139078128,
    0.05094169135176002,
    0.004484407997199449,
    -0.018147321722390013,
    0.002927496912594298,
    0.02624787309735097,
    0.023577560822424393,
    0.00041560623971052997,
    0.021405644992616053,
    0.010278885666464661,
    0.05361463959364401,
    0.009714252245741907,
    0.007779620099733823,
    0.036935628133790206,
    0.018996546216237014,
    0.010585155671887591,
    0.03049213411719375,
    -0.00931103418838404,
    0.06443606306998438,
    -0.011116423244111134,
    -0.026592076084441932,
    0.043747883134178156,
    0.007860822502490988,
    0.002666545747256812,
    -0.0019244952732551304,
    0.07494212881085824,
    0.04370719110997458,
    0.03196731687755693,
    0.06058157714277145,
    -0.019881495603317048,
    0.004965041318625945,
    0.01838744710262794,
    0.022270537079489783,
    -0.02193547163100861,
    0.04684562104491257,
    -0.007544034650735781,
    0.009204405223064321,
    -0.01021336502053279,
    0.02713171559003665,
    0.046799245687083726,
    0.016522140600135644,
    0.01529939134547632,
    0.009012371000414618,
    0.03648219632229764,
    0.04164742339228791,
    0.036699130802121505,
    0.024799277518989905,
    0.007813939672236467,
    -0.015268014843261568,
    0.0062838276114047025,
    0.02293192745687684
  ],
  "sum weights": 1.0000049999750003
}