{
  "mu_target": [
    -0.5,
    0.6000000238418579,
    0.20000000298023224,
    -0.8999999761581421
  ],
  "mu_model": [
    [
      -0.5007435063490807,
      0.599355040160054,
      0.20175185616100721,
      -0.899406897295619
    ]
  ],
  "diff": [
    [
      0.0007435063490807137,
      0.000644983681803879,
      0.001751853180774976,
      0.0005930788625231331
    ]
  ],
  "sigma_integral": [
    0.00047668982875843566,
    0.0007660222384960661,
    0.0005699964382875841,
    0.0009955835696786512
  ],
  "within_band": [
    [
      false,
      true,
      false,
      true
    ]
  ],
  "toy_seed": 75,
  "weights": [
    0.005748862087833333,
    0.009320553571768614,
    0.0018913090549585985,
    0.010767106436204236,
    0.006810109975920655,
    0.007164885347795984,
    0.025442217868720654,
    0.037741484654092564,
    -0.0014896385416154254,
    0.02443541201418145,
    0.05598988899285395,
    0.0188184986529491,
    -0.006236489025605264,
    0.012380657081813512,
    0.0706414224923472,
    0.02448525927299223,
    -0.007881872161728672,
    0.018911964112101234,
    0.024291867149977525,
    0.024739819618644108,
    0.01439220613038203,
    -0.004664860187886612,
    0.0004776519909996998,
    0.00446979122643495,
    -0.017994693735062236,
    0.0214758343917419,
    0.01580735392799518,
    0.06202061674175522,
    -0.014194538132786866,
    -0.03438690639658528,
    -0.00553889025813962,
    0.02731579471761649,
    -0.006129139335296947,
    -0.018023852494598844,
    0.0320011546393723,
    0.03608741987825254,
    0.03287402273475694,
    0.062348308317410166,
    -0.0011633003966505656,
    -0.006641466454588709,
    0.0579635116661734,
    0.03475252423071553,
    -0.049844795550255686,
    0.02645211709224677,
    -0.0030380489577078993,
    0.048065003757533545,
    0.01744895552908152,
    0.05206549235488247,
    0.030612345168661424,
    -0.014928306044885698,
    0.012732474244411856,
    0.030254188305914764,
    -0.009058905934927261,
    0.07815538919474273,
    0.034458417099562634,
    0.041162612624199034,
    0.01108345258974667,
    0.0035042285614307078,
    -0.0016076314137498898,
    0.03526614949589638
  ],
  "sum weights": 1.0000049999750003
}