{
  "mu_target": [
    -0.5,
    0.6000000238418579,
    0.20000000298023224,
    -0.8999999761581421
  ],
  "mu_model": [
    [
      -0.5011694022467996,
      0.601057248335693,
      0.2012985512013152,
      -0.8974876969519999
    ]
  ],
  "diff": [
    [
      0.0011694022467996223,
      0.0010572244938350517,
      0.001298548221082968,
      0.002512279206142165
    ]
  ],
  "sigma_integral": [
    0.0004752200570621365,
    0.0007709958033232807,
    0.0005714896730769807,
    0.0009915335799624023
  ],
  "within_band": [
    [
      false,
      false,
      false,
      false
    ]
  ],
  "toy_seed": 106,
  "weights": [
    -0.016546849362779396,
    -0.03145916461821239,
    0.0037017245561102746,
    0.027802379438742444,
    0.024703131836415128,
    -0.021234392845181544,
    0.03524475146046486,
    0.0116149538995685,
    0.05916307064629349,
    -0.012299397024845966,
    0.05202776727050205,
    0.021488996417046814,
    -0.031206985510736883,
    0.016292943990297324,
    0.0367055628589291,
    0.041044618477238067,
    -0.005970218610253656,
    0.011946810288098193,
    0.0237344699199776,
    0.03988370073222632,
    0.01782836241535047,
    0.005593102690551425,
    0.01673204307916206,
    0.006728228476103409,
    -0.008118893560176152,
    0.027162195985762253,
    0.027977491127506644,
    0.05409488969363741,
    -0.012993828245730497,
    0.023723267699295125,
    0.04903738018464688,
    0.035462017899699036,
    -0.02358427792675923,
    -0.0188770678008642,
    0.0479482323211782,
    -0.015190751629905817,
    0.043371095191243936,
    0.035081022611944825,
    -0.024545023150515065,
    0.0055623862655025886,
    0.01755076096109025,
    0.016575951069212877,
    -0.02865089786350118,
    0.042644022735390676,
    0.009215725959991062,
    0.019285060763858948,
    0.0038281197029682605,
    0.012041712863227354,
    0.030196742882639852,
    -0.0011118416211368478,
    0.0075752165850249105,
    0.029340788182702814,
    0.02473523484246985,
    0.05554295366991428,
    0.04558392821880951,
    0.04638952645828615,
    0.0031819768788927585,
    0.020122025662834574,
    0.020191568389237764,
    0.04613667648555281
  ],
  "sum weights": 1.0000049999750003
}