{
  "mu_target": [
    -0.5,
    0.6000000238418579,
    0.20000000298023224,
    -0.8999999761581421
  ],
  "mu_model": [
    [
      -0.5010364897863935,
      0.5990777365533555,
      0.20081295245773245,
      -0.899487534129273
    ]
  ],
  "diff": [
    [
      0.0010364897863934797,
      0.0009222872885024103,
      0.0008129494775002133,
      0.0005124420288691311
    ]
  ],
  "sigma_integral": [
    0.0004748619370224836,
    0.0007670101594831422,
    0.0005683332748767706,
    0.0009927710219138541
  ],
  "within_band": [
    [
      false,
      false,
      false,
      true
    ]
  ],
  "toy_seed": 62,
  "weights": [
    -0.03604763890133759,
    0.004307374557469327,
    0.011745145959347548,
    0.028367740040367753,
    0.008066283124905312,
    -0.0018350955783677202,
    0.008562625276860875,
    0.032328685100029765,
    0.015395517679602264,
    -0.005848904826384137,
    0.05722953425444271,
    0.008793944882085314,
    -0.020308564487907663,
    0.05541638018185081,
    0.03696034443174951,
    0.03512544389220721,
    -0.0034667513371817358,
    0.032354111597542236,
    0.00981058498142588,
    -6.939046172688298e-05,
    0.01994736720964871,
    0.011473292693929247,
    -0.02550606262804187,
    -0.007395897156145284,
    0.00931848786660406,
    0.04819600230174713,
    0.025288361488213233,
    0.07873193229092448,
    -0.00735696639068404,
    -0.011786892087173487,
    0.05293745195535602,
    0.005698494249011249,
    -0.0046348764513225475,
    0.00034287234166998455,
    0.05602646383982544,
    0.06235094034332691,
    0.03852151232371219,
    0.043243342357592175,
    0.013564528778941192,
    0.0031653157868741805,
    0.04296349053973387,
    0.007860446734062698,
    -0.0588564994016352,
    0.024123961176675188,
    0.001209909037185644,
    0.013904024108783603,
    0.0013930692602535948,
    0.031265242441520374,
    0.03507791107203518,
    0.00900807234764665,
    0.0308944051637273,
    0.04684149950910923,
    6.593261278321132e-05,
    0.0421237990689801,
    -0.0007739653601595406,
    0.052318234411738274,
    0.005188053509667832,
    -0.008522852284302036,
    0.018768873060925062,
    0.0161383514852795
  ],
  "sum weights": 1.0000049999750003
}