{
  "mu_target": [
    -0.5,
    0.6000000238418579,
    0.20000000298023224,
    -0.8999999761581421
  ],
  "mu_model": [
    [
      -0.5018652143092879,
      0.5998196080201607,
      0.20193963363926712,
      -0.8982561569422204
    ]
  ],
  "diff": [
    [
      0.001865214309287877,
      0.00018041582169725512,
      0.00193963065903488,
      0.0017438192159217047
    ]
  ],
  "sigma_integral": [
    0.0004727481481145228,
    0.0007697873659247103,
    0.0005685574042164936,
    0.0009999640698825178
  ],
  "within_band": [
    [
      false,
      true,
      false,
      false
    ]
  ],
  "toy_seed": 105,
  "weights": [
    0.005707554250230801,
    0.002760005753142883,
    0.018834797815721855,
    0.03636090240216538,
    0.014114503036778399,
    0.009017745653750062,
    0.030702480072676657,
    0.029353607878511812,
    0.04115648914165899,
    0.009623657432490457,
    0.100421800979929,
    0.027579719587337542,
    0.0019180175225735395,
    -0.008897645172415904,
    0.05631859853488527,
    0.025294417378197764,
    0.010751630028606938,
    0.004650561251508476,
    0.006214289320016968,
    0.009538908890091432,
    0.010140456031749161,
    -0.0008125428712165755,
    0.00017259945867726797,
    -0.001284346454668066,
    -0.0016081864684586115,
    0.027407188696089827,
    0.02757299226517863,
    0.0706575001894984,
    -0.016758679574640382,
    -0.014931280832449089,
    0.0009671836357460034,
    0.005858150297348365,
    -8.706547171740045e-05,
    -0.024383775036195897,
    0.033910259042217006,
    0.029210581096577194,
    0.008603899348696731,
    0.03882221245062168,
    0.008264297404095131,
    -0.002121650445395721,
    0.010248494112655198,
    0.003760715193779487,
    -0.05493075225919772,
    0.035528353435333004,
    0.032113977851699956,
    0.008825174926411553,
    0.030492280340146092,
    0.027224224836934003,
    0.0322569008358695,
    0.02346487565525113,
    -0.005261215289502254,
    0.02462705607728585,
    0.012154920006771743,
    0.052002457626649005,
    0.02190935000339596,
    0.0550065940738078,
    0.021214369104074454,
    0.006797227961340431,
    -0.0018717071866246528,
    0.03341986814930713
  ],
  "sum weights": 1.0000049999749996
}