{
  "mu_target": [
    -0.5,
    0.6000000238418579,
    0.20000000298023224,
    -0.8999999761581421
  ],
  "mu_model": [
    [
      -0.5010437989412626,
      0.5996490697204625,
      0.20135025512256943,
      -0.8988952067333879
    ]
  ],
  "diff": [
    [
      0.001043798941262608,
      0.00035095412139540816,
      0.0013502521423371938,
      0.0011047694247542372
    ]
  ],
  "sigma_integral": [
    0.00047290173873738855,
    0.0007683812043581822,
    0.0005704329084962275,
    0.0009898088478298402
  ],
  "within_band": [
    [
      false,
      true,
      false,
      false
    ]
  ],
  "toy_seed": 32,
  "weights": [
    -0.006492897866497725,
    0.008965190559726468,
    -0.00025078629122716995,
    -0.0036779241288578163,
    0.014300454398093156,
    -0.03091473624322557,
    0.040833382488952935,
    0.0061590597929566514,
    0.02775571569739871,
    -0.012530805180697914,
    0.036114063629467744,
    0.06206114751969119,
    -0.050429024716412696,
    0.03219532774454014,
    0.05991591829345004,
    0.04236587571820697,
    0.001813121820926559,
    0.03388786465224014,
    0.016947010189377536,
    0.038759825633624234,
    0.03615898438189112,
    -0.016396651322188007,
    -0.02101097436887333,
    0.007361132482689369,
    0.0456740927501441,
    0.04446739934439965,
    0.03124798958895539,
    0.05750363400656193,
    -0.025039728091030253,
    0.025880202508133946,
    0.039357381414702075,
    0.020488921652036824,
    -0.011314557756203136,
    0.00838079717767965,
    0.04134351621653664,
    0.03150711252106484,
    0.05490644632345263,
    0.033217870683964146,
    0.001943420890247755,
    -0.015268203795394028,
    0.00580758749789123,
    0.007817625784528074,
    -0.05434709787019609,
    0.01669196601118639,
    -0.012782721737744222,
    0.044313906244404636,
    0.021948474642580873,
    0.03092910351233829,
    -0.0027864428123000736,
    -0.01388475923632501,
    0.06644739823947404,
    0.008723303039075982,
    0.017160269459693785,
    0.04283172647212281,
    0.005020850050846977,
    0.03592501342846198,
    -5.6849534029515695e-05,
    0.011121613865926895,
    0.04129904426667445,
    0.019638418329883927
  ],
  "sum weights": 1.0000049999750005
}