{
  "mu_target": [
    -0.5,
    0.6000000238418579,
    0.20000000298023224,
    -0.8999999761581421
  ],
  "mu_model": [
    [
      -0.5019082441108647,
      0.5997066210886945,
      0.20170801438055722,
      -0.8984358825500116
    ]
  ],
  "diff": [
    [
      0.0019082441108646542,
      0.00029340275316336317,
      0.001708011400324977,
      0.001564093608130479
    ]
  ],
  "sigma_integral": [
    0.00047034278180701843,
    0.000760657063932845,
    0.0005681366060696977,
    0.0009913075289913352
  ],
  "within_band": [
    [
      false,
      true,
      false,
      false
    ]
  ],
  "toy_seed": 69,
  "weights": [
    -0.0031259396261144805,
    0.022537796476135154,
    0.01693936845340623,
    0.03635003843015765,
    0.013293404081646825,
    -0.008940533794941733,
    0.02629241334607279,
    0.02685002664320573,
    0.02371490601356893,
    0.0064491597467825346,
    0.02296738232257169,
    0.027238643653141006,
    0.0032497978956104413,
    0.02356381503048729,
    0.03407013534040275,
    0.020142664426449457,
    -0.0030462317210874913,
    0.03671860640572628,
    -0.005640434767503805,
    0.048538939840764114,
    0.027987700488564554,
    0.0042722757464441945,
    0.009741675443066523,
    0.019649667006479323,
    0.04254522701444719,
    0.027038682399637366,
    0.014709432805442584,
    0.013050643037710155,
    0.01743339862684672,
    -0.03358311101872112,
    0.003502582744409705,
    0.004401963004217875,
    -0.023762265455296465,
    0.005367789142680649,
    0.036474050188321644,
    0.011096443867026526,
    0.023129569893956627,
    0.0338413018962045,
    -0.014691009818083484,
    -0.016252391802890308,
    0.016079087930074593,
    0.025904651374290405,
    -0.04436856014697033,
    0.043723005880992906,
    0.012143470042674364,
    0.02789415324845548,
    0.019213353961052015,
    0.02964721527086915,
    0.022523168762458343,
    0.006323555360899696,
    0.027104609721321306,
    0.022078695910287938,
    -0.0015294154581326207,
    0.07266973695980425,
    0.044826163829627175,
    0.07471911843706154,
    -0.006413284545876452,
    0.002688730773995893,
    0.00834710468827522,
    0.02231285456689325
  ],
  "sum weights": 1.0000049999750003
}