{
  "mu_target": [
    -0.5,
    0.6000000238418579,
    0.20000000298023224,
    -0.8999999761581421
  ],
  "mu_model": [
    [
      -0.5018978651023285,
      0.5997316493152742,
      0.20118899978439642,
      -0.8992109436813185
    ]
  ],
  "diff": [
    [
      0.0018978651023284776,
      0.0002683745265836812,
      0.0011889968041641774,
      0.0007890324768236034
    ]
  ],
  "sigma_integral": [
    0.00047033653507710157,
    0.0007622123521512183,
    0.0005719611409432032,
    0.0009875520002731568
  ],
  "within_band": [
    [
      false,
      true,
      false,
      true
    ]
  ],
  "toy_seed": 218,
  "weights": [
    0.020080369724023828,
    0.008546128174868222,
    -0.01865159435570741,
    0.01451271648022043,
    0.03862106546452287,
    -0.013505764742695067,
    0.010394859306761645,
    0.04853063826987382,
    0.024505088289910767,
    -0.0034684050456181433,
    0.06581550439480607,
    0.04187855541617683,
    -0.007642513888639316,
    0.017493924055414944,
    0.03049651045891452,
    0.029941605931524277,
    0.016859484164162806,
    0.011680200905385383,
    0.015834741743186862,
    0.04316384756754574,
    0.0029717522948611652,
    0.005386021373862181,
    -0.002613579999692975,
    -0.006007337546192851,
    0.012989840253119469,
    0.013966236455784934,
    0.03670463131950276,
    0.055125837275216666,
    -0.039541501522363874,
    0.0025758560977263588,
    0.041503144163835895,
    0.024604170817259467,
    0.010507661703829697,
    -0.0194735534390127,
    0.06391811526133968,
    0.028978463669195004,
    0.04491484816114431,
    0.0029019354195122444,
    -0.006018266208778767,
    0.0026855822841453654,
    0.013226234046863818,
    0.024127692159795596,
    -0.044629296185845616,
    0.030895175371303884,
    -0.0052743276985476985,
    0.010484381440169038,
    0.04631560285960447,
    -0.0016695550638649913,
    0.024813641219474745,
    -0.002757801580858995,
    0.0521255622114819,
    0.02479039553552651,
    0.004599064174360842,
    0.010009494266378103,
    0.02171595658810441,
    0.03707295018112689,
    0.008773695949967738,
    0.022801045866795835,
    0.01137341239985842,
    0.04004485608437221
  ],
  "sum weights": 1.0000049999750003
}