{
  "mu_target": [
    -0.5,
    0.6000000238418579,
    0.20000000298023224,
    -0.8999999761581421
  ],
  "mu_model": [
    [
      -0.5016047460122505,
      0.6003440362186768,
      0.20115359949977504,
      -0.8995408202712396
    ]
  ],
  "diff": [
    [
      0.0016047460122504686,
      0.00034401237681891406,
      0.0011535965195428044,
      0.00045915588690248477
    ]
  ],
  "sigma_integral": [
    0.00047416665574653865,
    0.0007726384720568042,
    0.00057357157528881,
    0.0009921352118126016
  ],
  "within_band": [
    [
      false,
      true,
      false,
      true
    ]
  ],
  "toy_seed": 162,
  "weights": [
    -0.021471534300788887,
    0.005553811606242335,
    0.029381961274599824,
    0.026298077234746395,
    0.028305729976596312,
    -0.017679818050898282,
    0.04409832184099963,
    0.047121107605613846,
    0.04276767181059893,
    0.0018752355309161605,
    0.05417124259238864,
    0.019587338040065072,
    -0.011800670482972094,
    0.03308581044882582,
    0.02970367183243597,
    0.04658701537268261,
    0.0035605763891638567,
    0.007036956891260177,
    0.014920043525832337,
    0.01836752612495434,
    0.011412961823602193,
    -0.000965994831762265,
    -0.003334635504708882,
    -0.016522374387308567,
    0.0021503189641483493,
    0.028148660685227086,
    -0.0026927509396477136,
    0.04670307458079123,
    -0.005691047280195685,
    -0.0005795051181853808,
    0.024470797687793974,
    0.020869783250380962,
    0.00942747272355401,
    0.003042628888702462,
    0.04345407334341995,
    0.01777451582000233,
    0.02126677906184088,
    0.0429142236964534,
    0.006136258322569913,
    -0.012407909698947912,
    0.02020917274200945,
    -0.01363725342701624,
    -0.03695475498124431,
    0.04790391300009365,
    0.03092796620320054,
    0.005182560380326595,
    0.0011177922769798052,
    0.02385377832169991,
    0.022954156288555166,
    0.03243000962663576,
    0.03796783982019879,
    0.025551692155815903,
    0.006113945984892905,
    0.04726617735038395,
    0.023505866114505676,
    0.028459323517511546,
    -0.004320481640901259,
    -0.017471167446391198,
    0.03137465700071201,
    0.05052240033603824
  ],
  "sum weights": 1.0000049999750003
}