{
  "mu_target": [
    -0.5,
    0.6000000238418579,
    0.20000000298023224,
    -0.8999999761581421
  ],
  "mu_model": [
    [
      -0.5015442649178672,
      0.5997034102355834,
      0.20066710765683807,
      -0.8987942171411457
    ]
  ],
  "diff": [
    [
      0.0015442649178671886,
      0.0002966136062745317,
      0.0006671046766058286,
      0.0012057590169963772
    ]
  ],
  "sigma_integral": [
    0.00047428045711539376,
    0.0007651954362495289,
    0.0005725527835591107,
    0.000989703184879704
  ],
  "within_band": [
    [
      false,
      true,
      false,
      false
    ]
  ],
  "toy_seed": 155,
  "weights": [
    0.016202763941215288,
    0.03193524214536112,
    -0.00021607822138541106,
    0.003425714735565125,
    -0.0012265455598207448,
    -0.017857547459571993,
    0.04086164974883653,
    0.0499937519843863,
    0.040953876744891,
    -0.002445081347041436,
    0.05458054524182501,
    0.01416823049249365,
    0.002376439341969947,
    0.023631400857435907,
    0.050561450102658695,
    0.04750085924695785,
    -0.009288297992989527,
    0.024036043013686566,
    0.010477171184553451,
    0.0001327443450886923,
    0.01168498068760464,
    0.0023670182674207702,
    -0.023246844539596963,
    -0.009676384940322426,
    -0.0028265014820783906,
    0.026522557833060387,
    0.04876208129229161,
    0.07262467952544087,
    -0.011817727264751353,
    -0.019877700936073738,
    0.026256887446193457,
    0.021740261543461887,
    -0.0005226169550322343,
    -0.0035519401888912563,
    0.05293335302767685,
    0.02431785114443691,
    0.034785916277783185,
    0.05339021534081459,
    -0.030754621085391013,
    -0.027950502039941733,
    0.015924190464893417,
    0.0071139855046875615,
    -0.06521429334719739,
    0.02404073257907788,
    0.020827514452105674,
    0.013512878156084885,
    0.0348624576855476,
    0.004607858672088658,
    0.02381585551445443,
    0.005202860234859924,
    0.03939053227592553,
    0.03147117906057347,
    0.017970900050773835,
    0.019181060297122975,
    0.011401287486296126,
    0.08192102519097101,
    0.03705907479146426,
    0.007949154104817708,
    0.021303485082357975,
    0.022697966217872723
  ],
  "sum weights": 1.0000049999750003
}