{
  "mu_target": [
    -0.5,
    0.6000000238418579,
    0.20000000298023224,
    -0.8999999761581421
  ],
  "mu_model": [
    [
      -0.5020133066757994,
      0.600249894756285,
      0.20087665580546496,
      -0.8974796956646155
    ]
  ],
  "diff": [
    [
      0.0020133066757993534,
      0.000249870914427075,
      0.000876652825232721,
      0.0025202804935265943
    ]
  ],
  "sigma_integral": [
    0.0004742285194060239,
    0.0007687614260323548,
    0.000568232395966599,
    0.0009911755675117767
  ],
  "within_band": [
    [
      false,
      true,
      false,
      false
    ]
  ],
  "toy_seed": 108,
  "weights": [
    0.003927777586458556,
    0.010919232837323586,
    -0.009371024213399987,
    -0.007095850279699726,
    0.019837999088938164,
    -0.016977246167125818,
    0.034101200225598226,
    0.030433449929978335,
    0.031246623622702713,
    0.0007340476281672195,
    0.06252057501948813,
    0.01839217315997679,
    0.004024718083728148,
    0.0294614998935288,
    0.023986513309782367,
    0.02631455086739456,
    0.000769531402530577,
    0.0331629738217953,
    -0.007404403876862416,
    0.02992713379078826,
    0.006749364881865511,
    0.004035104209997195,
    0.01270096231551394,
    0.010902856763109082,
    -0.01635242955155437,
    0.028989705037251984,
    0.022122280327569018,
    0.056138723029834525,
    0.004822172832555301,
    0.010900201415160342,
    -0.009241323694402602,
    0.002000316999758868,
    -0.01942691228352681,
    -0.004944419813930811,
    0.04229791514965536,
    0.01608794377527581,
    0.03490645260755588,
    0.06207710126952356,
    -0.025699557158711372,
    0.013357383094111226,
    0.051757838524475575,
    0.034748875472494924,
    -0.06583755576958053,
    0.0436040150055476,
    0.005367003732083567,
    0.008506378745895006,
    0.0415821964660397,
    0.009553394420041189,
    0.040557183207053114,
    0.013275255480434834,
    0.01264691828917846,
    0.02904146913900671,
    0.012469541221000795,
    0.021382715234649196,
    0.05365825948317349,
    0.06246259595572537,
    0.004367234682446949,
    0.016347477323060293,
    -0.004994805654198881,
    0.03817369207876949
  ],
  "sum weights": 1.0000049999750003
}