{
  "mu_target": [
    -0.5,
    0.6000000238418579,
    0.20000000298023224,
    -0.8999999761581421
  ],
  "mu_model": [
    [
      -0.5008998429086207,
      0.5989554783188935,
      0.2010797375832656,
      -0.8982053791491212
    ]
  ],
  "diff": [
    [
      0.0008998429086206627,
      0.0010445455229644018,
      0.001079734603033372,
      0.0017945970090208485
    ]
  ],
  "sigma_integral": [
    0.00047219878676407013,
    0.0007648479813124535,
    0.0005717022591449703,
    0.0009879346776798868
  ],
  "within_band": [
    [
      false,
      false,
      false,
      false
    ]
  ],
  "toy_seed": 189,
  "weights": [
    -0.006013164996864955,
    0.0005262191896647076,
    0.006216897379275114,
    -0.017120860656948584,
    -0.009782776341735031,
    -0.0011563182914280598,
    0.03862102045928621,
    0.007884726264968472,
    0.03624511952300235,
    -0.0002130342227220008,
    0.06834602441153678,
    0.02107195870321088,
    -0.0025686622683341173,
    0.01908024982709592,
    0.023075498098321268,
    0.028466631065751598,
    0.016589900530006002,
    0.027538683721957172,
    0.03788431089647918,
    0.027836071894124556,
    0.018039911117385458,
    0.010502319066438205,
    -0.0002579507447148725,
    0.02506588690779064,
    0.006546066391556253,
    0.005321803314213639,
    0.037151841252964106,
    0.06950641298506342,
    -0.0441983567807176,
    0.004649651196607632,
    0.011525166257095593,
    -0.005574084464111486,
    -0.021973981332370555,
    -0.011468964876316193,
    0.09561494330880194,
    0.05097406509578734,
    0.016575850765656472,
    0.039139018467648334,
    0.023126982989796468,
    -0.0001336838094985698,
    0.0033878395046332064,
    0.014966732478062576,
    -0.051604075723133,
    0.055221284513047295,
    0.029896826403551274,
    -0.0037290219527699553,
    0.022252513943245286,
    0.008074833562255615,
    0.005261713558777576,
    -0.0013787258974560317,
    0.046436272003678704,
    -0.0035917602370200245,
    0.01095155183992612,
    0.034675242488293755,
    0.023146479384252603,
    0.04687520244098889,
    0.03851140783351598,
    -0.002057633651140927,
    0.04130479572662941,
    0.028742129426510533
  ],
  "sum weights": 1.0000049999415725
}