{
  "mu_target": [
    -0.5,
    0.6000000238418579,
    0.20000000298023224,
    -0.8999999761581421
  ],
  "mu_model": [
    [
      -0.5011197347240653,
      0.5982558695881881,
      0.2010622178125086,
      -0.8985420663153477
    ]
  ],
  "diff": [
    [
      0.0011197347240653466,
      0.0017441542536698051,
      0.0010622148322763647,
      0.0014579098427943693
    ]
  ],
  "sigma_integral": [
    0.00047559184353937695,
    0.0007695175789874091,
    0.000569601424609987,
    0.0009942932086082351
  ],
  "within_band": [
    [
      false,
      false,
      false,
      false
    ]
  ],
  "toy_seed": 96,
  "weights": [
    0.0025445403893434105,
    0.02230695663127444,
    0.006478899940133575,
    -0.007649301292998968,
    0.017580103269218467,
    0.00022103266606534464,
    0.0205901101194049,
    0.022518320113581878,
    0.010063051838083611,
    -0.0016919765035049786,
    0.036569052745171825,
    0.01841192138975135,
    -0.0240936748115095,
    0.01970114302165109,
    0.024303319231941345,
    0.025983448593185094,
    0.013547840070880824,
    0.023982934934098366,
    0.0024933086734923444,
    0.023455340830068727,
    0.018925146069374087,
    -0.0020182693901217973,
    0.01425247114904409,
    -0.007487130646386021,
    0.004810667997339367,
    0.047998669996296796,
    0.027330419721202797,
    0.05988056292278583,
    -0.013300620311135861,
    -0.01213826581014708,
    0.04540559543079266,
    0.01402627846643445,
    0.0019197121179216003,
    -0.0003681653399947734,
    0.06209971321212367,
    0.029161940390471066,
    0.027074180713475313,
    0.04388874461501888,
    0.012804192460554007,
    0.006125110956615428,
    0.018396089172130644,
    0.02575388982815677,
    -0.038005227558817314,
    0.012852700878918268,
    0.0026898427528217464,
    0.023781218619530243,
    0.005176161964720459,
    0.03846487793746486,
    0.024176549069235692,
    -0.017584682903168627,
    0.021982943880477907,
    0.03054186599169953,
    0.0164047314982579,
    0.03989310430956827,
    0.04197962752335198,
    0.03944094215238088,
    0.0218378326318416,
    0.004732927291645409,
    -0.002549832044791195,
    0.05233211040857749
  ],
  "sum weights": 1.0000049999750003
}