{
  "mu_target": [
    -0.5,
    0.6000000238418579,
    0.20000000298023224,
    -0.8999999761581421
  ],
  "mu_model": [
    [
      -0.5019714908078614,
      0.5993899679332648,
      0.2012742659094314,
      -0.8988608135202083
    ]
  ],
  "diff": [
    [
      0.001971490807861409,
      0.0006100559085930879,
      0.0012742629291991603,
      0.0011391626379337882
    ]
  ],
  "sigma_integral": [
    0.0004725298283667652,
    0.0007606944027710081,
    0.0005717066186376343,
    0.000989601617549938
  ],
  "within_band": [
    [
      false,
      true,
      false,
      false
    ]
  ],
  "toy_seed": 59,
  "weights": [
    0.004198024598641292,
    0.001928974708231185,
    0.006073996934591317,
    0.018070807622814662,
    0.01648864457157841,
    -0.005752274265320622,
    0.021651956152048343,
    0.04150220287991406,
    0.027840513945601515,
    -0.007759617006307769,
    0.04464290742040333,
    0.0008019995183268846,
    -0.0036515073669788722,
    0.03917341238940128,
    0.035942646633398495,
    0.08211500930615545,
    0.0015935769455924127,
    0.026547984453573648,
    0.016399968766884737,
    0.008718747991532428,
    0.016285272644298292,
    0.028224068718863897,
    0.03804055075730517,
    0.02917578626426945,
    -0.008839091944962602,
    0.026383213944527154,
    0.0380950698490047,
    0.0870472823707553,
    0.005536486038834393,
    -0.0030298342449374565,
    0.027816335367096,
    0.015232817031043509,
    -0.021894957448849894,
    -0.01679475785312073,
    0.0575591886793703,
    -0.008687689108236965,
    -0.005570138364427267,
    0.029980212148125077,
    -0.010100725697849014,
    0.02683151685660501,
    0.004556036699994461,
    0.020244944156576555,
    -0.061908000618104954,
    0.039326869697126544,
    0.008059091464281147,
    0.02695414377030846,
    0.022285334391199754,
    -0.0004910908589629352,
    0.009924961318666957,
    -0.011373589707845891,
    0.017573947522728738,
    0.03228944233249692,
    0.026698701467025195,
    0.035182316453119505,
    0.030775099512478147,
    0.03125561969181193,
    -0.0071470993165418115,
    0.004602538345037632,
    0.004590827216229997,
    0.03878632416284362
  ],
  "sum weights": 1.0000049999082665
}