{
  "mu_target": [
    -0.5,
    0.6000000238418579
  ],
  "mu_model": [
    [
      -0.5003833381955284,
      0.5993917317530093
    ]
  ],
  "diff": [
    [
      0.0003833381955283821,
      0.0006082920888486054
    ]
  ],
  "sigma_integral": [
    0.0004836507493124439,
    0.000801833000499529
  ],
  "within_band": [
    [
      true,
      true
    ]
  ],
  "toy_seed": 9,
  "weights": [
    0.028239895793753717,
    -0.0663974909568388,
    0.04190219804562561,
    0.028519236664009802,
    -0.02475764836207165,
    0.046046359352236624,
    -0.025108948948212476,
    -0.05842258414532331,
    -2.3534896193275564e-05,
    0.05886179031339938,
    -0.01841299482182814,
    0.1397583336489804,
    0.011647604184435983,
    -0.0594663851272879,
    -0.07053992389616813,
    0.1499670945461913,
    0.031592997548221084,
    0.038232255460533694,
    -0.0014290160946255036,
    0.010923451162890773,
    0.04509097636392327,
    0.01851701433938,
    -0.0009589031945303413,
    -0.0017465950103673225,
    0.08318188758690484,
    0.08554759667473441,
    -0.006747148453480402,
    0.039644710228639385,
    0.06963406611440094,
    0.02455464925423139,
    0.04474502433484334,
    0.06426681288045237,
    0.01993508028459584,
    0.04576854499105329,
    0.08778297695369168,
    0.03544385337638481,
    0.05766621250414942,
    0.010820543265064193,
    0.054594429091399235,
    -0.02009040320976544,
    -0.003528382201850785,
    -0.025855889635786642,
    -0.05948931034981351,
    -0.03498314835576923,
    -0.04161246431531469,
    0.042512344748726484,
    0.02217084167117581,
    0.10961431696055796,
    0.0785610453295914,
    0.12070398690549365,
    0.047369545274751595,
    -0.05993821663008075,
    -0.02489776382248791,
    0.08317781952072684,
    0.02745376005321961,
    -0.09530156487474595,
    -0.0676052310918681,
    -0.12169982139535108,
    -0.09732823554341807,
    0.08189234989827295
  ],
  "sum weights": 0.9999999999934637
}