{
  "mu_target": [
    -0.5,
    0.6000000238418579
  ],
  "mu_model": [
    [
      -0.49957875095423887,
      0.5977468583238619
    ]
  ],
  "diff": [
    [
      0.00042124904576112954,
      0.0022531655179960364
    ]
  ],
  "sigma_integral": [
    0.0005084769327522078,
    0.0009142858653084893
  ],
  "within_band": [
    [
      true,
      false
    ]
  ],
  "toy_seed": 188,
  "weights": [
    0.04449017246983316,
    -0.09235072432261708,
    0.01408772131496441,
    0.06981946672422054,
    -0.06470620187285804,
    0.010289204172732528,
    -0.034872420407997366,
    -0.04450803029194622,
    0.018255709451773044,
    0.031497241103674266,
    -0.006056734913871386,
    0.039963319620411004,
    0.042471883097528945,
    -0.044532248234623054,
    -0.05881442838952595,
    0.14254438128124228,
    0.04653156441927214,
    0.06663068493602926,
    0.08621637959660934,
    0.04080620211660786,
    0.012375498959691655,
    0.11842129792815347,
    -0.06989573188082317,
    -0.05184794890288546,
    0.13921344461437477,
    0.13598856831549236,
    0.045809551525901174,
    0.058436778659290554,
    0.048334932144028515,
    0.01038893659503048,
    0.010548492765712793,
    0.04837053105359393,
    0.07233348179443086,
    0.036797930559449195,
    0.08797927957763753,
    0.03239742226913481,
    0.0256161854903926,
    0.08820636240004469,
    0.061640767031689137,
    -0.07679770674800207,
    -0.053745625009805134,
    -0.015976290870272296,
    -0.09281361515683927,
    -0.014962595395956173,
    -0.007241592705274963,
    0.05537551387147979,
    0.0319750318009809,
    0.0928616358151244,
    0.07847928613781463,
    0.09592870803588174,
    0.026267720180279223,
    -0.061031627599557006,
    -0.04514694523148975,
    0.03994590250661705,
    -0.02343167336096455,
    -0.011071022883956918,
    -0.08395869377201456,
    -0.09482498891307492,
    -0.08614748102438935,
    0.027407137545488906
  ],
  "sum weights": 0.9999699999938694
}