{
  "mu_target": [
    -0.5,
    0.6000000238418579
  ],
  "mu_model": [
    [
      -0.49927888998230385,
      0.5989772155877164
    ]
  ],
  "diff": [
    [
      0.0007211100176961471,
      0.0010228082541414718
    ]
  ],
  "sigma_integral": [
    0.0004981782041640641,
    0.0008039091175242647
  ],
  "within_band": [
    [
      false,
      false
    ]
  ],
  "toy_seed": 259,
  "weights": [
    0.06005144822853623,
    -0.019190847876615433,
    0.033892648148980194,
    0.06716326220276911,
    -0.018400312014042214,
    0.06340537317842869,
    -0.06429407696439188,
    -0.05215506607366776,
    0.00025135269433071753,
    0.049201302061330415,
    0.01334117343992808,
    0.04907773264666871,
    -0.014826000066467723,
    -0.04396339538167138,
    -0.02548437048024155,
    0.16187439174312993,
    0.05387017801491233,
    0.02597561682030536,
    0.05435877954364443,
    0.06832800412638096,
    0.021770548311691153,
    0.04643027736292367,
    -0.034386244266728226,
    0.061255622475712874,
    0.1382556807490861,
    0.03265653499643187,
    -0.045319187965355445,
    0.023205046906570524,
    0.025662176869171358,
    -0.05653281619498487,
    0.038133676412273415,
    0.05107308687775775,
    0.09941465892507688,
    -0.027698979071715157,
    0.012632163229260236,
    0.0056204666719676475,
    0.03635042357902035,
    -0.013875921588937053,
    0.009538868263536693,
    -0.047681642395598495,
    -0.054734295722915646,
    0.029685861372229706,
    -0.07611441848045279,
    -0.04802779980047995,
    -0.01480089377920033,
    0.04831871412616704,
    0.15257276593480665,
    0.09118625986792447,
    0.09302936350914252,
    0.11212057516102117,
    0.02916975769294392,
    -0.033491994599291836,
    0.010250611247687535,
    0.07517026356406388,
    -0.015371619260239685,
    -0.07735360109426315,
    -0.022943547772992373,
    -0.09270218916968981,
    -0.0850559047231225,
    0.040095457781178775
  ],
  "sum weights": 0.9999849999939261
}