{
  "mu_target": [
    -0.5,
    0.6000000238418579
  ],
  "mu_model": [
    [
      -0.49924975365502194,
      0.5969484886706031
    ]
  ],
  "diff": [
    [
      0.0007502463449780561,
      0.0030515351712547822
    ]
  ],
  "sigma_integral": [
    0.0005176322709687867,
    0.0011703983785669467
  ],
  "within_band": [
    [
      false,
      false
    ]
  ],
  "toy_seed": 32,
  "weights": [
    0.09628461803872035,
    -0.06229157579814447,
    -0.013987080441263738,
    0.09252903344364148,
    -0.05058038387923576,
    0.035822954100192636,
    -0.08381869910924479,
    -0.05988775038649358,
    0.01272192204748795,
    0.05069326555340645,
    -0.03342967079186092,
    0.09833405903543377,
    0.011695219741915706,
    -0.06009630422363185,
    -0.09772325386638944,
    0.12067007554946775,
    0.054743976529643724,
    0.002173006191063393,
    0.014305509649144519,
    0.03633687436696368,
    0.017482369153466102,
    -0.0044438784503848,
    -0.11767827210750768,
    -0.08855924752463329,
    0.0566012441294429,
    0.08756658030447988,
    0.09744925423232209,
    0.05307632465870313,
    0.0885978011482371,
    -0.011168631706329254,
    0.011810885225265633,
    0.0771582153384666,
    0.15326135288981046,
    0.016373515947334046,
    0.024680612111452345,
    0.012952591572338676,
    0.05413503999257271,
    0.07982312471984282,
    -0.01986750878862699,
    0.002067534463451922,
    0.0387006259163616,
    0.006058033535923639,
    -0.12617064310872048,
    -0.06955732918393064,
    -0.0031387705755244605,
    0.09424903116436577,
    0.029751544031569523,
    0.07573773614658079,
    0.07987126185493208,
    0.1747871139427424,
    0.06373344415849323,
    -0.10689482099385385,
    0.04075647707347293,
    0.1301948983307042,
    0.010602222557903291,
    -0.07739504974904617,
    -0.009765114638714021,
    -0.09342214371129196,
    -0.06725333256344855,
    0.05327511274447964
  ],
  "sum weights": 0.9999349999935201
}