{
  "mu_target": [
    -0.5,
    0.6000000238418579
  ],
  "mu_model": [
    [
      -0.5002797747873853,
      0.5981876860577529
    ]
  ],
  "diff": [
    [
      0.0002797747873852785,
      0.0018123377841050559
    ]
  ],
  "sigma_integral": [
    0.0004997223383474368,
    0.0008020890418827342
  ],
  "within_band": [
    [
      true,
      false
    ]
  ],
  "toy_seed": 165,
  "weights": [
    0.0797650889859776,
    -0.06197373715103663,
    0.02004772102516926,
    0.12666130460246558,
    -0.04152797247007641,
    0.024423113507310107,
    -0.05859919164739366,
    -0.09381683014903798,
    0.012822144802761252,
    0.029313879050236347,
    2.360482182956675e-05,
    0.0985433907384199,
    0.05046976868186927,
    -0.0952526919448941,
    -0.015597536186656527,
    0.16642313327874636,
    0.08779187942086993,
    0.056616364706030875,
    0.03765798925409147,
    0.058917779585411625,
    0.0380343955804159,
    0.033188287405317624,
    -0.037568503397734695,
    -0.005286233530159303,
    0.09741805184106418,
    -0.0029516119572759727,
    -0.049062759630093974,
    0.040338020849193655,
    0.013755811022860874,
    -0.028328173741150636,
    0.035799080479465464,
    0.057655631173591466,
    0.10232272604671779,
    0.038965150649531516,
    0.018850870627371903,
    -0.026494939686952632,
    0.014656448895300322,
    0.05415322146729859,
    0.04449003532866176,
    -0.03120477428689402,
    -0.04447095165085897,
    0.04084495480002144,
    0.013293767424517522,
    -0.07554534888145538,
    -0.010787071243428112,
    0.055939286211103965,
    0.008836759910650324,
    0.034997020731463026,
    0.12819502482882505,
    0.08141633478496524,
    0.056999326945373144,
    -0.0595745658826117,
    -0.03623286497860018,
    0.0941629426334675,
    -0.0598707442022824,
    -0.024577402547021975,
    -0.025546990539573308,
    -0.048694233726735585,
    0.0027320590905482206,
    -0.023567241765425448
  ],
  "sum weights": 0.9999899999915661
}