{
  "mu_target": [
    -0.5,
    0.6000000238418579
  ],
  "mu_model": [
    [
      -0.49985828628836226,
      0.5983544398381585
    ]
  ],
  "diff": [
    [
      0.0001417137116377365,
      0.0016455840036994074
    ]
  ],
  "sigma_integral": [
    0.000488520986196316,
    0.0008003591521655089
  ],
  "within_band": [
    [
      true,
      false
    ]
  ],
  "toy_seed": 161,
  "weights": [
    0.03004267714596668,
    -0.09114875892934024,
    0.018618412589802836,
    0.055384498918225576,
    -0.023852370226905457,
    0.047128040936217246,
    -0.036541460697778534,
    -0.04713348248033899,
    0.003524840487955146,
    0.034229509467473704,
    -0.020408716509629197,
    0.13390378721653848,
    0.04454665007861558,
    -0.04814348387853404,
    -0.017715001248094605,
    0.1268495134159107,
    0.07913754694403173,
    0.04222183804267057,
    0.050445416753732805,
    0.015691875323838318,
    0.001122789822249827,
    0.014341131944435417,
    -0.009044635434533025,
    0.00708444400595941,
    0.11705459493624538,
    0.019376117317661073,
    0.02873055392294866,
    0.009458468878129624,
    0.02645368315203852,
    -0.01626395604161451,
    -0.012534148876184982,
    0.05392276463388536,
    0.05937477685180251,
    0.0112305903616487,
    0.07126302102988348,
    -0.007448019933934737,
    0.05013016809211532,
    0.04728746387338136,
    0.012710149851430524,
    -0.022905237380519212,
    -0.05191564377623588,
    0.009513182245411004,
    -0.03830857620973225,
    -0.054253478992441526,
    0.026527004835322825,
    0.04512257587627602,
    0.025763700567938738,
    0.03914284420330621,
    0.04930223577362183,
    0.08608574557872245,
    0.050425837356838976,
    0.014664771013847087,
    -0.01779785887457025,
    0.09491182904992859,
    -0.003815643094516355,
    -0.0001951879750201147,
    -0.020062987510856507,
    -0.047789826714690835,
    -0.040356422064233316,
    -0.0250901556537451
  ],
  "sum weights": 0.9999999999925586
}