{
  "mu_target": [
    -0.5,
    0.6000000238418579
  ],
  "mu_model": [
    [
      -0.4994707454850936,
      0.5981458052150342
    ]
  ],
  "diff": [
    [
      0.0005292545149063743,
      0.0018542186268236671
    ]
  ],
  "sigma_integral": [
    0.000494949019230584,
    0.0008079068211254705
  ],
  "within_band": [
    [
      false,
      false
    ]
  ],
  "toy_seed": 241,
  "weights": [
    0.05176148279071354,
    -0.049215111052580786,
    0.01390302535642998,
    0.020806391825158116,
    0.013455936723099911,
    0.002931919134773609,
    0.022394681752857318,
    -0.041594513689972905,
    0.03959300412828189,
    0.006902803428583044,
    0.021722920042977947,
    0.055664141073353025,
    -0.016152511755750984,
    -0.08312720224099275,
    -0.016415205104010618,
    0.1644955295932475,
    0.05542722458760986,
    0.031087077043741463,
    0.054633436066173345,
    0.07197055381901146,
    -0.021928539976001866,
    0.03965019607546191,
    -0.06362397066016354,
    0.005308576959295097,
    0.08094653542131115,
    0.0661509269665214,
    -0.015727018158099005,
    0.1138328014448491,
    0.07605818770222987,
    -0.0028372019686518273,
    -0.044474977301993776,
    0.046966481256004,
    0.06394304646524879,
    0.04295970642407778,
    0.0967374439522818,
    -0.012208538722821963,
    -0.014708549548647719,
    0.08910902598973817,
    0.04749359363151328,
    -0.01871102012623082,
    -0.03833984019928237,
    -0.01639448838687731,
    -0.02840395912266898,
    -0.04743295368857713,
    0.03360268564677048,
    0.06431301351469224,
    0.0881962067066068,
    0.08240545706810677,
    0.07484691410321552,
    0.016462465046009858,
    0.019395827894028033,
    -0.023809207449372267,
    -0.04822700775052432,
    0.0616013432690459,
    -0.011652052389335055,
    -0.03302523445657414,
    -0.037322476043152954,
    -0.07390789230013833,
    -0.09112697033674162,
    0.013625879500601687
  ],
  "sum weights": 0.9999899999744587
}