{
  "mu_target": [
    -0.5,
    0.6000000238418579
  ],
  "mu_model": [
    [
      -0.49956000515180715,
      0.5989779016400159
    ]
  ],
  "diff": [
    [
      0.0004399948481928484,
      0.0010221222018420573
    ]
  ],
  "sigma_integral": [
    0.000498407010600086,
    0.0008593131332370233
  ],
  "within_band": [
    [
      true,
      false
    ]
  ],
  "toy_seed": 201,
  "weights": [
    0.11545203554334257,
    -0.07264699038963533,
    -0.032673402508666224,
    0.09596329394446157,
    -0.05934603451382778,
    -0.0333336674172611,
    -0.13886592938665251,
    -0.0711979074009465,
    0.04062672330783717,
    0.039217782149205745,
    0.028180504743201204,
    0.046348608971153116,
    0.01621155735363951,
    -0.0701504454836999,
    0.0008109116309235537,
    0.2093774372403039,
    0.09045604974832233,
    0.02872921777541043,
    0.06712153829515419,
    0.12364558567507258,
    0.043720490859413805,
    0.005329133790745675,
    -0.06310090693824756,
    0.0022977175917979205,
    0.06802223040147401,
    0.02028179761818624,
    -0.005091548515962679,
    0.012176697830606681,
    0.03520852817835309,
    -0.06027655156737601,
    0.0589144366672157,
    0.09247404350364188,
    0.10250691869867737,
    0.04536942912599359,
    0.039454911400958075,
    -0.04807940930196226,
    0.016138946408592092,
    0.10044035061482803,
    0.06788300209993266,
    -0.06323708345653233,
    -0.018830467240950464,
    0.03752623724063481,
    -0.07413741619255017,
    -0.03348287597782697,
    0.041192416914726714,
    0.10229512081005318,
    0.03414764723183407,
    0.04315744054084257,
    0.07756461347415101,
    0.10654789855886244,
    0.06906491263781779,
    -0.01571102868205266,
    -0.0058467003025583775,
    0.11942035969158513,
    -0.021411502453668827,
    -0.1397349196089518,
    -0.022029831015651858,
    -0.0682333317051157,
    -0.036517628733395605,
    -0.08937094950144618
  ],
  "sum weights": 0.9999699999740135
}