{
  "mu_target": [
    -0.5,
    0.6000000238418579
  ],
  "mu_model": [
    [
      -0.5002164461328182,
      0.5993971340529824
    ]
  ],
  "diff": [
    [
      0.00021644613281823766,
      0.0006028897888754603
    ]
  ],
  "sigma_integral": [
    0.0004905094796720414,
    0.000806727751248963
  ],
  "within_band": [
    [
      true,
      true
    ]
  ],
  "toy_seed": 140,
  "weights": [
    0.10361385102152045,
    -0.08449940922907977,
    0.030148761231011838,
    0.078068431533641,
    -0.05032714885060921,
    -0.021704019590852296,
    -0.09069151628827693,
    -0.08661865517125217,
    -0.042232875911949234,
    0.0495318854776304,
    0.04591246409087672,
    0.0506826157896304,
    0.03586041839913384,
    -0.05141057677108118,
    -0.03725538520402189,
    0.15965466468285303,
    0.078397493230886,
    0.06335386762676568,
    0.1127464989920946,
    0.02532009392202507,
    0.0010960659528328194,
    0.017576833485883826,
    0.013659436881935843,
    -0.04867776822326282,
    0.12107995817854601,
    0.049718440778867994,
    -0.004954440608527666,
    0.030744009024826956,
    0.06811050739644417,
    0.013105564945689993,
    0.03553139956676181,
    0.05410739389625666,
    0.08042729845488092,
    0.01252540997496155,
    0.019137699996453626,
    0.006433021377604395,
    0.04771688596802108,
    0.03079145419837607,
    0.004185176698246442,
    -0.04317246987497864,
    0.013114158458945075,
    0.02931507468576583,
    -0.0584417656845909,
    -0.05290351532797937,
    -0.013073672190664631,
    0.10483223122705872,
    0.1056541184796635,
    0.06156499133511351,
    0.0929067767599431,
    0.07354937590067523,
    0.004966870035417789,
    -0.036315158949213604,
    0.033418262866916196,
    0.09953349128925901,
    -0.03964834890140344,
    -0.021937582908815572,
    -0.040412841360724434,
    -0.14373871437913596,
    -0.06353668558608541,
    -0.026545402916494917
  ],
  "sum weights": 0.999994999884417
}