{
  "mu_target": [
    -0.5,
    0.6000000238418579
  ],
  "mu_model": [
    [
      -0.4995817422338231,
      0.5978011595833852
    ]
  ],
  "diff": [
    [
      0.00041825776617687715,
      0.0021988642584727103
    ]
  ],
  "sigma_integral": [
    0.0004959105249194298,
    0.0008074181955516105
  ],
  "within_band": [
    [
      true,
      false
    ]
  ],
  "toy_seed": 49,
  "weights": [
    0.05823756672829602,
    -0.022863189485222,
    -4.831018151333387e-05,
    0.07109989342083466,
    -0.057193415998533864,
    0.0635048951689639,
    0.0007315181631522551,
    -0.06397788287611682,
    0.05103420251692729,
    0.03523236359048228,
    -0.006730045059933905,
    0.12514349988658538,
    0.006159860421008871,
    -0.0648049242056949,
    -0.07602864975883303,
    0.10283901686056655,
    0.09407057768761506,
    0.03766863722481446,
    0.011385187363042094,
    0.06796008134812365,
    0.009083913263234343,
    0.0033448789846266705,
    -0.05877782967570735,
    -0.017944053184313666,
    0.11805812093195822,
    -0.03485208185310146,
    0.015666399235964065,
    0.07184904132223711,
    0.08817776731760917,
    0.03551157376430324,
    -0.03348383176752697,
    0.06105384404456122,
    0.06088187901164868,
    0.0034944804261643056,
    0.13104161824236327,
    -0.02936843230890659,
    0.021295398784277136,
    0.03047723129588713,
    -0.029478991396609356,
    0.014671019509665225,
    -0.0141444472663088,
    -0.041836197835894394,
    -0.06552532234470784,
    -0.0577168218031972,
    0.026163638425653203,
    0.08943662354415641,
    0.038035712880328774,
    0.0661964577030932,
    0.08094947194902526,
    0.07306266477426863,
    0.044012813366383643,
    -0.07824606652754308,
    -0.013086797656713533,
    0.05043483377628887,
    0.012869801960945977,
    -0.05641273006175492,
    -0.006299303057692299,
    -0.0709111360613083,
    -0.03488468545711221,
    0.0637586608707968
  ],
  "sum weights": 0.9999799999416071
}