{
  "mu_target": [
    -0.5,
    0.6000000238418579
  ],
  "mu_model": [
    [
      -0.49938378050201665,
      0.5998541249457859
    ]
  ],
  "diff": [
    [
      0.0006162194979833502,
      0.00014589889607197204
    ]
  ],
  "sigma_integral": [
    0.0004900593669870828,
    0.0007993123384285288
  ],
  "within_band": [
    [
      false,
      true
    ]
  ],
  "toy_seed": 276,
  "weights": [
    0.04351566395581351,
    -0.11082706654534306,
    -0.002581780967125082,
    0.05148027570412735,
    -0.019151531606168226,
    0.03145991760946701,
    -0.07210454915061697,
    -0.10402576003284865,
    0.034463608105607633,
    0.03486499214616293,
    -0.022700542222683584,
    0.07108452633743641,
    0.04728361334575275,
    -0.031222077527451313,
    -0.04024049462237221,
    0.24491537840617575,
    0.050173104711673085,
    0.03457882555544641,
    0.04204998473931228,
    0.04710389519779338,
    0.045242736497140335,
    0.07952028040917457,
    -0.05843779841547059,
    -0.020332178225659837,
    0.11568604744763199,
    0.06634107645486283,
    -0.04953601245755657,
    0.0664305003950827,
    0.08996746482013351,
    -0.016587216819752112,
    -0.021410636332157288,
    0.008155544076704744,
    0.15632609331335384,
    0.024448643363641023,
    0.027031818846944337,
    -0.061382192615467374,
    0.008544504712139724,
    0.0792159523261552,
    -0.04030622625758961,
    -0.027113437659153826,
    -0.0012657728474142892,
    0.016917850980001307,
    -0.05759151332047078,
    -0.026332996190699728,
    -0.003710713061209087,
    0.09498381665967007,
    0.04400954575468724,
    0.16538543472389808,
    0.09251224673931015,
    0.08608439874888409,
    0.07464201112644743,
    -0.05308314952562194,
    0.012565024744838523,
    0.029307726005266314,
    0.0008379438911728207,
    -0.04600698348174042,
    -0.0012640557658518685,
    -0.15991854439087405,
    -0.038927232396093955,
    -0.031079985422320804
  ],
  "sum weights": 0.9999899999921958
}