{
  "mu_target": [
    -0.5,
    0.6000000238418579
  ],
  "mu_model": [
    [
      -0.498609020112029,
      0.5976306767803476
    ]
  ],
  "diff": [
    [
      0.001390979887970989,
      0.002369347061510263
    ]
  ],
  "sigma_integral": [
    0.0005073521004750997,
    0.0008146913934184456
  ],
  "within_band": [
    [
      false,
      false
    ]
  ],
  "toy_seed": 38,
  "weights": [
    0.040000564292715465,
    -0.02496606138258905,
    0.01806037036902977,
    0.00813258384696519,
    -0.05548489123107907,
    0.008649023041506646,
    -0.012181806114157754,
    -0.06620012161455543,
    0.046693390852703444,
    0.027079432967190994,
    -0.015185105416238033,
    0.08233774766811683,
    0.02754317280762782,
    -0.04631759929374562,
    -0.029250680713453128,
    0.1901767470288621,
    0.08637146206242305,
    0.05805211075131017,
    0.02469749757462905,
    0.049151582573153774,
    -0.010684300209967636,
    0.0876116525239043,
    0.009840794275686685,
    0.0586066385411689,
    0.1693021495991946,
    0.0903374522174003,
    -0.033420451578434617,
    0.02866254392229118,
    0.08108916355476767,
    0.014534975724694022,
    -0.0002157651367628243,
    0.06596089029433216,
    0.059487490288786936,
    0.016439690171090017,
    0.052027583418172256,
    -0.00449699778129421,
    0.0007909708339986088,
    0.04651083596350815,
    -0.005848515256354152,
    -0.056686851196933195,
    -0.06879197650824202,
    -0.056679177838123505,
    -0.08908415319391294,
    -0.007683498410400764,
    -0.01431634027052609,
    0.04627688940582544,
    0.08817278045407093,
    0.06393447227387196,
    0.05827834112491369,
    0.03570449412829222,
    0.002575636982903983,
    -0.015104233044714041,
    0.005011750438425998,
    0.07315753609925883,
    0.0040036420589032356,
    -0.07688234004407937,
    -0.04603446142983747,
    -0.12387342408223982,
    -0.029902407726960623,
    0.06402209933651513
  ],
  "sum weights": 0.9999949999936101
}