{
  "mu_target": [
    -0.5,
    0.6000000238418579
  ],
  "mu_model": [
    [
      -0.4998794134527182,
      0.5998694778955777
    ]
  ],
  "diff": [
    [
      0.00012058654728180906,
      0.00013054594628025828
    ]
  ],
  "sigma_integral": [
    0.000517345180902208,
    0.0008033720247342251
  ],
  "within_band": [
    [
      true,
      true
    ]
  ],
  "toy_seed": 10,
  "weights": [
    0.05140363244020923,
    -0.05638339469015382,
    -0.006488887694251379,
    0.11584950852161396,
    -0.02658033315979568,
    0.04720752310964488,
    0.007736870105903606,
    -0.03552466931730485,
    -0.014823451290080461,
    0.02078873041495265,
    -0.032524028853021004,
    0.08597392547888535,
    0.039377204396951145,
    -0.06720249951025983,
    -0.0515576499290809,
    0.15436111873072675,
    0.05573897575023081,
    0.039457242122301506,
    0.05468611052217868,
    0.08454876652762086,
    0.0006667026757115779,
    0.05207642072825738,
    0.0068174027276255615,
    0.015834983055641075,
    0.10181317552084634,
    0.010379410341028478,
    0.024740746825725635,
    0.06922981939633908,
    0.06142861230714072,
    -0.030097047009798816,
    -0.0008417685337184343,
    0.058543448732156236,
    0.10104218393829942,
    0.017252336540790923,
    0.0341972770015177,
    0.013955179942400968,
    0.0625122575273834,
    -0.009341153341405261,
    -0.015458490059965427,
    -0.05148485024713141,
    -0.04626740522041139,
    -0.036869450705985046,
    -0.07138971827494728,
    -0.05243247316227911,
    -0.001582348756928407,
    0.03511126857343672,
    0.05098148130586512,
    0.08535144528196685,
    0.0754152269541061,
    0.11495220443109277,
    0.030298240882934993,
    -0.08647137312417147,
    -0.003167711334451655,
    0.10322676054559586,
    -0.03048222872786678,
    -0.0721741395214935,
    -0.03195354515703269,
    -0.04955001642487342,
    -0.04901646216689629,
    0.046693902849705794
  ],
  "sum weights": 0.9999849999934839
}