{
  "mu_target": [
    -0.5,
    0.6000000238418579
  ],
  "mu_model": [
    [
      -0.498548182348634,
      0.5987644353054878
    ]
  ],
  "diff": [
    [
      0.001451817651365983,
      0.0012355885363700692
    ]
  ],
  "sigma_integral": [
    0.0008066278129354683,
    0.0009560732373584327
  ],
  "within_band": [
    [
      false,
      false
    ]
  ],
  "toy_seed": 227,
  "weights": [
    0.048214622966117636,
    -0.06274345752934726,
    0.007110916891293778,
    0.09341393322188744,
    -0.017157684778134286,
    0.03636752376129117,
    -0.01783883242114701,
    -0.057252406049486,
    0.010654562574890511,
    0.01838398039992785,
    0.05163353918458341,
    0.10504054452042819,
    0.017467819627160312,
    -0.08393828878282962,
    -0.06776643910751663,
    0.09058470247659564,
    0.062006395648943724,
    -0.03947717407082205,
    0.07592973355586957,
    0.061006485027660866,
    0.019915554338781137,
    0.05247141456226007,
    -0.08138749106376175,
    -0.043399824182462014,
    0.07068849681709305,
    -0.009395007667166833,
    0.008287125422579809,
    0.04888140567276502,
    0.07396417389175329,
    0.019302539852460228,
    -0.008889362084564636,
    0.02251856382288953,
    0.08501282974355066,
    0.010915679197094281,
    0.11456999554398847,
    -0.050425297965271614,
    0.06106407769462218,
    -0.013218491714043549,
    -0.06096672638156973,
    -0.024603729945716492,
    -0.012209251371836656,
    0.055781051313443804,
    -0.03336130366237133,
    -0.06942980533338743,
    -0.017668767087772153,
    -0.0009089364506902037,
    0.0529758456110623,
    0.10136777935294589,
    0.08081090322082327,
    0.09730469816977999,
    0.081923121907066,
    0.0009124369538010081,
    -0.02230591752772461,
    0.04013409035063524,
    0.028398366097263938,
    -0.045522747521624336,
    0.048937107920408854,
    -0.03594109628269489,
    0.010872739544744919,
    0.010973282053315
  ],
  "sum weights": 0.999989999929837
}