{
  "mu_target": [
    -0.5,
    0.6000000238418579
  ],
  "mu_model": [
    [
      -0.49966733404230346,
      0.5983326260706213
    ]
  ],
  "diff": [
    [
      0.00033266595769654295,
      0.0016673977712365895
    ]
  ],
  "sigma_integral": [
    0.00048679141017006115,
    0.0007999526472087899
  ],
  "within_band": [
    [
      true,
      false
    ]
  ],
  "toy_seed": 147,
  "weights": [
    0.11347101748348452,
    -0.059489344208548484,
    -0.01918243826463638,
    0.06606452862344614,
    -0.07094242817318992,
    0.049537194848648956,
    -0.0635363252627543,
    -0.04491522829207707,
    0.05158989886899104,
    0.08739628168742272,
    0.02917432643180948,
    0.06835350154755668,
    0.018284749514041073,
    -0.017250217009414457,
    -0.03800639872065362,
    0.20192543979897995,
    0.0727429670429741,
    0.04800293361577144,
    0.020296133013118334,
    0.058558634297503485,
    0.013319974270445532,
    -0.015985844388119112,
    -0.09662609371383309,
    0.0015940376561343445,
    0.1075210131666744,
    0.07780537591398391,
    -0.004596828605816365,
    0.04030152159708234,
    0.05685960392163392,
    -0.03881425838542666,
    -0.0016778964659381263,
    0.07083154565183805,
    0.05475897402401401,
    -0.022185976663995095,
    0.04348284697447551,
    -0.056365774844611465,
    0.0722815181262389,
    -0.004286136163762022,
    0.011005774515374767,
    -0.04142379965333238,
    -0.0222438441713028,
    0.04230817479425776,
    -0.047251539151504644,
    -0.07248643147408862,
    0.008818030297459086,
    0.09604288704918046,
    -0.007770205929001187,
    0.056668384529975004,
    0.07275512562157327,
    0.1437620598539853,
    0.04318221240812619,
    -0.05047220569204386,
    0.02178762764906052,
    0.05401500091711999,
    -0.011367588012418278,
    -0.039921121297116724,
    -0.032471805687554235,
    -0.0621464145536732,
    -0.045447751766982104,
    0.012359600833092685
  ],
  "sum weights": 0.9999949999936797
}