{
  "mu_target": [
    -0.5,
    0.6000000238418579
  ],
  "mu_model": [
    [
      -0.49991862832476325,
      0.5990069205289342
    ]
  ],
  "diff": [
    [
      8.137167523675215e-05,
      0.0009931033129236821
    ]
  ],
  "sigma_integral": [
    0.00048618612959996406,
    0.0007996830360524233
  ],
  "within_band": [
    [
      true,
      false
    ]
  ],
  "toy_seed": 23,
  "weights": [
    0.08312073289443316,
    -0.06013026570035596,
    -0.0070347953745111035,
    0.08554478577725415,
    -0.10783062621984982,
    0.00010302787681257833,
    0.0035099850064490516,
    -0.01228131786085618,
    0.04264617350552617,
    0.0853235180391558,
    -0.05128944870565619,
    0.15933431815802934,
    -0.005833558363360789,
    -0.06861973606506865,
    -0.05736247669553803,
    0.19475676067076522,
    0.023123405974080576,
    0.017598978319056803,
    0.08169792756734232,
    0.05227961849808708,
    -0.035720392558591184,
    -0.025017199725568356,
    -0.03702681744377464,
    -0.020015964651430535,
    0.1128695800422718,
    0.05150305339614075,
    0.026402055456931844,
    0.04064918793337156,
    0.07858996943883452,
    -0.027219600023087417,
    0.040616356449341307,
    0.00753354464421064,
    0.039052230968660485,
    0.059699839411898624,
    0.09558837752157492,
    0.015052353275695221,
    0.04313080785784168,
    0.07405549090649503,
    0.011675813288724255,
    -0.008190742847280734,
    -0.032071069216829076,
    0.030070472896146044,
    -0.0031411457908054855,
    -0.10312917882473513,
    -0.0224901926542808,
    0.016571240611234533,
    0.05462721190825346,
    0.05092073278196321,
    0.10438382108103518,
    0.08624279738221581,
    0.05345819122050006,
    -0.0919683186307033,
    0.008246471129302912,
    0.071131981886835,
    -0.026512522181243222,
    -0.023113151894922673,
    -0.00016030096496540502,
    -0.09140506778973467,
    -0.06239815200536715,
    -0.021158771596245005
  ],
  "sum weights": 0.9999899999917097
}