{
  "mu_target": [
    -0.5,
    0.6000000238418579
  ],
  "mu_model": [
    [
      -0.4991896395195579,
      0.5976343393503816
    ]
  ],
  "diff": [
    [
      0.000810360480442085,
      0.0023656844914763386
    ]
  ],
  "sigma_integral": [
    0.0004902470887625821,
    0.0008023592287631708
  ],
  "within_band": [
    [
      false,
      false
    ]
  ],
  "toy_seed": 160,
  "weights": [
    0.07274570279348198,
    -0.08438114677874367,
    0.002015244600813544,
    0.11596347776712065,
    -0.07175865396953146,
    0.019052797551807433,
    0.017723366846606376,
    0.013735201846745159,
    0.053339087657376674,
    0.0857725008246534,
    -0.03250529911216737,
    0.06950077466634318,
    0.026144958605073397,
    -0.06000633169713358,
    -0.10040715524829337,
    0.0976752557498892,
    0.04462605609530717,
    0.0007627938994294279,
    0.04431184887057288,
    0.036069896481168685,
    0.013804756087057784,
    -0.025084713477316577,
    -0.10687335707158177,
    -0.024740838263811182,
    0.12751005680696628,
    0.044217460125636224,
    0.06899182365732129,
    0.033982352561995804,
    0.10830069210131445,
    0.007418805269872825,
    -0.015225103162864323,
    0.02419158995453244,
    0.09230934062398129,
    0.053485589566115266,
    0.06610365963514887,
    0.02307953263830359,
    0.046856039098847606,
    -0.006879695278245808,
    0.018138766573976787,
    0.010292794418959791,
    -0.02937433684077654,
    0.019603525650063736,
    -0.08400810544950602,
    -0.07892114485598785,
    0.0007072573515217483,
    0.0361496346724843,
    0.06334554841475047,
    0.08399765263486532,
    0.051935917042601816,
    0.13367045005501368,
    0.0732024731818745,
    -0.06812070606809094,
    -0.01444303544524515,
    0.10386976365464971,
    -0.009693282174842395,
    -0.05207874566752745,
    -0.02891737593886884,
    -0.11110299033680136,
    -0.04136132460060265,
    0.041263895396140005
  ],
  "sum weights": 0.9999849999924465
}