{
  "mu_target": [
    -0.5,
    0.6000000238418579
  ],
  "mu_model": [
    [
      -0.4992890780457021,
      0.5989672126714757
    ]
  ],
  "diff": [
    [
      0.000710921954297894,
      0.0010328111703822307
    ]
  ],
  "sigma_integral": [
    0.0004873880017324477,
    0.0007974860637648269
  ],
  "within_band": [
    [
      false,
      false
    ]
  ],
  "toy_seed": 108,
  "weights": [
    0.04048846082598902,
    -0.05748060119599603,
    0.023105654270555515,
    0.015774157487908804,
    -0.06098976182715932,
    0.007250394068937707,
    -0.05505933565451244,
    -0.06442513393010939,
    0.04024428180514139,
    0.07233408021942567,
    -0.00954063933374859,
    0.04303186569651171,
    0.014252447190468911,
    -0.057248303559026215,
    -0.004313696704611259,
    0.22064062524406872,
    0.08226211276652247,
    0.01820774769465242,
    0.018256733041923958,
    0.05218770824074227,
    0.004316700919597348,
    -0.03585958115942212,
    0.012391680360953335,
    -0.020500625480475137,
    0.1400060649064378,
    0.06902404466609968,
    0.012395252137695396,
    0.08492971153115628,
    0.015122855344016415,
    -0.025467128944195366,
    0.028937603753189156,
    0.06148405164682271,
    0.06319713667557854,
    0.0716208805622958,
    0.036613530825029425,
    0.06304733337336348,
    0.03580385496267615,
    0.007620872084547619,
    0.021240770991541834,
    -0.0004717469855893433,
    0.0016037081199730906,
    0.02995943322770246,
    -0.06854724452350981,
    -0.04068561541201621,
    -0.04368746440204993,
    0.09003983159570844,
    0.05547534736252858,
    0.0233733578154153,
    0.11387855893438423,
    0.05713922952686643,
    0.020136940649934116,
    0.0015319013891339753,
    -0.05194268125489529,
    0.0783892059464446,
    -0.03953014500352096,
    -0.07417663203301712,
    -0.007720682384620116,
    -0.0728946741067576,
    -0.026878751578760872,
    -0.029895682394297855
  ],
  "sum weights": 0.9999999999936497
}