{
  "mu_target": [
    -0.5,
    0.6000000238418579
  ],
  "mu_model": [
    [
      -0.5000147237270649,
      0.5993656681974973
    ]
  ],
  "diff": [
    [
      1.4723727064902548e-05,
      0.0006343556443606513
    ]
  ],
  "sigma_integral": [
    0.00048320750242124814,
    0.0007995660599192496
  ],
  "within_band": [
    [
      true,
      true
    ]
  ],
  "toy_seed": 127,
  "weights": [
    0.03279745111893192,
    -0.11000140425538069,
    0.04923385365644464,
    0.07109617929879068,
    -0.013364235034522767,
    -0.013944471138502022,
    -0.03865746810490811,
    -0.010075146892558458,
    -0.011337745879317665,
    0.050073768689408465,
    0.019881852318511955,
    0.06274639042467293,
    0.04263821270801417,
    -0.06742210437620873,
    -0.06751569935920199,
    0.18059022480971873,
    -0.008586545532257801,
    0.019479970496732286,
    0.02762567429044246,
    0.03821846976557586,
    0.003617372031408692,
    0.058556944227149486,
    -0.0657296998980328,
    -0.05020717471289689,
    0.08481664976692925,
    0.06698357486264543,
    0.023650232337036167,
    0.09375498748674935,
    0.11170134711186851,
    0.023252032933524278,
    0.028897039479241292,
    0.007398930755811964,
    0.10415391697334053,
    0.07788835645774318,
    0.06713865655167466,
    -0.00506463892429094,
    0.017513051199223088,
    0.010473447332222191,
    0.0011102670145889412,
    0.01592811398352621,
    -0.05387264151150833,
    -0.018692604566320728,
    -0.07154175223060247,
    -0.05136007603228329,
    -0.006307268658139068,
    0.09643255252251558,
    0.04637443642146094,
    0.12428874078733328,
    0.07938158039461984,
    0.08034793956189706,
    0.08025046890705133,
    -0.07695156162146997,
    -0.02433868436639776,
    0.06496446262674727,
    0.04406453727905749,
    -0.07857042652482876,
    -0.06692612148095507,
    -0.11500365287907408,
    -0.0744612482361142,
    0.09260068562697506
  ],
  "sum weights": 0.9999899999938126
}