{
  "mu_target": [
    -0.5,
    0.6000000238418579
  ],
  "mu_model": [
    [
      -0.4988883456563837,
      0.599305533346996
    ]
  ],
  "diff": [
    [
      0.0011116543436163195,
      0.0006944904948619213
    ]
  ],
  "sigma_integral": [
    0.00048621261285064894,
    0.0008023113124090959
  ],
  "within_band": [
    [
      false,
      true
    ]
  ],
  "toy_seed": 168,
  "weights": [
    0.020757863138849617,
    -0.07328002801987125,
    0.027911985748982213,
    0.007686375875969248,
    -0.06125705450187302,
    0.05427435804606394,
    -0.02055818219341849,
    -0.08799048759656829,
    0.034615575497020885,
    0.07238826341778182,
    -0.01789551444292402,
    0.11418017236053178,
    0.02802064242369815,
    -0.09018139648387592,
    -0.014690616203024448,
    0.13387740115410154,
    0.08052685138095861,
    0.07232372384286095,
    0.011062822244652182,
    0.06404228718245761,
    0.013662649306933812,
    0.01577492211034379,
    0.0018640205993670394,
    0.012353275211993265,
    0.0955787642150876,
    0.025168260879775396,
    -0.0028764350169500513,
    -0.007060009588056898,
    0.0724503740018893,
    0.04654000029007932,
    -0.008037054940658966,
    0.032309085090666545,
    0.056103545640616,
    0.038103848961686775,
    0.04563153338638399,
    0.00716441474608331,
    -0.0196149870124217,
    0.11109774446544123,
    0.04434493210045284,
    0.0041697362114268225,
    0.012079452218877703,
    -0.03533837279115815,
    -0.005036771027121131,
    -0.0716348897259001,
    0.013552319974786377,
    0.08392810718150456,
    0.04592205321958063,
    0.06184426083579944,
    0.087841478957127,
    0.029673117617353598,
    -0.018884462921840407,
    -0.019707201771536637,
    -0.046789117586494074,
    0.10899199766643676,
    0.012715953151906711,
    -0.1452555638303434,
    -0.006530994079978495,
    -0.028005058724055426,
    -0.07559874017663963,
    0.055688768230023875
  ],
  "sum weights": 0.9999999999508418
}