{
  "mu_target": [
    -0.5,
    0.6000000238418579
  ],
  "mu_model": [
    [
      -0.499346512642011,
      0.5993555897506848
    ]
  ],
  "diff": [
    [
      0.0006534873579889799,
      0.0006444340911730961
    ]
  ],
  "sigma_integral": [
    0.0004924810986751363,
    0.000816183845266522
  ],
  "within_band": [
    [
      false,
      true
    ]
  ],
  "toy_seed": 248,
  "weights": [
    0.06522668663664001,
    -0.09837485533473769,
    0.019595876217281014,
    0.0675690248090855,
    -0.02107716933937413,
    0.02366100982320845,
    -0.06707222623531063,
    -0.08132677872839697,
    0.018658472039516302,
    0.04817070866805317,
    -0.05277154705523286,
    0.06821929735062884,
    0.03840911431928285,
    -0.07469933925543719,
    -0.04134173392004342,
    0.19505666626025614,
    0.10913998478924548,
    0.041885472875027564,
    0.0022733690908417394,
    0.10097674340133203,
    0.017461703499317742,
    0.09149490611991008,
    -0.07100872449711775,
    0.039061135680783794,
    0.08821651834867557,
    0.09536271639830636,
    -0.008560159840473472,
    0.06944149147064925,
    0.061031308186826456,
    -0.012289926080989628,
    0.01583677835416009,
    0.03511003370673784,
    0.09044468538334123,
    0.041197283921718016,
    0.061274865399991926,
    -0.021034773137217144,
    0.015355191268192145,
    -0.023986032707657444,
    -0.0029103316082051624,
    -0.03553849261392617,
    -0.014831663106425646,
    -0.054224063265030716,
    -0.0490139981698598,
    -0.048963071504736305,
    -0.003718716097176508,
    0.09539998486451176,
    0.043518884799127605,
    0.07551108680339196,
    0.07494644348230128,
    0.08808434439657814,
    0.0251045522519575,
    -0.021443280283268747,
    -0.02242539784050876,
    0.04160176965403314,
    0.017939821544304953,
    -0.049955312358124115,
    -0.016337655967224363,
    -0.06317933227960074,
    -0.0955461111973715,
    0.06938276060121337
  ],
  "sum weights": 0.9999899999929824
}