{
  "mu_target": [
    -0.5,
    0.6000000238418579
  ],
  "mu_model": [
    [
      -0.4996660774686946,
      0.5993243674053526
    ]
  ],
  "diff": [
    [
      0.0003339225313053751,
      0.0006756564365053563
    ]
  ],
  "sigma_integral": [
    0.00048496392804269465,
    0.0007913017760889528
  ],
  "within_band": [
    [
      true,
      true
    ]
  ],
  "toy_seed": 254,
  "weights": [
    6.19779751436813e-05,
    -0.0744957576695395,
    0.0025772264291409265,
    0.11361931176243754,
    -0.0847354230788322,
    0.046096183055148704,
    -0.02218548472403002,
    -0.041220274963217944,
    -0.020609338778903502,
    0.049844748976297454,
    0.005947072422973024,
    0.11010365523865114,
    0.04634712597323086,
    -0.047971989049004515,
    -0.05942258660201801,
    0.15280445206476614,
    0.045006656861860096,
    0.013818323878986237,
    0.055072713433136765,
    0.03008146182865431,
    0.012480880180773953,
    0.04932237943340291,
    -0.03041452539411859,
    -0.02454587495906769,
    0.07791157332808551,
    0.04153620430043268,
    0.0302122863527041,
    0.06910354287470324,
    0.07107777485183574,
    0.012655587025580346,
    0.0459782589620253,
    0.08836241278904058,
    0.056904863468769676,
    0.011464616250455917,
    0.06068224803623886,
    -0.006714341504021618,
    0.03833473085135075,
    0.02294949503960663,
    0.05817019021276736,
    -0.01882762043049363,
    -0.023984649242400187,
    -0.007394560543125226,
    -0.01273178812999795,
    -0.09705166664163592,
    0.013223270849349046,
    0.006497886338946043,
    0.017104296482201433,
    0.0851652943564526,
    0.13455805018277667,
    0.11865587858695173,
    0.0053511343187866494,
    -0.045976138681842686,
    -0.03729142262300877,
    0.06774440156837487,
    -0.0015838025126554034,
    -0.03888491469186422,
    -0.07668923025479667,
    -0.10156656972944271,
    -0.014767217788887656,
    0.022237011421083492
  ],
  "sum weights": 0.9999999999702185
}