{
  "mu_target": [
    -0.5,
    0.6000000238418579
  ],
  "mu_model": [
    [
      -0.49936127578325196,
      0.5987992062675968
    ]
  ],
  "diff": [
    [
      0.0006387242167480434,
      0.0012008175742611593
    ]
  ],
  "sigma_integral": [
    0.0004889579920258517,
    0.0008105250924060683
  ],
  "within_band": [
    [
      false,
      false
    ]
  ],
  "toy_seed": 240,
  "weights": [
    0.03431412893198298,
    -0.07497740946499211,
    0.06134210000405388,
    0.0708275081153,
    -0.04872958484758667,
    0.021413985681432993,
    -0.022884119813071754,
    -0.07904190141574836,
    0.022414709816904535,
    0.05827039470965414,
    0.018440981983522006,
    0.10213155978648845,
    0.01803861685637491,
    -0.02121504948010547,
    0.0035822987679895424,
    0.18186468768775124,
    0.08147387414378901,
    0.01915687271536349,
    0.03442451184603989,
    0.0027485255945893243,
    0.02058529045183579,
    0.10697936248113957,
    0.01134709075753922,
    0.06336422628794407,
    0.10394672948498504,
    0.04612347430648085,
    -0.08586658986766349,
    0.037319933077596845,
    0.11414878506861505,
    -0.04394187493431891,
    0.02638706473800468,
    0.04152418433439771,
    0.08507197325849741,
    0.06927271561705318,
    0.010787489527807052,
    -0.018633603087191798,
    0.004515304771556168,
    0.040803013833630795,
    0.06007289802518386,
    -0.03991471254525673,
    -0.09972350616766844,
    0.029103473142368722,
    -0.03464586210253542,
    -0.05346286182384747,
    -0.028585398315751933,
    0.07907719447289525,
    -0.004001011383815452,
    0.07152682394716746,
    0.10491830714130133,
    0.008818088937765716,
    0.06565199033923702,
    -0.017722192828187478,
    -0.059629720730503655,
    0.07554712256613777,
    0.017179568938000076,
    -0.1339913309271706,
    -0.01698490047010005,
    -0.06262400466622514,
    -0.058343810491256066,
    -0.019607416791567696
  ],
  "sum weights": 0.9999899999938124
}