{
  "mu_target": [
    -0.5,
    0.6000000238418579
  ],
  "mu_model": [
    [
      -0.5006671625600445,
      0.5974567841666624
    ]
  ],
  "diff": [
    [
      0.0006671625600445097,
      0.002543239675195541
    ]
  ],
  "sigma_integral": [
    0.00048461638033389523,
    0.0007944384198251891
  ],
  "within_band": [
    [
      false,
      false
    ]
  ],
  "toy_seed": 70,
  "weights": [
    0.024404208240640022,
    -0.0450641094668624,
    0.019559973057935703,
    0.0575128095206519,
    -0.02387252668610774,
    0.0255147522903044,
    -0.04626419083587881,
    0.013800326788063175,
    0.04373281860660611,
    0.05679242446381828,
    -0.031211797005163407,
    0.1109350757414941,
    -0.015134525910804393,
    -0.03651057333995258,
    0.01581327342737647,
    0.16314869940642515,
    0.030170600360912073,
    0.04457769407493814,
    0.03727066644425284,
    0.0302357255316444,
    0.008922234299837644,
    -0.018223306751189754,
    0.011125125419810316,
    -0.013234956864289407,
    0.11369007796062923,
    0.038621457780520334,
    -0.008822637384306414,
    0.031634023305565084,
    0.08329786364708983,
    -0.004868398771492915,
    0.015817536432896268,
    0.08061026263075549,
    -0.031036555887756036,
    0.05872661775889843,
    -0.024452980828248226,
    0.011031259192426484,
    0.03617144111784681,
    0.0812986458575704,
    -0.001981894193503114,
    -0.026143611249944382,
    -0.009195971339697918,
    0.017834293239292986,
    -0.0060705481542888545,
    -0.09993343763170066,
    0.010519051309903844,
    0.08302607487266131,
    0.010239954130954064,
    0.04785626798999397,
    0.08681836737055092,
    0.04978776668280631,
    0.045776325999056795,
    -0.005792145538151324,
    -0.03325081607860104,
    0.11045908683204048,
    -0.02550022803379201,
    -0.03438439171671635,
    -0.044424695001577794,
    -0.059243274455915776,
    -0.015297585564181284,
    -0.04681762310292687
  ],
  "sum weights": 0.9999999999931203
}