{
  "mu_target": [
    -0.5,
    0.6000000238418579
  ],
  "mu_model": [
    [
      -0.49971997996385215,
      0.5980924253342023
    ]
  ],
  "diff": [
    [
      0.0002800200361478544,
      0.00190759850765565
    ]
  ],
  "sigma_integral": [
    0.0004974517453645313,
    0.0008255331498344961
  ],
  "within_band": [
    [
      true,
      false
    ]
  ],
  "toy_seed": 230,
  "weights": [
    0.033561653680527,
    -0.06916661004186955,
    0.014557894372162945,
    0.09826150357658078,
    -0.05634753472982662,
    0.005033183967779722,
    -0.04757668606771041,
    -0.05032031035584296,
    0.020361038360154123,
    0.029837384218455113,
    -0.006532466566803646,
    0.08377960870700546,
    0.02311866543725189,
    -0.08244106662121042,
    -0.06866156270726448,
    0.22646884225927677,
    0.059865100174695464,
    0.03070770191918604,
    0.08633223743389194,
    0.08811518442811155,
    0.019888424417686974,
    0.03805228548864469,
    -0.06791090417357132,
    -0.024425164011690148,
    0.13849454056720337,
    0.06672952473665898,
    0.04417757120342005,
    0.0713031492339717,
    0.055662494530316055,
    -0.03563573746469782,
    -0.02232070970712688,
    0.06976102797174591,
    0.08746391374904952,
    0.06158767060031708,
    0.09663847688311654,
    -0.013603872924817934,
    0.024064048952620414,
    -0.039529217938114,
    -0.03028588527840055,
    -0.05839333588226028,
    -0.02557979139362543,
    0.024204205104491117,
    -0.08782780120789244,
    -0.10589035588532993,
    0.00899950791952465,
    0.018832556076984325,
    0.013274882127072016,
    0.028969597954203792,
    0.09623937682585389,
    0.08780866072430794,
    0.07213685431048567,
    0.052606849440358816,
    -0.0447076534396021,
    0.13374826363928832,
    0.02769111427872627,
    -0.09031823995501355,
    0.023615977738355824,
    -0.1165486202321042,
    -0.08254945947076496,
    0.0645870130403107
  ],
  "sum weights": 0.9999649999942537
}