{
  "mu_target": [
    -0.5,
    0.6000000238418579
  ],
  "mu_model": [
    [
      -0.4997713453529269,
      0.5989339975254157
    ]
  ],
  "diff": [
    [
      0.00022865464707311212,
      0.001066026316442259
    ]
  ],
  "sigma_integral": [
    0.00048667822131657904,
    0.0008111659512338854
  ],
  "within_band": [
    [
      true,
      false
    ]
  ],
  "toy_seed": 159,
  "weights": [
    0.03640286884498804,
    -0.06218246887093458,
    -0.011794391803918473,
    0.026665286457048923,
    -0.004045837197287892,
    -0.015601282643181101,
    -0.011895211279212963,
    -0.04133015952633322,
    0.012855206461209617,
    0.07941688425993368,
    -0.0021628211908692554,
    0.11545044353516637,
    0.020491091154251788,
    -0.06088000557612979,
    -0.011285393861821737,
    0.1634810036767616,
    0.060362423959886134,
    0.00013277185118689086,
    0.011793543389816369,
    -0.007520508771689951,
    -0.009072565270143928,
    0.04766213174813759,
    0.04119481664904811,
    0.0015778028704006403,
    0.046314295460840225,
    0.04743992483735875,
    -0.03168461113833253,
    0.030642011081149743,
    0.09326879436894446,
    -0.05544164056334394,
    0.015187363949851974,
    0.06341506177280853,
    0.044874373129731145,
    0.05412052974214495,
    0.040249919083353,
    -0.012654059105826482,
    -0.012371603660451768,
    0.059401284675441854,
    0.038255425718001064,
    -0.06000094247288659,
    -0.05012624559438348,
    0.01645882276719344,
    -0.02566473882844297,
    -0.019740515226718287,
    0.024061172948904686,
    0.09753711175208815,
    0.043950199970091544,
    0.04777225693670105,
    0.09901715870543977,
    0.10763872900502998,
    0.06704256756606274,
    -0.041505079370840664,
    0.022861390105561295,
    0.09848537558394167,
    0.025627161658112983,
    -0.13628383423276794,
    -0.02096093499941297,
    -0.07499234780761092,
    -0.04969686233540204,
    0.02777685564319712
  ],
  "sum weights": 0.9999899999918425
}