{
  "mu_target": [
    -0.5,
    0.6000000238418579
  ],
  "mu_model": [
    [
      -0.49996460969109263,
      0.5987110101138193
    ]
  ],
  "diff": [
    [
      3.539030890736816e-05,
      0.0012890137280385794
    ]
  ],
  "sigma_integral": [
    0.0004887657170877411,
    0.0008057870506907256
  ],
  "within_band": [
    [
      true,
      false
    ]
  ],
  "toy_seed": 21,
  "weights": [
    0.08564500497508083,
    -0.06322327937865943,
    -0.02052735975381212,
    0.1111095336025905,
    -0.020247538713819183,
    -0.012709805331736419,
    -0.035551608288863064,
    -0.09762253478128774,
    0.0004604723378419352,
    0.0532777109258226,
    -0.041692580799783906,
    0.10017722436379829,
    0.037028440660479646,
    -0.05957923104254204,
    -0.05766421232500923,
    0.13423455600732606,
    0.05026802221080925,
    0.022025601930099673,
    0.07043335681916182,
    0.03294023820260287,
    0.0348804084248725,
    0.05398755496105068,
    -0.08738901334231106,
    -0.0679208279538357,
    0.08668192027938026,
    -0.005118355119420542,
    0.056425057992434934,
    0.04324641762067034,
    0.09251305585931914,
    -0.0476402130893735,
    0.038351273757454535,
    0.04596274637800588,
    0.11107928031925839,
    0.028940271681852685,
    0.09690735751731307,
    0.01633407353638568,
    0.03836556773285448,
    0.024844376284997187,
    0.002723770827026445,
    -0.002372787082277003,
    -0.0469059013815045,
    0.06287366027523472,
    -0.012723882617452161,
    -0.04721711811765601,
    -0.01739559273384128,
    0.0475111195835238,
    0.03953180578740139,
    0.02571502285408191,
    0.1202995993428894,
    0.1282500513941387,
    0.10397539622493811,
    -0.0648774946336863,
    -0.043427043074590485,
    0.10862591641582124,
    -0.04794326695362515,
    -0.06426309738369884,
    0.04802028062793792,
    -0.0725262169925769,
    -0.07297231938774608,
    -0.04415486746988825
  ],
  "sum weights": 0.9999799999654599
}