{
  "mu_target": [
    -0.5,
    0.6000000238418579
  ],
  "mu_model": [
    [
      -0.49921954552400066,
      0.5994695213640818
    ]
  ],
  "diff": [
    [
      0.000780454475999337,
      0.0005305024777760847
    ]
  ],
  "sigma_integral": [
    0.00048442565678678704,
    0.0008028550796091431
  ],
  "within_band": [
    [
      false,
      true
    ]
  ],
  "toy_seed": 255,
  "weights": [
    0.022278369085624125,
    -0.12933708565176258,
    -0.0441619959931195,
    0.06529248588408743,
    -0.04369836965801857,
    0.0011783821946667772,
    -0.01091255270576807,
    -0.019230949899763206,
    0.024463494084724192,
    0.07765995558486978,
    -0.054387837254717776,
    0.07712462285825858,
    0.03425099733906634,
    -0.05113763373439951,
    -0.0547770817313707,
    0.14217360971801052,
    0.05881868047195486,
    0.04119720949605156,
    0.088386088869863,
    -0.011583152418430918,
    0.0413842865758848,
    0.08008757088029224,
    0.019916433982001623,
    0.01732257038353454,
    0.0857094366748469,
    0.03783779344836447,
    0.007338919060791608,
    0.06120940496434016,
    0.08130192268191942,
    -0.022537374939159742,
    0.06817083253715803,
    0.08710882469604525,
    0.055358665625028884,
    0.030647413726950856,
    0.05378770547450268,
    0.007982511839809431,
    0.04294053751206627,
    0.05650954676292895,
    0.009501277368145988,
    0.0034479282996896067,
    -0.03669961567375157,
    -0.00740129793417676,
    -0.059073699207994185,
    0.008039800270414916,
    0.023150028722365244,
    0.04349370906635614,
    0.0340050339515017,
    0.022539223566439226,
    0.09383913136054263,
    0.030137163306966183,
    0.039955963941649436,
    -0.012853044708711151,
    -0.04594683403399749,
    -0.010779831034173981,
    0.03598730397809707,
    -0.08333944397122747,
    -0.00202478099585049,
    -0.04466617240364608,
    -0.07559133103365709,
    0.008605248615834631
  ],
  "sum weights": 0.9999999998779492
}