{
  "mu_target": [
    -0.5,
    0.6000000238418579
  ],
  "mu_model": [
    [
      -0.49976054399842296,
      0.5976269789863419
    ]
  ],
  "diff": [
    [
      0.00023945600157704305,
      0.0023730448555160377
    ]
  ],
  "sigma_integral": [
    0.0005241636637764278,
    0.0008073472377033497
  ],
  "within_band": [
    [
      true,
      false
    ]
  ],
  "toy_seed": 191,
  "weights": [
    0.035704081516908334,
    -0.15714816728346734,
    0.020474999955394594,
    0.031125695444135466,
    -0.06931293767763613,
    0.006810053807935986,
    -0.03006503852155817,
    -0.04746364757373272,
    -0.03889445033321716,
    0.05651993575790695,
    -0.04548883947612645,
    0.11895234573459654,
    0.017889329454095174,
    -0.08627175666218835,
    -0.06336563067797535,
    0.15108660312671862,
    0.07439708426397877,
    0.03252269064681796,
    0.06043080258955884,
    0.004152701460604188,
    0.01690024713057563,
    0.09389392459795569,
    -0.06311216897086062,
    -0.0014225123298795194,
    0.11035253002277096,
    0.04176705934809529,
    0.033094113504502164,
    0.13422859257575032,
    0.1145853515187566,
    -0.03220425420059424,
    -0.012302694599473864,
    0.04064478460955827,
    0.11547757472347585,
    0.05593812814748095,
    0.045434829187366535,
    0.029781649990734554,
    -0.0016065867270629946,
    0.012905363435167572,
    0.058966816770545494,
    -0.02872261330192142,
    -0.009187820923151442,
    -0.033968203590911974,
    -0.02312326978581668,
    -0.06934573879731767,
    -0.017958843110398134,
    0.04588921671727623,
    0.06456218179259553,
    0.10738820018503478,
    0.07252414127068277,
    0.02813992724902121,
    0.047567125409850225,
    -0.03435487404028587,
    -0.01053507535544367,
    0.06272304138566762,
    0.0016487437426360376,
    -0.04324426886765755,
    0.04379625388198125,
    -0.06471945155344214,
    -0.07475833473257947,
    0.07029105813005442
  ],
  "sum weights": 0.9999899999934885
}