{
  "mu_target": [
    -0.5,
    0.6000000238418579
  ],
  "mu_model": [
    [
      -0.499371671693278,
      0.5999579612819737
    ]
  ],
  "diff": [
    [
      0.0006283283067219925,
      4.206255988425944e-05
    ]
  ],
  "sigma_integral": [
    0.00048751372704320615,
    0.00080026212929721
  ],
  "within_band": [
    [
      false,
      true
    ]
  ],
  "toy_seed": 146,
  "weights": [
    0.01857852432176592,
    -0.11103110057709521,
    0.0003998677342217793,
    0.10333552946678844,
    -0.01836984727476227,
    -0.032810610713503434,
    -0.05760892405657106,
    -0.05071613962028593,
    0.020432155700635852,
    0.02078649528064608,
    -0.0034447252154057592,
    0.06693551787504172,
    0.019938050362296646,
    -0.04722409053811486,
    -0.03467900154126113,
    0.14320044926067294,
    0.04927826394837401,
    0.04799979276594525,
    0.07747074243734707,
    0.0903358035431387,
    0.02551562188623924,
    0.04107560232740208,
    -0.07966416417983778,
    -0.012751207128577776,
    0.13639591417751615,
    0.07443128636508994,
    -0.015531256578726428,
    0.056805126579381394,
    0.08318642338829421,
    0.00023330359417559604,
    -0.002393105219191469,
    0.044543216792156795,
    0.07898572997850345,
    0.06815662893242058,
    0.04443186832217627,
    -0.0419976929734762,
    0.05297133064540282,
    0.02556584861480644,
    0.020646181186997712,
    0.024051264851089178,
    -0.012771799304161861,
    -0.015263373826448006,
    -0.05612103748402994,
    -0.08077885146252142,
    -0.007810437310210563,
    0.08401956445332667,
    0.045933942513454736,
    0.08551353018572472,
    0.09507845336432123,
    0.09266158536269274,
    0.012169492291694563,
    -0.02981488745016639,
    0.03966327986798082,
    0.07421961151839324,
    0.03839343613981616,
    0.0009182241260185805,
    -0.07350519735128154,
    -0.15966392168598034,
    -0.030660387677331976,
    -0.029665901004886343
  ],
  "sum weights": 0.9999799999881223
}