{
  "mu_target": [
    -0.5,
    0.6000000238418579
  ],
  "mu_model": [
    [
      -0.49917766112803685,
      0.5991096850847302
    ]
  ],
  "diff": [
    [
      0.0008223388719631464,
      0.0008903387571277399
    ]
  ],
  "sigma_integral": [
    0.0004997994172547226,
    0.0008221567301786894
  ],
  "within_band": [
    [
      false,
      false
    ]
  ],
  "toy_seed": 221,
  "weights": [
    0.06876418586715956,
    -0.0545386295790831,
    -0.004681137244168102,
    0.1222865315222679,
    -0.06708801595410262,
    -0.033874819136439895,
    -0.021839764055825606,
    -0.09975774227713093,
    0.007362187035874504,
    0.07578828768091757,
    0.03576138310225667,
    0.07692292734038261,
    0.002358980908826324,
    -0.047166922709565594,
    -0.00474945254122159,
    0.1379002180961797,
    0.025649105827590484,
    0.06790176792075467,
    0.052332761078849085,
    0.01377808354294399,
    0.02614520842825358,
    0.02797479312703815,
    -0.030314471339287954,
    -0.0424310900766152,
    0.08532579571529794,
    0.0768311595982663,
    0.043949040054658856,
    0.057364115129686755,
    0.03803974158610875,
    -0.020791799199777094,
    0.027615477112367733,
    0.03344562424180138,
    0.09309045491904896,
    0.05169710345500764,
    0.08633513056682464,
    -0.036687192221043906,
    0.05956825884791824,
    0.05611714003793447,
    -0.016504509140178945,
    -0.04471242383543118,
    -0.05760020172710773,
    0.02363349706221473,
    -0.059806760271852014,
    -0.01530848705091358,
    -0.03509533353581074,
    0.08493043183340397,
    0.04934528209070572,
    0.1307455984535558,
    0.027794014320546942,
    0.10792452697156514,
    0.05141005660130872,
    -0.0423005804469011,
    0.01790591339931402,
    0.06149721205946379,
    0.003200381044828036,
    -0.08752213652077817,
    -0.07381719215631927,
    -0.08320969563758836,
    -0.06956790940869971,
    0.040658889478166885
  ],
  "sum weights": 0.9999849999934478
}