{
  "mu_target": [
    -0.5,
    0.6000000238418579
  ],
  "mu_model": [
    [
      -0.4997184747395302,
      0.5983566000712306
    ]
  ],
  "diff": [
    [
      0.0002815252604698171,
      0.001643423770627317
    ]
  ],
  "sigma_integral": [
    0.0004911849060184006,
    0.0008275272785345482
  ],
  "within_band": [
    [
      true,
      false
    ]
  ],
  "toy_seed": 277,
  "weights": [
    0.06130849609880804,
    -0.056842863253500804,
    0.0014316704421828488,
    0.0722993436948164,
    -0.020131235434251413,
    0.040451637422764225,
    0.0022564107922336545,
    -0.015084066089386994,
    0.024445448017941133,
    0.04601544722733375,
    -0.04207889434974481,
    0.09385733755889167,
    0.04558166051528305,
    -0.06082550771641747,
    -0.06256617272697478,
    0.14468574952277882,
    0.03919339473655103,
    0.08968601834626526,
    0.01058541006352861,
    0.04601943342363501,
    0.01883703720120264,
    0.037067988203268544,
    -0.11868227017488717,
    0.015127855759892618,
    0.13949581981054307,
    0.023411156523048798,
    -0.002705752012066791,
    0.06729571801718442,
    0.10524342397400871,
    -0.012054651874398924,
    -0.012615491312839466,
    0.04701990789191236,
    0.09002592210332507,
    -0.0007422397600373837,
    0.08458237819410594,
    -0.07388140324163972,
    0.054005439897352174,
    0.09190900081336426,
    0.007873385828582616,
    0.006771325488906379,
    -0.05352934295009226,
    -0.01649999268260263,
    -0.07088025940122743,
    -0.04877504934554292,
    0.019631596319012363,
    0.07682500502202479,
    0.014782496471407378,
    0.07859142928688277,
    0.08178573750029892,
    0.0477161658186885,
    0.04213690367699183,
    -0.05702032267540311,
    -0.016211221105795936,
    0.062183718114094316,
    0.010882135560631005,
    -0.07813362172845623,
    -0.03526470258368762,
    -0.045250819613852154,
    -0.11650326042578414,
    0.07524513511238144
  ],
  "sum weights": 0.9999849999935342
}