{
  "mu_target": [
    -0.5,
    0.6000000238418579
  ],
  "mu_model": [
    [
      -0.5003905807730012,
      0.5986138724828766
    ]
  ],
  "diff": [
    [
      0.00039058077300124783,
      0.0013861513589813468
    ]
  ],
  "sigma_integral": [
    0.00048728762081983606,
    0.0007967951016388833
  ],
  "within_band": [
    [
      true,
      false
    ]
  ],
  "toy_seed": 238,
  "weights": [
    0.07386299088244892,
    -0.08771672400830992,
    -0.029529915977890727,
    0.11750017193866276,
    0.004327517163306639,
    -0.011930358827856627,
    -0.08547941957322491,
    -0.022617910287496348,
    0.01609219777610947,
    0.08896451223846712,
    -0.007549944521374706,
    0.10509614042428314,
    0.010008115369913848,
    -0.06473375955513944,
    -0.0903896779110669,
    0.10643063209908128,
    0.05150553065142453,
    0.03297978828863779,
    0.08063877183276165,
    0.028285309271537645,
    0.021615910560754955,
    -0.014225682612154166,
    0.012227469109700831,
    -0.026031499091570008,
    0.12986349084876225,
    0.010975615293865613,
    0.0432365404723986,
    0.03833765472717829,
    0.10754217442614263,
    0.03572034137028345,
    0.011298500052203876,
    0.09347497491808891,
    0.0198486519039583,
    0.01637632920312457,
    0.05639426246490208,
    -0.08132351096021653,
    0.03398802813123176,
    0.05972594413753496,
    -0.006246376327330226,
    -0.0007914248330553339,
    -0.03499849937687515,
    -0.06346203025664357,
    -0.06806992155592269,
    -0.019549386955694237,
    0.013307572590485778,
    0.08270388377486358,
    0.03078171669277507,
    0.02609565409438177,
    0.09854815200854473,
    0.05751350075736489,
    0.07236906988777292,
    -0.007949240378992204,
    -0.011884157971789393,
    0.061875598683306256,
    0.01909096101925957,
    -0.04587969338368542,
    -0.05917808131839547,
    -0.0604950792947686,
    -0.008310567509644496,
    0.03973918741674661
  ],
  "sum weights": 0.9999999999931699
}