{
  "mu_target": [
    -0.5,
    0.6000000238418579
  ],
  "mu_model": [
    [
      -0.49943300721284234,
      0.5981633409939102
    ]
  ],
  "diff": [
    [
      0.0005669927871576608,
      0.0018366828479476904
    ]
  ],
  "sigma_integral": [
    0.0005581062768423488,
    0.0008275021356908009
  ],
  "within_band": [
    [
      false,
      false
    ]
  ],
  "toy_seed": 190,
  "weights": [
    0.07915537712052943,
    -0.07861129119506104,
    -0.03435288678054547,
    0.08087694058572117,
    -0.10663610868520182,
    0.015397366513393686,
    -0.02298188245183247,
    -0.05843381842368496,
    0.01548981174230126,
    0.07148393102803728,
    0.0377491804693805,
    0.15634811271322868,
    0.012007766430969942,
    -0.05480891999798241,
    0.02368229941580335,
    0.16143028821892194,
    0.05861017529480055,
    0.0014266247714483002,
    0.04783136695664716,
    0.00843610330443845,
    -0.008060317555027001,
    0.03368294967402662,
    -0.05069113410500331,
    -0.010621719510354354,
    0.08167797796027157,
    0.07152917113244407,
    0.0074499036602934075,
    0.07968424002151668,
    0.07410939807499206,
    -0.03870571451977239,
    -0.015222278010537172,
    0.09044513077638597,
    0.12474386397512442,
    0.0447823067784292,
    0.08800396196606812,
    -0.0604753017687902,
    0.07533539011421814,
    0.05875938267195637,
    -0.009415344779164192,
    -0.00925065807795307,
    -0.013102173112419872,
    0.029154771273889612,
    -0.059352839741160804,
    -0.04059178697321089,
    -0.015121113012641347,
    0.021378030021705848,
    0.0861815528989871,
    0.06970718397553871,
    0.041765223058222556,
    0.12820918624089686,
    0.012106800140499788,
    -0.060652005487063905,
    0.027761366897362316,
    0.0377816448468933,
    -0.024863939882884826,
    -0.0034379677406839093,
    -0.04667210475992778,
    -0.14270670808783723,
    -0.06884161404217307,
    -0.020595152030826434
  ],
  "sum weights": 0.9999699999936045
}