{
  "mu_target": [
    -0.5,
    0.6000000238418579
  ],
  "mu_model": [
    [
      -0.4994714268367635,
      0.5984208257370347
    ]
  ],
  "diff": [
    [
      0.000528573163236512,
      0.0015791981048232095
    ]
  ],
  "sigma_integral": [
    0.0004913153715241131,
    0.000794538900521043
  ],
  "within_band": [
    [
      false,
      false
    ]
  ],
  "toy_seed": 284,
  "weights": [
    -0.035150164297559156,
    -0.1013080579279253,
    0.019729647969920192,
    0.10014682057916821,
    0.00412917271738475,
    0.0006526364463592292,
    -0.03272283440225553,
    -0.03769358255719636,
    0.03429620743808215,
    0.09081463371378051,
    -0.01356603577858068,
    0.09552772172356772,
    0.0067202407969905184,
    -0.06052043553331539,
    -0.031060357548458928,
    0.18050404758737928,
    0.0393385841727024,
    0.010366327402379702,
    0.08649975142829289,
    -0.031391182323117724,
    0.005950587525656488,
    0.046533512020417556,
    -0.04049310973465862,
    -0.04374881830745737,
    0.0676529034516086,
    0.06483398887296736,
    0.005442591565350334,
    0.15256994017421383,
    0.06852262101709752,
    -0.038218152553887844,
    0.004248105064240613,
    0.05287463808611598,
    0.1031276309979524,
    0.04560327304952771,
    0.0646146535498647,
    0.007202559183469426,
    0.021327649101848842,
    0.05239370746191409,
    0.0071199617467447565,
    -0.04462537120312033,
    -0.034876110281104516,
    0.03617968144868061,
    -0.01824767950928761,
    -0.052258525564919604,
    -0.04099128072454101,
    0.07894775159754988,
    0.05481121379804937,
    0.10186909733712407,
    0.1150298527169522,
    0.033817650130987496,
    0.055298229805662534,
    0.02949884711399731,
    -0.058859323262374294,
    0.07805742924799418,
    0.001652413554520824,
    -0.028879635686174097,
    -0.012718902505593398,
    -0.0961461639026252,
    -0.13543809068201373,
    -0.034997467317479304
  ],
  "sum weights": 0.9999949999928702
}