{
  "mu_target": [
    -0.5,
    0.6000000238418579
  ],
  "mu_model": [
    [
      -0.49915532966313786,
      0.5984718845688244
    ]
  ],
  "diff": [
    [
      0.0008446703368621411,
      0.0015281392730335241
    ]
  ],
  "sigma_integral": [
    0.000528414739771711,
    0.0008573006777325325
  ],
  "within_band": [
    [
      false,
      false
    ]
  ],
  "toy_seed": 62,
  "weights": [
    -0.016018869000802963,
    -0.09537485256016365,
    0.025777469101726888,
    0.0741273765224532,
    -0.09674586486088642,
    -0.026750964751399976,
    -0.032453479624399144,
    -0.08304941160485382,
    0.0385096629586651,
    0.0502048356143117,
    -0.01724607878314523,
    0.12187543478129584,
    0.06473732183282009,
    -0.09699091065219827,
    -0.047241127173200684,
    0.2063229315371818,
    0.10935001003209986,
    0.024902358426620957,
    0.09144127549570344,
    0.09422957421491293,
    0.03209139744212778,
    0.03402777765160994,
    -0.07915323573103301,
    -0.058864876603138286,
    0.13248622942621402,
    0.06217598879961114,
    0.005207455950161123,
    0.07774139700606636,
    0.09198677395557887,
    -0.02363540211699479,
    -0.01155818389467677,
    -0.008411413807505898,
    0.038048103133901334,
    0.0434329957911006,
    0.07174989248716276,
    -0.033895279478117865,
    0.014671104918324058,
    0.060269112721632344,
    0.010090378664506093,
    -0.06564341202647307,
    -0.018539815900661123,
    0.011986820544889686,
    0.0006632444582469412,
    -0.07635825781656494,
    -0.004592893048000374,
    -0.00877824268164801,
    0.02743963625755314,
    0.0740809968468402,
    0.0906402865375433,
    0.07622041331957488,
    0.03474093946899071,
    0.029102607496056806,
    -0.008611436970888968,
    0.09133518664800745,
    -0.015866153318663215,
    -0.06711689604926566,
    0.01522414527175619,
    -0.0812019004476019,
    -0.0022136268634375335,
    0.04939145044433546
  ],
  "sum weights": 0.9999699999938615
}