{
  "mu_target": [
    -0.5,
    0.6000000238418579
  ],
  "mu_model": [
    [
      -0.5000521286361755,
      0.5981215054181375
    ]
  ],
  "diff": [
    [
      5.212863617554131e-05,
      0.0018785184237204433
    ]
  ],
  "sigma_integral": [
    0.00048278498919236484,
    0.0007977722364104019
  ],
  "within_band": [
    [
      true,
      false
    ]
  ],
  "toy_seed": 176,
  "weights": [
    0.05971831013636454,
    -0.01957564647166469,
    0.023690919386111713,
    0.04475895903566607,
    -0.02669776962043369,
    -0.02612515889731312,
    -0.028321940884754874,
    -0.03947417114114032,
    0.04180357777295054,
    0.07291732338920018,
    0.021188808537524348,
    0.0998753064883288,
    0.007859194410693075,
    -0.06358318276330079,
    -0.010528961790339192,
    0.14152067461353243,
    0.07749403733744947,
    0.025475605526043724,
    -0.03441107931795765,
    0.030010925031105775,
    -0.005247661155013647,
    0.02747858326649106,
    0.04064860443912984,
    0.01871490138315911,
    0.11109880092421572,
    0.02682075655715399,
    -0.023916308572220376,
    0.07932255160748423,
    0.09271344544772286,
    -0.0476792694439069,
    0.037106334369604435,
    0.030952875832064294,
    0.038776918297865524,
    0.0348874273890176,
    0.07813249419904038,
    0.006214009508419177,
    0.023974218005295273,
    0.039701370674157896,
    0.04200625337622296,
    -0.022161784567362477,
    -0.052654091434075734,
    -0.019126110624431154,
    -0.04134035831397637,
    -0.02693547514768702,
    -0.04070208999846668,
    0.08125242598931737,
    0.0608176306022891,
    0.04610259833395606,
    0.05269476881817939,
    0.06992786385724584,
    0.05658595726727469,
    -0.05466406290887535,
    -0.05293503260700224,
    0.09403710597556307,
    -0.025441540519022983,
    -0.06769765300281269,
    0.03199039403906946,
    -0.1095935688703179,
    -0.05367030308411154,
    0.024206289303523636
  ],
  "sum weights": 0.9999949999922463
}