{
  "mu_target": [
    -0.5,
    0.6000000238418579
  ],
  "mu_model": [
    [
      -0.5000090157004569,
      0.5984097544868295
    ]
  ],
  "diff": [
    [
      9.015700456860287e-06,
      0.001590269355028373
    ]
  ],
  "sigma_integral": [
    0.0004898835094273753,
    0.0007986952306368912
  ],
  "within_band": [
    [
      true,
      false
    ]
  ],
  "toy_seed": 145,
  "weights": [
    0.041139746472344745,
    -0.06314838705665053,
    0.017351425038227123,
    0.07830974397620012,
    -0.027594294461201357,
    0.017624977226926797,
    -0.046170456683707076,
    -0.05785567057556111,
    0.012245354968678285,
    0.059408667003374674,
    0.013704560009139334,
    0.04343366666862404,
    0.024656682373776353,
    -0.043692822861131145,
    -0.033579945318298166,
    0.13437088567838346,
    0.07804413862542367,
    0.0822096420057059,
    0.02171209168110112,
    0.058310686921220496,
    -0.012431189714131957,
    0.054472782391946147,
    0.010975444797118577,
    0.003311454658584769,
    0.13305420508073162,
    0.05097265755173564,
    -0.05061696032459712,
    0.06419952003600365,
    0.12123537162543041,
    -0.05842716994596441,
    0.002481756052917397,
    0.0663614499617329,
    0.08765301612599609,
    0.05562870005057494,
    0.03154235701444725,
    -0.05158333294082995,
    0.028654084571696072,
    0.06496188839513728,
    0.00013968518297584028,
    -0.008002400907757707,
    -0.00190700253864124,
    -0.04950199758707202,
    -0.04421945465552652,
    -0.021666754745157894,
    -0.019270795976617457,
    0.08426136463531445,
    0.01690770275982675,
    0.03792050125284314,
    0.04192694209400732,
    0.09668947886792054,
    0.05756834960152672,
    -0.05361689435880802,
    -0.022950468159797385,
    0.037139091337556704,
    -0.0003319884973909373,
    -0.08855891224485578,
    0.026426662608353784,
    -0.07132113495446488,
    -0.05774122526255866,
    0.02718252441749893
  ],
  "sum weights": 0.9999999999502818
}