{
  "mu_target": [
    -0.5,
    0.6000000238418579
  ],
  "mu_model": [
    [
      -0.4990871712927264,
      0.5981660365447148
    ]
  ],
  "diff": [
    [
      0.0009128287072736052,
      0.0018339872971431248
    ]
  ],
  "sigma_integral": [
    0.0005134619373464921,
    0.0008012232821294851
  ],
  "within_band": [
    [
      false,
      false
    ]
  ],
  "toy_seed": 299,
  "weights": [
    0.04053053548255954,
    -0.0738123885593529,
    0.011063558927490396,
    0.04574535936972844,
    -0.10009367302690744,
    -0.0023461201351017234,
    -0.0008878251664115746,
    -0.0379904386380351,
    0.051248829343847384,
    0.06309307414019595,
    0.028875649265741585,
    0.0873169440705675,
    0.05574513837867621,
    -0.06907712841738033,
    0.008657454577156257,
    0.18542539225788868,
    0.006305366261734123,
    0.006180073301432456,
    0.021174193522434034,
    0.07372930763632224,
    0.006692706206633977,
    0.09700155239752135,
    -0.05750693890428569,
    -0.028237771337184837,
    0.026146140596192653,
    0.04528115908877011,
    -0.08663509201209331,
    0.05399754311517567,
    0.03756500489421946,
    -0.049064422561958795,
    0.0066070023525684075,
    0.03271190067487783,
    0.14004654278237819,
    0.10873975175289863,
    0.05253604507843745,
    0.021789308831829002,
    0.028057352785325618,
    0.0256161412137212,
    0.0700491810727726,
    -0.021925888123130215,
    -0.06075214529519001,
    0.03229842324454743,
    -0.005071156280160653,
    -0.010109242782783044,
    -0.06596821969685551,
    0.07232770025461831,
    0.07123290490292944,
    0.0733610402177579,
    0.1131990234382002,
    0.05470094809329505,
    0.057185415669878475,
    -0.00779550614214005,
    -0.05435743938995808,
    0.12619168214881116,
    0.012765497897265837,
    -0.0828454076891289,
    -0.055233485113473646,
    -0.1001611161580153,
    -0.11095631707480044,
    0.029616877244265493
  ],
  "sum weights": 0.9999799999863186
}