{
  "mu_target": [
    -0.5,
    0.6000000238418579
  ],
  "mu_model": [
    [
      -0.5005931155975238,
      0.5979648772829257
    ]
  ],
  "diff": [
    [
      0.0005931155975238411,
      0.0020351465589322215
    ]
  ],
  "sigma_integral": [
    0.00048424641762330326,
    0.0007820277640219148
  ],
  "within_band": [
    [
      false,
      false
    ]
  ],
  "toy_seed": 282,
  "weights": [
    0.0876279745537853,
    -0.10692209972795304,
    0.01624033467572163,
    0.02684070544289542,
    -0.07179047854309735,
    0.035533019553981866,
    -0.02315910887296269,
    0.006137867911346543,
    0.001996306264730608,
    0.10440504662840475,
    -0.028527726189476195,
    0.08160554273164142,
    0.006254136610057866,
    -0.10647467297008054,
    -0.05897916410418944,
    0.11506055003871764,
    0.06978611820382989,
    0.08764024004281229,
    0.05025784476129261,
    -0.0006849649206913805,
    0.026205626415160516,
    -0.041785596898929925,
    0.006604073693286538,
    -0.03187360961252815,
    0.09085594309309081,
    -0.007711734155373558,
    0.0024001626298218713,
    0.031157791678884668,
    0.1144147393424327,
    0.008505020795145495,
    0.04182367966116833,
    0.04665977372214216,
    0.039663723077877945,
    0.03136368247713545,
    0.005993513886346512,
    0.04470091857570238,
    0.029253446106275314,
    0.07297273151144307,
    0.11704142951550911,
    0.01975120584904802,
    -0.009123981364860782,
    -0.03988175602977287,
    0.01572606015510849,
    -0.05375018887521181,
    -0.0182058025547219,
    0.0972225063485175,
    0.05850044314113358,
    0.06956820125226193,
    0.08396369627427237,
    0.04939406820148593,
    0.04371754987526599,
    -0.06238584993037787,
    -0.04825547717412713,
    0.021826125781356343,
    0.010345820037727242,
    -0.01839305355686275,
    -0.069670773057142,
    -0.06977272262790421,
    -0.04083028549596512,
    0.03915642613894711
  ],
  "sum weights": 0.9999949999935365
}