{
  "mu_target": [
    -0.5,
    0.6000000238418579
  ],
  "mu_model": [
    [
      -0.49827562381911134,
      0.5991422553042597
    ]
  ],
  "diff": [
    [
      0.0017243761808886648,
      0.0008577685375982247
    ]
  ],
  "sigma_integral": [
    0.0004935910152055535,
    0.0009233083288957907
  ],
  "within_band": [
    [
      false,
      true
    ]
  ],
  "toy_seed": 20,
  "weights": [
    0.0077433891275636635,
    -0.10944797233051903,
    0.019003163986423644,
    0.08889434326817192,
    0.01160510962585464,
    -0.02482146324962826,
    -0.025114633510406676,
    -0.04096624677133768,
    0.02611723485884167,
    0.0013238006610063553,
    -0.0009184884978292446,
    0.05250601781186898,
    0.04092765560209145,
    -0.05793129006649383,
    -0.018815079942062465,
    0.11240517549159552,
    0.07999861909413207,
    -0.0025747742603473155,
    0.049190975121369704,
    0.090113221383516,
    0.00999543826214927,
    0.13534763254294302,
    -0.09104284634927559,
    -0.01079649062880027,
    0.05501643000107416,
    0.03505512462779042,
    -0.03013550202021655,
    0.11881969532863372,
    0.06447909068335334,
    -0.0021587443857032525,
    0.027408484360200748,
    0.0518435149389208,
    0.07250420645555314,
    0.06546619127027647,
    0.10915465808352377,
    -0.01268090446527805,
    -0.019417743473038908,
    0.00058984660855177,
    -0.05381673960661364,
    -0.04503479321795481,
    -0.06999601251059673,
    -0.020671634948256565,
    -0.009412390911238834,
    -0.061623112375612715,
    -0.015492775645392632,
    0.0900672705352934,
    0.0926697993794585,
    0.10850366480502331,
    0.09273563529129011,
    0.10008852377626226,
    0.05334820483589967,
    -0.0034209253576150166,
    -0.06546000267722595,
    0.07922980407003077,
    -0.0014484925265423043,
    -0.08075959042646474,
    -0.016195911422020936,
    -0.05294376889160302,
    -0.04933033188391242,
    0.05026674045702352
  ],
  "sum weights": 0.9999899999937003
}