{
  "mu_target": [
    -0.5,
    0.6000000238418579
  ],
  "mu_model": [
    [
      -0.49959229522669407,
      0.5988806473999332
    ]
  ],
  "diff": [
    [
      0.000407704773305928,
      0.0011193764419247243
    ]
  ],
  "sigma_integral": [
    0.0005138728070069799,
    0.0008449825889655538
  ],
  "within_band": [
    [
      true,
      false
    ]
  ],
  "toy_seed": 27,
  "weights": [
    0.03918459427701291,
    -0.03466272890658413,
    -0.03135869938898616,
    0.023991811502167466,
    -0.01613404910585752,
    0.041774335816953924,
    -0.028247601162149426,
    -0.004638111151077551,
    0.06074439387646489,
    0.04196893993590753,
    -0.033310935484071796,
    0.117013941817612,
    -0.010996482574205982,
    -0.11174327485775165,
    -0.05903482725804748,
    0.17011278063647634,
    0.07996912906194494,
    0.03248075234147868,
    0.010859029335969043,
    0.07150065116513003,
    0.005022309520520257,
    -0.0233721107409001,
    -0.032811274665843326,
    0.02569059056097554,
    0.1052981326236332,
    0.059100604145628836,
    -0.01737151515941379,
    0.01227348185334178,
    0.062236933474128286,
    -0.00908873235959261,
    0.02128416630940016,
    0.005937998686733381,
    0.023034110253036588,
    0.025086844126328313,
    0.048089280215748695,
    -0.020214585631102556,
    0.07427627310319158,
    -0.008438597281539251,
    0.048243697892718325,
    -0.004045333647073739,
    -0.029386754041408288,
    0.04146256741620579,
    -0.05929392431914128,
    -0.030421829654032572,
    0.019042000124972393,
    0.06078931508790136,
    0.06813276102126996,
    0.052398326330339036,
    0.08957889577105167,
    0.06828178974360043,
    0.06515885556468486,
    -0.012611225433346236,
    0.007446211818583837,
    -0.015205124874648018,
    0.04305510588398698,
    -0.04476921288052018,
    0.046601539045189884,
    -0.12120905488999849,
    -0.045115254477337496,
    0.03634408959801223
  ],
  "sum weights": 0.9999849999936714
}