{
  "mu_target": [
    -0.5,
    0.6000000238418579
  ],
  "mu_model": [
    [
      -0.5006524195192213,
      0.5980489480716842
    ]
  ],
  "diff": [
    [
      0.0006524195192213478,
      0.001951075770173727
    ]
  ],
  "sigma_integral": [
    0.0004885609183709874,
    0.000802494115192031
  ],
  "within_band": [
    [
      false,
      false
    ]
  ],
  "toy_seed": 111,
  "weights": [
    0.033978002674397004,
    -0.12052699892631143,
    -0.02605314826278873,
    0.061227664699903483,
    -0.08182851665189671,
    0.03159029151307993,
    -0.025219589454155707,
    -0.04676244941899517,
    -0.009958821341292987,
    0.03429926941776851,
    0.0031719675806242843,
    0.20136493954140566,
    0.03482561268756669,
    -0.10563780681633937,
    -0.08537291614551214,
    0.17412003135374382,
    0.04211126108546631,
    0.06552037124504043,
    0.08221728607493635,
    9.982209561660486e-05,
    -0.007223444342630839,
    0.04730200204941295,
    0.009754226751344422,
    -0.0023467903990767097,
    0.15330050408013102,
    0.010988192520351278,
    0.005070339378780494,
    0.09716508643042046,
    0.10763652147921488,
    -0.0005777058093647188,
    0.06839729355900817,
    0.060576437363386,
    0.002740926024074737,
    0.02040045456288444,
    0.06853210010248123,
    -0.031874262313711585,
    -0.0021876375269945696,
    0.05491306111848271,
    0.042746498168126375,
    -0.027357473921092917,
    -0.005321731625458289,
    -0.03462845758072649,
    -0.005197587915673548,
    -0.10864526766003799,
    -0.011619831033030641,
    0.027657254250006192,
    -0.008448723110118505,
    0.10834776218947244,
    0.10398675942058923,
    0.039842877980659504,
    -0.007240765970855088,
    -0.03904190354989876,
    0.014241411385586978,
    0.009953283440786406,
    0.022111643086724826,
    -0.036133544444766214,
    0.011344704857843578,
    -0.07150856369165393,
    -0.03362284279415174,
    0.08279592053083444
  ],
  "sum weights": 0.9999949999936171
}