{
  "mu_target": [
    -0.5,
    0.6000000238418579
  ],
  "mu_model": [
    [
      -0.49953221944026427,
      0.5986643897356728
    ]
  ],
  "diff": [
    [
      0.00046778055973573096,
      0.0013356341061850907
    ]
  ],
  "sigma_integral": [
    0.0005140064672302682,
    0.0008296826518258379
  ],
  "within_band": [
    [
      true,
      false
    ]
  ],
  "toy_seed": 291,
  "weights": [
    0.024082730221370665,
    -0.05575268707320776,
    0.01198285992762209,
    0.05412031596922028,
    -0.07123242562498124,
    0.01939368214919479,
    0.007090707768831453,
    -0.01931156615058177,
    0.033758983270930173,
    0.08033828270055121,
    -0.014794548009558955,
    0.07943285201656851,
    0.0513812547072019,
    -0.05964192130713287,
    -0.0358142574722026,
    0.2118022748965561,
    0.0694851978636552,
    -0.0030299943214510262,
    0.10004834818474091,
    0.05642598950296927,
    -0.002534313115336793,
    0.03240827850520479,
    0.012994496113382837,
    0.013741022747235463,
    0.12509968874525468,
    0.08280768006935514,
    -0.031488370233484476,
    0.03062181702795987,
    0.04858408502136236,
    -0.05311128776948265,
    -0.050395871584681846,
    0.062118100577322824,
    0.07721495427375284,
    0.036604634379676065,
    0.03425023721945551,
    -0.003830089666239427,
    -0.023581894251041815,
    0.13531115195693785,
    -0.003150955485814443,
    -0.038346997741791684,
    -0.037216279339785864,
    0.01640095606715219,
    -0.09727662847966811,
    -0.08070539496926897,
    0.013101547715642859,
    0.10059940941478579,
    0.02715799838452004,
    0.06403338321265664,
    0.06970661392158942,
    0.0784125882342865,
    0.03829972288156339,
    -0.04165942582985119,
    0.003947830749530625,
    0.03313487248619614,
    0.02695969325304029,
    -0.02287321362726553,
    -0.05583754459697588,
    -0.06608757583220704,
    -0.0983489452016364,
    0.0031429454963453757
  ],
  "sum weights": 0.9999749999499736
}