{
  "mu_target": [
    -0.5,
    0.6000000238418579
  ],
  "mu_model": [
    [
      -0.49927621844190107,
      0.5981642701814939
    ]
  ],
  "diff": [
    [
      0.0007237815580989349,
      0.0018357536603640368
    ]
  ],
  "sigma_integral": [
    0.00048788159068066206,
    0.0007895129958313407
  ],
  "within_band": [
    [
      false,
      false
    ]
  ],
  "toy_seed": 22,
  "weights": [
    0.0660374413254916,
    -0.10388053420339347,
    0.005566679596665098,
    0.08182981217776167,
    -0.04560608098093339,
    -0.004150243176836399,
    -0.02048866580929995,
    -0.010251418298395798,
    0.0231015297756343,
    0.062047967926107395,
    -0.02241724985068781,
    0.04994864639399089,
    0.0063866119195285,
    -0.06138861812553706,
    -0.04702498595756632,
    0.12233565954296916,
    0.1099279470182209,
    0.044974407027425896,
    0.06681948282517151,
    0.03926021180516891,
    0.020499608891771045,
    0.09391567243263427,
    -0.043475902030993344,
    0.0031096664108752224,
    0.1207061378326063,
    0.011686201759978879,
    0.004251506228569818,
    0.12522077829373132,
    0.06451872987258876,
    0.023155792501123484,
    -0.00725077595211535,
    0.07143737642634278,
    0.09304128904172482,
    0.034719467014170294,
    0.0653919897417394,
    -0.024668478981855677,
    -0.018087623530617297,
    0.02908236849185233,
    0.020315982526638347,
    -0.03571091153664875,
    -0.049243784498726864,
    0.008366462061822358,
    -0.10232875575865205,
    -0.06277302345453646,
    0.014641447928161118,
    0.06860708566378115,
    -0.013903157596451499,
    0.10524683252445122,
    0.06800856089655795,
    0.08636855586075035,
    0.02529540017108524,
    -0.025515339897340113,
    -0.00875454874737539,
    0.0670538672270811,
    0.02946842438720767,
    -0.08437716930350977,
    -0.06900856555384634,
    -0.061965543847468135,
    -0.09645596318280844,
    0.08637173874754338
  ],
  "sum weights": 0.9999899999933287
}