{
  "num": 40716.0546875,
  "den": 30048.81640625,
  "test": 10667.23828125
}