{
  "num": -5265.1640625,
  "den": -5294.3505859375,
  "test": 29.1865234375
}