{
  "num": 39166.19140625,
  "den": 28506.27734375,
  "test": 10659.9140625
}