{
  "mu_target": [
    -0.5,
    0.6000000238418579
  ],
  "mu_model": [
    [
      -0.500508123475814,
      0.5988324565210885
    ]
  ],
  "diff": [
    [
      0.0005081234758139708,
      0.0011675673207693915
    ]
  ],
  "sigma_integral": [
    0.0010178727142375794,
    0.0016474855697657996
  ],
  "within_band": [
    [
      true,
      true
    ]
  ],
  "toy_seed": 176,
  "weights": [
    0.08139811120507068,
    -0.022549420027718085,
    -0.0038432003404082443,
    0.0032170361503793647,
    0.037167259022128536,
    0.11511509966967144,
    0.04158867656716739,
    0.007344648743609412,
    0.11213238491720193,
    -0.044350666184215855,
    -0.07729724570307725,
    -0.028168268191701356,
    0.0047325104429753635,
    0.034800555335142265,
    0.06326864424739125,
    -0.03864263051046383,
    -0.011172373259790291,
    -0.0346199233271648,
    0.031253109544839314,
    -0.0025407571820634882,
    -0.01560335924801086,
    -0.02737977371697352,
    0.015607367052346813,
    -0.04864940479691034,
    0.03351490469483778,
    0.04345751985647765,
    0.012885872598036894,
    0.08567906078487499,
    0.05001851912752251,
    0.021206265943704804,
    0.06993752180749176,
    0.018583510065219754,
    0.012863162387244005,
    0.014911452888576577,
    0.06484549486172222,
    -0.012630686240240824,
    -0.0029967375680527457,
    -0.05944217148936249,
    0.07680027834515128,
    0.01702323356358272,
    -0.02792592723100599,
    -0.0484559691694147,
    0.020156140136900966,
    0.12995533382435162,
    0.028632034008669278,
    -0.06843667172433104,
    0.036408422696819175,
    0.0075590671960175625,
    -0.0036011323008326504,
    0.010739043421746714,
    -0.01873171602953621,
    0.030662471624897006,
    -0.020178542537131073,
    0.05931663324917435,
    0.0012736019232571132,
    0.03244259674365188,
    -0.005189337938863319,
    0.029676676289224973,
    0.05819125114678819,
    0.1080403785930482
  ],
  "sum weights": 0.9999999359596448
}