{
  "mu_target": [
    -0.5,
    0.6000000238418579
  ],
  "mu_model": [
    [
      -0.4994932783434478,
      0.6002263527827847
    ]
  ],
  "diff": [
    [
      0.0005067216565521893,
      0.0002263289409267788
    ]
  ],
  "sigma_integral": [
    0.0010118832256399484,
    0.0016289284283965341
  ],
  "within_band": [
    [
      true,
      true
    ]
  ],
  "toy_seed": 75,
  "weights": [
    0.02371000635809964,
    -0.016951102661789775,
    0.02995678835545952,
    0.02890170809122509,
    0.027254750002387553,
    -0.12055664475560326,
    0.037926785934790486,
    0.12018309562718847,
    0.07549523899183055,
    0.00886181113783788,
    -0.045445375971204675,
    0.025427355635895373,
    0.08248549812104415,
    0.10516495556080886,
    0.11647948428138888,
    0.011854651325997771,
    -0.04667018398872687,
    -0.11805034120861567,
    -0.019332501302943794,
    0.03704237941394292,
    0.006689765905360612,
    -0.08294683799551043,
    0.014766222177729332,
    0.0438075132928455,
    0.018229337538083038,
    0.009180167467130742,
    0.004235927745953967,
    0.04592506165914906,
    0.1168424298620877,
    0.04046537533904918,
    0.05986539231370968,
    0.08831888588329796,
    0.07568605958716383,
    -0.014389325829727182,
    -0.003444670916857643,
    -0.027375636127607784,
    -0.04992301027753987,
    -0.03373536643528434,
    0.11185284378009408,
    0.034783769067161,
    0.08491941612034933,
    0.0012998738411283443,
    -0.06591429461446249,
    0.07016674520389396,
    -0.006552790823579397,
    -0.07277887414500053,
    0.030315704033279732,
    -0.03949372048065756,
    0.04904907354713386,
    0.009739583121051954,
    -0.036995131133596634,
    0.07339948648549621,
    -0.03160250953565329,
    0.03595863169262372,
    0.04945185776334249,
    0.005899826981145846,
    -0.05096542619674572,
    0.024422960396269372,
    0.04473646664216343,
    0.002370800474178979
  ],
  "sum weights": 0.9999999423576633
}