{
  "mu_target": [
    -0.5,
    0.6000000238418579
  ],
  "mu_model": [
    [
      -0.4999851557488552,
      0.5998426129616852
    ]
  ],
  "diff": [
    [
      1.4844251144785492e-05,
      0.00015741088017273697
    ]
  ],
  "sigma_integral": [
    0.0010228065957943039,
    0.0016250562430905689
  ],
  "within_band": [
    [
      true,
      true
    ]
  ],
  "toy_seed": 19,
  "weights": [
    0.04761258204068153,
    -0.09926973470876524,
    -0.01606476621599241,
    0.0952216780441119,
    0.0010976344749362892,
    -0.024262581890357068,
    -0.06759593348162891,
    0.08907761509423898,
    -0.01782088289923984,
    -0.037477625051413326,
    -0.11620549578965651,
    0.02977812094361531,
    -0.03479661162600373,
    0.01838353151575957,
    0.06344890771432228,
    0.055503820948806334,
    0.0006490729025310548,
    -0.048608140157126806,
    -0.06697883803709469,
    0.039916593147850024,
    0.05140248719489572,
    0.005446241155260145,
    0.07005720111245255,
    -0.07045293865647638,
    0.035668127932317065,
    0.052181491147306414,
    0.0019903725441677476,
    0.04540104907622081,
    0.0600692741104235,
    0.03085509000866179,
    0.009475803270442677,
    0.06471236853278768,
    0.015281275728859909,
    0.0484119102834865,
    0.14903989580140584,
    0.048275242300138375,
    -0.05730140954010402,
    -0.001476197568405605,
    0.13467380982094226,
    0.019311410353339945,
    0.040145878023515415,
    -0.01899139471890612,
    0.009115405429803592,
    0.2292658399284211,
    0.013877702849331049,
    -0.035700871924900686,
    0.04759620968455598,
    0.002575202650580939,
    0.010047537361325735,
    -0.005113059207719576,
    -0.05533844111703478,
    -0.020089604738961212,
    -0.030499334097802974,
    0.07648516692327077,
    -0.012368413685869375,
    0.05740331642220888,
    0.008044596646080277,
    0.017267231612583683,
    0.053560936468746774,
    -0.011915410404567367
  ],
  "sum weights": 0.9999999456823597
}