{
  "mu_target": [
    -0.5,
    0.6000000238418579
  ],
  "mu_model": [
    [
      -0.5002429933035428,
      0.6005568557031643
    ]
  ],
  "diff": [
    [
      0.00024299330354282667,
      0.000556831861306395
    ]
  ],
  "sigma_integral": [
    0.0010090037092716439,
    0.0016321723758625955
  ],
  "within_band": [
    [
      true,
      true
    ]
  ],
  "toy_seed": 87,
  "weights": [
    0.010032684464284692,
    -0.08380920905794552,
    -0.04235555799131907,
    0.01740844852370816,
    0.061827162594358914,
    0.07480250823203045,
    0.014824346953996845,
    0.06030504731353383,
    0.02761277845074716,
    -0.09860458633595073,
    -0.05254025191481423,
    -0.007712311939444917,
    0.002925123953247642,
    0.11802731470560093,
    0.047002493589241225,
    0.10040184201099593,
    0.04193272291309994,
    -0.03494229036363878,
    0.036848496376718005,
    0.01862864738183355,
    0.03792195607711555,
    -0.051663209404823905,
    0.00665187417149101,
    -0.040900635626023,
    -0.03855392316712194,
    0.127986660024826,
    0.029336473351960136,
    0.049163558761394555,
    0.07293039947630049,
    -0.027724442349919005,
    0.054836729328729454,
    0.01179594556889937,
    0.032723487751028776,
    0.006534554732750903,
    0.11157530594974355,
    0.028119358836991987,
    -0.015226236726881852,
    -0.02445920004813294,
    0.0422206276031097,
    0.0116465228681358,
    0.0737171505179481,
    -0.06956419415499197,
    -0.0457789684960742,
    0.07442284374747944,
    -0.01056863417150361,
    -0.06001165073593612,
    -0.02784916024540433,
    0.04477486200990937,
    -0.0036145787782583985,
    0.06807841866033555,
    0.03915349472172137,
    0.03133035455449971,
    -0.027096706804777656,
    0.01661498312282572,
    -0.0109978452601927,
    0.020772967860714867,
    -0.0289274718485618,
    0.044493112431924976,
    0.04490311858477848,
    0.08861663227982464
  ],
  "sum weights": 0.9999999450361201
}