{
  "mu_target": [
    -0.5,
    0.6000000238418579
  ],
  "mu_model": [
    [
      -0.49960568115725523,
      0.599056733197942
    ]
  ],
  "diff": [
    [
      0.00039431884274476747,
      0.0009432906439159616
    ]
  ],
  "sigma_integral": [
    0.001010198824327981,
    0.001630726891985708
  ],
  "within_band": [
    [
      true,
      true
    ]
  ],
  "toy_seed": 165,
  "weights": [
    0.056198041669739615,
    0.00023277803813354713,
    0.0016049517444693768,
    0.05187442935607903,
    0.00889602554402106,
    -0.021060843631138575,
    0.0666380153847736,
    0.11348588234420798,
    0.07616138165009778,
    -0.05245471009392853,
    -0.04688334577556939,
    -0.011974509521890888,
    0.002850379846998769,
    0.12916472520497074,
    0.10959810807401302,
    -0.03584493678974681,
    0.057164510682944265,
    -0.019479084539865934,
    -0.017900803603300958,
    -0.044890503001077546,
    0.026854721844142237,
    0.047065729330834624,
    0.0036513581401464057,
    -0.01709047092154399,
    0.03274227019025931,
    0.024481284809733807,
    -0.023413926898162473,
    0.09606297833143042,
    0.10500832114029275,
    -0.036936508193299696,
    0.08165698138105092,
    -0.0272595590977176,
    -0.07648897835636224,
    0.05729692942129882,
    0.037283072989392846,
    0.07725543820607271,
    0.0016072949039212022,
    -0.013391393656522888,
    0.09408570020397311,
    -0.06435329643641681,
    0.003965620423965229,
    -0.02452163715605258,
    -0.11659372672505978,
    0.20595315245669274,
    -0.031980492464338824,
    -0.050823617222775314,
    0.06106693169895271,
    0.01427131035297588,
    0.03617786305815617,
    0.019185390723034507,
    -0.03728929457565318,
    0.0014881897177252182,
    0.009959951496627489,
    0.0550846364435025,
    -0.026868544657885372,
    0.02762193343679351,
    -0.10059353190651214,
    0.04040867768389593,
    0.03768539599196454,
    0.02630328337402458
  ],
  "sum weights": 0.9999999320664873
}