{
  "mu_target": [
    -0.5,
    0.6000000238418579
  ],
  "mu_model": [
    [
      -0.49915674890736283,
      0.6005649679549357
    ]
  ],
  "diff": [
    [
      0.000843251092637165,
      0.0005649441130778365
    ]
  ],
  "sigma_integral": [
    0.0010222836214649812,
    0.0016321764590938985
  ],
  "within_band": [
    [
      true,
      true
    ]
  ],
  "toy_seed": 264,
  "weights": [
    0.07629798514591529,
    -0.04441471055847346,
    -0.017056292735412187,
    -0.0045034249052947,
    -0.019313691204097864,
    0.033158047337027104,
    -0.004936094881587733,
    0.06637234989984656,
    0.06466076002311742,
    -0.03655264426825027,
    -0.03635565312607299,
    -0.023187103126691942,
    -0.048067713156629,
    0.07421478641522027,
    0.07374746639097948,
    0.0038708648844366046,
    0.023187980178632838,
    -0.04334748709671947,
    0.05286188761750556,
    -0.005231359038119629,
    0.024013879670994664,
    -0.017392846269400877,
    0.042373695184364873,
    0.043608889484611536,
    0.039342409515329066,
    0.055859199828486285,
    -0.05744094477443255,
    0.015081052877711068,
    0.06211677650717611,
    0.05531865728231772,
    0.03230048336703083,
    -0.00446555234483386,
    0.045256981143160666,
    0.03693322907544322,
    0.09570557165230636,
    0.10282814795340131,
    0.027735577120364327,
    0.014378335450287539,
    0.04218157735343616,
    -0.005638095061935443,
    0.021181182895139507,
    -0.042505993461342685,
    -0.03852776133698196,
    0.15380698840334647,
    0.05617044428667097,
    -0.04957781252962554,
    -0.018598184690216762,
    0.06771010722472043,
    -0.027487595928829718,
    0.08515325004129466,
    -0.053519083179898445,
    0.0010577809875361337,
    -0.02888782636056993,
    0.01892646140935696,
    -0.024454447958989184,
    -0.004021785481052173,
    0.007688035889128816,
    -0.09319552274871636,
    0.025312675908210663,
    0.10826605298863631
  ],
  "sum weights": 0.9999999451689692
}