{
  "mu_target": [
    -0.5,
    0.6000000238418579
  ],
  "mu_model": [
    [
      -0.5005284831639927,
      0.5979131830955664
    ]
  ],
  "diff": [
    [
      0.0005284831639926768,
      0.0020868407462915073
    ]
  ],
  "sigma_integral": [
    0.0010154540988153056,
    0.0016380022014983186
  ],
  "within_band": [
    [
      true,
      false
    ]
  ],
  "toy_seed": 281,
  "weights": [
    0.04689594512994833,
    0.05442336882063852,
    -0.046929346236706915,
    0.024300835060195106,
    0.020990344322542712,
    -0.007890520916844949,
    0.036097719045927026,
    0.04091046028101713,
    0.049524599770649026,
    0.012497354600473234,
    -0.011204408803737204,
    0.0014657831907562708,
    -0.018118428704609404,
    0.029473778149345105,
    0.03975413743618332,
    0.023412607295455162,
    0.03621728454215681,
    0.03554751986929618,
    -0.008001370441225602,
    -0.028804893575368355,
    0.00795770338046579,
    0.007433577985044816,
    0.0359844642541307,
    -0.015188798237573766,
    0.010503504544089146,
    0.023250689259137446,
    -0.009376046710616913,
    0.02942982482530019,
    0.015291087935990473,
    0.0386271630986996,
    0.09674238139576269,
    -0.026110565116842566,
    0.057320217476657075,
    -0.03551202954517131,
    0.10466201466211002,
    -0.037376812170108825,
    -0.05492162623651432,
    -0.028599925524331323,
    0.07732216544626908,
    -0.043915272420024215,
    0.07088879104759441,
    -0.060939312596912376,
    0.010719335617515717,
    0.0633048411147383,
    0.03277084310215484,
    -0.07238568976997156,
    0.015851994603353257,
    0.04448302978199157,
    -0.0035567399816242564,
    0.04863956683336493,
    0.02244178348675936,
    0.05676675315122239,
    -0.012731487285878114,
    0.08030916096694028,
    -0.006190251444214512,
    0.045741383692685725,
    -0.04757782237961611,
    0.0251502347672283,
    0.04676408239911399,
    0.05546295794500479
  ],
  "sum weights": 0.9999999421900162
}