{
  "mu_target": [
    -0.5,
    0.6000000238418579
  ],
  "mu_model": [
    [
      -0.49837255615788345,
      0.5983092324444911
    ]
  ],
  "diff": [
    [
      0.0016274438421165494,
      0.001690791397366831
    ]
  ],
  "sigma_integral": [
    0.0010072277746043857,
    0.0016241580858751643
  ],
  "within_band": [
    [
      false,
      false
    ]
  ],
  "toy_seed": 191,
  "weights": [
    0.008138605681515353,
    0.002516061923167436,
    -0.029643790318704684,
    0.03286541864892683,
    0.037156360118843455,
    -0.051058887492925135,
    -0.026219895095893567,
    0.06513001822974869,
    -0.08212243667956966,
    -0.028560688693971395,
    -0.009404767101142764,
    -0.04128462263392365,
    0.06938139895081509,
    0.07381826786303122,
    0.09452661360161556,
    0.008419990229439973,
    0.004718698495198153,
    0.015090451260564236,
    0.005460640728842765,
    0.0003071453400913267,
    0.0219200063185338,
    0.017561869162796086,
    0.010699000592854724,
    -0.01514271614395355,
    -0.0018008000839398151,
    0.09559565029008793,
    0.013693426577793067,
    0.004768216528044972,
    0.10338405026496478,
    0.014459447581138872,
    0.041479304001697914,
    0.0663574689956751,
    0.013002964393319487,
    0.023682611244437712,
    0.08731518536630531,
    0.11925560540770558,
    -0.028317348598404804,
    0.03518109478928165,
    0.056234142794175414,
    -0.051661856556116215,
    0.05753130549083123,
    -0.055725997053579036,
    0.015539906772299272,
    0.1539811173683214,
    -0.051768499259415596,
    0.0009776911285465663,
    0.0006806534555075733,
    -0.020058807902489786,
    0.00043996411863911827,
    0.04471247125719989,
    -0.021719797134346016,
    -0.006389472632428488,
    0.0021845226158062623,
    -0.04562834608631421,
    0.03627384662560011,
    0.011529085402655822,
    0.007433148920583983,
    0.015441569647275518,
    0.0011812779211992273,
    0.07648239382171182
  ],
  "sum weights": 0.999999940459672
}