{
  "mu_target": [
    -0.5,
    0.6000000238418579
  ],
  "mu_model": [
    [
      -0.4985850029068033,
      0.5994631403500683
    ]
  ],
  "diff": [
    [
      0.0014149970931967015,
      0.000536883491789597
    ]
  ],
  "sigma_integral": [
    0.0010145494203414773,
    0.0016283890742504515
  ],
  "within_band": [
    [
      false,
      true
    ]
  ],
  "toy_seed": 265,
  "weights": [
    0.08310975801877583,
    -0.014675210162778693,
    0.06594129409363465,
    0.077512546221719,
    0.014250937113359207,
    -0.00989935652640067,
    0.01111535972180901,
    0.12177495186741655,
    0.09999786360817949,
    0.020292711237291636,
    -0.0793527930722424,
    0.06520387372426041,
    0.036085867066842525,
    0.0347679926786522,
    0.04397867694571048,
    0.002091152914033536,
    -0.018663336133664627,
    -0.058375337059028434,
    -0.020444584865273056,
    0.02658383495914139,
    -0.05174436031078659,
    -0.010303264169148523,
    0.014465282316058406,
    0.061449705458848876,
    0.002440915711276068,
    -0.006532284450261077,
    0.06962731489468986,
    -0.020327641427631757,
    0.021978724785475592,
    0.052824163155690856,
    0.022605942858358617,
    -0.04099570122099791,
    0.04627030927501019,
    0.06049450233543292,
    0.07926594513939567,
    0.06222301123854616,
    -0.0075656775043374,
    -0.029902369927534297,
    0.10042194805835103,
    0.012158526549751107,
    0.03846220727170011,
    -0.09187295469454074,
    -0.01581545520766483,
    0.11581892915217849,
    0.003717570208928942,
    -0.019938611629052482,
    0.025264674392622723,
    -0.029483597002363318,
    0.04384035114719398,
    -0.025606315521000546,
    0.03718248229022294,
    0.01343756331081897,
    -0.07753911535338645,
    0.04066188029468839,
    0.013168793277294514,
    -0.020711224174087724,
    0.02254380390989088,
    -0.03385264562134937,
    -0.011560096623189265,
    0.032130501906188845
  ],
  "sum weights": 0.99999993645272
}