{
  "mu_target": [
    -0.5,
    0.6000000238418579
  ],
  "mu_model": [
    [
      -0.4982447250655439,
      0.6027161307774314
    ]
  ],
  "diff": [
    [
      0.001755274934456097,
      0.002716106935573448
    ]
  ],
  "sigma_integral": [
    0.001024424582142287,
    0.0016369314823656846
  ],
  "within_band": [
    [
      false,
      false
    ]
  ],
  "toy_seed": 275,
  "weights": [
    0.10453681546240477,
    -0.06247058632139271,
    0.08125834227265039,
    0.003263863312166382,
    0.026220182162110788,
    -0.013531467951567764,
    -0.054466384236876476,
    0.09738578463245195,
    0.04952822200285955,
    0.004306213128127465,
    -0.054307236009434136,
    0.028245860044104027,
    0.029167785379140398,
    0.10889170552347172,
    0.058363075578805275,
    -0.003717768461759359,
    -0.013323677130554023,
    -0.060910794204539334,
    0.024855850772421872,
    0.05877533908106093,
    0.019082219372893117,
    -0.08419603859171415,
    -0.10130068396933226,
    0.026114233224061575,
    -0.02728000153545473,
    0.07440446295198616,
    0.024431536420699267,
    0.0587358061696888,
    0.09074268211280713,
    0.11627463784562314,
    0.005536350739365634,
    0.05246163788352926,
    -0.005311611346008099,
    0.01924927356777876,
    0.14154190508941275,
    0.022162860509877525,
    -0.06525818600088669,
    -0.0037400964484937747,
    0.022575112856688607,
    -0.00023567986128678826,
    0.06325906521495145,
    -0.05985420687076806,
    -0.019970470738953996,
    0.12389810945757491,
    0.013189979761380857,
    -0.06025974379091741,
    0.04171683929201506,
    -0.0430517603821965,
    0.05541041125014414,
    0.04357709222114902,
    0.008862634596097122,
    -0.00012096499952659198,
    -0.03693883614310984,
    0.0664009544296146,
    -0.02906890395343742,
    0.06092108832306391,
    0.03255484885437554,
    -0.037079243797730206,
    -0.05090075284833863,
    0.02939225313596004
  ],
  "sum weights": 0.9999999390382349
}