{
  "mu_target": [
    -0.5,
    0.6000000238418579
  ],
  "mu_model": [
    [
      -0.5005004914832759,
      0.6007980400702846
    ]
  ],
  "diff": [
    [
      0.0005004914832759111,
      0.000798016228426679
    ]
  ],
  "sigma_integral": [
    0.0010204206289628462,
    0.0016236994990293315
  ],
  "within_band": [
    [
      true,
      true
    ]
  ],
  "toy_seed": 179,
  "weights": [
    0.08144990346462372,
    -0.11658811806024615,
    0.010669381584294852,
    0.052809681742329896,
    0.013508712687433151,
    -0.01130872760178864,
    -0.10720356962808492,
    0.10954214866707357,
    0.06814953300496203,
    -0.026542504720983868,
    -0.11760965705957305,
    -0.02787426981180549,
    -0.03871472040769548,
    0.0865951712938546,
    0.13676615384923893,
    0.09359414168566402,
    0.00905937200694246,
    0.0033823950526624506,
    0.048148877236463175,
    -0.0708898743045392,
    -0.007739792858628594,
    0.014500380500600141,
    0.06825887795851099,
    -0.07970256023091528,
    0.030200959141666817,
    0.014718566870305079,
    0.018764750883990194,
    -0.010140280476032257,
    0.04748184842969515,
    -0.03854582584094411,
    0.03804508620889443,
    -0.03475802278167813,
    0.05982819354305772,
    0.06163211501977848,
    0.17509305221648733,
    -0.012769916086736473,
    -0.049544168537802954,
    0.023090292723493826,
    0.059457621658289904,
    0.07064942759899627,
    0.029988459498090363,
    -0.03937126150673034,
    -0.07762716428539784,
    0.10696029122339373,
    0.03764409115302461,
    0.01946088428115721,
    0.0016354847116196345,
    0.0337698843831369,
    0.028496716073609145,
    0.03193936303166243,
    0.044011899685260605,
    0.00907901366537126,
    -0.012975902580630335,
    0.07436591488777633,
    -0.008006380655663682,
    -0.013211689438304372,
    0.008330451519700362,
    0.030050276143540177,
    0.0374816829212768,
    0.012513296069035318
  ],
  "sum weights": 0.9999999474027829
}