{
  "mu_target": [
    -0.5,
    0.6000000238418579
  ],
  "mu_model": [
    [
      -0.5003137296956944,
      0.6002199524522703
    ]
  ],
  "diff": [
    [
      0.0003137296956944313,
      0.00021992861041242318
    ]
  ],
  "sigma_integral": [
    0.0010056937798398906,
    0.0016255804282085521
  ],
  "within_band": [
    [
      true,
      true
    ]
  ],
  "toy_seed": 236,
  "weights": [
    0.0773116280591117,
    -0.031129396846854143,
    0.025389573537676718,
    -0.03983391135263739,
    0.04748793535099047,
    -0.10119133469985442,
    0.022341381683678985,
    0.08544018803560287,
    0.019036450463402577,
    0.0260767378744904,
    -0.0916383917065956,
    0.0288051870676333,
    0.08883708649540914,
    0.08290225047565143,
    0.10688652844921899,
    0.017936593806722224,
    0.025235028437789228,
    -0.0832434418793827,
    0.0405578847866972,
    -0.04724839633955499,
    0.04072698993662425,
    -0.024656642795842607,
    -0.036974416776375876,
    0.0027361548785804473,
    -0.04820378247389818,
    0.03772802821848229,
    0.040826567092143176,
    0.11395754532645683,
    0.08225589801289868,
    -0.027617944804982766,
    0.04987622235792472,
    0.0531350598017631,
    -0.031772276004779144,
    0.029242388888325022,
    0.05152262696995896,
    0.11815691447805554,
    -0.05184629063951428,
    0.02780855332050611,
    0.04608581321690378,
    0.062009291642459156,
    -0.025170407908159123,
    -0.023596331529046985,
    -0.0450884789823198,
    0.15909248048479332,
    -0.011642594558447706,
    0.011296858475552306,
    0.06079320404500585,
    0.0011762673768755043,
    0.029557104492084076,
    0.07025542623660759,
    0.04441802436511141,
    -0.045990044523708404,
    -0.04979296452738167,
    0.026261035320260345,
    -0.0021050598388944013,
    -0.03606582953790682,
    -0.011246937258667449,
    -0.021162569638125,
    0.012327340516124998,
    0.02172713066470097
  ],
  "sum weights": 0.9999999360193442
}