{
  "mu_target": [
    -0.5,
    0.6000000238418579
  ],
  "mu_model": [
    [
      -0.5000255987910858,
      0.5997748589606755
    ]
  ],
  "diff": [
    [
      2.5598791085768013e-05,
      0.00022516488118240474
    ]
  ],
  "sigma_integral": [
    0.0010146439386087098,
    0.001644421079932575
  ],
  "within_band": [
    [
      true,
      true
    ]
  ],
  "toy_seed": 210,
  "weights": [
    0.0439140223961011,
    -0.06652320099007357,
    9.2879368202084e-05,
    0.037702779041834965,
    -0.013017623238828215,
    0.004801405102967771,
    0.020289111772196885,
    0.08601851143908168,
    0.030113775100522946,
    0.02940774728053012,
    0.010288001466773007,
    -0.04367410565213188,
    -0.0032477821327740576,
    0.099141710366424,
    0.013523991188726433,
    0.003244902920465274,
    -0.016212632366237725,
    -0.08938321782674721,
    0.020469915184075576,
    -0.03445666350448945,
    0.06591528937300588,
    -0.025636839087796418,
    0.02058790260855336,
    0.025485877018612667,
    0.0014677276857422688,
    0.09562031584456952,
    0.03562177762104859,
    0.016250607236386657,
    0.11743902685139912,
    0.04314674039316087,
    0.06657804824541938,
    -0.007990011708684483,
    0.035288241826611035,
    0.005653312844557379,
    0.06259100247737137,
    0.005695685422605565,
    0.015038190371364826,
    0.013808749426352218,
    0.07734372530272983,
    0.0005653981140077967,
    0.03255964510448421,
    -0.07832524069488721,
    0.028477701897875813,
    0.09226350722337313,
    -0.026160844591757788,
    0.002049035792837387,
    0.020638086987664908,
    -0.02432344293918287,
    0.04789187436631034,
    -0.015072692890692178,
    0.0224269421278869,
    0.043029653571516044,
    -0.035662023097645566,
    0.053501247148379075,
    -0.005795623762790215,
    -0.0024680246019681074,
    0.004428774561065096,
    0.032156314616667944,
    -0.049141598484976054,
    0.05456235422719826
  ],
  "sum weights": 0.9999999413449963
}