{
  "mu_target": [
    -0.5,
    0.6000000238418579
  ],
  "mu_model": [
    [
      -0.49934749944483797,
      0.6026602065635293
    ]
  ],
  "diff": [
    [
      0.0006525005551620278,
      0.0026601827216713447
    ]
  ],
  "sigma_integral": [
    0.0010240061547769892,
    0.0016277064077634678
  ],
  "within_band": [
    [
      true,
      false
    ]
  ],
  "toy_seed": 157,
  "weights": [
    0.04132967767349285,
    -0.09529682191250756,
    0.0773209146749095,
    0.046410538372716116,
    -0.04896442944061643,
    -0.025406944806393304,
    -0.13455416816793833,
    0.056269171859386374,
    0.11730078766743994,
    -0.04951538526716943,
    -0.06022938486452136,
    0.011614206125185376,
    0.058769135518195556,
    0.13364906116299022,
    0.1353609690417233,
    0.05417302961570758,
    -0.04219872651408341,
    -0.08869881289826459,
    0.024941271000554755,
    0.06621087654628628,
    0.024097213303865727,
    -0.07659163277805621,
    0.03433387065705003,
    -0.017574501513913276,
    0.01740741981723763,
    0.03715764288644418,
    0.0280781666864353,
    -0.047791847078969316,
    0.05565784188921726,
    0.06940063598481229,
    0.058123445749766585,
    0.07765417238131521,
    0.11671752789033536,
    -0.010436602515983625,
    0.12541707220169535,
    0.03508635489183174,
    -0.0904757504233856,
    0.008344541170842379,
    0.00718864361119663,
    -0.04413805654466809,
    -0.0026247900384677174,
    -0.04721187133929535,
    -0.03265653371752294,
    0.14513302355192884,
    0.04458760911530574,
    -0.016982679921721918,
    0.01605368026027681,
    0.004926514870576607,
    0.020328420817543828,
    0.062305296946054585,
    -0.036796440103433796,
    0.029679964470219724,
    0.02869394801143261,
    -0.011998203449350445,
    0.0663265527301914,
    0.03548636665536749,
    -0.038454829131276104,
    -0.014600723091521325,
    0.02729034765271607,
    0.034373169005879924
  ],
  "sum weights": 0.9999999469490668
}