{
  "mu_target": [
    -0.5,
    0.6000000238418579
  ],
  "mu_model": [
    [
      -0.5017054930746369,
      0.6001539446972342
    ]
  ],
  "diff": [
    [
      0.0017054930746368546,
      0.0001539208553762439
    ]
  ],
  "sigma_integral": [
    0.0010101829165756245,
    0.0016285846892974776
  ],
  "within_band": [
    [
      false,
      true
    ]
  ],
  "toy_seed": 271,
  "weights": [
    0.043139755284722026,
    0.05158180455255696,
    -0.026709545286392442,
    -0.053817419085655516,
    0.02152381313638151,
    -0.044325009911045085,
    0.047354314949386224,
    0.05948287315440868,
    -0.05793511201177852,
    0.04079789573080155,
    -0.023576595836676397,
    -0.05573378244660065,
    -0.001551610055318201,
    0.11604903337706134,
    0.03454440653414913,
    -0.014960046056084775,
    0.047281579397487485,
    -0.022878088696497347,
    0.05249675800813078,
    0.01301916920579188,
    -0.007087793390915927,
    0.026768725231173924,
    0.029438394785306285,
    0.00026125565589925456,
    0.019943306810430706,
    0.025557921092618768,
    0.02035529499002311,
    0.08389352391263644,
    0.010788667216128357,
    -0.012552008699194329,
    0.09216799217419369,
    -0.01466953687458694,
    0.03126542653461035,
    -0.0005959273718774526,
    0.042230239396409686,
    0.09591699205568505,
    -0.019251431186039666,
    -0.02276039635755196,
    0.1357096144777718,
    -0.051389276300695536,
    0.06073903212234189,
    -0.08557043169067194,
    -0.03208229787959725,
    0.08325862558940561,
    -0.019622594024667143,
    0.05240485001257727,
    -0.0006722373692741752,
    0.015325702663247042,
    0.01595032795630362,
    0.03930433135964952,
    0.032576920244699145,
    0.07708204378942632,
    -0.029078401247641373,
    0.05396362256865197,
    -0.06325401592063473,
    0.03355174152045183,
    0.018756413347165435,
    0.021882671762392288,
    -0.029320052317234304,
    0.04302851466646912
  ],
  "sum weights": 0.9999999452499143
}