{
  "mu_target": [
    -0.5,
    0.6000000238418579
  ],
  "mu_model": [
    [
      -0.5011779598758176,
      0.6027222316509511
    ]
  ],
  "diff": [
    [
      0.0011779598758175913,
      0.002722207809093158
    ]
  ],
  "sigma_integral": [
    0.0010214113306501694,
    0.0016489192400252
  ],
  "within_band": [
    [
      false,
      false
    ]
  ],
  "toy_seed": 192,
  "weights": [
    0.017773129146314303,
    -0.0288850851942629,
    0.025762329892609275,
    0.0043649404502626625,
    0.023450447024157106,
    -0.014529313308338529,
    -0.018457730542097366,
    0.08394689107451776,
    0.036926268833517586,
    -0.03628522026005789,
    -0.011562262685742522,
    0.021582149332335147,
    0.03393289846684269,
    0.05294779690053858,
    0.15813808525313616,
    0.0036741285561245896,
    -0.021983259413406505,
    -0.014509244098127086,
    0.02201735885405855,
    -0.01202715300353278,
    0.017937905852551377,
    0.0496434545093937,
    -0.0025660061135002626,
    -0.0416413009986966,
    -0.030623337188896545,
    0.06756136377734741,
    0.01977802737119809,
    0.021343871028149462,
    0.05979127436050096,
    -0.0142503643974256,
    0.004464395645611697,
    0.01166945865022875,
    0.000961481948541361,
    0.09710475833211503,
    0.13197866854126275,
    0.02223097640103497,
    -0.044075914124333176,
    -0.06226311090471417,
    0.11027716250258515,
    -0.006319649527113279,
    -0.0021474045483905932,
    -0.012304292305169419,
    -0.08927655231567495,
    0.14526156592067885,
    -0.016998763580615438,
    -0.06329185648360451,
    0.022285853253810887,
    0.051486738168554064,
    0.03558994535211467,
    0.011639331609094196,
    -0.009936565243543843,
    0.025805403343170812,
    0.02375859496077216,
    0.04289249023301373,
    0.03350241032159317,
    -0.031942789165052374,
    0.004943435238943738,
    0.01569211513163814,
    0.04684704955649359,
    0.02691296376046705
  ],
  "sum weights": 0.9999999441529839
}