{
  "num": 39064.08203125,
  "den": 28403.9609375,
  "test": 10660.12109375
}