{
  "num": -48506.42578125,
  "den": -48490.953125,
  "test": -15.47265625
}