{
  "num": 40074.43359375,
  "den": 29412.423828125,
  "test": 10662.009765625
}