{
  "mu_target": [
    -0.5,
    0.6000000238418579,
    0.20000000298023224,
    -0.8999999761581421
  ],
  "mu_model": [
    [
      -0.5012907962905427,
      0.5993505470980873,
      0.20117054507579776,
      -0.899599443256117
    ]
  ],
  "diff": [
    [
      0.0012907962905427395,
      0.0006494767437705828,
      0.0011705420955655244,
      0.00040053290202513026
    ]
  ],
  "sigma_integral": [
    0.0004103328522166232,
    0.0006639827638696361,
    0.0004935300583906704,
    0.0008623745211000903
  ],
  "within_band": [
    [
      false,
      true,
      false,
      true
    ]
  ],
  "toy_seed": 54,
  "weights": [
    0.01979798986467451,
    0.013866102722201498,
    0.004978978994248878,
    -0.016269465081267295,
    0.004663858371941882,
    -0.016670248502384428,
    0.041963725580276404,
    0.02204268057892554,
    0.038506469214451396,
    0.004364996238526235,
    0.03519947630839765,
    0.030363502417816497,
    -0.018133285357727142,
    0.005367347808533014,
    0.023335556373785565,
    0.035593313433647904,
    -0.003250052347893769,
    0.04152263468324841,
    0.008326810205641603,
    0.021765702839052922,
    0.01583392019205565,
    0.0037597842421071216,
    -0.021745307395750275,
    0.004681406710238945,
    -0.003417295372965258,
    0.02612497742602158,
    0.010607625844559536,
    0.07648248057237791,
    -0.011264468080515606,
    -0.01533926378593573,
    0.05793163797495715,
    0.03933771284946846,
    -0.00014822397151848752,
    0.009530497897634679,
    0.0675094271523712,
    0.051635701917196235,
    0.021888448541896643,
    0.03627520669451436,
    -0.028690526816834903,
    0.015158791954021913,
    0.02189662091899396,
    0.011214760488450706,
    -0.05119763032578461,
    0.0279163923292791,
    0.00521788043013856,
    0.023924383265100574,
    0.012850464595070015,
    0.030289930328080267,
    0.015849996202929744,
    0.0315596577746593,
    -0.0096463599899059,
    0.04233084967486818,
    -0.003340264496438789,
    0.05097814758099944,
    0.005284293845052481,
    0.06012466208339218,
    0.012305864957815892,
    0.01752975149175918,
    0.016225479349652974,
    0.025196490560313586
  ],
  "sum weights": 0.9999999999564252
}