{
  "mu_target": [
    -0.5,
    0.6000000238418579,
    0.20000000298023224,
    -0.8999999761581421
  ],
  "mu_model": [
    [
      -0.5014029430213117,
      0.5996304666471365,
      0.2003340259390506,
      -0.8994831202164174
    ]
  ],
  "diff": [
    [
      0.00140294302131172,
      0.000369557194721426,
      0.0003340229588183474,
      0.000516855941724681
    ]
  ],
  "sigma_integral": [
    0.0004116420484896425,
    0.0006591950976635009,
    0.0004959072150708237,
    0.0008589965649687295
  ],
  "within_band": [
    [
      false,
      true,
      true,
      true
    ]
  ],
  "toy_seed": 205,
  "weights": [
    0.013125578123419083,
    -0.005856887153205104,
    -0.0016568086803756613,
    0.0008472366003911224,
    0.024344037382737507,
    -0.007817325310530119,
    0.012627109598315988,
    0.057037415940347384,
    0.02875988821499451,
    0.01030758291462881,
    0.05116382623870217,
    0.01748418954241948,
    -0.036943680261466785,
    0.019249898061566472,
    0.026546111370858216,
    0.033148845531385016,
    -0.0015858647556943493,
    0.01989227395790177,
    0.01217894762673071,
    0.029716787373346116,
    0.013031205902967304,
    0.007572495248679172,
    -0.012427762133782013,
    0.006005307326788923,
    0.020915275106045014,
    0.03386603781953074,
    0.025139187519913998,
    0.06190115865614975,
    -0.003033698894007031,
    -0.016440593876224326,
    0.029074754703846073,
    0.025395781746477164,
    -0.023477694922039764,
    -0.012321572649179519,
    0.0654589471947265,
    0.031501407726891306,
    0.040958307598802396,
    0.04689780052529867,
    -0.007782525040576136,
    0.00647139945919702,
    0.023327230327153545,
    -0.0021548362925790715,
    -0.0422580798943922,
    0.0407967387599046,
    0.0037617783496299334,
    0.018384761631750863,
    0.03058115876836793,
    0.021269108852554338,
    0.02478157633505607,
    0.0100191156436421,
    0.027740465155257153,
    0.0315482144052968,
    0.021278421595238056,
    0.038360626566899,
    0.008494724262963549,
    0.04576164816414582,
    0.03384568888238756,
    -0.0007457742842960846,
    -0.00688759215234985,
    0.030825643562392594
  ],
  "sum weights": 1.0000049999750003
}