{
  "mu_target": [
    -0.5,
    0.6000000238418579,
    0.20000000298023224,
    -0.8999999761581421
  ],
  "mu_model": [
    [
      -0.501107097088347,
      0.5998358588705212,
      0.20049354263716956,
      -0.8987564510287748
    ]
  ],
  "diff": [
    [
      0.0011070970883469977,
      0.00016416497133675545,
      0.0004935396569373252,
      0.0012435251293673177
    ]
  ],
  "sigma_integral": [
    0.0004099280433169438,
    0.0006658563344381155,
    0.000494892382334003,
    0.0008550652197750922
  ],
  "within_band": [
    [
      false,
      true,
      true,
      false
    ]
  ],
  "toy_seed": 215,
  "weights": [
    0.0005380798990267992,
    0.017193254689485835,
    0.002765326303133811,
    0.0030447643366410477,
    0.0246304647567233,
    -0.00048299926554081656,
    -0.008587455343984243,
    0.042008365466622254,
    0.03095725803497825,
    0.018330312385247006,
    0.03743368314260864,
    0.0314075206539843,
    -0.007932822799194052,
    0.03718435118374875,
    0.04873233898672968,
    0.027104615943413315,
    -0.009024602668746606,
    0.042596501497047606,
    0.0076656379511607,
    0.018742253644899984,
    0.011799122182344336,
    0.011419959692978295,
    -0.0009055237282943779,
    0.000564999033857079,
    0.02303222226954829,
    0.009074460048801606,
    0.03328437180239781,
    0.048825393021386075,
    -0.02280233005265887,
    -0.0003351203749140279,
    0.02356184297213938,
    0.00806129686367409,
    -0.006215714293445164,
    0.006078754642427894,
    0.09041100863822459,
    0.04006336809387707,
    0.020027098650724818,
    0.05828507127745795,
    -0.013772460016850842,
    -0.013874071912636517,
    0.012326863214116086,
    0.009369793342192151,
    -0.056162363357053637,
    0.03426565297445692,
    0.02436187529708463,
    0.0302671450153981,
    0.007577246976194859,
    0.014653298523421036,
    0.007821563980366137,
    0.004646599824322084,
    0.03374681287476042,
    0.01749762571451087,
    0.020858933937816976,
    0.028959605590947173,
    0.008362586070206346,
    0.06491739635222903,
    0.03346656230468635,
    -0.022374060756934072,
    -0.0015058080123966089,
    0.03605707247464893
  ],
  "sum weights": 1.0000049999499987
}