{
  "mu_target": [
    -0.5,
    0.6000000238418579,
    0.20000000298023224,
    -0.8999999761581421
  ],
  "mu_model": [
    [
      -0.5012228353723528,
      0.6000331992005897,
      0.2018793977164331,
      -0.8985826032240335
    ]
  ],
  "diff": [
    [
      0.001222835372352793,
      3.317535873181843e-05,
      0.0018793947362008567,
      0.001417372934108596
    ]
  ],
  "sigma_integral": [
    0.000412134157144189,
    0.0006620655553880243,
    0.0004947731610019651,
    0.0008599918391143371
  ],
  "within_band": [
    [
      false,
      true,
      false,
      false
    ]
  ],
  "toy_seed": 20,
  "weights": [
    -0.012440337122837158,
    0.00588588626417401,
    0.0018866186334242597,
    0.010738483344482012,
    0.009717205794181996,
    -0.0044079096992319326,
    0.030371045304260914,
    0.02338257266665419,
    0.03937060031590193,
    0.014217990840069746,
    0.05342559346985118,
    0.01690774428748901,
    -0.021850487419184522,
    0.05081022033301108,
    0.040204498707199346,
    0.014819446218416472,
    0.025229790280106763,
    0.03324275532185986,
    0.014280870838206861,
    0.014363716608053176,
    0.015477058795428569,
    0.010931468677090486,
    0.005208578007924032,
    -0.00549680081459707,
    0.01783409204902726,
    0.025364096622903662,
    0.011758360537214805,
    0.049905132259970175,
    -0.017049217145501058,
    -0.0370058185847624,
    0.049491152522753025,
    0.03324168342896773,
    -0.007248098742576206,
    -0.02352080672971056,
    0.07290695880404785,
    0.027655289406461836,
    0.04923497981504427,
    0.03338990312320992,
    -0.006079329465213885,
    -0.0035130269774356344,
    0.04111734976519208,
    0.005943052375464584,
    -0.05570805514134158,
    0.037652690354458285,
    0.017431858430630116,
    0.011023086654115142,
    0.049256677211697325,
    -0.000461803501777626,
    0.03316042050781278,
    0.017751811709548485,
    0.027563473142506276,
    0.027365742351504532,
    0.01109926655242559,
    0.03828043050879333,
    0.019050963703146302,
    0.024795785483958603,
    -0.0005064872645548622,
    0.00047734552540903334,
    0.015555606038198312,
    0.016508824928411256
  ],
  "sum weights": 0.999999999911934
}