{
  "mu_target": [
    -0.5,
    0.6000000238418579,
    0.20000000298023224,
    -0.8999999761581421
  ],
  "mu_model": [
    [
      -0.501614823848482,
      0.599599163997769,
      0.20221999497691756,
      -0.8987531898323976
    ]
  ],
  "diff": [
    [
      0.0016148238484819943,
      0.00040085984408888553,
      0.002219991996685322,
      0.0012467863257444867
    ]
  ],
  "sigma_integral": [
    0.0004110544205814424,
    0.0006672223215782413,
    0.0004968870644435602,
    0.0008580057439272922
  ],
  "within_band": [
    [
      false,
      true,
      false,
      false
    ]
  ],
  "toy_seed": 79,
  "weights": [
    -0.0157156950086107,
    0.007150693256272138,
    -0.010135037939620782,
    -0.00800161946377762,
    0.021170043617090864,
    -0.019454273959787566,
    0.03388664041520407,
    0.039746488957327325,
    0.028769153107462538,
    -0.005404500492647386,
    0.05213772641259535,
    0.05651105166378547,
    -0.014955042212904288,
    0.027891489989865775,
    0.05019002020231949,
    0.039466306569772465,
    -0.014238152204792002,
    0.03354505066873467,
    -0.0159232968847375,
    0.02585419135533747,
    0.011287670067455935,
    0.011451788363495839,
    0.003454788596133663,
    -0.0019974171513767926,
    0.030262403703042264,
    0.018361663256693774,
    0.02596856168665305,
    0.05067687339025316,
    -0.019873989995554623,
    -0.022035046383201935,
    0.04014418497048928,
    0.01355452017940975,
    0.007874640903367163,
    0.001360888048676369,
    0.08272759811315009,
    0.026362726296761403,
    0.021899700691405014,
    0.05176818272529681,
    -0.020682134752911238,
    -0.010053058378289948,
    0.019273715932311287,
    0.027412915554729758,
    -0.061314891344666014,
    0.012689561490979396,
    0.02781130722550847,
    0.014222775079564348,
    0.01810560079001174,
    0.021590159338047487,
    0.03205243606895847,
    0.03245312218357468,
    0.030078343060772304,
    0.017379764489141525,
    0.012494981136889814,
    0.04110904961080676,
    0.028397715818113567,
    0.032526370092177445,
    0.005069239870921678,
    -0.007690270729436488,
    0.01555667690088205,
    0.04578064502587196
  ],
  "sum weights": 1.0000049999749991
}