{
  "mu_target": [
    -0.5,
    0.6000000238418579,
    0.20000000298023224,
    -0.8999999761581421
  ],
  "mu_model": [
    [
      -0.500997656427655,
      0.5993325267446419,
      0.20078310636261787,
      -0.8989542874713532
    ]
  ],
  "diff": [
    [
      0.000997656427655036,
      0.0006674970972160299,
      0.0007831033823856304,
      0.0010456886867888926
    ]
  ],
  "sigma_integral": [
    0.00041126723907702623,
    0.0006611175109939183,
    0.0004954063036781977,
    0.0008594730707344452
  ],
  "within_band": [
    [
      false,
      false,
      false,
      false
    ]
  ],
  "toy_seed": 241,
  "weights": [
    0.015984537769980624,
    0.023414051180546267,
    0.005613659482366354,
    0.002786804850351776,
    0.0034163324674227093,
    -0.01210970530870111,
    0.010431446321238776,
    0.05282881194711166,
    0.024757436138097597,
    0.02372676403894826,
    0.05269806777833584,
    0.013048640821080391,
    -0.017399136887001034,
    0.026816272888115313,
    0.02194819647300374,
    0.05542983855646849,
    -0.0073109367489916305,
    0.024785189513601345,
    0.002411434540676335,
    0.012471313982340618,
    0.00856457996129069,
    0.009471341736818685,
    -0.014795476513211657,
    0.027192946744713783,
    0.010988512659609964,
    0.016117356508628923,
    0.011944726393119146,
    0.08148881669507604,
    0.0008573853962305484,
    0.003951124446321881,
    0.029343025367036035,
    0.010699919441672591,
    -0.01962609206322806,
    -0.004330320317128818,
    0.0942177137561747,
    0.03852188670350872,
    0.01690615531068224,
    0.05397318206902226,
    -0.011231894134631054,
    -0.0050869099623441555,
    0.027898843014009078,
    0.006045642061365998,
    -0.05286156181329092,
    0.05476626681744769,
    -1.641037234482063e-05,
    0.001933822559090069,
    0.014166549027799971,
    0.011873535669620468,
    0.02539029803094907,
    0.0005050661128804429,
    0.018143211893971407,
    0.01908207831721918,
    0.0067047992253075174,
    0.03603723148582,
    0.01602774041974187,
    0.04242349886806211,
    0.022815273784529685,
    -0.0014628362615996234,
    0.01045783626256446,
    0.0451571148417778
  ],
  "sum weights": 1.0000049999492762
}