{
  "mu_target": [
    -0.5,
    0.6000000238418579,
    0.20000000298023224,
    -0.8999999761581421
  ],
  "mu_model": [
    [
      -0.5009632435103468,
      0.5993652003376886,
      0.20207122217773116,
      -0.8976363455954159
    ]
  ],
  "diff": [
    [
      0.0009632435103468229,
      0.000634823504169324,
      0.002071219197498919,
      0.002363630562726149
    ]
  ],
  "sigma_integral": [
    0.0004100501826911161,
    0.0006634450706860929,
    0.0004893880547335167,
    0.0008564901754407108
  ],
  "within_band": [
    [
      false,
      true,
      false,
      false
    ]
  ],
  "toy_seed": 231,
  "weights": [
    -0.005779541871947992,
    0.0008866310171770587,
    0.012830415460303087,
    -0.014258501108253467,
    -0.014775898322683273,
    -0.01633640077106603,
    0.011808960356209609,
    0.008056104104088786,
    0.045992934423959374,
    0.03500562411923271,
    0.10681746589351061,
    0.01044488480364039,
    -0.007249822367567554,
    0.010118661255574146,
    0.055630822393305863,
    0.018721769111525247,
    0.014967754700463342,
    0.02358314781744847,
    0.026099976195127165,
    0.0024718713438291106,
    0.02272279691614847,
    0.007756867848307222,
    0.036044446109611154,
    0.0059551089249984986,
    0.008257242270522644,
    0.025729567037480538,
    0.04865806159279664,
    0.0641615513800857,
    -0.04597204832453873,
    0.007475000070705725,
    0.012643168328695513,
    0.013781110305206103,
    -0.003523282071489847,
    -0.0174055388418285,
    0.05056753219027711,
    0.045363937716376514,
    0.0278178190332976,
    0.054221790153037505,
    0.0213697584467542,
    -0.007255460708596692,
    0.028121362328044283,
    0.005903408760328138,
    -0.04992170393222968,
    0.02672369698776948,
    0.02352361120079535,
    0.015877260715006156,
    0.02764515872869651,
    0.025014457287507123,
    0.012289620997687606,
    -0.022705040557214683,
    0.020161399659579828,
    0.04635022992903099,
    0.01924449951059507,
    0.056163571335935115,
    0.02223033465480671,
    0.04218031852051919,
    -0.0073580797678451885,
    -0.011333902602156862,
    0.00808200915375703,
    0.008406500107645699
  ],
  "sum weights": 1.0000049999499818
}