{
  "mu_target": [
    -0.5,
    0.6000000238418579,
    0.20000000298023224,
    -0.8999999761581421
  ],
  "mu_model": [
    [
      -0.5014616309151569,
      0.5988069299266179,
      0.20136008299025018,
      -0.899894115891244
    ]
  ],
  "diff": [
    [
      0.0014616309151569418,
      0.0011930939152400288,
      0.0013600800100179444,
      0.00010586026689807237
    ]
  ],
  "sigma_integral": [
    0.0004113057139429727,
    0.0006630801272984048,
    0.0004942244223085652,
    0.0008584303779626846
  ],
  "within_band": [
    [
      false,
      false,
      false,
      true
    ]
  ],
  "toy_seed": 187,
  "weights": [
    -0.016000224143521796,
    0.030632399938979326,
    -0.004168937542849273,
    0.0011794404322893217,
    -0.0001256597642196262,
    -0.009092057375045723,
    0.008092315717564733,
    0.03134044846400966,
    0.035746123913826325,
    0.0027316200167185768,
    0.06756037795770654,
    0.028025616837505936,
    -0.0006992639208752776,
    0.024105366731277278,
    0.04380917059586309,
    0.03807979099449993,
    -0.007459811830717321,
    0.03440444248219415,
    0.026014811163393124,
    0.029752482100094763,
    0.013750675312971385,
    -0.002403156784510354,
    0.006564492974855017,
    -0.011898319642455227,
    -0.007787858089183103,
    0.05067587171021843,
    0.02228682313223095,
    0.062144002630572716,
    -0.01691472581779341,
    -0.021662644135557126,
    0.0038338964574531624,
    0.01899208450477773,
    -0.004019232547818496,
    0.006131699145653086,
    0.060570775167458187,
    0.027806883993150826,
    0.005348493453740352,
    0.046893006008148,
    0.011962456271997617,
    0.00020368563120032188,
    0.030860881013266218,
    0.018290025991245462,
    -0.03290942620191435,
    0.019978498825694663,
    0.011448691021412861,
    0.0038111165912471856,
    0.018589951114299903,
    0.009601345687552438,
    0.011722287604062647,
    -0.001577793455939854,
    0.040665573695799984,
    0.031370297676972955,
    0.028260218910464277,
    0.024508143844101028,
    0.03199794209872459,
    0.06239732255567432,
    0.01137633606770969,
    -0.0017587999642983976,
    0.021554026352792154,
    0.02341099840032863
  ],
  "sum weights": 1.0000049999750003
}