{
  "mu_target": [
    -0.5,
    0.6000000238418579,
    0.20000000298023224,
    -0.8999999761581421
  ],
  "mu_model": [
    [
      -0.5015026120748192,
      0.5990870876602673,
      0.20064903781003143,
      -0.8995724723389678
    ]
  ],
  "diff": [
    [
      0.0015026120748191651,
      0.0009129361815906067,
      0.0006490348297991944,
      0.0004275038191743352
    ]
  ],
  "sigma_integral": [
    0.0004080522500217629,
    0.0006607292815885352,
    0.0004948356010465231,
    0.000856175159467517
  ],
  "within_band": [
    [
      false,
      false,
      false,
      true
    ]
  ],
  "toy_seed": 128,
  "weights": [
    0.0031013400010632066,
    0.019701517526660425,
    0.010144335643363873,
    -0.023415627071291325,
    0.01327458080371386,
    -0.017717978067330893,
    0.020315460166253865,
    0.017896064718380546,
    0.009825989485981514,
    0.003375545096905978,
    0.03707840476365906,
    0.016896030380126433,
    -0.024122622724021825,
    0.03420896643342251,
    0.04920717836027848,
    -0.00026665094013893995,
    0.006058271744517528,
    0.028378210916372024,
    0.008997972294897183,
    0.054690614999513866,
    0.012138285697532574,
    -0.014088916658859463,
    0.007555516514695482,
    0.007211658904612817,
    0.0026976631136874287,
    0.028921321429566937,
    0.025675141477918505,
    0.07211049805661426,
    0.005302179386312061,
    -0.0025546700520661116,
    0.024892772158899925,
    0.02845254990282088,
    -0.014860059179960687,
    0.0008971935426395752,
    0.0375035065528638,
    0.0324338907549333,
    0.020810332112599892,
    0.05248134187558005,
    0.00575650081273491,
    -0.0022992520895988543,
    0.026481485327712505,
    0.030043497365650373,
    -0.04733551762903524,
    0.036564424190795655,
    0.013469182818612226,
    0.02356024818545255,
    0.022322076507323495,
    0.03006166642044634,
    0.025766337837157323,
    -0.00712749088547713,
    0.02451079853645464,
    0.03189464435429593,
    -0.003259870719561505,
    0.062122245376200376,
    0.02654695812559408,
    0.056781891654133755,
    -0.009360422711337486,
    -0.000492902994692665,
    0.02116298335046251,
    0.037627706018958006
  ],
  "sum weights": 1.0000049999750003
}