{
  "mu_target": [
    -0.5,
    0.6000000238418579,
    0.20000000298023224,
    -0.8999999761581421
  ],
  "mu_model": [
    [
      -0.5005941694624862,
      0.5995516114585947,
      0.20095586296887402,
      -0.9000092308511716
    ]
  ],
  "diff": [
    [
      0.0005941694624862492,
      0.0004484123832632081,
      0.0009558599886417829,
      9.254693029481231e-06
    ]
  ],
  "sigma_integral": [
    0.0004089440973773581,
    0.0006637841841762084,
    0.0004909307758829443,
    0.000850933162120848
  ],
  "within_band": [
    [
      false,
      true,
      false,
      true
    ]
  ],
  "toy_seed": 151,
  "weights": [
    0.004966288792075334,
    0.032233658375836215,
    0.012076892726159688,
    0.0024317643604655293,
    0.005764662549908184,
    -0.006798011016604771,
    0.03518725616372365,
    0.02530191659518534,
    0.025453584926004715,
    0.009488138285027932,
    0.04919502864411781,
    0.01721786768238869,
    -0.009423557642424729,
    0.03472330705538194,
    0.04989664282221856,
    0.02177347714329868,
    -0.012651712823249624,
    0.0436262912570317,
    0.03421012555818411,
    0.015682337600571805,
    0.016768182314863433,
    0.020894049077438775,
    -0.007476634060913928,
    -0.000787879962840944,
    0.014873429354594054,
    0.02152158490030093,
    0.03127801723298339,
    0.06308198226860998,
    -0.024823365841198493,
    -0.020225322680682185,
    0.015205618335264638,
    0.027910144403658278,
    0.0016440562701769482,
    0.010256216575694,
    0.05530051790689907,
    0.012917566408700282,
    0.019279001386417114,
    0.032084124569934626,
    -0.0003546087045136141,
    -0.0019015767543803538,
    -0.0009135684998245998,
    -0.007145808419977403,
    -0.04494513490064199,
    0.02552676560743004,
    0.008535437364668047,
    0.0028632153238667304,
    0.021967925744413513,
    0.039687157538725905,
    0.007250916516647252,
    0.0102723993101264,
    0.03132457792557922,
    0.0039155965708701015,
    0.01330415466119945,
    0.06198358713498927,
    0.01575646991286997,
    0.06035438931220769,
    0.008958757547377648,
    0.013432435323761337,
    0.005714940147873114,
    0.04435972379653162
  ],
  "sum weights": 1.000004999975
}