{
  "mu_target": [
    -0.5,
    0.6000000238418579,
    0.20000000298023224,
    -0.8999999761581421
  ],
  "mu_model": [
    [
      -0.5009988702970558,
      0.5994917490199013,
      0.20051308948399682,
      -0.8993032316070905
    ]
  ],
  "diff": [
    [
      0.0009988702970558094,
      0.0005082748219565891,
      0.0005130865037645815,
      0.0006967445510516201
    ]
  ],
  "sigma_integral": [
    0.0004090699474632375,
    0.0006537041499350632,
    0.0004938176014178638,
    0.0008523627954873912
  ],
  "within_band": [
    [
      false,
      true,
      false,
      true
    ]
  ],
  "toy_seed": 138,
  "weights": [
    -0.007672365596853212,
    -0.0011944360433381832,
    0.004531591721519037,
    -0.0020644643169474486,
    -0.004037437694443151,
    -0.010845210996296494,
    0.02883061050633408,
    0.051296194910937155,
    0.04863329738292574,
    0.0045898299724324325,
    0.059219558455019,
    0.018346938167550127,
    -0.012892186237756169,
    0.06013697319106746,
    0.03806555477010237,
    0.023510567770332124,
    -0.0015718294839235194,
    0.026161755339284505,
    0.01218799628495032,
    0.03692124014136204,
    -0.0014047788688224573,
    0.011179362181121718,
    -0.013153390913716572,
    -0.02452071556596195,
    0.011822508707870648,
    0.02486402460766443,
    0.027840054021594254,
    0.06440637119332103,
    -0.018355658956694932,
    -0.002479594714346786,
    0.05360159374967275,
    0.02792581562479796,
    -0.034393211915760974,
    -0.007010999181193416,
    0.06721483545612116,
    0.04716498715062351,
    0.02696860637047166,
    0.048043335546808445,
    -0.011097171501845348,
    -0.007628767101151239,
    -0.006755816420901896,
    0.014166819874125791,
    -0.04952864890559014,
    0.019581535562147662,
    0.007151479695165612,
    0.016974060187559155,
    0.013709678955010945,
    0.01719120538811948,
    0.035661896302791506,
    0.00604257337493607,
    0.025390935035582596,
    0.03490203770486522,
    -0.014672852789884923,
    0.03320741157643484,
    0.0308402794222312,
    0.054671614519381594,
    0.02879441680991231,
    0.0243012878995999,
    0.0063463716346985975,
    0.038887330013982445
  ],
  "sum weights": 1.000004999975
}