{
  "mu_target": [
    -0.5,
    0.6000000238418579,
    0.20000000298023224,
    -0.8999999761581421
  ],
  "mu_model": [
    [
      -0.5009213050881742,
      0.5985991847603476,
      0.20055385882392276,
      -0.8998542412324808
    ]
  ],
  "diff": [
    [
      0.0009213050881742291,
      0.001400839081510341,
      0.0005538558436905261,
      0.00014573492566127833
    ]
  ],
  "sigma_integral": [
    0.0004094347727980484,
    0.000657754660878362,
    0.0004923700841899052,
    0.0008561285156278461
  ],
  "within_band": [
    [
      false,
      false,
      false,
      true
    ]
  ],
  "toy_seed": 290,
  "weights": [
    -0.005221798215872992,
    0.0070669869206615495,
    -0.0012137815752157838,
    -0.009501750351727664,
    0.0038296756998679247,
    -0.01635276097952598,
    0.02714570335660161,
    0.0308089230020175,
    0.008102717911126706,
    0.020986633239326015,
    0.053341481769300425,
    0.014626282993095464,
    -0.011037872545643125,
    0.033063943275360344,
    0.018186700948900823,
    0.019497634514470636,
    0.005480562813552951,
    0.026255566072489356,
    0.022094039431386586,
    0.02623142495982041,
    0.01195374977863701,
    0.019751536251088733,
    -0.0022960720722370403,
    0.01883578174471101,
    -0.0034423800811406034,
    0.01841044744526363,
    0.047371822659767804,
    0.05566732078933624,
    -0.001253297018325259,
    -0.011180406753494958,
    0.04093730383757685,
    0.005446381261004795,
    -0.010020760585828016,
    -0.004084583383886608,
    0.07094425890344251,
    0.027344923114169105,
    0.02711545814190448,
    0.06385536875717118,
    0.005103757226610935,
    -0.01018791807582045,
    0.004541295293295072,
    0.01559575202549109,
    -0.040354748051299606,
    0.012458042979860999,
    0.013112242121048867,
    0.010565720025702293,
    0.013494926802592516,
    0.016251268162447142,
    0.028068116593722083,
    0.028788784091974284,
    0.02324099416825655,
    0.02441453686175969,
    -0.009213019961694725,
    0.050060896427279476,
    0.03925474993790177,
    0.05455816925595105,
    0.02669542970646235,
    0.01439076329793737,
    -0.010036121757470588,
    0.04045419678883636
  ],
  "sum weights": 1.0000049999499983
}