{
  "mu_target": [
    -0.5,
    0.6000000238418579,
    0.20000000298023224,
    -0.8999999761581421
  ],
  "mu_model": [
    [
      -0.5015525970886486,
      0.5989039683176957,
      0.200797711385245,
      -0.8995867620312853
    ]
  ],
  "diff": [
    [
      0.0015525970886486329,
      0.0010960555241622538,
      0.0007977084050127536,
      0.0004132141268567979
    ]
  ],
  "sigma_integral": [
    0.00041198887187165507,
    0.000663969589282332,
    0.000492459197201839,
    0.0008641531524099552
  ],
  "within_band": [
    [
      false,
      false,
      false,
      true
    ]
  ],
  "toy_seed": 23,
  "weights": [
    0.015206919391402753,
    -0.007960611644340794,
    -0.01235816589120707,
    -0.008881839808526913,
    -0.013210667941231503,
    0.005215366594274241,
    0.053582223356098115,
    -0.003333457725092222,
    0.02339278422565117,
    0.006920039180148038,
    0.047581388372544116,
    0.025775726043840357,
    -0.020811067163198613,
    0.02487437630329585,
    0.041173627950205634,
    0.03848135027065095,
    0.013548125912619544,
    0.033290806172787915,
    0.007154202560517237,
    0.036993565195811984,
    0.0077592420285139225,
    0.019931778037994646,
    0.00999841645295758,
    0.002453412943692837,
    -0.0004894322219258772,
    0.03292026291788354,
    0.028342947460694573,
    0.04688850628112385,
    -0.02554864627811909,
    -0.008013795632396351,
    0.015014996646243162,
    0.018253605658746327,
    0.012025956136106523,
    -0.003325357416546274,
    0.05098583133781293,
    0.0195033463448604,
    0.0020040139304931277,
    0.04561178041040545,
    -0.007971116804139845,
    0.0035289465219751053,
    0.017493775262549496,
    0.01720857033617013,
    -0.06458901944747024,
    0.03418464241092144,
    0.033123952775716566,
    -0.0017944855846378136,
    0.038020724790968616,
    0.032814276207307064,
    -0.0021984030844611926,
    0.012134221568588633,
    0.01998988839650147,
    0.04871950754063371,
    0.023772880234564676,
    0.05420478790623372,
    0.014449975806898689,
    0.06607468727483934,
    -0.006307118583479369,
    0.013754972049058591,
    0.014958049948545861,
    0.05747972802787451
  ],
  "sum weights": 1.0000049999499512
}