{
  "mu_target": [
    -0.5,
    0.6000000238418579,
    0.20000000298023224,
    -0.8999999761581421
  ],
  "mu_model": [
    [
      -0.5009373078479394,
      0.5992228575732422,
      0.20050606071407706,
      -0.900897479895861
    ]
  ],
  "diff": [
    [
      0.0009373078479394392,
      0.0007771662686156811,
      0.0005060577338448224,
      0.0008975037377189077
    ]
  ],
  "sigma_integral": [
    0.00041163433903830304,
    0.0006643692839743715,
    0.0004929493168334491,
    0.0008550826085923092
  ],
  "within_band": [
    [
      false,
      false,
      false,
      false
    ]
  ],
  "toy_seed": 129,
  "weights": [
    -0.024119095334361785,
    -0.020463784125019122,
    -0.005726598785226303,
    -0.00019930675872646442,
    0.00797805257597039,
    0.0024841518901939363,
    0.04591207258280889,
    0.013401235611959418,
    0.029649106422013932,
    0.02091578697004574,
    0.06759111327923376,
    0.00046940283333528224,
    0.0004506522890310023,
    0.038944913922749784,
    0.057836127250417924,
    0.027467391402427824,
    -0.0008823985793088397,
    0.012947449425491647,
    0.0035213833056604153,
    0.014624162098922273,
    0.028417658319297604,
    -0.014911158915143588,
    0.0018538172700759215,
    0.0072222496817494685,
    0.00786626219572847,
    0.01132997407595214,
    0.004446500328903396,
    0.08175405934179088,
    -0.018828189346281336,
    -0.01763526442108002,
    0.02266430074443056,
    -0.006255460550483461,
    -0.020580247898831235,
    0.01306851245101697,
    0.06716266648611892,
    0.044007825096219026,
    0.030604756012880874,
    0.027618758985891258,
    0.018918484150997318,
    0.005520210459382226,
    0.028128566171725627,
    0.023023728032980452,
    -0.059031856393771745,
    0.03602659051051635,
    0.013244546216661232,
    0.0058516591859076325,
    0.03162921181454826,
    0.028887263401975314,
    0.0165961247533605,
    0.016968042353108687,
    0.04283104547935973,
    0.037287695171705146,
    0.038198024872453454,
    0.030151916388660653,
    0.006707806820913779,
    0.0363006269926272,
    0.021288329911950284,
    0.006698711926309089,
    0.011641574818357574,
    0.040527858799415895
  ],
  "sum weights": 1.0000049999750003
}