{
  "mu_target": [
    -0.5,
    0.6000000238418579,
    0.20000000298023224,
    -0.8999999761581421
  ],
  "mu_model": [
    [
      -0.5007803252544564,
      0.5999392200444784,
      0.200663528553498,
      -0.8984657882616032
    ]
  ],
  "diff": [
    [
      0.000780325254456371,
      6.080379737949393e-05,
      0.0006635255732657663,
      0.0015341878965389188
    ]
  ],
  "sigma_integral": [
    0.00040976448822811306,
    0.0006644656443339879,
    0.0004917079056631124,
    0.0008589117531057913
  ],
  "within_band": [
    [
      false,
      true,
      false,
      false
    ]
  ],
  "toy_seed": 118,
  "weights": [
    0.0016840710864131983,
    -0.003236142663430846,
    0.008295736410325731,
    -0.007593146832027066,
    0.003005439020387879,
    0.008264481090298788,
    0.03541045305017104,
    0.027723867589568445,
    0.04898294685862063,
    -0.0042964500352462385,
    0.04800480266948502,
    0.05123170730542469,
    -0.011580023785700878,
    0.018029945332019605,
    0.03895969000025569,
    0.02143491071935921,
    0.009299088077919748,
    0.014617334176955573,
    0.015847648725135412,
    0.04273857165345863,
    0.02272774393924761,
    0.00922818237769925,
    -0.020717680646500335,
    -0.007525988040222426,
    0.016135704905982606,
    0.03593615658570929,
    0.060473726387944716,
    0.04271946144830925,
    -0.01587751331554988,
    -0.009597180908043422,
    0.015407256656917721,
    0.009480224970634525,
    -0.02558894192115374,
    -0.016718088541413254,
    0.08649857531174836,
    0.028820496696945603,
    0.03463515570369895,
    0.07153111637675232,
    0.00276949950415987,
    -0.005029139863249663,
    0.03625480132854261,
    0.014010058910935218,
    -0.07232664171634809,
    0.037857419418692834,
    -0.005481703812777664,
    0.027061072887394264,
    -0.007201079173926725,
    0.005113410424544784,
    0.02501031355399441,
    -0.007187956533271525,
    0.0276785658889943,
    -0.001521624592433298,
    -0.004993182164711958,
    0.04163121272788561,
    0.03954379937796372,
    0.07208307741735585,
    0.03327761158491112,
    0.013120139492907312,
    -0.0021502241199555672,
    0.026092230970288705
  ],
  "sum weights": 1.0000049999499976
}