{
  "mu_target": [
    -0.5,
    0.6000000238418579,
    0.20000000298023224,
    -0.8999999761581421
  ],
  "mu_model": [
    [
      -0.5010667804364188,
      0.5991538163686573,
      0.2011357390060869,
      -0.8984323616973102
    ]
  ],
  "diff": [
    [
      0.001066780436418835,
      0.000846207473200633,
      0.00113573602585465,
      0.0015676144608318676
    ]
  ],
  "sigma_integral": [
    0.0004115193447722142,
    0.0006664753956198863,
    0.0004959279051450522,
    0.0008600310965709221
  ],
  "within_band": [
    [
      false,
      false,
      false,
      false
    ]
  ],
  "toy_seed": 11,
  "weights": [
    0.001993044865994135,
    -0.004112702878552364,
    0.0005415819835826306,
    0.0012197435825181359,
    -0.0010313735730489392,
    0.003269783221834625,
    0.02538224370383571,
    0.029160427689352016,
    0.04482427702881343,
    -0.0019236705451438573,
    0.0582077010944255,
    0.0314669635364701,
    -0.026731603980784186,
    0.028840852883300967,
    0.015557035328436894,
    0.019897369503592055,
    0.006789120517421174,
    0.006084086159973802,
    0.01916077397133522,
    0.03586835592234249,
    0.042198736825866466,
    0.01584086283843065,
    0.010949995497178584,
    0.003886586258683422,
    -0.00684707183449754,
    0.01624668862400163,
    -0.0029102040605900733,
    0.0472122172480984,
    -0.006838498975956204,
    -0.017486104154313037,
    0.015610498516204583,
    0.011871303525464418,
    0.015566386145112316,
    -0.009393593256484123,
    0.06086665866988274,
    0.044094622730220176,
    0.005900062517267517,
    0.05110051579711536,
    -0.0011755302088297492,
    -0.008647950065004257,
    0.003049677562312073,
    0.009847777069855405,
    -0.03647940902526878,
    0.025633356152961733,
    0.02588440474331721,
    0.007331547529916123,
    0.015283683696856268,
    0.020486599729115467,
    0.03377571995973293,
    0.015688976056194442,
    0.019384843700135088,
    0.041433722530901045,
    0.017463643494387487,
    0.05199872588488784,
    0.02694654979666796,
    0.06788153570330266,
    0.009587765644431609,
    -0.002457822688823914,
    0.02517121669233054,
    0.03957729269362962
  ],
  "sum weights": 0.9999999995803937
}