{
  "mu_target": [
    -0.5,
    0.6000000238418579,
    0.20000000298023224,
    -0.8999999761581421
  ],
  "mu_model": [
    [
      -0.501222118750683,
      0.600016290775994,
      0.2015372699381354,
      -0.9001484955891458
    ]
  ],
  "diff": [
    [
      0.00122211875068301,
      1.626693413614433e-05,
      0.001537266957903155,
      0.0001485194310036908
    ]
  ],
  "sigma_integral": [
    0.0004120127350260377,
    0.0006679569921635358,
    0.0004950902099602609,
    0.0008637904253718882
  ],
  "within_band": [
    [
      false,
      true,
      false,
      true
    ]
  ],
  "toy_seed": 55,
  "weights": [
    0.012888398599818591,
    -0.013257235300052527,
    0.0031849172495361715,
    0.02299405005573223,
    0.009495587107766478,
    -0.005300621969923397,
    0.015029276146304137,
    0.03593355498882359,
    0.027471865571590266,
    0.0250424673088346,
    0.03250922753354695,
    0.026370122821285535,
    -0.01092432082845133,
    0.017893188738865605,
    0.018161821173418875,
    0.027475577985555777,
    0.01213618860692906,
    0.018012218275322907,
    0.015163311251555458,
    0.033929934721249916,
    0.041185795486988155,
    0.006353875721255901,
    0.0034086914544173377,
    0.0010501645796633556,
    0.014740599823052583,
    0.0026365253659413265,
    0.038677419248526204,
    0.03349009447006845,
    -0.007237986401090285,
    -0.016244440521033937,
    0.02086772107224025,
    0.00745137718901996,
    0.010658583445307717,
    0.007550592101073871,
    0.05724813640711331,
    0.01781151622308548,
    0.011448677915872764,
    0.052248863623133135,
    -0.006411155014469777,
    0.008433015364223249,
    0.041906511835870214,
    0.028648280724832175,
    -0.047739036655448194,
    0.016431143711143476,
    0.024059477808430558,
    0.009381395912524168,
    0.030713949002655193,
    -0.0018407918422152446,
    0.006874925797830336,
    0.016035351580447138,
    0.03653683086353066,
    0.0396642723086798,
    -0.0021729872488654017,
    0.0578467566866274,
    0.0028037774098230678,
    0.04521536070547413,
    -0.002371401932385357,
    0.015019665599138324,
    0.003956359532277112,
    0.049457560582532964
  ],
  "sum weights": 1.0000049999750005
}