{
  "mu_target": [
    -0.5,
    0.6000000238418579,
    0.20000000298023224,
    -0.8999999761581421
  ],
  "mu_model": [
    [
      -0.5012253415287276,
      0.6000361994178566,
      0.20188040715259867,
      -0.8985870961913169
    ]
  ],
  "diff": [
    [
      0.0012253415287275526,
      3.617557599866483e-05,
      0.0018804041723664289,
      0.0014128799668251535
    ]
  ],
  "sigma_integral": [
    0.0004121362179999656,
    0.0006620688629222333,
    0.0004947756347754991,
    0.0008599961385250453
  ],
  "within_band": [
    [
      false,
      true,
      false,
      false
    ]
  ],
  "toy_seed": 20,
  "weights": [
    -0.01244039976213777,
    0.005885914912501474,
    0.001886627943373978,
    0.010738537857115295,
    0.009717254606761596,
    -0.004407930784214868,
    0.030371197345315525,
    0.02338269078027687,
    0.039370796139993704,
    0.014218061324732703,
    0.05342586032247616,
    0.016907829362643553,
    -0.021850596501528142,
    0.05081047382910239,
    0.040204699005960534,
    0.014819519935472213,
    0.025229916094971883,
    0.03324292056226132,
    0.01428094202870123,
    0.01436378797702245,
    0.015477136595889241,
    0.010931524124303822,
    0.005208603223884151,
    -0.005496828998270559,
    0.01783418063088131,
    0.025364224108796646,
    0.011758418635030361,
    0.04990538145482402,
    -0.017049302103035287,
    -0.037006003400806,
    0.04949139976455603,
    0.03324184902797049,
    -0.007248127419364498,
    -0.023520923552935568,
    0.07290732207226397,
    0.027655427862562212,
    0.04923522522607876,
    0.03339006911330981,
    -0.0060793596674646976,
    -0.0035130449169830805,
    0.04111755616351308,
    0.005943081757304096,
    -0.055708332637725205,
    0.03765287797816774,
    0.017431945384498646,
    0.011023142484356969,
    0.04925692504571267,
    -0.00046180669691475577,
    0.0331605851881521,
    0.017751901475211544,
    0.02756361050277865,
    0.0273658789595108,
    0.0110993218895583,
    0.038280620816797825,
    0.01905105936058766,
    0.02479590886737646,
    -0.0005064896055294131,
    0.00047734825163293465,
    0.015555682954091998,
    0.016508907073625005
  ],
  "sum weights": 1.0000049999750003
}