{
  "mu_target": [
    -0.5,
    0.6000000238418579,
    0.20000000298023224,
    -0.8999999761581421
  ],
  "mu_model": [
    [
      -0.5016304084538773,
      0.5993996787233793,
      0.20105596323667854,
      -0.9000249063729039
    ]
  ],
  "diff": [
    [
      0.0016304084538772967,
      0.0006003451184786179,
      0.0010559602564463033,
      2.493021476179802e-05
    ]
  ],
  "sigma_integral": [
    0.0004102471489545006,
    0.0006589187493631247,
    0.000491831990875914,
    0.0008572065591095441
  ],
  "within_band": [
    [
      false,
      true,
      false,
      true
    ]
  ],
  "toy_seed": 102,
  "weights": [
    -0.013282904319536479,
    -0.006126263694231888,
    0.0048366652993807715,
    0.013880075528860874,
    0.01140457628125592,
    -0.01871790091400569,
    0.018451209206351123,
    0.02375329224140151,
    0.026327541079327985,
    0.011585337111020636,
    0.030923503079484462,
    0.02411160977170036,
    -0.0040460065020425495,
    0.034443850394459845,
    0.0435082478173312,
    0.016330503191949862,
    0.005460607253779777,
    0.023078293239666474,
    0.00550404592479262,
    0.04574923724330976,
    0.009941527071131329,
    -0.012713191911404735,
    0.01764615505527757,
    0.026136215836229448,
    0.009051531422702715,
    0.008520936758054572,
    0.016365873853667987,
    0.052065095294347746,
    -0.015802033516134146,
    -0.024236890011138483,
    0.032316487778835216,
    0.017426626949155918,
    -0.0018446454042319975,
    -0.0018012270711725354,
    0.07621730094842494,
    0.018616426786276154,
    0.033497876148304837,
    0.03773630968324726,
    0.00797081198685783,
    0.011217892041568601,
    0.022437760299460027,
    0.02326732439526287,
    -0.035868248638684465,
    0.04112953460026698,
    0.014558610039408056,
    0.0074768355800729725,
    0.022778013465146758,
    0.02402256963666245,
    0.0031737704932684368,
    0.02382642269078606,
    0.033208137467667175,
    0.02250253035163216,
    0.014047741514339247,
    0.0305796728210938,
    0.013914014058799933,
    0.046409310753706176,
    -0.00034187371793089954,
    0.02210141435945927,
    0.01651977156371472,
    0.0387570893066116
  ],
  "sum weights": 1.0000049999750003
}