{
  "mu_target": [
    -0.5,
    0.6000000238418579,
    0.20000000298023224,
    -0.8999999761581421
  ],
  "mu_model": [
    [
      -0.5010830457136114,
      0.5999443181330929,
      0.2011365850001005,
      -0.9004461961594018
    ]
  ],
  "diff": [
    [
      0.001083045713611397,
      5.570570876500813e-05,
      0.0011365820198682708,
      0.00044622000125971173
    ]
  ],
  "sigma_integral": [
    0.00040908378647455966,
    0.0006576391247927344,
    0.0004950644154427612,
    0.0008578759127432084
  ],
  "within_band": [
    [
      false,
      true,
      false,
      true
    ]
  ],
  "toy_seed": 83,
  "weights": [
    0.015967627490833223,
    -0.011194180921461858,
    -0.003280880940619414,
    0.012341539183077377,
    0.008786160970106966,
    -0.007283332508369273,
    0.011695014676260888,
    0.04342570451908895,
    0.016093554912790114,
    0.012761322077290846,
    0.0498892620802743,
    0.004068391357520226,
    0.006589885460364869,
    0.020818344137239878,
    0.03894674884908554,
    0.01601788319550716,
    -0.013634804660031004,
    0.036154560426922194,
    0.01251031907610033,
    0.05431765693716675,
    0.018173148541720474,
    0.023256903394626965,
    0.010908656272502846,
    0.019038079852287365,
    -0.010088727875490002,
    0.034673840428872296,
    -0.005329831432636668,
    0.06365303346854936,
    -0.007691524397454661,
    -0.020475730317244648,
    0.02292217462300423,
    0.026617893763488134,
    -0.014342714031964165,
    0.00760158461154031,
    0.060793033559580816,
    0.0116252613998209,
    0.011809421052099634,
    0.05771465316376901,
    -0.0007823094177716626,
    -0.0008402723088800486,
    0.019329188622437547,
    0.024932758255135436,
    -0.04626989894777031,
    0.0386237874093973,
    0.014970245283021053,
    0.00012125620308922494,
    0.015213707816289088,
    0.023189984712886816,
    0.05573814995618947,
    -0.0001831197755876299,
    0.028092598318806415,
    0.015767169855982144,
    0.005646383298222103,
    0.06052349601945306,
    -0.002213088736307281,
    0.07479763128680882,
    0.00449735510912813,
    -0.010749116246301338,
    0.011559357997153507,
    0.032189802867397935
  ],
  "sum weights": 1.000004999975
}