{
  "mu_target": [
    -0.5,
    0.6000000238418579,
    0.20000000298023224,
    -0.8999999761581421
  ],
  "mu_model": [
    [
      -0.5010437030421206,
      0.5990973696399825,
      0.20102615126871015,
      -0.8982233359554768
    ]
  ],
  "diff": [
    [
      0.0010437030421206472,
      0.000902654201875408,
      0.0010261482884779127,
      0.001776640202665325
    ]
  ],
  "sigma_integral": [
    0.0004089830095870235,
    0.0006683302670020566,
    0.0004937871115455413,
    0.0008458678900100592
  ],
  "within_band": [
    [
      false,
      false,
      false,
      false
    ]
  ],
  "toy_seed": 229,
  "weights": [
    0.00023600403562231017,
    0.012434311251428402,
    -0.0024912030592962554,
    -0.0018097339550661605,
    0.02761816128023778,
    -0.0007534332510710396,
    0.039815448954951725,
    0.015129745109829163,
    0.019995431806757287,
    -0.006166332099763666,
    0.06044178943588908,
    0.028783908108864786,
    -0.03194932495623411,
    0.038861215644968826,
    0.05111453288167021,
    0.029756383573603624,
    0.006833774176902262,
    -0.0031823463147916723,
    0.031171818629219354,
    0.03338644018342481,
    0.004215511709047116,
    0.006695068412841945,
    -0.005580469939902275,
    0.0011900989960550664,
    0.002636412406822836,
    0.040740772021842724,
    0.023713364251274203,
    0.046525751526778014,
    -2.4165913774562395e-05,
    -0.009083137716078713,
    0.028883070494945404,
    0.008882809619215315,
    0.008578137132274417,
    -0.006374789781139695,
    0.05146286130139629,
    0.008935841570743149,
    0.01684191840481434,
    0.06044680559150531,
    -0.008912944134141019,
    0.019113898181023624,
    0.027779226225268298,
    0.02548134167474883,
    -0.026829323024841648,
    0.03284558751768699,
    -0.004167948268720372,
    0.009724773274533726,
    0.004706186819034303,
    0.016593165729748588,
    0.02797667608214436,
    0.000506230962673938,
    0.014728761033942439,
    0.021923024210295062,
    -0.008289181067335234,
    0.03152536336078471,
    0.029530782145884997,
    0.027682906944556405,
    0.03941901865478694,
    0.02389870173292908,
    0.007151967399885285,
    0.049704332994303276
  ],
  "sum weights": 1.0000049999750003
}