{
  "mu_target": [
    -0.5,
    0.6000000238418579,
    0.20000000298023224,
    -0.8999999761581421
  ],
  "mu_model": [
    [
      -0.5007171897007939,
      0.5991851622541879,
      0.20076575475892652,
      -0.9000008734201315
    ]
  ],
  "diff": [
    [
      0.0007171897007939299,
      0.0008148615876699683,
      0.0007657517786942847,
      8.972619893743428e-07
    ]
  ],
  "sigma_integral": [
    0.0004089717566802314,
    0.0006626233473531017,
    0.0004912547558831135,
    0.000853829742150002
  ],
  "within_band": [
    [
      false,
      false,
      false,
      true
    ]
  ],
  "toy_seed": 38,
  "weights": [
    -0.0025843867421153433,
    0.011706218851608177,
    -0.013723018939672874,
    0.01331449205661126,
    0.016014195060456076,
    -0.0037958050144533515,
    0.025029335480255023,
    0.023545466045686986,
    0.030780128449634903,
    0.006648583770473176,
    0.05925704895246734,
    0.018103720284339164,
    -0.01938574191004508,
    0.02809784155985047,
    0.024899198853664317,
    -0.005306893218612236,
    -3.71819136332258e-05,
    0.02043768791798383,
    0.03391829962518608,
    0.030486472819416997,
    0.033911211848043896,
    -0.004341969394819523,
    0.003368584510226496,
    -0.0007884491039401728,
    0.0009784571015898338,
    0.007743172509701908,
    0.025564317797898195,
    0.06718743395229866,
    0.0035696308437134167,
    -0.010512737646530646,
    0.01730662205452066,
    0.03845783103805794,
    -0.005537069247800016,
    -0.01781362313621687,
    0.06669982016254253,
    0.02637177049464589,
    0.01049454854899079,
    0.03988499858680266,
    -0.0006867906318288306,
    -0.016253635269144733,
    0.014396707517853121,
    0.017380481512801006,
    -0.04593901538568763,
    0.013443277929834801,
    0.009216290063392599,
    0.008617503803124493,
    0.006444536287585767,
    0.016568248988026557,
    0.03967582569577407,
    0.007076823735626934,
    0.010961843507322473,
    0.013494673135913187,
    0.029592656196661356,
    0.06873512945576973,
    0.021325398060689966,
    0.07562570059305417,
    0.022815890060438524,
    0.0094790154811753,
    0.036467680905614606,
    0.04161654542217534
  ],
  "sum weights": 1.0000049999750003
}