{
  "mu_target": [
    -0.5,
    0.6000000238418579,
    0.20000000298023224,
    -0.8999999761581421
  ],
  "mu_model": [
    [
      -0.5019027487176863,
      0.6005481983539629,
      0.2014355601552469,
      -0.8993088814827779
    ]
  ],
  "diff": [
    [
      0.0019027487176862534,
      0.0005481745121049819,
      0.0014355571750146734,
      0.0006910946753642122
    ]
  ],
  "sigma_integral": [
    0.0004106821276273113,
    0.000663943544845188,
    0.0004950365856339192,
    0.0008605577842742424
  ],
  "within_band": [
    [
      false,
      true,
      false,
      true
    ]
  ],
  "toy_seed": 25,
  "weights": [
    -0.0026488480223431175,
    -0.0012689831234787203,
    -0.007363862030992295,
    0.012894705993725284,
    0.016841524445525054,
    0.0017644653712887662,
    0.048988669018237535,
    0.04589706268129584,
    0.03418761658120482,
    0.008337481672965217,
    0.03635690360237757,
    0.03764860385412037,
    -0.025494570094170298,
    0.03745818644301652,
    0.010742658810167345,
    0.03358960719373729,
    -0.013830916288708334,
    0.03603461865830497,
    0.020933186540956897,
    0.03602473800558778,
    0.0026929633072141916,
    0.01108197426324574,
    0.004402340004420561,
    -0.012005028955089172,
    0.007001456772270559,
    0.03657590109421438,
    0.008720950953304718,
    0.06482190167891012,
    0.0020130699231811168,
    0.007016738874493995,
    0.016541383674439254,
    -0.0018304616841161218,
    0.001956027702433575,
    0.006251451151594531,
    0.03365679728638554,
    0.01845560659428905,
    -0.00030468684624297487,
    0.054357556868203816,
    -0.0036760464643464654,
    -0.0030166568506407123,
    0.03620575399903802,
    0.029715737462658896,
    -0.05990516114530049,
    0.045789243679720634,
    0.012152779197056754,
    0.009264884682616065,
    0.027548915156150475,
    0.019582916877703357,
    0.03695413630771366,
    -0.0037910828469128878,
    0.021493247363696517,
    0.017633834222956595,
    0.0009438207630207828,
    0.022374571495578616,
    0.019835438477831736,
    0.06117672755980105,
    0.020562091455935776,
    0.02039149601158935,
    0.015197693308713109,
    0.02507186728444793
  ],
  "sum weights": 1.0000049999750003
}