{
  "mu_target": [
    -0.5,
    0.6000000238418579,
    0.20000000298023224,
    -0.8999999761581421
  ],
  "mu_model": [
    [
      -0.5010822662759786,
      0.5996135911575985,
      0.20085375237686506,
      -0.8982074596926649
    ]
  ],
  "diff": [
    [
      0.0010822662759786272,
      0.000386432684259419,
      0.0008537493966328247,
      0.0017925164654771786
    ]
  ],
  "sigma_integral": [
    0.0004123091517559179,
    0.0006632089912941906,
    0.0004941614187810871,
    0.0008635140287153903
  ],
  "within_band": [
    [
      false,
      true,
      false,
      false
    ]
  ],
  "toy_seed": 133,
  "weights": [
    0.0014971696547800744,
    0.025138539374319452,
    0.0027046063412497472,
    -0.009907000805889628,
    -0.0008446610394360007,
    -0.00529699071812688,
    0.04175326504037364,
    0.029817683363067077,
    0.05424958815037161,
    -0.014000656654803437,
    0.05371868333843674,
    0.01644944956176463,
    -0.013245493826133487,
    0.02280807898428002,
    0.03686987933002275,
    0.019429791639795614,
    -0.013272314099509713,
    0.032586950708858496,
    0.014329671611473697,
    0.032027061039890795,
    0.027123835287715215,
    0.011271565613794051,
    -0.015470113345712062,
    -0.0010024924942909057,
    0.020745871428985062,
    0.05147618992262267,
    0.028664468116979494,
    0.06095199623489177,
    -0.0030530380880022484,
    -0.006997827660381736,
    0.01746814329318358,
    0.04198955351427369,
    -0.006517180065937388,
    0.008761014105045203,
    0.058893114355221036,
    0.02277605327924198,
    0.017712822797728935,
    0.02801556678045627,
    0.007676343129123352,
    -0.00742153738046225,
    0.009516684785224647,
    0.0172428334314632,
    -0.02673148505848029,
    0.028857997071026726,
    -7.556315556699681e-06,
    -0.0021315303750982753,
    0.03221128987134758,
    -0.008353098517030933,
    0.025783264353694737,
    -0.0024376278192836144,
    0.00978754077919428,
    0.02639480950171158,
    0.014818060531839507,
    0.041620176364882085,
    0.017690049972684987,
    0.04387531664030735,
    0.035549407415598054,
    0.0037136439576240968,
    0.008433472413372833,
    0.03429410115121318
  ],
  "sum weights": 1.0000049999749958
}