{
  "mu_target": [
    -0.5,
    0.6000000238418579,
    0.20000000298023224,
    -0.8999999761581421
  ],
  "mu_model": [
    [
      -0.5012248504807698,
      0.5987035420499285,
      0.20169074498681713,
      -0.8990094996642507
    ]
  ],
  "diff": [
    [
      0.0012248504807698124,
      0.001296481791929427,
      0.0016907420065848944,
      0.0009904764938913901
    ]
  ],
  "sigma_integral": [
    0.0004125804598277068,
    0.0006667035268242119,
    0.0004917501374837592,
    0.0008610629279568047
  ],
  "within_band": [
    [
      false,
      false,
      false,
      false
    ]
  ],
  "toy_seed": 230,
  "weights": [
    -0.01940207129038046,
    -0.012064668063304567,
    -0.002312076417687395,
    0.010965095650321716,
    0.009700269593425188,
    -0.022535979937885517,
    0.023335165875030747,
    0.040694104402565226,
    0.045270600576756505,
    0.0051073179788634565,
    0.03285868891265974,
    0.02637431992812792,
    -0.019477736676582584,
    0.020947280068358682,
    0.05689193517835712,
    0.02739648345096857,
    0.007083365547330851,
    0.022575749482853968,
    0.0076039489793301406,
    0.037736572316782666,
    0.012757660182575127,
    0.005674717381488336,
    0.026108469729124947,
    0.007042367525681582,
    0.017314288984545796,
    0.020303334993553815,
    0.007875537812212171,
    0.052359936907432146,
    -0.028600670763152557,
    -0.03142919040152953,
    0.013850282653607281,
    0.03737168038285955,
    0.012499740779507306,
    -0.0020780325959569327,
    0.05492381460388722,
    0.050390769700221334,
    0.023575075448871365,
    0.05823990811886742,
    -0.0037439924108441575,
    -0.0071204439282194585,
    0.036263951109436456,
    -0.0014495306017220893,
    -0.05087794803165831,
    0.032427977243206806,
    0.010181675518375876,
    -0.00023919084676837316,
    0.02734963876089212,
    0.013589292882391623,
    0.04577779563120083,
    0.014152973415355074,
    0.01915168676279052,
    0.013980979239170351,
    0.017811537867068294,
    0.059315145855628235,
    0.06192380861714563,
    0.06704689611267135,
    -0.015639933422132907,
    0.00730972381000485,
    -0.0047155008300608595,
    0.02058040022137858
  ],
  "sum weights": 1.000004999974999
}