{
  "mu_target": [
    -0.5,
    0.6000000238418579,
    0.20000000298023224,
    -0.8999999761581421
  ],
  "mu_model": [
    [
      -0.5015094114553732,
      0.5987633533867698,
      0.20048492436060716,
      -0.8984654889153063
    ]
  ],
  "diff": [
    [
      0.0015094114553731997,
      0.0012366704550881291,
      0.00048492138037492527,
      0.0015344872428357803
    ]
  ],
  "sigma_integral": [
    0.0004105997605084975,
    0.0006602216154431972,
    0.000495933588065735,
    0.0008622620976484049
  ],
  "within_band": [
    [
      false,
      false,
      true,
      false
    ]
  ],
  "toy_seed": 136,
  "weights": [
    0.006973509071131163,
    0.03586364903925122,
    -0.007546572366675673,
    -0.012058729440523098,
    -0.0033129659517750413,
    -0.01593648114415542,
    0.01679781889667861,
    0.044570427550340165,
    0.03423637085084041,
    0.006198585353065876,
    0.03839297710579701,
    0.03953082582390893,
    -0.015053052636826176,
    0.058990662520247025,
    0.024267746123620065,
    0.015084475946989204,
    -0.01685837451908182,
    0.024979537621248958,
    0.035349986115843994,
    0.005976339771582609,
    0.0034784293421084565,
    0.0028412455095156914,
    -0.0031199285033708755,
    -0.002779233567646743,
    0.007853933148821376,
    0.03020301162285628,
    0.00873668294350532,
    0.07882747981225675,
    -0.02301727802308568,
    -0.011563678564509445,
    0.03684479083400169,
    0.019705842648550107,
    -0.012692665956361735,
    -0.003829178335439619,
    0.07627929809026439,
    0.029466684769860918,
    0.01949910012380716,
    0.05450722853425347,
    -0.0022430733517669376,
    -0.0010387857502997702,
    0.008267176917024091,
    -0.005382372923794789,
    -0.03720080625293218,
    0.015326761739102265,
    0.024967124204158257,
    0.015188515480972045,
    0.025279300778207583,
    0.016768095589419416,
    0.0351832523030814,
    0.012043396654801607,
    0.014106327596758164,
    0.0536683108870416,
    0.019893468971084693,
    0.05335858593736535,
    0.017081187815546402,
    0.06278251916142714,
    0.02256698566079937,
    -0.011416761261397347,
    0.01331228475932214,
    0.019805004898177454
  ],
  "sum weights": 1.0000049999749936
}