{
  "mu_target": [
    -0.5,
    0.6000000238418579,
    0.20000000298023224,
    -0.8999999761581421
  ],
  "mu_model": [
    [
      -0.5014780781348271,
      0.5999208173291154,
      0.20143632101499168,
      -0.9005075636132971
    ]
  ],
  "diff": [
    [
      0.0014780781348271432,
      7.920651274251345e-05,
      0.0014363180347594373,
      0.0005075874551550008
    ]
  ],
  "sigma_integral": [
    0.00040931191094860196,
    0.000659812051524918,
    0.000489697708049984,
    0.0008559855068564432
  ],
  "within_band": [
    [
      false,
      true,
      false,
      true
    ]
  ],
  "toy_seed": 112,
  "weights": [
    0.011736370534443019,
    0.002009472553478248,
    0.0008492788533602009,
    -0.013717806101618215,
    0.011698361978312942,
    0.008481539964325022,
    0.030131730598257623,
    0.05861338803101916,
    0.0504894833955284,
    0.01224827505732032,
    0.04830731284613597,
    -0.0011688492915206095,
    -0.006810559744191481,
    0.013820880471321939,
    0.03448624871260463,
    0.0159139359320038,
    -0.025805567010825294,
    0.013426031717463932,
    0.023912387762841242,
    0.029963683730242868,
    0.011363977926121902,
    0.007176311058970954,
    0.007557028229066165,
    0.009029408663354038,
    0.003943025185985683,
    0.030336215477801277,
    0.032616900180029135,
    0.041853310011040895,
    -0.015449483018739312,
    0.016673451189830782,
    0.024649121853570245,
    0.013810913004273536,
    -0.014598189386899205,
    -0.01795883382985704,
    0.06316239510882234,
    0.03216149562574979,
    0.0280498370601927,
    0.06517614135204032,
    -0.0015326740115803514,
    -0.023322887881948893,
    0.051565105127176845,
    0.017394808563167167,
    -0.04580293465997807,
    0.034903687194806195,
    0.013610071214358822,
    0.015716659733017894,
    0.020237038431366327,
    0.01067597641751034,
    0.028481207787692763,
    0.006555178101414465,
    0.027634415568509776,
    0.020714566138298057,
    0.013597613579861067,
    0.03907394820004667,
    0.01698794302256352,
    0.05103355596629412,
    0.0253618545179379,
    -0.012058984398809728,
    0.008380093515514438,
    0.022660132165922848
  ],
  "sum weights": 1.0000049999750003
}