{
  "mu_target": [
    -0.5,
    0.6000000238418579,
    0.20000000298023224,
    -0.8999999761581421
  ],
  "mu_model": [
    [
      -0.5015418997789799,
      0.5997793206611947,
      0.20129183147656576,
      -0.8983318794389444
    ]
  ],
  "diff": [
    [
      0.0015418997789798938,
      0.0002207031806632509,
      0.0012918284963335247,
      0.0016680967191976537
    ]
  ],
  "sigma_integral": [
    0.0004111446261235979,
    0.0006628574265497183,
    0.000493365520042603,
    0.0008605790466517768
  ],
  "within_band": [
    [
      false,
      true,
      false,
      false
    ]
  ],
  "toy_seed": 36,
  "weights": [
    -0.005116092092522168,
    -0.009568539618095532,
    -0.0010116437814763051,
    -0.0057107086720864135,
    0.021477035107556667,
    0.0009207468055562307,
    0.03153290210104459,
    0.026816931402758017,
    0.030795702784587778,
    -0.016500307174766353,
    0.03131548062242275,
    0.0605026312395777,
    -0.03370656639480834,
    0.03446955239312038,
    0.040821033295385764,
    0.039400465156180724,
    0.004059214616262305,
    0.014805627124067496,
    -0.0060525050888803915,
    0.054533507154750194,
    0.010405615972475407,
    0.03342589881209555,
    -0.01059691486559764,
    -0.005950658230704703,
    -0.001445226975107718,
    0.03434845758245847,
    0.00915811873555991,
    0.039927229478418154,
    -0.001754062354021271,
    -0.004056757833579426,
    0.012404996651899477,
    0.025410728239767547,
    -0.014927577858898753,
    -0.01993886643926818,
    0.07845440730212144,
    0.018471231278527803,
    0.02170950844917296,
    0.0512043643997232,
    -0.012146667999398331,
    -0.008911080900651557,
    0.029569484470205555,
    0.023463344576632877,
    -0.05797860949410762,
    0.030000242731633035,
    0.016935479746948735,
    0.017513298131191502,
    0.023411425420888827,
    0.015414095053897995,
    0.007160972185524472,
    0.012314655563039742,
    0.04444646855043172,
    0.025093611128476873,
    0.040142996680279,
    0.03495108784695024,
    0.03563434762000955,
    0.03073603925068184,
    0.016019081872837848,
    0.006113523717021141,
    0.03908004176841339,
    0.041006202703415276
  ],
  "sum weights": 1.0000049999499994
}