{
  "mu_target": [
    -0.5,
    0.6000000238418579,
    0.20000000298023224,
    -0.8999999761581421
  ],
  "mu_model": [
    [
      -0.5018377223425711,
      0.6004827504161055,
      0.20187759577562536,
      -0.8986325622529497
    ]
  ],
  "diff": [
    [
      0.0018377223425710687,
      0.0004827265742476383,
      0.0018775927953931237,
      0.0013674139051923495
    ]
  ],
  "sigma_integral": [
    0.0004089555480105243,
    0.0006674404959562121,
    0.0004955989323889566,
    0.0008611783950739748
  ],
  "within_band": [
    [
      false,
      true,
      false,
      false
    ]
  ],
  "toy_seed": 177,
  "weights": [
    0.007751873967457904,
    -0.0015415196184745648,
    0.02606540836768772,
    0.0393419778264618,
    0.0017490066382077811,
    -0.022373672258048264,
    0.035244741484864645,
    0.02471665223732034,
    0.013058206569126322,
    0.024689102468943326,
    0.05370092068467371,
    0.028553548827241683,
    -0.01746567251222185,
    0.0006949347876933626,
    0.04170637672462626,
    0.018639283889524867,
    -0.0261618668054064,
    0.012765446952949344,
    0.021539782758017892,
    0.02064056158469619,
    0.005247384949379484,
    0.03566706311235641,
    0.02702116162523937,
    0.003140819191042588,
    -0.00410154334651637,
    0.01709512966859722,
    0.04586771756529208,
    0.06382233094873212,
    -0.02377063951884533,
    -0.012555118336405628,
    0.0099416969855064,
    0.009758716574061329,
    0.0046927308592755075,
    0.0022484312037718084,
    0.09036910118083172,
    0.03213217728676859,
    0.015677183522632004,
    0.020841665709124636,
    0.0077461278788842425,
    -0.021461559000923305,
    0.03910952251211859,
    0.01699107871544491,
    -0.049558446601288886,
    0.03204785137670887,
    0.018752505538076062,
    0.0171358607821855,
    0.031900899351592106,
    -0.012918190677257442,
    0.01228965827252131,
    -0.0033030002602462243,
    0.030281488384479915,
    0.016643930594758622,
    0.027107793770510157,
    0.06985940939530902,
    0.01505159188434038,
    0.03709605626054894,
    0.010411507903871178,
    0.0012984772814613134,
    0.0031517926243127535,
    0.053959540231404764
  ],
  "sum weights": 1.0000049999749987
}