{
  "mu_target": [
    -0.5,
    0.6000000238418579,
    0.20000000298023224,
    -0.8999999761581421
  ],
  "mu_model": [
    [
      -0.501732707437933,
      0.5997766162198838,
      0.20188604223982667,
      -0.8998150585542456
    ]
  ],
  "diff": [
    [
      0.0017327074379329677,
      0.00022340762197414765,
      0.0018860392595944353,
      0.00018491760389649503
    ]
  ],
  "sigma_integral": [
    0.00040956016250805216,
    0.0006630011151111104,
    0.0004955675213758466,
    0.0008611485789846892
  ],
  "within_band": [
    [
      false,
      true,
      false,
      true
    ]
  ],
  "toy_seed": 8,
  "weights": [
    -0.0012553086309956972,
    0.01837184417362205,
    -0.004058184733059658,
    0.030378855134011114,
    0.011453404580495992,
    -0.005268777839314626,
    0.02468281121910828,
    0.03982639441479795,
    0.04952467290288799,
    0.030172417642345576,
    0.062101417805885316,
    0.02091127538813743,
    -0.012039097651012607,
    0.01069364260880564,
    0.04408179333520497,
    0.026614129562445688,
    0.00891785022959738,
    0.017099358526128483,
    0.028051964983734554,
    0.02109712861568851,
    0.009604620263267201,
    0.003586307811422834,
    0.0050230045544129845,
    0.011977562515099502,
    0.007740337850488169,
    0.03433013086369168,
    0.022942265180275728,
    0.05300216841439586,
    -0.016590842543934465,
    -0.00951968088513539,
    0.009327737249207699,
    0.0028390532463170026,
    0.006498274229846762,
    0.01993332697947736,
    0.042603329008982324,
    0.018504089354332363,
    0.021820726842951083,
    0.04573799223306681,
    -0.015644558016607614,
    0.010864297163384993,
    0.03014344065339263,
    0.014267379299006816,
    -0.03860970600135805,
    0.05481630382795679,
    -0.0009211399692473661,
    0.005268674735266853,
    0.032848306808830934,
    0.011019230276127202,
    0.01001148922474597,
    0.007836402195174612,
    0.019224773955196693,
    0.001415466143078996,
    0.03324147446816217,
    0.019087625487654535,
    0.02310014622513353,
    0.04933159509387709,
    0.01782100611575344,
    -0.012278956014565466,
    0.0034227279445470187,
    0.013021024922808608
  ],
  "sum weights": 1.0000049999750003
}