{
  "mu_target": [
    -0.5,
    0.6000000238418579,
    0.20000000298023224,
    -0.8999999761581421
  ],
  "mu_model": [
    [
      -0.5011695834980422,
      0.5998888317602157,
      0.2023374090024415,
      -0.8994256462900398
    ]
  ],
  "diff": [
    [
      0.0011695834980421926,
      0.00011119208164223071,
      0.0023374060222092485,
      0.0005743298681022413
    ]
  ],
  "sigma_integral": [
    0.00041031836244714896,
    0.0006629693950645553,
    0.0004892131064924521,
    0.0008481748132625095
  ],
  "within_band": [
    [
      false,
      true,
      false,
      true
    ]
  ],
  "toy_seed": 146,
  "weights": [
    0.010661362417431278,
    0.01980375777650595,
    0.01675026664726127,
    0.024521718439810224,
    0.00747446042048128,
    -0.012959929518961863,
    0.02130398430802743,
    0.03242259370792875,
    0.05045020318133773,
    0.032076435419037874,
    0.03578255329011469,
    0.015128336150199297,
    0.00066177157213583,
    -0.003046149985200146,
    0.04409845823893924,
    0.03148905809583648,
    -0.022143864471036598,
    0.030757381614322135,
    0.00417533372585935,
    0.05494820383567845,
    0.021485035636981165,
    -0.013445738219483706,
    -0.012870133570474973,
    0.02953162491042819,
    0.00819219316841236,
    0.05083118908274859,
    0.006973390649078267,
    0.054223117056255495,
    -0.022643786795484108,
    0.00677459939868362,
    0.030693919785919118,
    0.006278979691273237,
    -0.017628992335416895,
    -0.0018472971981613859,
    0.05948942650850028,
    0.05162806963443323,
    0.021733222259445115,
    0.059785140826301354,
    0.0034574055088467327,
    -0.005309165121978507,
    0.032974727847527203,
    0.011797522909599137,
    -0.05035326344294119,
    0.027014061796838535,
    0.006168757113597889,
    0.008704648411842143,
    0.0400381335023748,
    0.012649120231617399,
    0.009758596779473395,
    -0.00670514806920502,
    0.0019066837777360337,
    0.0029117425139064766,
    0.006040257742493357,
    0.04657210518976252,
    0.010225179871687924,
    0.044285754314222554,
    0.013822889156009141,
    9.312146857162703e-05,
    0.0022268510214008778,
    0.04818512209646957
  ],
  "sum weights": 1.0000049999750003
}