{
  "mu_target": [
    -0.5,
    0.6000000238418579,
    0.20000000298023224,
    -0.8999999761581421
  ],
  "mu_model": [
    [
      -0.5014405817557828,
      0.6003719839590105,
      0.20081112158186848,
      -0.900013439746889
    ]
  ],
  "diff": [
    [
      0.001440581755782766,
      0.00037196011715256994,
      0.0008111186016362404,
      1.346358874687592e-05
    ]
  ],
  "sigma_integral": [
    0.00041110599111303045,
    0.0006609384814325003,
    0.0004921874271665896,
    0.0008563127283525799
  ],
  "within_band": [
    [
      false,
      true,
      false,
      true
    ]
  ],
  "toy_seed": 48,
  "weights": [
    -0.0014193795990394926,
    0.007981876127970829,
    -0.00839992820191974,
    -0.002082995450971103,
    0.0007799643260650302,
    0.001907841203891597,
    -0.003934190626205596,
    0.03804430070023283,
    0.04033334195844888,
    0.0074640423660611716,
    0.06111620380316196,
    0.020327236753716144,
    -0.020645430845443263,
    0.023664078245529793,
    0.017385323965680894,
    0.04162462677027032,
    -0.024109167791529065,
    0.022719294840755636,
    0.036419682430421846,
    0.012031411036981366,
    0.00900923675168104,
    0.01740666742995999,
    -0.00781583762898523,
    -0.00517798431555088,
    0.034119879900714516,
    0.033712709858904885,
    0.046868362380786836,
    0.050355734956896804,
    -0.0010140570450490054,
    -0.013419876401493221,
    0.020637470420349822,
    0.011009938455740711,
    -0.0013061901309687398,
    -0.013962996948357748,
    0.06587522901233589,
    0.036376840204833505,
    0.02666668462303475,
    0.0254990030087339,
    0.003777829061443762,
    0.015422214242127441,
    0.025559767878720302,
    0.015987513142964028,
    -0.026487316282486344,
    0.049152110265170454,
    0.020168130654276535,
    0.019742680052839835,
    0.013050107272575504,
    0.021763898132653347,
    0.021644620255348447,
    0.005168131106779402,
    0.02491285988083652,
    0.03134419723803895,
    0.005572261261545923,
    0.03636922514269544,
    0.006979300129327829,
    0.040687917156666975,
    0.003571362588014418,
    -0.001035074057303106,
    0.024550502406883588,
    0.036053815898227815
  ],
  "sum weights": 1.000004999974995
}