{
  "mu_target": [
    -0.5,
    0.6000000238418579,
    0.20000000298023224,
    -0.8999999761581421
  ],
  "mu_model": [
    [
      -0.501584259899073,
      0.5997384378457151,
      0.2009966309005574,
      -0.8980485015718586
    ]
  ],
  "diff": [
    [
      0.0015842598990729595,
      0.000261585996142788,
      0.0009966279203251494,
      0.0019514745862835303
    ]
  ],
  "sigma_integral": [
    0.0004104489881840519,
    0.0006651948838962713,
    0.0004919628387487691,
    0.0008602253512276597
  ],
  "within_band": [
    [
      false,
      true,
      false,
      false
    ]
  ],
  "toy_seed": 108,
  "weights": [
    0.001427702655637174,
    0.008035233607992822,
    -0.003189020817246815,
    -0.011362261533079258,
    0.021950416433348784,
    -0.011935234834167134,
    0.021378343514607132,
    0.02450332167825245,
    0.03488702225622146,
    -0.003806530706346192,
    0.05194854334214939,
    0.02668324411143099,
    -0.008000926497935108,
    0.02872365445921833,
    0.02780728358860396,
    0.04026147739884146,
    0.00015951630066848063,
    0.039908703114867904,
    0.0006609212817169748,
    0.02211863381643761,
    0.009788883694072818,
    0.00040279056286571496,
    0.014446071473276787,
    0.0013540398023223648,
    -0.009284012226573348,
    0.043853377495428746,
    0.019270839502873987,
    0.06384431847527312,
    0.000891131360508231,
    0.012954962345342907,
    0.0031615919465845747,
    0.005874424051264671,
    -0.017311359128410947,
    -0.01261044700393301,
    0.045171409277650655,
    0.02718916324187948,
    0.029630690172801368,
    0.06475153243246003,
    -0.017127541652987095,
    0.018392516754071376,
    0.05188340763372339,
    0.03569026493588917,
    -0.05898673126703005,
    0.031957797802073626,
    0.0013284586459319074,
    0.00923391107549239,
    0.031284067035093066,
    0.017394709687166426,
    0.01936774375998634,
    0.015290965754659203,
    0.02818809262768063,
    0.019807383138466795,
    0.017974569280333173,
    0.027366493783155442,
    0.05138142155998466,
    0.04223776430424674,
    -0.0015789356435799474,
    0.009380993675551756,
    -0.004669330029501619,
    0.038667526467682255
  ],
  "sum weights": 1.000004999974998
}