{
  "mu_target": [
    -0.5,
    0.6000000238418579,
    0.20000000298023224,
    -0.8999999761581421
  ],
  "mu_model": [
    [
      -0.5010032156378996,
      0.599554683657664,
      0.20083293533423233,
      -0.8989692672488315
    ]
  ],
  "diff": [
    [
      0.0010032156378996238,
      0.00044534018419395416,
      0.0008329323540000877,
      0.0010307089093105626
    ]
  ],
  "sigma_integral": [
    0.00040861704671003217,
    0.0006600721527933757,
    0.0004927598829567982,
    0.0008491250556174086
  ],
  "within_band": [
    [
      false,
      true,
      false,
      false
    ]
  ],
  "toy_seed": 210,
  "weights": [
    0.00846445857977,
    0.00595874800934778,
    0.003071312523152981,
    0.014977001030740927,
    0.01152184953902441,
    -0.02473368495925619,
    0.03528552253581212,
    0.011026981781201674,
    0.032561724958336404,
    0.021282029541809376,
    0.06037094953555959,
    0.022199977782659766,
    -0.017680991702501165,
    0.027244726593753658,
    0.04712496255681898,
    0.015166212546419571,
    -0.01198383733544889,
    0.023097484965352164,
    0.01688262278210832,
    0.025583649515298956,
    0.020367272830221238,
    -0.009739041294478883,
    -0.0033991077234082224,
    0.010189728697623135,
    0.0067415926048032485,
    0.04558861225818099,
    0.016366189012519947,
    0.04736023944615524,
    -0.03355574614795887,
    -0.007015618241875179,
    0.012250988525637694,
    0.022979442400724664,
    -0.0031539710433637277,
    0.003913016527655142,
    0.0723421556924322,
    0.029944995596991396,
    0.028708891996398356,
    0.0412059253692053,
    0.012680145728849465,
    -0.010765395174341587,
    0.012918816445137421,
    0.02521239712874116,
    -0.03980489465656389,
    0.043586419657067256,
    0.001325218648356163,
    0.0124934446444971,
    0.006884140125863095,
    0.008088094640559153,
    0.024388049182878246,
    0.012686476482749958,
    0.03402344814912445,
    0.006381659101508867,
    0.01216058484429973,
    0.05372115918563809,
    0.036677792206112884,
    0.042752696428848824,
    0.018518722203315068,
    0.008293497882999983,
    0.018765323693672606,
    0.030499936113261364
  ],
  "sum weights": 1.0000049999499996
}