{
  "mu_target": [
    -0.5,
    0.6000000238418579,
    0.20000000298023224,
    -0.8999999761581421
  ],
  "mu_model": [
    [
      -0.5012090505272923,
      0.5998022979982044,
      0.20186076449312787,
      -0.8993262869613917
    ]
  ],
  "diff": [
    [
      0.0012090505272922547,
      0.00019772584365351786,
      0.0018607615128956312,
      0.0006736891967503711
    ]
  ],
  "sigma_integral": [
    0.00040758177539679247,
    0.0006611493441753253,
    0.0004933675838183957,
    0.000855924487213106
  ],
  "within_band": [
    [
      false,
      true,
      false,
      true
    ]
  ],
  "toy_seed": 81,
  "weights": [
    0.0202302164042349,
    0.021300470029389628,
    -0.004950356201364293,
    -0.005862411890507938,
    0.011693878477221706,
    -0.013604855368323558,
    0.013764816639709755,
    0.03156010896875616,
    0.02620293547729424,
    0.015946631542502518,
    0.047665128053811116,
    0.033139953123612544,
    0.005851236087395372,
    0.02952805223945937,
    0.03910936658093501,
    0.023237012338373983,
    0.005675573697265925,
    0.010682551852828352,
    0.01274713734721159,
    0.01089603598727709,
    0.01048975872538037,
    0.0014845235563558739,
    -0.012388821783044058,
    0.004946484409813294,
    0.008943047519314108,
    0.030794388389103755,
    0.013216489800994598,
    0.02473828410753477,
    -0.0012223520695830055,
    0.0012725556231713818,
    0.035514732134725106,
    0.005161460879642269,
    -0.00822673411937832,
    -0.004719104840856265,
    0.05825511670017313,
    0.037642982376643375,
    0.0019950739316559815,
    0.0636033565559595,
    0.002759201696160582,
    0.007395877977761906,
    0.04494278323136131,
    0.03135356650144681,
    -0.045735007214425145,
    0.056768954257204705,
    0.01421732838052609,
    0.0068828990808025145,
    0.03493753588907607,
    0.013319321681377535,
    0.002781053006623187,
    0.00011133073975335217,
    -0.00683909575809947,
    0.051669188292217845,
    0.014273265716891428,
    0.02972217584295636,
    0.02112466381325091,
    0.06720282713619777,
    0.015348621681874113,
    0.021618943753327437,
    -0.01644013067904325,
    0.026269971635454203
  ],
  "sum weights": 0.9999999999473856
}