{
  "mu_target": [
    -0.5,
    0.6000000238418579,
    0.20000000298023224,
    -0.8999999761581421
  ],
  "mu_model": [
    [
      -0.5016196637846779,
      0.5986703744689968,
      0.20084910758209362,
      -0.898635336979278
    ]
  ],
  "diff": [
    [
      0.0016196637846779272,
      0.0013296493728610637,
      0.0008491046018613835,
      0.001364639178864091
    ]
  ],
  "sigma_integral": [
    0.0004115589952685059,
    0.0006647159782292687,
    0.000495798095741271,
    0.0008514361403076131
  ],
  "within_band": [
    [
      false,
      false,
      false,
      false
    ]
  ],
  "toy_seed": 132,
  "weights": [
    -0.00445384978894365,
    0.025523033927530126,
    -0.00041040371119786334,
    0.013955683952646836,
    0.02748064412192973,
    -0.015230634933297736,
    0.028761277817253256,
    0.03824441547436486,
    0.028269875305430955,
    -0.000661941463701205,
    0.01968743515716574,
    0.006800544391002235,
    -0.010144401499826898,
    0.045232771265383005,
    0.03571685800944952,
    0.014217503755902547,
    -0.0013795505914222209,
    0.03099887040519608,
    -0.00822644688384314,
    0.02744565571991991,
    0.006013367952257015,
    -0.0046289363214059515,
    -0.008466798795041298,
    0.014764035334351633,
    0.002509599083376713,
    0.01807669827366971,
    0.030601707139772217,
    0.07531038161028389,
    -0.024419128146962076,
    -0.0026792041769558733,
    0.038938466225083596,
    0.0042120695161517,
    -0.0009547102431176788,
    0.018687013545890408,
    0.06306158452014812,
    0.04456023126193173,
    0.03877707381508134,
    0.06464625168208438,
    -0.026231278021984623,
    0.008826681957584922,
    0.038611063226194106,
    0.0011439086019183354,
    -0.04610773732863802,
    0.04482472949225013,
    -2.1421771010854625e-05,
    0.008282134421944278,
    0.009835403561186498,
    0.02275186311039747,
    0.021623201148745982,
    0.002845144372867514,
    0.01517023682493544,
    0.013652181841527633,
    0.032772758373071156,
    0.049204982682630925,
    0.007901325893057136,
    0.04957419536026364,
    0.018630550329575113,
    -0.00025801901656609833,
    0.015698658177314077,
    0.03043739403019369
  ],
  "sum weights": 1.000004999975
}