{
  "mu_target": [
    -0.5,
    0.6000000238418579,
    0.20000000298023224,
    -0.8999999761581421
  ],
  "mu_model": [
    [
      -0.5018904901528614,
      0.5998707694370926,
      0.20137009221538893,
      -0.8988604699825828
    ]
  ],
  "diff": [
    [
      0.0018904901528613571,
      0.00012925440476529992,
      0.0013700892351566907,
      0.0011395061755592462
    ]
  ],
  "sigma_integral": [
    0.0004092971421674028,
    0.0006648445507140397,
    0.0004926222210686952,
    0.0008608757719806913
  ],
  "within_band": [
    [
      false,
      true,
      false,
      false
    ]
  ],
  "toy_seed": 86,
  "weights": [
    -0.00762339380817588,
    0.031758654125552045,
    0.004106490055100538,
    5.6544693129889726e-05,
    0.0200260799146022,
    -0.002841942376716194,
    0.011123004983698446,
    0.03853202538980952,
    0.045287870707178,
    0.009465812252563714,
    0.032635851243224656,
    0.017452962846901614,
    -0.013473330839107565,
    0.03880830701102777,
    0.02711530032015868,
    0.015578126517513481,
    0.0018581050417303948,
    0.03208062409515,
    -0.009956902748308533,
    0.02288345063563498,
    0.001326705320443969,
    0.01473317875710177,
    -0.007547079698140097,
    0.007923720102364048,
    0.0005974535854355692,
    0.0510228140047307,
    0.030670413430138085,
    0.03692368494069844,
    -0.024725233824727636,
    0.011267737637463904,
    0.021439720466379868,
    0.018379921230267805,
    -0.007628958298234766,
    -0.018220753071790417,
    0.0616487160298148,
    0.04592693020108181,
    0.014314564241779374,
    0.04565162853490193,
    0.011962811556747863,
    -0.01855471986142939,
    0.027705402923221253,
    0.012531589261867123,
    -0.03889850124427721,
    -0.0031802941049123693,
    0.033531462210820685,
    0.02447174614582561,
    0.02338496446182451,
    0.01233904994728015,
    0.02966070175724482,
    -0.006461864694171455,
    0.03709987953389995,
    0.04775035141653924,
    0.017831242265178043,
    0.02352828532741709,
    0.02089218373274949,
    0.06185079443090526,
    0.018809729266034608,
    0.0022935616827110612,
    0.018051848140652575,
    0.02482597216849428
  ],
  "sum weights": 1.0000049999750003
}