{
  "mu_target": [
    -0.5,
    0.6000000238418579,
    0.20000000298023224,
    -0.8999999761581421
  ],
  "mu_model": [
    [
      -0.5023131636618212,
      0.599070461705245,
      0.20048354153882156,
      -0.8991380952225925
    ]
  ],
  "diff": [
    [
      0.002313163661821216,
      0.0009295621366128826,
      0.00048353855858931927,
      0.0008618809355496193
    ]
  ],
  "sigma_integral": [
    0.0004111389720697107,
    0.000660022675223946,
    0.0004954974645558292,
    0.0008516137937871591
  ],
  "within_band": [
    [
      false,
      false,
      true,
      false
    ]
  ],
  "toy_seed": 107,
  "weights": [
    0.0038581213211927126,
    0.013660440431763858,
    0.02068177979970439,
    0.0011194330275542627,
    0.010546562855503854,
    -0.0013360580008769964,
    0.02490368803123701,
    0.04369442428126747,
    0.014373635112259565,
    0.005002111870667109,
    0.06157619517575543,
    0.015905940957430423,
    -0.0035195045836537006,
    0.03314770850273949,
    0.04045261927596468,
    0.019404897858245864,
    0.011129937691056737,
    0.03854976255509375,
    0.022578912807024034,
    0.015155285980589774,
    0.006128330973590229,
    -0.015518107749008745,
    0.012761187472173228,
    0.006548098188642724,
    -0.014876634223996918,
    0.05335815508755637,
    -0.005786964165419364,
    0.06974208402362268,
    0.0016973320855723643,
    -0.03500252295823197,
    0.0020090078004842415,
    0.027534634886070657,
    -0.003906783153631143,
    0.011652891632921198,
    0.07371641187070371,
    0.0432911937754257,
    0.020783591300040566,
    0.023526064880122634,
    0.003911280116126637,
    0.006846562311176294,
    0.022058737653514543,
    0.028178845704280423,
    -0.03458590453003296,
    0.02911806860814436,
    -0.012396212492179854,
    0.00033600054633343415,
    0.027431065629058626,
    -0.001227700614046016,
    0.047594777855474515,
    0.014277171557935562,
    0.020929580419666204,
    0.00793625938234859,
    -0.006055280524119958,
    0.04188059486752907,
    0.025673765943597725,
    0.03280937639614935,
    0.02362149828156032,
    -0.003702871893419536,
    0.009953532508690105,
    0.04687198557005493
  ],
  "sum weights": 1.0000049999750003
}