{
  "mu_target": [
    -0.5,
    0.6000000238418579,
    0.20000000298023224,
    -0.8999999761581421
  ],
  "mu_model": [
    [
      -0.5019624543083958,
      0.6003073659054617,
      0.2013291032625702,
      -0.8989105372719686
    ]
  ],
  "diff": [
    [
      0.0019624543083958113,
      0.00030734206360383265,
      0.0013291002823379583,
      0.0010894388861735216
    ]
  ],
  "sigma_integral": [
    0.00041284859142084356,
    0.000663902422810037,
    0.0004945973269333482,
    0.000860892917008481
  ],
  "within_band": [
    [
      false,
      true,
      false,
      false
    ]
  ],
  "toy_seed": 52,
  "weights": [
    -0.001658589041585047,
    -0.0017846349470403288,
    -0.0035021285331943734,
    0.033129822886535126,
    0.016546875626113337,
    -0.013414107289376793,
    -0.007458706043366477,
    0.029484544232851358,
    0.03929337376877618,
    0.014638013216873589,
    0.061173617650988235,
    0.0258900833760774,
    0.0179485324136674,
    0.04564827060751084,
    0.062215758537009544,
    0.02468098724090606,
    -0.004082699806027745,
    0.018677657229657897,
    0.00800118176975275,
    0.03527985250041278,
    0.007792643681776593,
    0.010258491706833737,
    0.013717379051429925,
    0.0025417754819380403,
    0.00028149315720945353,
    0.04997297759258316,
    0.024507946076395663,
    0.07772706135931289,
    -0.01938858353962375,
    -0.020787027438108625,
    0.01860937256744034,
    0.006157811587452678,
    -0.008887438388588725,
    0.01842160047727965,
    0.050480899882437605,
    0.015218558023231602,
    0.023969288128214233,
    0.01960538503801859,
    0.004089935432444543,
    0.01522675688757247,
    0.018027275694034672,
    0.017838719696545623,
    -0.04179262695210607,
    0.023150404294905846,
    0.009980830815710804,
    0.013822626413582163,
    0.02468560544726996,
    0.023884077567229246,
    0.015503671948104704,
    -0.023383660522751523,
    0.02634436741680536,
    0.02834440087061029,
    0.02174806896423213,
    0.030423761973363536,
    0.010506886711369071,
    0.03648831672767594,
    -0.02041569411520786,
    0.01580038047218438,
    0.01735756294228042,
    0.04146098974460152
  ],
  "sum weights": 0.999999998272232
}