{
  "mu_target": [
    -0.5,
    0.6000000238418579,
    0.20000000298023224,
    -0.8999999761581421
  ],
  "mu_model": [
    [
      -0.5011190769166042,
      0.5995344333758674,
      0.20045022123974557,
      -0.8990434782362647
    ]
  ],
  "diff": [
    [
      0.001119076916604178,
      0.00046559046599048415,
      0.0004502182595133297,
      0.0009564979218773528
    ]
  ],
  "sigma_integral": [
    0.0004096754440431101,
    0.0006632045506702073,
    0.0004950150946956083,
    0.0008531753220859427
  ],
  "within_band": [
    [
      false,
      true,
      true,
      false
    ]
  ],
  "toy_seed": 43,
  "weights": [
    -0.010767068676680413,
    0.017378920371236548,
    -0.012027361572201484,
    0.006526928478311217,
    0.012403733441596088,
    0.0019326943060125946,
    0.04659950187199203,
    0.03591981546569647,
    0.025148870695271896,
    0.00898969167060355,
    0.05825719650062806,
    0.006319371578742183,
    -0.020019813187609835,
    0.043374950648135686,
    0.024235551926741095,
    0.020141982705370116,
    -0.015434184664971788,
    -0.008541954313424797,
    0.012750368693698453,
    0.032566087296195985,
    0.02678799541895417,
    0.01892047414752532,
    0.013676338927146417,
    0.022051427325765944,
    -0.0037810767018569193,
    0.03238648352627503,
    0.016006610249518143,
    0.055631837823185946,
    -0.003963378165473551,
    -0.014182904056905343,
    0.009840883664280054,
    0.03515637121347797,
    -0.006401128917670628,
    0.01588547215670051,
    0.06414980130529441,
    0.014852384382124773,
    0.0338086537561191,
    0.050985119776656485,
    0.0034127681343023328,
    -0.009918785712737882,
    0.007362441487154626,
    0.024218684177128354,
    -0.06318781213639106,
    0.04726744660949842,
    0.005866123817832015,
    -0.0020998116329108986,
    -0.00016953903453334425,
    0.0011827212087090076,
    0.03671751001568646,
    -0.011843279373007094,
    0.04060588455407543,
    0.019306052168522048,
    0.01920273007381551,
    0.038059514174823714,
    0.03650146786972369,
    0.05162224277414596,
    0.02520001729827324,
    0.0036632334460347843,
    0.023825403271118706,
    0.03564333771727454
  ],
  "sum weights": 1.0000049999750003
}