{
  "mu_target": [
    -0.5,
    0.6000000238418579,
    0.20000000298023224,
    -0.8999999761581421
  ],
  "mu_model": [
    [
      -0.5018197412894347,
      0.5994320937468329,
      0.2014038144453459,
      -0.8989078623469228
    ]
  ],
  "diff": [
    [
      0.0018197412894347398,
      0.0005679300950249822,
      0.0014038114651136746,
      0.0010921138112193196
    ]
  ],
  "sigma_integral": [
    0.00041134563686798676,
    0.0006669637317040987,
    0.0004961798275571673,
    0.0008604558210063875
  ],
  "within_band": [
    [
      false,
      true,
      false,
      false
    ]
  ],
  "toy_seed": 17,
  "weights": [
    0.024676963257281637,
    -0.009788787019634426,
    -0.005542566374356133,
    0.009896417743140318,
    0.017744261274333022,
    -0.020677753359570505,
    0.035044635813061345,
    0.027713439242387162,
    0.03747318066115345,
    0.008723141216935864,
    0.06268728981525241,
    0.004215517056833564,
    0.00900270817993293,
    0.03951583837247017,
    0.04798171184173413,
    0.007264468768170616,
    0.00888540087519368,
    0.009223664535161255,
    0.023641454355294116,
    0.02141302608684141,
    -0.004149449442958503,
    0.012325290485956503,
    -0.006983434037689724,
    0.009337398493081654,
    0.006074557552064532,
    0.03729316644523127,
    0.011378823166868723,
    0.0376165275444466,
    -0.014300609053194524,
    -0.021010110349988332,
    0.04094061273744786,
    0.0031767803059204007,
    -0.003834011281133668,
    0.0004500785609351298,
    0.05677497257230667,
    0.031477457796152394,
    0.0532993437963512,
    0.03415660445566246,
    0.002283343505374608,
    -0.010306364604266684,
    0.04349328360528907,
    0.024449380722362773,
    -0.03987360622119097,
    0.039906342171381996,
    0.002320724913108188,
    -0.0003627108100822101,
    0.014290330831189066,
    0.025821168173684038,
    0.04245357699106211,
    -0.008038819735465596,
    0.0017404568817695797,
    0.02193929015602614,
    0.006918352303102441,
    0.053479555628728394,
    0.023533426269080893,
    0.060508303665337805,
    -0.0025682704100749017,
    0.0064333549879342575,
    0.020176066572919434,
    0.028289802288653194
  ],
  "sum weights": 1.0000049999750003
}