{
  "mu_target": [
    -0.5,
    0.6000000238418579,
    0.20000000298023224,
    -0.8999999761581421
  ],
  "mu_model": [
    [
      -0.5016372114335342,
      0.5996228457100775,
      0.2013684495809875,
      -0.8995480720199561
    ]
  ],
  "diff": [
    [
      0.0016372114335342358,
      0.00037717813178039794,
      0.0013684466007552742,
      0.00045190413818596564
    ]
  ],
  "sigma_integral": [
    0.00040783271415941325,
    0.0006566389172385992,
    0.0004914467658878006,
    0.0008567774966912151
  ],
  "within_band": [
    [
      false,
      true,
      false,
      true
    ]
  ],
  "toy_seed": 196,
  "weights": [
    0.010216758717369493,
    0.0006259774865147823,
    0.011662289984750957,
    -0.003803439939160724,
    0.0203765825729451,
    -0.01207703752749064,
    0.02663932277051478,
    0.004185436661549783,
    0.03765596243168046,
    0.011951063239234958,
    0.0406593292652247,
    0.024429190017306375,
    -0.013069545004366108,
    0.03054705841910004,
    0.05652646085737695,
    0.0150827884497825,
    0.016575544731653683,
    0.011475383759186364,
    0.011469405694730319,
    0.0401833524324824,
    0.021802258775943103,
    -0.0021003655160262568,
    8.422214949790325e-05,
    0.027226286321545428,
    8.083444619971066e-07,
    0.02666435282826896,
    0.04297616313945337,
    0.03929033217526505,
    -0.0333017085304968,
    -0.01961119135634064,
    0.03875035385308241,
    0.021016806952754295,
    0.0006568911230823766,
    -0.013273050875785534,
    0.05748024496789993,
    0.03633587288695507,
    0.0182767696181967,
    0.0415838884406982,
    -0.006213162998161378,
    -0.005222181413671234,
    0.013500398340453556,
    0.026556684090980744,
    -0.026522922316268797,
    0.028222280768220365,
    0.018378903419877215,
    0.01445904988697582,
    0.0043766527255348535,
    0.024520850040227263,
    0.038069250682860066,
    0.007210247329614036,
    0.010772117228672922,
    0.015092230950889312,
    0.0335258061237836,
    0.05443562135025107,
    0.005214551387508814,
    0.047551610958356846,
    -0.006942055440110601,
    8.234909177368889e-05,
    0.019226764341907846,
    0.03853913310648263
  ],
  "sum weights": 1.0000049999750005
}