{
  "mu_target": [
    -0.5,
    0.6000000238418579,
    0.20000000298023224,
    -0.8999999761581421
  ],
  "mu_model": [
    [
      -0.5010220786758836,
      0.6000908466214246,
      0.20129859649068213,
      -0.8984802963864335
    ]
  ],
  "diff": [
    [
      0.0010220786758835532,
      9.08227795667349e-05,
      0.0012985935104498914,
      0.0015196797717086374
    ]
  ],
  "sigma_integral": [
    0.0004107474323808163,
    0.0006616205909040325,
    0.0004950695002058204,
    0.0008578249124327522
  ],
  "within_band": [
    [
      false,
      true,
      false,
      false
    ]
  ],
  "toy_seed": 274,
  "weights": [
    -0.008904353141244924,
    0.01566810963171708,
    -0.019398900212401107,
    0.015858383756701695,
    0.017810449056960935,
    -0.004652897518191134,
    0.023572890574930897,
    0.028387280550081013,
    0.005591251240448821,
    0.005437783927411762,
    0.04880471722065727,
    0.0196357832469963,
    -0.020924566997943143,
    0.022807006295936825,
    0.010746296371154146,
    0.02345530336080822,
    0.014063093105794068,
    0.03482374655976808,
    0.02294542689604932,
    0.03521005371843263,
    0.04244168002165651,
    0.017520955818056832,
    0.009730177946759086,
    0.009081877454448271,
    -0.012224538808339356,
    0.050788167799015654,
    0.007353012480183614,
    0.0517080305988012,
    -0.021814253157232576,
    -0.014135853319651845,
    0.00610153642860929,
    0.019188523446225684,
    0.015606838399003429,
    -0.000542298561386138,
    0.05775066091578287,
    0.023698282786284497,
    0.03142441401201085,
    0.03321165744395452,
    -0.0017603816449000696,
    0.0015892517383320115,
    0.019007675150807715,
    0.029977135580187917,
    -0.030666749926069124,
    0.014791617924791526,
    0.006175756008624681,
    0.02346645961973417,
    0.026808214365991435,
    0.010448589660021485,
    0.031471759870764955,
    -0.007022201940828658,
    0.025598780776252987,
    0.02011939353391722,
    0.026362049318911347,
    0.03634355220104737,
    0.03157298514938462,
    0.031112410636070148,
    0.018229129603945488,
    0.008311264974840228,
    0.0023613759931812085,
    0.057881202031737154
  ],
  "sum weights": 1.000004999974997
}