{
  "mu_target": [
    -0.5,
    0.6000000238418579,
    0.20000000298023224,
    -0.8999999761581421
  ],
  "mu_model": [
    [
      -0.5020680780381295,
      0.600359408265844,
      0.2011564594332942,
      -0.8992025537161473
    ]
  ],
  "diff": [
    [
      0.0020680780381294728,
      0.0003593844239860866,
      0.0011564564530619492,
      0.0007974224419947662
    ]
  ],
  "sigma_integral": [
    0.0004095609207262748,
    0.0006596715275309031,
    0.0004933029543102085,
    0.0008552698739486772
  ],
  "within_band": [
    [
      false,
      true,
      false,
      true
    ]
  ],
  "toy_seed": 70,
  "weights": [
    -0.01810344441001613,
    0.024780470279061603,
    0.01003580537159742,
    0.013811268956136161,
    0.0015869391369311466,
    0.004332592106882275,
    0.013354248746047404,
    0.030891144548202725,
    0.02543618761006999,
    0.013223111013906975,
    0.03363734316560277,
    0.03554922010441152,
    -0.006722193877261041,
    0.027038910057610367,
    0.04890141272611408,
    0.02372162373231379,
    0.007576008146461349,
    0.011099387913874966,
    0.011526537721808833,
    0.027470797137891995,
    0.0018696276124988485,
    -0.00044097481785913644,
    -0.007183477196642746,
    -1.879219882447739e-05,
    0.005987661033498368,
    0.021668264705139894,
    0.028045323078403683,
    0.07019279783985444,
    -0.005578027446427434,
    0.010605288437893667,
    0.01346658977598179,
    0.016303158805732382,
    -0.012244723784232924,
    0.025132399697002223,
    0.03972904346319993,
    0.03908372195942693,
    0.023628730813983347,
    0.016231404746947828,
    -0.018643756417991104,
    0.00023000264949192802,
    0.000430629265382442,
    0.03166420417810308,
    -0.031518725876426616,
    0.026900868985512118,
    0.019775641006054247,
    0.014303409017022204,
    0.05451922871500404,
    0.01696251719393575,
    0.046312785656915705,
    -0.004376894510532711,
    0.023013841523868254,
    0.014068920111861264,
    0.008922842113003093,
    0.02093443155646786,
    0.023984257015573773,
    0.0378833551989671,
    0.018762218718628442,
    0.013799675045784169,
    0.011075221239451703,
    0.04537494087569869
  ],
  "sum weights": 1.0000049999750003
}