{
  "mu_target": [
    -0.5,
    0.6000000238418579,
    0.20000000298023224,
    -0.8999999761581421
  ],
  "mu_model": [
    [
      -0.5018784215251649,
      0.5999990635230116,
      0.20094517228565092,
      -0.8990820121872142
    ]
  ],
  "diff": [
    [
      0.0018784215251649306,
      9.603188463325196e-07,
      0.000945169305418686,
      0.0009179639709279153
    ]
  ],
  "sigma_integral": [
    0.0004095611746688718,
    0.0006601310077713734,
    0.0004946658796639154,
    0.0008540981546650123
  ],
  "within_band": [
    [
      false,
      true,
      false,
      false
    ]
  ],
  "toy_seed": 44,
  "weights": [
    0.013037405158004771,
    0.00625123152308245,
    -0.01047236732316233,
    0.001496879849402199,
    0.007258219581917728,
    -0.008878557670198748,
    0.023423323944784257,
    0.03499025116538984,
    0.031015150116429697,
    0.015147687720421167,
    0.026932851121788996,
    0.029333853823065956,
    -0.008753810348385467,
    0.04220140507109614,
    0.0378593802348631,
    0.023750152242468917,
    -0.01610806983776143,
    0.006613352458959928,
    0.0012363303734809108,
    0.025580319428450324,
    0.01281917587589415,
    0.008892935009723275,
    0.02594786916405829,
    0.013871986522596955,
    -9.67910315475716e-05,
    0.020047616164222813,
    0.02450627528697353,
    0.06697394210414921,
    -0.004505963230639158,
    0.012346901960095354,
    0.034351512959216644,
    0.014469392915661756,
    -0.0061315662607817276,
    -0.0075828186797215,
    0.06118774169780294,
    0.030936352142596702,
    0.017459335750039575,
    0.04298823507717216,
    0.013818491382771364,
    -0.010289571221783632,
    0.008253404281558128,
    0.013959186612933723,
    -0.05562131248518341,
    0.037563318543731496,
    0.01873424737459212,
    0.03507338752335352,
    0.06337804669436047,
    -0.01406076335794359,
    0.019293008680959747,
    0.0003667138120799752,
    0.029513581725145923,
    0.02665415135113093,
    0.0114912018024086,
    0.031919764648690764,
    0.01865117179201471,
    0.051050109544915484,
    0.01556951216274291,
    -0.0008788530540878147,
    0.003970922648046839,
    0.03119815742595042
  ],
  "sum weights": 1.0000049999500005
}