{
  "mu_target": [
    -0.5,
    0.6000000238418579,
    0.20000000298023224,
    -0.8999999761581421
  ],
  "mu_model": [
    [
      -0.5012887300469782,
      0.5994955046630482,
      0.20160280838845845,
      -0.8991195299996785
    ]
  ],
  "diff": [
    [
      0.0012887300469781593,
      0.0005045191788096703,
      0.0016028054082262155,
      0.0008804461584636103
    ]
  ],
  "sigma_integral": [
    0.00041366847222548567,
    0.0006652635743975794,
    0.0004943017799125187,
    0.0008588987957119879
  ],
  "within_band": [
    [
      false,
      true,
      false,
      false
    ]
  ],
  "toy_seed": 164,
  "weights": [
    -0.0022640604770599064,
    0.011317419711343684,
    -0.007524800104317771,
    -0.003358852547036808,
    0.006957119883776225,
    -0.007387645569415738,
    0.008900899012566878,
    0.006789132701400586,
    0.05027930771730198,
    -0.00022163865572284415,
    0.05903219359414978,
    0.01502913648011066,
    -0.01647672135009626,
    0.024282679999947293,
    0.014649148663203406,
    0.016636101645315444,
    -0.007308608840605206,
    0.018013109207779095,
    0.009058814948017474,
    0.035158915797600374,
    0.011234862258112408,
    0.009089816408360738,
    0.004470736786350519,
    -0.0039502281836475426,
    0.018701361355210243,
    0.023752070841797722,
    0.021233420365092695,
    0.05431919262649973,
    -0.013033180211192505,
    -0.00223857725795802,
    0.008762151716829836,
    0.029849914891399872,
    -0.01482590285274248,
    0.014304106718195372,
    0.05238684839170457,
    0.03810867923119795,
    0.04469332918878089,
    0.03177720981078152,
    0.009293329407956108,
    0.005385492232795771,
    0.04569522515431822,
    0.026525551134793122,
    -0.03682389065439753,
    0.024224539181613353,
    0.00711517647587864,
    0.009513725452845378,
    0.029974111371103455,
    0.025499146541888274,
    0.018870190096818482,
    0.0025529501391775246,
    0.023985773727006655,
    0.021836874625869217,
    0.0362762683925654,
    0.04209235746666813,
    0.0164096039510803,
    0.04667091045049936,
    0.0021198261068057144,
    0.02653815686235055,
    0.029714105444516508,
    0.02633811250981584
  ],
  "sum weights": 1.0000049999750003
}