{
  "mu_target": [
    -0.5,
    0.6000000238418579,
    0.20000000298023224,
    -0.8999999761581421
  ],
  "mu_model": [
    [
      -0.5013172934550506,
      0.6003843391715076,
      0.20190276817626215,
      -0.8977350325556434
    ]
  ],
  "diff": [
    [
      0.0013172934550506055,
      0.00038431532964966486,
      0.0019027651960299152,
      0.002264943602498737
    ]
  ],
  "sigma_integral": [
    0.00040838374884426715,
    0.0006619259049161848,
    0.0004892955563697748,
    0.0008568184965305521
  ],
  "within_band": [
    [
      false,
      true,
      false,
      false
    ]
  ],
  "toy_seed": 255,
  "weights": [
    -0.012464606441173443,
    0.01691722805371013,
    0.01802130574688756,
    0.006004862529556736,
    0.0033766705301941347,
    0.017680258021116235,
    0.02975572429357913,
    0.033154596467604824,
    0.04969839143389067,
    0.008119244159095032,
    0.04248229942939969,
    0.012488749100069103,
    -0.012056928731689308,
    0.027206092753959535,
    0.04415040846008593,
    0.007309032619430761,
    0.018690431965272668,
    0.022970301184166562,
    0.00809579964257507,
    0.008626079771998687,
    0.028044399639971282,
    0.0022584038188153345,
    0.025538652127201276,
    0.0026282817177821927,
    0.003989108723415602,
    0.029442834321300883,
    0.016178089983002318,
    0.044270710262985895,
    -0.029703459925885817,
    0.006745444967976279,
    0.008669917946363495,
    0.017384267257123543,
    -0.017095058015286102,
    0.004889344326945765,
    0.03956206946415841,
    0.013648024003054466,
    0.022608551166045533,
    0.0469013821985854,
    0.015636971592393408,
    -0.014820031094996937,
    0.03430315800754799,
    0.028485885913505104,
    -0.050079826713005954,
    0.038307906087259036,
    0.019169577189972208,
    0.02847531873987541,
    0.020877874120889334,
    0.009195852953256948,
    0.023302160566039707,
    -0.007602515032264039,
    0.02449206891308693,
    0.04076687219771876,
    0.0075333867837742395,
    0.052190709027438456,
    0.039166522258703367,
    0.040298929490866935,
    0.021094263691755485,
    -0.008586348832230032,
    -0.001461914969516249,
    0.023071274109644442
  ],
  "sum weights": 1.0000049999750003
}