{
  "mu_target": [
    -0.5,
    0.6000000238418579,
    0.20000000298023224,
    -0.8999999761581421
  ],
  "mu_model": [
    [
      -0.500580631110233,
      0.5984759751997027,
      0.20101582225040568,
      -0.9004590828059907
    ]
  ],
  "diff": [
    [
      0.0005806311102329875,
      0.0015240486421551624,
      0.0010158192701734403,
      0.0004591066478486505
    ]
  ],
  "sigma_integral": [
    0.0004108665605396377,
    0.0006627306601915515,
    0.0004930051451707566,
    0.0008598230680916243
  ],
  "within_band": [
    [
      false,
      false,
      false,
      true
    ]
  ],
  "toy_seed": 116,
  "weights": [
    -0.0006412441377487131,
    -0.009238367166063015,
    0.0061958301688609906,
    0.025490901301801164,
    0.009450576594869798,
    0.008527834666813712,
    0.019335360085807808,
    0.04293584276918004,
    0.03572274579975635,
    0.01224033680899066,
    0.03191903836842625,
    0.0002444851660684624,
    -0.004756415678253484,
    0.015768039922345677,
    0.03561576564969129,
    0.038713368015759794,
    -0.0032374311727829427,
    0.035501726568315496,
    0.006223034594577113,
    0.043430838519120475,
    0.028697030833520133,
    -0.003457473486274841,
    -0.0020418858972801614,
    0.0036537551914302678,
    0.004210590859510671,
    0.042084075085303214,
    0.02278255561794682,
    0.05868922207666563,
    -0.018992498792803302,
    -0.0016186346329488783,
    0.036041786227005455,
    0.03034581415393841,
    0.008277233958963482,
    0.0051179695533334285,
    0.06370830180430649,
    0.023747326479722764,
    0.020391807615194345,
    0.06574340278864192,
    0.005445986500008589,
    0.007988178799015635,
    -0.001642562782960088,
    0.0207784549053404,
    -0.06237878436934733,
    0.030794352662605464,
    -0.013977231930148003,
    0.0008026197315983592,
    0.018152483128879265,
    0.012127525033312304,
    0.021615967044582875,
    -0.006010125908485346,
    0.02259617432727658,
    0.010915906645512655,
    0.019160302417105004,
    0.02392310609811483,
    0.022798412779793602,
    0.035694963249334764,
    0.0024700063613248,
    0.01574514950851991,
    0.023563503215691183,
    0.05261796627621203
  ],
  "sum weights": 1.0000049999750003
}