{
  "mu_target": [
    -0.5,
    0.6000000238418579,
    0.20000000298023224,
    -0.8999999761581421
  ],
  "mu_model": [
    [
      -0.5014254603317739,
      0.6012325295594718,
      0.20095949887662323,
      -0.899495742142697
    ]
  ],
  "diff": [
    [
      0.0014254603317739312,
      0.0012325057176139076,
      0.0009594958963909939,
      0.000504234015445082
    ]
  ],
  "sigma_integral": [
    0.0004113541159474246,
    0.0006666109546344856,
    0.0004912799532117355,
    0.0008556332491518236
  ],
  "within_band": [
    [
      false,
      false,
      false,
      true
    ]
  ],
  "toy_seed": 211,
  "weights": [
    0.008433925208809798,
    0.003873227702461545,
    0.003453649435143426,
    -0.013832638750133795,
    0.027999200523354143,
    -0.008548766651213107,
    0.0396887249553002,
    0.042060606708379036,
    0.045542993842206156,
    0.011054676208152606,
    0.03530831774068344,
    0.02341646682756411,
    -0.0026424369566476064,
    0.03587700608249208,
    0.04404579136583052,
    0.021748087205722532,
    -0.01722220992089783,
    0.006695414788242195,
    -0.0002983382310202453,
    0.03816628706544555,
    0.010316847726077483,
    0.003106596842268848,
    -0.014328100251404265,
    0.006386650405616473,
    -0.014039869206851166,
    0.05254413628032566,
    0.011948599474670226,
    0.06442040303065517,
    -0.017305830640476156,
    -0.026171384814434623,
    0.0009775821357707474,
    0.0205662331520568,
    -0.008535600357877173,
    -0.011627544452513364,
    0.04427346725011925,
    0.031248653513969014,
    0.025549959213886708,
    0.05869589708108864,
    -0.010858926219768352,
    -0.004131947821187389,
    0.03458883548674179,
    0.025120020660020333,
    -0.04320960035744769,
    0.02461506023753609,
    0.02557769641319447,
    0.018398897057058494,
    0.02259511299912459,
    0.04941591274791835,
    0.04169046012013396,
    -0.0017448284669137088,
    0.02495210650337509,
    0.01572639454653447,
    0.008538550658468546,
    0.05047127343065489,
    0.02071975220140755,
    0.0403245845973218,
    0.0017777120192175963,
    0.017861220819252243,
    0.0038125549527142895,
    0.050917475856819785
  ],
  "sum weights": 1.0000049999750003
}