{
  "mu_target": [
    -0.5,
    0.6000000238418579,
    0.20000000298023224,
    -0.8999999761581421
  ],
  "mu_model": [
    [
      -0.5016646248645688,
      0.5993461142889042,
      0.20110552694101907,
      -0.8984932101470793
    ]
  ],
  "diff": [
    [
      0.0016646248645687534,
      0.0006539095529537464,
      0.0011055239607868361,
      0.00150676601106281
    ]
  ],
  "sigma_integral": [
    0.0004112944138070287,
    0.0006665450578785899,
    0.0004926054157845535,
    0.0008564680903726079
  ],
  "within_band": [
    [
      false,
      true,
      false,
      false
    ]
  ],
  "toy_seed": 224,
  "weights": [
    0.006193905962551452,
    0.03149543204946072,
    0.013020035143100274,
    0.007857876773809936,
    0.0191747597126668,
    -0.011913118651804326,
    0.010636717204332454,
    0.020525373513883317,
    0.014213288998021533,
    0.008936170184918506,
    0.01655677417798285,
    0.01720535559949337,
    -1.959944426213907e-05,
    0.027144408854684155,
    0.04290926645728584,
    0.013692799054417486,
    -0.02359531145504868,
    0.039311131983796814,
    -0.002951741132499359,
    0.04062530777241765,
    0.0092273576442246,
    0.01647719050230354,
    0.00906544726499993,
    0.038977519873000806,
    0.008920136444456267,
    0.017918733641043696,
    0.03025678375928401,
    0.0475690850417007,
    -0.022274950365523613,
    -0.014773370028708877,
    0.02672699222504375,
    0.03009389694261344,
    -0.00415598106725966,
    -0.001581263647952346,
    0.04827434761081247,
    0.02473097597016268,
    0.028045569709350595,
    0.005976291719508584,
    -0.0026014795359534976,
    0.01063048102751437,
    0.015087987380565184,
    0.021919006912149985,
    -0.046305529251568604,
    0.04478437329997345,
    0.002621117953976485,
    0.00759681030657965,
    0.04574562800668419,
    0.03945190265425385,
    0.009062004188085443,
    0.005585405081310246,
    0.03959699475369551,
    0.0312261730861531,
    -7.080131540419152e-05,
    0.061958483947515575,
    0.020135830754746366,
    0.05164271317390683,
    0.016692518105866805,
    0.005481575089991064,
    0.012930343365696002,
    0.016339864990993387
  ],
  "sum weights": 1.0000049999750003
}