{
  "mu_target": [
    -0.5,
    0.6000000238418579,
    0.20000000298023224,
    -0.8999999761581421
  ],
  "mu_model": [
    [
      -0.5021546709611144,
      0.5994334098080557,
      0.2014387549043768,
      -0.8978668603325443
    ]
  ],
  "diff": [
    [
      0.0021546709611144355,
      0.0005666140338022041,
      0.0014387519241445546,
      0.002133115825597831
    ]
  ],
  "sigma_integral": [
    0.00041232746207499273,
    0.0006650464905542279,
    0.0004941317666782841,
    0.0008611076014956722
  ],
  "within_band": [
    [
      false,
      true,
      false,
      false
    ]
  ],
  "toy_seed": 172,
  "weights": [
    0.027535746257139292,
    -0.016109344733152176,
    0.00708060775380343,
    0.02466119947143742,
    0.023121546690098034,
    -0.028877010401771378,
    0.022586523447099285,
    0.047470326796955335,
    0.05920133932587629,
    -0.011439848927879033,
    0.04258207451197351,
    0.025663310441239373,
    -0.01826578378387255,
    0.023476165115813272,
    0.02735739224563166,
    0.01176659823174655,
    0.007378837128781856,
    0.00927515358985834,
    0.029852288400558584,
    0.04386031236941029,
    0.022338131904682798,
    0.008056220756846791,
    0.020159494404878932,
    0.013737928084149795,
    0.014721540597255505,
    0.035226659316350745,
    0.030276632040544104,
    0.04831300654286855,
    -0.01709984433513795,
    -0.02628628511152002,
    0.022578386485469046,
    0.02130987208373903,
    -0.008060729771065655,
    0.00019148620005160274,
    0.06833996052857368,
    0.016219634076262705,
    0.040173960597045755,
    0.055125020456509306,
    -0.013712695085724395,
    -0.0002771865910587253,
    0.02181247406999238,
    0.019480014968083582,
    -0.04140702465955279,
    0.024043011409719282,
    0.019363701234013986,
    0.00376519689860218,
    0.001638578363379572,
    0.00545531935388629,
    0.021644254572062243,
    0.018052284708094026,
    0.02096406273699544,
    0.016731758786102856,
    0.01172302491197426,
    0.05430950810963315,
    0.00578966005891278,
    0.02651477216784711,
    0.005659949713300491,
    0.005885900987277738,
    0.019042098730383213,
    0.03002782574282338
  ],
  "sum weights": 1.0000049999750003
}