{
  "mu_target": [
    -0.5,
    0.6000000238418579,
    0.20000000298023224,
    -0.8999999761581421
  ],
  "mu_model": [
    [
      -0.5016109050177172,
      0.5994249691052768,
      0.20141813039934908,
      -0.8990889068320171
    ]
  ],
  "diff": [
    [
      0.0016109050177172124,
      0.0005750547365811487,
      0.0014181274191168436,
      0.000911069326124947
    ]
  ],
  "sigma_integral": [
    0.00041235112384417204,
    0.0006630757455038734,
    0.0004974993641985595,
    0.0008568277598120219
  ],
  "within_band": [
    [
      false,
      true,
      false,
      false
    ]
  ],
  "toy_seed": 288,
  "weights": [
    0.0026794421151573712,
    0.011100268797792853,
    -0.010059237686524891,
    0.02354093492080385,
    0.0208741806156372,
    -0.01825871964066381,
    0.050504578882765085,
    0.013577270818912949,
    0.04696578808202256,
    -0.007645658458512201,
    0.0362632418859692,
    0.0006120013738535571,
    -0.018547662487816977,
    0.0045780647691348614,
    0.041727090401866854,
    0.04729598084582744,
    -0.01339357215697491,
    0.010610716333766533,
    0.00943466437634441,
    0.021409992547467647,
    0.022384484825411218,
    0.001292176688371653,
    0.020678279139410834,
    0.014122205513633997,
    0.0021609452802982708,
    0.03657266982060384,
    0.019536580704445826,
    0.061517233498691905,
    -0.011835051703547478,
    0.007004027123588822,
    0.015585425684239682,
    0.008389164398896112,
    -0.017208042175732293,
    -0.01891400371078205,
    0.044288678615964,
    0.04375327417855952,
    0.052130317448877896,
    0.046986550990493495,
    -0.0057435657365276175,
    -0.006057967327084525,
    0.045880253468652744,
    0.0039037490357294482,
    -0.04651300242016463,
    0.02217658550787453,
    0.0172229891853151,
    0.012397098850633148,
    0.04064888618398737,
    0.018372952084793077,
    0.03206164985773019,
    0.014450297939113066,
    0.029046561018596328,
    0.016257159604945802,
    0.003987473780627012,
    0.04778762527547638,
    0.02655448830072761,
    0.05460132058457652,
    0.0008831532480945149,
    0.011626750481896465,
    2.1364317974016116e-05,
    0.03872489407377899
  ],
  "sum weights": 1.0000049999750003
}