{
  "mu_target": [
    -0.5,
    0.6000000238418579,
    0.20000000298023224,
    -0.8999999761581421
  ],
  "mu_model": [
    [
      -0.5027280649771365,
      0.5985199893942644,
      0.201659356150894,
      -0.9000501844239657
    ]
  ],
  "diff": [
    [
      0.002728064977136513,
      0.0014800344475934812,
      0.0016593531706617648,
      5.02082658235814e-05
    ]
  ],
  "sigma_integral": [
    0.000409706747663279,
    0.0006582154328981503,
    0.0004910342947916471,
    0.0008438063914945527
  ],
  "within_band": [
    [
      false,
      false,
      false,
      true
    ]
  ],
  "toy_seed": 156,
  "weights": [
    -0.0018235811101195256,
    0.011740644450618936,
    0.003865347524233404,
    0.004656774034097668,
    0.0064908699273079715,
    -0.015459235721510737,
    0.02642209549700194,
    0.06578109566063092,
    0.027286435343932196,
    -0.012030683505852898,
    0.03534187461028881,
    0.027149415734301914,
    -0.011750121507399642,
    0.01889763253386358,
    0.020194450026663962,
    0.028149369039021543,
    0.0023961085327555125,
    0.02287940403956189,
    0.006765332621375056,
    -0.003600987334068925,
    0.014844666767180516,
    0.01362579336228851,
    0.025006685469156905,
    0.006988460579076017,
    0.007828493763072179,
    0.04130031296085976,
    0.024504546242449694,
    0.06112896666161497,
    -0.008273203126933748,
    -0.01949558132615794,
    0.0219561027826589,
    -0.010118778927506384,
    -0.0023916734082819564,
    0.020459180842123583,
    0.0744223964491179,
    0.03336219317754917,
    0.009755993702427279,
    0.040794668144924835,
    0.0026430681725153476,
    -0.003590471429453294,
    0.01384448401975253,
    0.010379100485214092,
    -0.04619667388937245,
    0.011098947761268716,
    0.0034842123564169025,
    -0.0005634038595439605,
    0.021189327076639144,
    0.023505103159988692,
    0.02360367961550435,
    0.008676456066695547,
    0.022339784395191648,
    0.03307408401156972,
    0.016643324061907123,
    0.06604320942602483,
    0.02890022576535602,
    0.07551190442285267,
    0.005545984493781548,
    0.010878230277473836,
    0.017081345763511228,
    0.03686161330938213
  ],
  "sum weights": 1.0000049999750003
}