{
  "mu_target": [
    -0.5,
    0.6000000238418579,
    0.20000000298023224,
    -0.8999999761581421
  ],
  "mu_model": [
    [
      -0.5007485217482845,
      0.5986594200960053,
      0.2001545349476165,
      -0.8988897795674933
    ]
  ],
  "diff": [
    [
      0.0007485217482845474,
      0.0013406037458526532,
      0.00015453196738426933,
      0.0011101965906488154
    ]
  ],
  "sigma_integral": [
    0.00040834757612303273,
    0.0006617989606353435,
    0.0004916862007451122,
    0.00085384139588463
  ],
  "within_band": [
    [
      false,
      false,
      true,
      false
    ]
  ],
  "toy_seed": 247,
  "weights": [
    0.007956648883701832,
    -0.017988078825894524,
    0.008205444362416804,
    0.015918243752036165,
    0.007578807093419408,
    -0.012551837421797128,
    0.010921923721340508,
    0.01954474028092674,
    0.024453599288813882,
    0.028975162307625917,
    0.05574934743333913,
    0.009824837983573064,
    -0.010569381907702765,
    0.015640514404383177,
    0.0439038649708065,
    0.045349043353843134,
    0.02931918478199074,
    0.02132507910566886,
    -0.0007112759920614003,
    0.03854482683661288,
    0.02986065488018218,
    -0.018684168855651336,
    -0.005700255949429248,
    0.0010450365519464795,
    0.017360112658694908,
    0.012992838093304102,
    0.02853704811230324,
    0.06660678444839441,
    -0.032028868026834856,
    -0.03558642593003301,
    0.02188386810099379,
    0.0368273019683038,
    -0.014486777440917148,
    0.0048953108359561254,
    0.08084903358467126,
    0.024531486110414544,
    0.027666132568911077,
    0.04845102376909307,
    -0.007796795869801653,
    0.004285645866427582,
    0.023192282803918402,
    -0.005533565591600229,
    -0.03236427519087384,
    0.034140450461842956,
    0.0160182234452384,
    0.012442580754701095,
    0.01585440209027758,
    0.01849861037987482,
    0.03333835775606807,
    0.0016264022851654823,
    0.04030523367968674,
    0.03936358563080102,
    -0.0039855822142930725,
    0.061422233368860255,
    0.0029472509423579705,
    0.038987877058565816,
    0.021319845210780806,
    0.008443967001249745,
    0.008788130581610631,
    0.03229930963079534
  ],
  "sum weights": 1.0000049999750003
}