{
  "mu_target": [
    -0.5,
    0.6000000238418579,
    0.20000000298023224,
    -0.8999999761581421
  ],
  "mu_model": [
    [
      -0.5007146596861884,
      0.6004810608718243,
      0.2018469686385637,
      -0.8996438599206986
    ]
  ],
  "diff": [
    [
      0.0007146596861884458,
      0.0004810370299663802,
      0.0018469656583314509,
      0.0003561162374434712
    ]
  ],
  "sigma_integral": [
    0.0004110831888402036,
    0.0006624941396588407,
    0.0004946585483483131,
    0.000860328381503363
  ],
  "within_band": [
    [
      false,
      true,
      false,
      true
    ]
  ],
  "toy_seed": 127,
  "weights": [
    -0.026323866587476773,
    0.012364153635107336,
    0.010984827264564834,
    0.019870387336109865,
    0.0012090702459450133,
    0.0010014505009747785,
    0.03721933220859521,
    0.0339727612721455,
    0.026792730065105155,
    0.023540522111782772,
    0.037827140203232024,
    0.0229128275085642,
    -0.022115067086190134,
    0.02270017687787215,
    0.05511543283127348,
    0.031646282452700944,
    0.004006394885660898,
    0.017151066136993905,
    -0.010752928904804717,
    -0.006177179003722097,
    0.0294925826144207,
    0.006748601440838064,
    -0.021075969768376685,
    0.003289172461143994,
    -0.0038574909989488493,
    0.035176661314598734,
    0.024863111648500965,
    0.0688671251254309,
    -0.016143591788134792,
    -0.003499169610722796,
    0.032183407641315304,
    0.013807672115825158,
    -0.03979349633471542,
    0.006299208338103695,
    0.07031233526278448,
    0.03091243057952198,
    0.028341543642821276,
    0.06162081372347242,
    -0.0056895685878215795,
    -0.0016375989109553184,
    0.025030194715258712,
    0.011217923858810555,
    -0.041113632905216205,
    0.030318284380097184,
    0.013004496186823191,
    0.019836934470932283,
    0.019294544591070266,
    0.005415191884235329,
    0.011690496717304334,
    -0.013886135852042552,
    0.03630991019095682,
    0.026877707761150595,
    0.022675283424143235,
    0.05548162629626334,
    0.034651213828185035,
    0.05531782560775197,
    0.02088599617708423,
    0.022966071034667936,
    0.006816392449875898,
    0.024051381269105245
  ],
  "sum weights": 1.000004999949994
}