{
  "mu_target": [
    -0.5,
    0.6000000238418579,
    0.20000000298023224,
    -0.8999999761581421
  ],
  "mu_model": [
    [
      -0.5018914694263119,
      0.5999973084363379,
      0.20061120006296723,
      -0.8993343306227543
    ]
  ],
  "diff": [
    [
      0.0018914694263119092,
      2.7154055199929417e-06,
      0.0006111970827349933,
      0.0006656455353878377
    ]
  ],
  "sigma_integral": [
    0.00041086386541795775,
    0.0006608996791648973,
    0.0004934156858867632,
    0.0008580307039394957
  ],
  "within_band": [
    [
      false,
      true,
      false,
      true
    ]
  ],
  "toy_seed": 13,
  "weights": [
    0.00546023585814812,
    0.005305851266848379,
    0.01844470987575958,
    0.009479020040624552,
    0.017036443729164182,
    -0.01851581853708415,
    0.010192810351506312,
    0.04131846272986487,
    0.04649298472481607,
    0.007302447791256256,
    0.0530788296073108,
    0.026549420006844557,
    -0.016133420969994833,
    0.03895769903222459,
    0.036688921899689204,
    0.02533894540605321,
    -0.012268367532620774,
    0.014747934456905244,
    0.021857528006665267,
    0.05520233696459645,
    0.02146254776327589,
    0.010759276069951794,
    0.01048351750494727,
    -0.00858428361216093,
    -0.018977382626475612,
    0.004199666563454447,
    -0.008411633734494772,
    0.06334082268374001,
    -0.0062729320056861436,
    -0.004491604222717687,
    0.008491259351276346,
    0.021598498962687805,
    0.008221994103504599,
    -0.012580350458779924,
    0.07881416600409707,
    0.03546206648444925,
    0.007487011172381125,
    0.014770685264568423,
    -0.005929650398632375,
    -0.008561397426823547,
    0.03957383979080004,
    0.008497050671100133,
    -0.040913465788014,
    0.04553291988221083,
    0.019375928716230766,
    0.008949076042334261,
    0.022589094260500285,
    0.03509582217278582,
    0.019927897266864253,
    0.019443751763938703,
    0.008296959275330964,
    0.0368820733057607,
    0.04044996012004543,
    0.021247111445098155,
    0.0020953678567809156,
    0.06362541423353961,
    0.03092645954861758,
    -0.002701694837828944,
    0.004840194793531401,
    0.018451987304232503
  ],
  "sum weights": 1.0000049999750005
}