{
  "mu_target": [
    -0.5,
    0.6000000238418579,
    0.20000000298023224,
    -0.8999999761581421
  ],
  "mu_model": [
    [
      -0.5016495260895052,
      0.6004498100150373,
      0.2017380290131137,
      -0.8990216496820961
    ]
  ],
  "diff": [
    [
      0.0016495260895051933,
      0.0004497861731793673,
      0.0017380260328814512,
      0.0009783264760460098
    ]
  ],
  "sigma_integral": [
    0.0004102988835770129,
    0.0006655806058377218,
    0.000491552460860163,
    0.0008581195860255145
  ],
  "within_band": [
    [
      false,
      true,
      false,
      false
    ]
  ],
  "toy_seed": 10,
  "weights": [
    0.00480762428315427,
    -0.013473773130533342,
    0.015465075077612842,
    -0.003562300217582867,
    0.006713274115982126,
    -0.024231874444832647,
    0.025857565624672806,
    0.04255611547050308,
    0.06018073667870962,
    0.005610093582778918,
    0.051950207900154796,
    0.02990053989646269,
    -0.020562306166796534,
    0.0187139768044664,
    0.037193867187320394,
    0.017362384915829233,
    0.026471085595652432,
    0.03518066420849333,
    0.029499244600938744,
    0.03895170033072807,
    0.017448982294303653,
    0.0006060291546376791,
    0.027049762740253176,
    -0.01428672460038955,
    0.012296095652730484,
    -0.0001951112002595651,
    -0.004137467794857958,
    0.06555819648248647,
    -0.023182591465534065,
    -0.016693798506217977,
    0.0244660477738247,
    0.024020708699805972,
    -0.004450017702227199,
    -0.009887055748391976,
    0.08484261543954384,
    0.004831556152819699,
    0.01636266253631528,
    0.03526871843525352,
    -0.007214955297070711,
    -0.020986090400702182,
    0.0004735798420958748,
    0.013663039118536693,
    -0.03697592392336685,
    0.048590281898002824,
    0.035236518728623614,
    0.017963673624567425,
    0.04357617283522337,
    0.02282476622897964,
    0.014569603389245855,
    0.010999551781958631,
    0.024918791325455315,
    0.019608598170072974,
    0.006585454521307103,
    0.058352469484933174,
    0.006430655366588011,
    0.04900802021331237,
    0.010032625769065908,
    -0.007038321006816749,
    0.036181597173319535,
    0.028702380473858025
  ],
  "sum weights": 1.0000049999750005
}