{
  "mu_target": [
    -0.5,
    0.6000000238418579,
    0.20000000298023224,
    -0.8999999761581421
  ],
  "mu_model": [
    [
      -0.5018876587268004,
      0.5984200440104186,
      0.200649975407641,
      -0.9011103443037197
    ]
  ],
  "diff": [
    [
      0.001887658726800412,
      0.0015799798314393154,
      0.0006499724274087737,
      0.0011103681455776337
    ]
  ],
  "sigma_integral": [
    0.00040822143812888555,
    0.0006616380074485052,
    0.0004903529927851133,
    0.0008570708491623192
  ],
  "within_band": [
    [
      false,
      false,
      false,
      false
    ]
  ],
  "toy_seed": 33,
  "weights": [
    0.013437744529385592,
    0.004298079785386739,
    -0.011117272556302725,
    0.00070380102774371,
    0.00946633856148692,
    0.0030401049967868606,
    0.022235903559213545,
    0.034255515049211205,
    0.025782866308452546,
    0.02621832721714875,
    0.052274251163778374,
    0.00992948730448744,
    -0.02772034148791675,
    0.03245105566772965,
    0.03757137947949022,
    0.05004487682428841,
    0.010534030108538232,
    0.01647224762301633,
    0.025692683596840623,
    0.017361927964402425,
    0.012508930196124235,
    -0.01445522173139959,
    -0.0007030650064755895,
    0.010024061788029039,
    0.020911490052768177,
    0.0126242007557723,
    0.02602902883133082,
    0.04889157879019687,
    0.016363241901878847,
    -0.02685466283753237,
    0.02001685314692037,
    0.009523633728290128,
    -0.004400524734882253,
    -0.020247253105469015,
    0.06203748125584207,
    0.02582097522866899,
    0.01836937808671798,
    0.044279433789342924,
    -0.01008942623349335,
    0.01930346124471982,
    0.032055101384126414,
    0.01305043080700703,
    -0.02878256081226497,
    0.023935152490716104,
    0.006152682734626702,
    0.0065749776950475665,
    0.016962905863890317,
    4.636698993275522e-05,
    0.03721905978390646,
    0.017242176724375197,
    0.017809688647593434,
    0.0156849893548285,
    0.008254761421298436,
    0.042396083438299835,
    0.03048248701791464,
    0.05653971564324508,
    0.000865794373251376,
    0.005554897157067293,
    0.030388663748369793,
    0.04468502364124968
  ],
  "sum weights": 1.0000049999750003
}