{
  "mu_target": [
    -0.5,
    1.59379243850708
  ],
  "mu_model": [
    [
      -0.499522995449643,
      1.5948456732379
    ]
  ],
  "diff": [
    [
      0.0004770045503569853,
      0.001053234730819863
    ]
  ],
  "sigma_integral": [
    0.0004596019228382679,
    0.0009459701798938433
  ],
  "within_band": [
    [
      false,
      false
    ]
  ],
  "toy_seed": 11,
  "weights": [
    0.07279814806756249,
    -0.004478822792832623,
    0.10999716397375102,
    -0.09290238857188234,
    0.016018015084876196,
    0.0024749474653994762,
    0.020281803473088958,
    0.09300299661374963,
    -0.0346750999151722,
    0.015005770939497589,
    0.0629124109943116,
    0.12801877704883793,
    0.0158452258933775,
    -0.019387036112330377,
    0.021443359460450083,
    -0.017027311994777687,
    -0.03851957621947589,
    0.023292219350424165,
    -0.03441635876588154,
    0.1031496100634408,
    -0.0025628547483840464,
    0.007399876529240975,
    -0.007829259278616139,
    -0.0059580441491920745,
    -0.02368299688625057,
    0.0821730819608952,
    0.01455630083297604,
    -0.007014308500112723,
    -0.021558689886594564,
    -0.007672867528480447,
    0.042783745566843154,
    -0.0808307951660009,
    0.11873551212788774,
    -0.04017083229401048,
    -0.029845217542457527,
    -0.025263182390446722,
    -0.008290791699151149,
    -0.005324003708767283,
    -0.019956850898268128,
    0.015581857501437757,
    0.1370394076226589,
    -0.017006820961784425,
    0.07589006551060581,
    -0.018925424375451232,
    -0.021031034957490796,
    -0.021728189456106953,
    0.003349589923193485,
    0.0015225917797945774,
    0.05832804946121582,
    0.053892491130944006,
    0.06729541623915636,
    0.08291893885643337,
    0.04955727981463136,
    0.08400372959147781,
    -0.01647146976816832,
    -0.009872060455259372,
    0.01004032200430869,
    -0.03622818843736288,
    0.00632782572751396,
    0.07298061351294623
  ],
  "sum weights": 0.9999866666622192
}