{
  "mu_target": [
    -0.5,
    1.59379243850708
  ],
  "mu_model": [
    [
      -0.5000482268010091,
      1.5944308530693725
    ]
  ],
  "diff": [
    [
      4.822680100913246e-05,
      0.0006384145622924109
    ]
  ],
  "sigma_integral": [
    0.0004652473234361662,
    0.0009534095748682757
  ],
  "within_band": [
    [
      true,
      true
    ]
  ],
  "toy_seed": 180,
  "weights": [
    0.022986403612086422,
    0.02801706943286958,
    0.07927858863148178,
    -0.016863610458789244,
    0.0033260439992510524,
    0.0016939368502433458,
    0.07464374985618405,
    0.043019051670484226,
    0.029304586725930122,
    0.023458723901576904,
    0.03615806100267154,
    0.12287592138902764,
    0.03300313649795162,
    -0.027092531290103798,
    0.007382191425581593,
    -0.06071727024312565,
    -0.04104312824879027,
    0.05587472851099996,
    -0.02488445308005441,
    0.11823214512189258,
    0.02048859035122998,
    -0.01050011739329343,
    0.013249096419496526,
    -0.014210612785846644,
    -0.014849020184096038,
    0.06815956848709408,
    0.02831942519870613,
    -0.03276437556089601,
    0.006241497963145307,
    -0.012297301097904698,
    0.07042990481508653,
    -0.11061133584238572,
    0.07290703345728826,
    -0.024326964995855314,
    -0.025342804544024836,
    -0.04575958846034881,
    -0.0129945620233717,
    -0.007717460626949939,
    0.017560484031045882,
    0.05706660042551483,
    0.16025077747164296,
    -0.06028415881739197,
    0.053786943515492465,
    -0.02233717021139146,
    -0.0129884648281378,
    -0.033044299676118875,
    -0.003107954474672781,
    0.03780118958820127,
    0.0445343519137666,
    -0.026530154061124335,
    0.024075282078139082,
    0.11104188923037274,
    0.03615076719600497,
    0.010500194745920817,
    0.04189660039458993,
    0.03954847711886799,
    -0.01271837707235932,
    -0.0264770965207849,
    0.011900285149020655,
    0.07429284752272775
  ],
  "sum weights": 0.9999933332037692
}