{
  "mu_target": [
    -0.5,
    1.59379243850708
  ],
  "mu_model": [
    [
      -0.4987931909374764,
      1.5955827554039919
    ]
  ],
  "diff": [
    [
      0.0012068090625235728,
      0.001790316896911781
    ]
  ],
  "sigma_integral": [
    0.0004882542170678762,
    0.0010414470576518098
  ],
  "within_band": [
    [
      false,
      false
    ]
  ],
  "toy_seed": 12,
  "weights": [
    0.06300042341852856,
    -0.0014118233180088699,
    0.0914961184786214,
    -0.022725955830529602,
    0.033997284961115266,
    0.026277836243003595,
    0.023765697511769976,
    0.05725595940006202,
    0.017940525058927913,
    0.03845428309892379,
    0.07148530178096449,
    0.1633368520815762,
    0.03184588758678436,
    -0.03531428054041619,
    0.018104726110049613,
    -0.04085882105800283,
    -0.036339830340479676,
    0.06555595505987465,
    -0.07042291687893547,
    0.08982739338722152,
    0.016600432359874878,
    -0.008400433984015484,
    -0.020940828075052077,
    -0.044133718591204595,
    -0.05131320723320899,
    0.04782502629846028,
    0.05497393468266622,
    -0.05661304640242552,
    0.014248857294346589,
    -0.020424995862698334,
    0.010463686843282452,
    -0.10501430200034885,
    0.10834752144479169,
    -0.013672137279983709,
    -0.02739160760983339,
    0.002580602129023326,
    -0.014772128451863445,
    -0.026249006472462786,
    0.0004598699525154024,
    0.10435885136232924,
    0.1690822219403833,
    -0.06407391313264323,
    0.06068935198422704,
    -0.0429658745698262,
    0.0026111053497680876,
    -0.051931840151098266,
    0.018680880648915012,
    0.0045401537833285495,
    0.05327020509532249,
    0.004747427671572538,
    0.043288163760764636,
    0.10313328660666839,
    0.04571058872158656,
    0.03211312755835544,
    0.044752493708947044,
    -0.011933681807738628,
    0.04744872734200634,
    -0.05520624306639554,
    -0.03704072416168819,
    0.07684722276445363
  ],
  "sum weights": 0.9999666666621526
}