{
  "mu_target": [
    -0.5,
    1.59379243850708
  ],
  "mu_model": [
    [
      -0.499915149723604,
      1.5954967894809264
    ]
  ],
  "diff": [
    [
      8.485027639598686e-05,
      0.001704350973846358
    ]
  ],
  "sigma_integral": [
    0.00046048491985315,
    0.0009452364781056187
  ],
  "within_band": [
    [
      true,
      false
    ]
  ],
  "toy_seed": 226,
  "weights": [
    0.059666510780584846,
    -0.03907755885221439,
    0.054369604330973244,
    -0.10195163351221401,
    0.003271855077158021,
    0.0032104702215489563,
    0.05038099573663817,
    0.07046254223941412,
    0.06209096300710003,
    0.026945179255617797,
    0.047235428472675964,
    0.13163990542935977,
    0.021252973405872944,
    0.00453080870040707,
    0.030902199771805514,
    -0.049280731495008584,
    -0.04293001782171479,
    -0.0037325734725667603,
    -0.04235617323365582,
    0.1562904260948476,
    0.02230131839355703,
    -0.013873707856903292,
    0.010160697789021005,
    -0.01865889518877029,
    -0.03613532443966705,
    0.037127616201471036,
    0.021777636958559873,
    -0.06618650658281627,
    -0.033427846722113505,
    -0.013446283316169459,
    0.07038104938264404,
    -0.11404282991211125,
    0.11004855906706114,
    -0.021946359627001987,
    -0.04717567956477692,
    -0.03863386520655706,
    -0.024703957687138914,
    0.008453276886020092,
    0.009792223379226136,
    0.10351571341368367,
    0.1214011194873274,
    -0.0187034383705557,
    0.12771376051240915,
    -0.048092620283577844,
    0.0157033098748033,
    -0.015534670144368838,
    0.012764491451097157,
    0.023934046523434227,
    0.08764237204261112,
    0.028170475219593545,
    0.028954928688527618,
    0.10272128667878407,
    0.04411190654976167,
    0.06444720688782239,
    0.01148534771458954,
    0.0028971134037733244,
    0.046621939582312845,
    -0.02131039421956233,
    0.011989665516324426,
    -0.03516585669365965
  ],
  "sum weights": 0.9999999999252953
}