{
  "mu_target": [
    -0.5,
    1.59379243850708
  ],
  "mu_model": [
    [
      -0.5001542337981011,
      1.594739896765465
    ]
  ],
  "diff": [
    [
      0.00015423379810108884,
      0.0009474582583848257
    ]
  ],
  "sigma_integral": [
    0.0004593407762279227,
    0.0009541897874426603
  ],
  "within_band": [
    [
      true,
      true
    ]
  ],
  "toy_seed": 81,
  "weights": [
    0.07034644252605352,
    -0.01645094846823499,
    0.06387872963202738,
    -0.09880212850392399,
    0.01650389416515045,
    0.0344975968995741,
    0.031073427303102717,
    0.051061180530897816,
    0.012565355551378558,
    0.022125441755091204,
    0.0859338013906937,
    0.12766172410597168,
    0.026468405147581902,
    0.028847041284030924,
    -0.013914347331368168,
    -0.04238980377679394,
    -0.011158234980551397,
    0.04044925375303079,
    0.00020705586880649952,
    0.13542108148126467,
    -0.008161112895602224,
    0.05027900377197845,
    0.018958502272570524,
    -0.05158604563886871,
    -0.04606272170692125,
    0.0945615557635484,
    -0.018272095435535374,
    -0.03306310825234789,
    -0.05375214054260113,
    -0.020541355035045162,
    0.039740588610328385,
    -0.1082590636591487,
    0.12262025311496938,
    -0.07621690064991378,
    -0.04665156520795161,
    -0.017219457040531023,
    -0.01023457997892427,
    -0.0164059196791852,
    -0.021691586562029592,
    0.11814070023575593,
    0.12251563359371241,
    -0.04625607850629375,
    0.09906672637964789,
    -0.044278051070863314,
    -0.034774393092154125,
    -0.03166878065609605,
    -0.0007668095260626425,
    -0.030701184764752584,
    0.061261246964273194,
    0.059637340058144105,
    0.07020649730499653,
    0.08395725793248139,
    0.05243119909706389,
    0.06698481444165433,
    -0.005612043146290567,
    0.024929063189086526,
    0.044741684103795074,
    -0.04348992357614055,
    0.007571542914610003,
    0.06368300520267603
  ],
  "sum weights": 0.9999466666618164
}