{
  "mu_target": [
    -0.5,
    1.59379243850708
  ],
  "mu_model": [
    [
      -0.49935162151689866,
      1.5959388263560843
    ]
  ],
  "diff": [
    [
      0.0006483784831013417,
      0.0021463878490042276
    ]
  ],
  "sigma_integral": [
    0.00046314363837977564,
    0.0009789095530027315
  ],
  "within_band": [
    [
      false,
      false
    ]
  ],
  "toy_seed": 217,
  "weights": [
    0.04349031864388287,
    -0.015574275376336476,
    0.06634376547776595,
    -0.0932804136708639,
    0.003259359882525757,
    0.03380300906132019,
    0.03377687852413128,
    0.06288594692914398,
    0.011634150197455386,
    -0.0033875534069795097,
    0.019832247006227995,
    0.15108346709071382,
    0.05592840198509463,
    0.03709378503182898,
    -0.014182911693884364,
    -0.06208389460432542,
    -0.016172766869398482,
    0.07290942780601561,
    -0.031629873388350334,
    0.15446057896990248,
    0.0043382295277260095,
    0.043089093893588205,
    -0.013595107018391105,
    -0.010665552172841543,
    -0.0487965276769776,
    0.08805550065746998,
    -0.009358351140295863,
    -0.06958833085736446,
    -0.04927765962627189,
    -0.01464301646360859,
    0.08776586442689432,
    -0.13577750502177216,
    0.0851477697298322,
    -0.012374608888952698,
    -0.017124050760101688,
    0.011025799179915753,
    0.004276603226282344,
    -0.015905868709206235,
    -0.02627968236291409,
    0.05550992194570664,
    0.12890504516067078,
    -0.03763561704574333,
    0.08296679777450672,
    -0.01675315482386265,
    -0.00887513819784487,
    -0.029825701069931487,
    -0.04132158534450548,
    -0.014424158732537603,
    0.07319734802428944,
    0.08853717686612114,
    0.07992026481513105,
    0.06250939107340885,
    0.045811085612828234,
    0.06405453488146484,
    -0.004701871580475999,
    -0.0031328823961844984,
    0.010971224538596128,
    -0.029180304730649587,
    -0.0012748229124445816,
    0.08420686526510693
  ],
  "sum weights": 0.9999666666625321
}