{
  "mu_target": [
    -0.5,
    1.59379243850708
  ],
  "mu_model": [
    [
      -0.49922713858546036,
      1.5955321775668816
    ]
  ],
  "diff": [
    [
      0.0007728614145396384,
      0.001739739059801515
    ]
  ],
  "sigma_integral": [
    0.000485700245121885,
    0.0009487720039358142
  ],
  "within_band": [
    [
      false,
      false
    ]
  ],
  "toy_seed": 268,
  "weights": [
    0.07637978399269568,
    0.008937189015406152,
    0.09006914420168607,
    -0.04222858426436969,
    -0.021040269759592726,
    -0.020663558225476532,
    0.043348233359732896,
    0.044548108196651004,
    -0.03538242183493184,
    -0.02818109798404274,
    0.04218866223681609,
    0.1367041629446329,
    0.018692359049654807,
    0.023042696329012142,
    0.03274063742070201,
    -0.030570235273356144,
    -0.06061302687440793,
    0.0609212755726814,
    -0.04641895914151846,
    0.1282691416489698,
    0.02628085945044736,
    0.023351533473982247,
    0.023795501897297764,
    -0.011945970357494767,
    -0.03461823317790042,
    0.08003586841199004,
    -0.04558412882604252,
    -0.032857424600179416,
    0.014421702389154124,
    -0.012511975971068503,
    0.029295117430550546,
    -0.15003838081267767,
    0.12423033452182974,
    -0.008384557701506165,
    -0.05254785219599474,
    -0.0345569469219493,
    -0.022899485438639244,
    -0.028545126278054646,
    0.005801212239755142,
    0.07473736797960721,
    0.10194237850549401,
    -0.03073177983118263,
    0.027967577158683494,
    -0.029629996193956516,
    -0.03170464760189856,
    -0.01736092776498772,
    0.005475030325629339,
    0.01756449371160516,
    0.04514659605520709,
    0.04551730550285721,
    0.05743797502613798,
    0.1058792940163494,
    0.01909299334535322,
    0.09205106295149856,
    -0.02184025162018858,
    0.01663498428755291,
    0.03761503202744708,
    -0.001299306127046497,
    0.06121524189546927,
    0.11079762153498471
  ],
  "sum weights": 0.9999733333290606
}