{
  "mu_target": [
    -0.5,
    1.59379243850708
  ],
  "mu_model": [
    [
      -0.4996991175764336,
      1.595389861688875
    ]
  ],
  "diff": [
    [
      0.0003008824235664065,
      0.0015974231817950102
    ]
  ],
  "sigma_integral": [
    0.00046133249936235296,
    0.000953355740978216
  ],
  "within_band": [
    [
      true,
      false
    ]
  ],
  "toy_seed": 53,
  "weights": [
    0.07506003909488394,
    -0.01601694572537258,
    0.050369790576370053,
    -0.07436312241591087,
    0.010701546273684174,
    0.06665078980618142,
    0.03140530881000088,
    0.05706212915619596,
    -0.017820217047188905,
    0.03000406283608598,
    0.058093884333553024,
    0.15558435718065716,
    0.026189740745762483,
    -0.011546174619615648,
    0.002029325540859488,
    -0.06956000561653024,
    -0.011191199321130343,
    0.06722684043634831,
    0.00365212089275616,
    0.08198701733862927,
    -0.00275493958333981,
    0.021810949502907153,
    -0.029420624286169834,
    -0.013433664207381341,
    -0.05472529321517062,
    0.06019764656928268,
    0.020687380670484073,
    -0.03481317988832503,
    0.00519152699649793,
    -0.021362571528371822,
    0.09518456041604319,
    -0.09962515218012097,
    0.08201770506630296,
    -0.0316094842173923,
    -0.05714224046058361,
    0.0051175298816835265,
    0.0025230134834471956,
    0.025216797937748253,
    -0.004554514741082887,
    0.07007651654418752,
    0.1383217487719519,
    -0.016984906816550405,
    0.09095387908674962,
    -0.02756763342435531,
    -0.04505970332735452,
    -0.08453501686603687,
    0.01452008599127397,
    0.03032472888213523,
    0.05661094793265167,
    0.04015058405616694,
    0.04424864229559858,
    0.06965805792250568,
    0.03112929635752004,
    0.047453724963469404,
    0.023048447117979407,
    0.009966088722647504,
    0.02001317830468076,
    -0.058069203696590396,
    0.00759584164274401,
    0.05409996104033855
  ],
  "sum weights": 0.9999799999943917
}