{
  "mu_target": [
    -0.5,
    1.59379243850708
  ],
  "mu_model": [
    [
      -0.4993927198687747,
      1.5942919288993627
    ]
  ],
  "diff": [
    [
      0.0006072801312252962,
      0.0004994903922825866
    ]
  ],
  "sigma_integral": [
    0.00045889224667641174,
    0.0009589560477982184
  ],
  "within_band": [
    [
      false,
      true
    ]
  ],
  "toy_seed": 97,
  "weights": [
    0.03821783683022394,
    0.017358019565521993,
    0.08218825309875001,
    -0.09889655577904181,
    -0.0021625518991541014,
    0.01756080147160315,
    0.06920337245302753,
    0.0353106741551427,
    0.0053796152072177065,
    0.0708667556853701,
    0.0695887503572396,
    0.11100448042623202,
    0.013839037223627395,
    -0.03863430586614335,
    0.028295189121587468,
    -0.008321924882320881,
    -0.026155506599810297,
    0.07488033501476572,
    -0.027730880442877737,
    0.12058242651479764,
    0.0048885917829036485,
    0.043111415458793004,
    -0.017518967748797767,
    0.016966116928907204,
    -0.0628387988537253,
    0.06363400373342187,
    0.05266332808885545,
    -0.02689843798502458,
    -0.026454000741065044,
    0.014660067050779697,
    0.03749501732097874,
    -0.1350252657493864,
    0.1352053910879326,
    -0.023447124746176384,
    -0.024778798980079144,
    -0.04533475747555106,
    -0.017321004070326045,
    -0.022082564457847915,
    -0.029174901481179016,
    0.03285395614711645,
    0.14000281576108203,
    -0.004794042833077373,
    0.09185133435055055,
    -0.04942864816804002,
    -0.003065482290968746,
    -0.021196723186799275,
    -0.026877718285809798,
    -0.04500405434219107,
    0.06582400076068409,
    0.016863915858894952,
    0.0683566526739626,
    0.061454597549187986,
    0.050248711823577784,
    0.07298753728364797,
    0.004932665555693578,
    0.04339936703059268,
    0.011395249029189487,
    -0.03164170250050753,
    0.004750233899705396,
    0.026930869591073752
  ],
  "sum weights": 0.9999666665267379
}