{
  "mu_target": [
    -0.5,
    1.59379243850708
  ],
  "mu_model": [
    [
      -0.4993192597408891,
      1.5942596164290266
    ]
  ],
  "diff": [
    [
      0.0006807402591109124,
      0.0004671779219465044
    ]
  ],
  "sigma_integral": [
    0.00047205053320702466,
    0.0009534798120168934
  ],
  "within_band": [
    [
      false,
      true
    ]
  ],
  "toy_seed": 225,
  "weights": [
    0.050617367324106086,
    0.03914991041713692,
    0.07742368350318592,
    -0.11723117651274237,
    0.03857152112739924,
    0.04411999291293299,
    0.07670235239782372,
    0.01861548516505865,
    -0.01055032733070423,
    0.004791319974515917,
    0.056972351984650664,
    0.14222980845595007,
    0.010311111030397908,
    0.01881195283397222,
    0.014499248752419057,
    -0.035503722249954135,
    -0.016630830854326824,
    0.00927303950220792,
    -0.02790741247787907,
    0.1559696480956281,
    0.015839508123813715,
    0.03815762210693343,
    -0.049993171236216404,
    0.0003519709690599269,
    -0.051325146431716116,
    0.1054591894163923,
    0.0012929463959271226,
    -0.030391162697057196,
    0.003745649445804102,
    -0.014975799388897978,
    0.0646762824696591,
    -0.1370566570940121,
    0.05351311026385383,
    -0.06986123844630239,
    -0.02328863919612225,
    -0.04571862801355488,
    0.010238175728354601,
    -0.007663032318297097,
    -0.04242435219627643,
    0.05622709561620727,
    0.13731015209020644,
    -0.03626161824719118,
    0.06787487068466193,
    0.00863603228179813,
    -0.030019459627093587,
    -0.020931210252084047,
    0.029865239247493267,
    -0.0095051376446532,
    0.06144592402618463,
    0.01341016190543117,
    0.05732213600694176,
    0.024150503960137515,
    0.03756637960568097,
    0.0944440814361878,
    0.015096584724737589,
    0.008305802773984962,
    0.052362603418564205,
    -0.024020060878841676,
    0.024083042816416978,
    0.06178492387958827
  ],
  "sum weights": 0.9999599997774832
}