{
  "mu_target": [
    -0.5,
    1.59379243850708
  ],
  "mu_model": [
    [
      -0.4990983225904374,
      1.5950601680690322
    ]
  ],
  "diff": [
    [
      0.0009016774095625957,
      0.0012677295619520912
    ]
  ],
  "sigma_integral": [
    0.00045697927275365103,
    0.0009480537784349501
  ],
  "within_band": [
    [
      false,
      false
    ]
  ],
  "toy_seed": 40,
  "weights": [
    0.043111671992102606,
    0.04633097993931809,
    0.049736848403435445,
    -0.060386238347698885,
    0.015750341554769225,
    0.0013293102455336394,
    0.04541887486171254,
    0.03534918879631185,
    -0.01643184008764445,
    0.053714220002886656,
    0.014980249672217418,
    0.14705530618684864,
    0.03507261902980705,
    -0.06751487153441058,
    0.001715319831808041,
    -0.05509970187678545,
    0.003470954299571035,
    0.040170860528010735,
    -0.06248476670663417,
    0.08120576408114949,
    0.021287546204962444,
    0.06473781663834914,
    -0.015467581051523576,
    -0.03775676250704111,
    -0.05112345100460362,
    0.047611830291501164,
    0.07282468386865498,
    -0.022729584746312592,
    -0.026682738245059155,
    -0.0007503533474148314,
    0.08069718037908245,
    -0.11362656897230283,
    0.08111402430927285,
    -0.00864741611303473,
    -0.007786294074676698,
    -0.04149801758729551,
    0.027384199835394182,
    -0.011329494502805255,
    -0.015519790964377079,
    0.05859100633531378,
    0.16677154281285395,
    -0.04794760915587479,
    0.06651019617793401,
    -0.01306465050554704,
    -0.04047580718152443,
    0.014184741229900787,
    0.037430961166630305,
    0.0192442354526781,
    0.05348380043917709,
    0.048361448533159525,
    0.05414852732023825,
    0.07888334967324391,
    0.0019055339033170653,
    0.03214057947795706,
    0.012258228683078985,
    0.009125627607525208,
    0.021594552191813086,
    -0.03510892999050471,
    0.034235188388595274,
    0.0324864914856641
  ],
  "sum weights": 0.9999933333287087
}