{
  "mu_target": [
    -0.5,
    1.59379243850708
  ],
  "mu_model": [
    [
      -0.5001885882651463,
      1.5941172510845991
    ]
  ],
  "diff": [
    [
      0.00018858826514633886,
      0.00032481257751904025
    ]
  ],
  "sigma_integral": [
    0.000462929800381929,
    0.0009549532362887887
  ],
  "within_band": [
    [
      true,
      true
    ]
  ],
  "toy_seed": 129,
  "weights": [
    0.07482903126821917,
    -0.023630363973659384,
    0.07406150353941672,
    -0.10542646514123434,
    -0.0190068980018799,
    -0.010002111171131475,
    0.056913282923815284,
    0.06642059856437257,
    0.039682157095700686,
    0.01629860827117577,
    0.03834048084797776,
    0.12277395576598006,
    0.050158297667404435,
    0.08559422518755284,
    0.03350434946550457,
    -0.0326285876114024,
    0.006474404139102526,
    0.06812402056119667,
    -0.035328037889735486,
    0.10992759366633181,
    0.01100368783128101,
    0.03891268728086747,
    -0.04184566834110733,
    -0.020852105090091406,
    -0.04979823865570652,
    0.056895952818470805,
    -0.007539509237612751,
    -0.008241233203430863,
    -0.00506499654158872,
    -0.005586109577056807,
    0.07490415484024972,
    -0.10251157883616412,
    0.08790382945198688,
    -0.028478848555610902,
    -0.033514408358387836,
    -0.060848205216591705,
    -0.01100396706370029,
    -0.0440434112650346,
    -0.04716422479514805,
    0.08745012903191235,
    0.14204711891036484,
    -0.04470936166887083,
    0.08517239866547793,
    -0.031466569688960666,
    -0.002831699267494406,
    -0.007644018723404885,
    -0.010382767651773275,
    -0.03933840278072719,
    0.016824484675003307,
    0.033939945082585465,
    0.03729799287088405,
    0.0617278466428373,
    0.05574486613299756,
    0.0723884263297715,
    0.01609653131382198,
    0.003752476907213386,
    0.059079066763386465,
    -0.00826072302312586,
    0.039748630939193404,
    0.01314244253726714
  ],
  "sum weights": 0.9999866666586914
}