{
  "mu_target": [
    -0.5,
    1.59379243850708
  ],
  "mu_model": [
    [
      -0.49931368479814314,
      1.5952696721133752
    ]
  ],
  "diff": [
    [
      0.0006863152018568575,
      0.0014772336062951474
    ]
  ],
  "sigma_integral": [
    0.00047198769334082485,
    0.0009584870241733528
  ],
  "within_band": [
    [
      false,
      false
    ]
  ],
  "toy_seed": 147,
  "weights": [
    0.048742435930503876,
    0.017875239624264752,
    0.05991965893245579,
    -0.07990735527522189,
    0.03480904075110166,
    0.06235340249746531,
    0.08017699130235606,
    0.048897047827017065,
    0.04737027572538784,
    0.00488044075505576,
    0.03223053073350944,
    0.14089404693947216,
    0.021607493309897724,
    0.025658743031039273,
    0.05566950262103339,
    -0.06468366634993224,
    -0.036730906953503756,
    0.04206438926275027,
    -0.04320126432590232,
    0.1032755939140237,
    0.009058534818511316,
    0.022430766203671175,
    -0.021505743110116618,
    0.009039443448950106,
    -0.044816844953960815,
    0.04896818122607652,
    -0.0025849108571793424,
    -0.03646640035187184,
    -0.014836084463420598,
    -0.04545670284139622,
    0.06604507021021273,
    -0.12636512989248808,
    0.11988425428629682,
    -0.00626575576561394,
    -0.03554636874621196,
    -0.04560196521192722,
    -0.0387362061225611,
    -0.0017238008001507002,
    0.0031073014904755606,
    0.07238454897284348,
    0.15515883671106304,
    -0.04278976667159487,
    0.05772613666042434,
    -0.026544285311920268,
    -0.03804183901299314,
    -0.03566999387377619,
    0.013108696713181706,
    0.02579732486566065,
    0.048401966290433446,
    0.024679854723098523,
    0.03286138093712517,
    0.07918227755310339,
    0.015124722635073628,
    0.059709474540608744,
    -0.010524075727811609,
    0.0673115791735826,
    0.01808018613415914,
    -0.03614375093833412,
    -0.011741148590491775,
    0.07137192870434617
  ],
  "sum weights": 0.9999733333078517
}