{
  "mu_target": [
    -0.5,
    1.59379243850708
  ],
  "mu_model": [
    [
      -0.49973343285668065,
      1.5951152026740327
    ]
  ],
  "diff": [
    [
      0.0002665671433193517,
      0.0013227641669526502
    ]
  ],
  "sigma_integral": [
    0.0004604727294116556,
    0.0009554140878665057
  ],
  "within_band": [
    [
      true,
      false
    ]
  ],
  "toy_seed": 130,
  "weights": [
    0.021634103197019118,
    0.023437676631956176,
    0.02938350881495836,
    -0.04987103513138094,
    0.03668688182017398,
    0.007291180408681238,
    0.04472919234988062,
    0.04131836398908318,
    0.024552180897512908,
    0.0181685831598382,
    0.07606636314808035,
    0.1398204410947186,
    0.05803031894718897,
    0.017429745943658977,
    0.020945370424918834,
    -0.05451867822181571,
    -0.0013227081753079577,
    0.046908307650498214,
    -0.04915884206627452,
    0.16744624416851653,
    0.017979850991987716,
    0.036359051235269696,
    -0.033040886884073056,
    -0.033258441049916904,
    -0.022922497324483235,
    0.061249434727963736,
    0.007893669769474065,
    -0.0355430908345759,
    -0.038778219669350564,
    -0.03289292486655344,
    0.02336637595753722,
    -0.12105769123892042,
    0.06175413021706724,
    -0.039774757686634556,
    -0.045057497146208936,
    -0.02560738023185001,
    0.026648473873927037,
    -0.014828118800936117,
    0.0335325086139762,
    0.07400122996408375,
    0.16952359069545503,
    -0.029708757434512314,
    0.058419079683364024,
    -0.026562909431246867,
    -0.03383765004741165,
    -0.015408239517851384,
    -0.040165244065832134,
    0.00012977452600625757,
    0.05059163701442147,
    0.028088638075438793,
    0.04328612697671649,
    0.04687993324000885,
    0.027853626406837032,
    0.09722965889088725,
    0.007940094988526644,
    0.019758753377906172,
    0.03454482044751299,
    -0.025143401577698846,
    0.019165754361682552,
    0.04840762804929283
  ],
  "sum weights": 0.9999933333291917
}