{
  "mu_target": [
    -0.5,
    1.59379243850708
  ],
  "mu_model": [
    [
      -0.49962393438676234,
      1.5953720289649769
    ]
  ],
  "diff": [
    [
      0.00037606561323766385,
      0.0015795904578967956
    ]
  ],
  "sigma_integral": [
    0.00045695729059191866,
    0.0009390144935681117
  ],
  "within_band": [
    [
      true,
      false
    ]
  ],
  "toy_seed": 202,
  "weights": [
    0.08245534146946522,
    -0.01519676695641401,
    0.07524163054167736,
    -0.04772789252006811,
    0.021304322143042273,
    0.049234117030094976,
    0.07555847069061448,
    0.038630607812728854,
    0.009384701418450504,
    0.0016471577469471905,
    0.0648719792610667,
    0.1295394615757604,
    0.031753604410947815,
    0.03676367575841285,
    0.03175066206002744,
    -0.05343554839486714,
    -0.00863188137070259,
    0.09673879215436937,
    -0.016724929438438695,
    0.10480766414203686,
    -0.0013461409082771577,
    0.04219087411893347,
    -0.014964562442117453,
    0.03610458174584315,
    -0.053578741218542274,
    0.039150587402753644,
    -0.06088329626506553,
    -0.029788093412184746,
    0.02152777552457643,
    -0.02352681950985765,
    0.038151416032300524,
    -0.08837788542577722,
    0.08311310907564504,
    -0.05116291994976603,
    -0.019754031118604173,
    -0.008521406987595214,
    -0.030624010725147508,
    -0.04295933046534418,
    -0.032125785414219246,
    0.06268428626768288,
    0.14408822372550445,
    -0.013322470743693778,
    0.07144314243798583,
    -0.031058088890459967,
    -0.03656605482935648,
    -0.028315076205167964,
    0.003314776190734939,
    -0.01786231500566618,
    0.060109462480756375,
    0.04271378070954525,
    0.07172221103483838,
    0.07661962598900944,
    0.04115629818002899,
    0.02697973728567493,
    0.0474485764350769,
    -0.014605246312226133,
    0.008180037551984008,
    -0.04289739875779514,
    -0.010321012814224387,
    0.027890349005822532
  ],
  "sum weights": 0.9999933333287605
}