{
  "mu_target": [
    -0.5,
    1.59379243850708
  ],
  "mu_model": [
    [
      -0.49972540621911293,
      1.594067513657222
    ]
  ],
  "diff": [
    [
      0.0002745937808870669,
      0.0002750751501419124
    ]
  ],
  "sigma_integral": [
    0.00045755090107864685,
    0.0009646542211669036
  ],
  "within_band": [
    [
      true,
      true
    ]
  ],
  "toy_seed": 66,
  "weights": [
    0.07946299992345666,
    -0.03209626981115834,
    0.09132703974100564,
    -0.001119818232964059,
    -0.028153836516447785,
    0.04372459919359696,
    0.04191016829894633,
    0.06678031721902492,
    -0.010178747718885543,
    0.035268700961339515,
    0.027474467318700443,
    0.15003891340066441,
    -0.004504323979632396,
    0.027111228143354493,
    0.0024734765335378303,
    -0.04202541308655297,
    -0.0036488655410820974,
    0.07172344355404014,
    -0.040211209298741904,
    0.11789086647364373,
    -0.02783979431792883,
    0.05654914578295476,
    0.00043380358929340674,
    -0.026920187599913874,
    -0.06758239255251569,
    0.08457909633798578,
    -0.03657347134857975,
    -0.0363173400170383,
    -0.009477039774278372,
    0.028609422533404146,
    0.057135438608193034,
    -0.11045760748683013,
    0.06652584140053333,
    -0.013640074942506337,
    -0.02351307059806328,
    0.05595845498399176,
    0.01564366396301094,
    -0.003596724367124263,
    -0.03199386349857572,
    0.09882591087421695,
    0.08321955158217915,
    0.0005717594001723442,
    0.1440764834909457,
    -0.00983777872541984,
    0.003939122796805089,
    -0.00593651708626702,
    0.02465509892983467,
    -0.016989269364019,
    0.01724421058024135,
    0.03864084588277979,
    0.02952035385142614,
    0.00546111743800144,
    0.01954059450988188,
    0.03010396315869655,
    -0.015949705991614858,
    -0.03287057672311109,
    -0.02784893848678891,
    -0.006454154710543327,
    -0.02244305318209352,
    0.07174661078571783
  ],
  "sum weights": 0.9999866662828999
}