{
  "mu_target": [
    -0.5,
    1.59379243850708
  ],
  "mu_model": [
    [
      -0.4988097303293132,
      1.5946171472720188
    ]
  ],
  "diff": [
    [
      0.0011902696706868054,
      0.0008247087649386753
    ]
  ],
  "sigma_integral": [
    0.00045959195367785313,
    0.0009368271653577119
  ],
  "within_band": [
    [
      false,
      true
    ]
  ],
  "toy_seed": 184,
  "weights": [
    0.06264894723151404,
    -0.006481119873696348,
    0.029928170264570227,
    -0.05432614290168665,
    -0.010533906417353243,
    0.011948647700503474,
    0.04646052521714168,
    0.08556410083609753,
    -0.029461211981090876,
    0.023830697541496332,
    0.06257163442509463,
    0.14033497055275038,
    0.030309905761703063,
    -0.008930655743173116,
    0.022173445234566994,
    -0.05766269026392955,
    -0.017296626151277097,
    0.07390854166324488,
    -0.025273292505273978,
    0.0848267803354695,
    0.010318595935971233,
    0.058442668866034164,
    -0.06852295114353331,
    -0.022038313877530694,
    -0.08109110850978188,
    0.03907913593227462,
    0.02726412352711237,
    -0.061109466041156066,
    -0.028024559241247363,
    -0.04087746391263153,
    0.0774945886298006,
    -0.10402976972869457,
    0.1303702264076773,
    -0.03239382788973413,
    -0.04517109293224486,
    -0.022574111038050987,
    0.002820274002683529,
    -0.037776155436638384,
    -0.05610994937150641,
    0.06421884506722164,
    0.16034652878051742,
    -0.02265862073360994,
    0.094828693207102,
    -0.016459655215571148,
    0.0024210407527619653,
    -0.02422092295688974,
    0.03514176883892066,
    0.008443889775259495,
    0.060127340997154666,
    0.03813607508032754,
    0.04452955092116263,
    0.08645115942126914,
    0.008942307102743357,
    0.11438058034021942,
    0.03772949348109233,
    0.0035058308280337173,
    0.027609953965120653,
    -0.01843531503109988,
    -0.024768404646045763,
    0.10911162811577771
  ],
  "sum weights": 0.9999933331969434
}