{
  "mu_target": [
    -0.5,
    1.59379243850708
  ],
  "mu_model": [
    [
      -0.4997533207940756,
      1.5943659675150312
    ]
  ],
  "diff": [
    [
      0.00024667920592441606,
      0.0005735290079511568
    ]
  ],
  "sigma_integral": [
    0.0004623260117367456,
    0.0009582439832663344
  ],
  "within_band": [
    [
      true,
      true
    ]
  ],
  "toy_seed": 107,
  "weights": [
    0.05371912869808323,
    0.011339623169321683,
    0.09987010628936575,
    -0.06698314708153484,
    -0.005672856145047693,
    -0.01859896591901189,
    0.06226118487603067,
    0.056179985689890785,
    -0.016040663009973286,
    0.014684466860450674,
    0.029114310159898283,
    0.12233193833834297,
    0.03363760925379983,
    0.011537367523711125,
    0.01877063994536063,
    -0.022631886697489504,
    -0.05025378806729473,
    0.09505034991188017,
    -0.037848241697165275,
    0.11101368448965826,
    0.009813843730970051,
    0.006631598776050458,
    0.002530481625968559,
    -0.04418470526093123,
    -0.018470308959038017,
    0.07670621228204708,
    -0.014426232865886016,
    -0.05731327992995537,
    0.02379071106781788,
    0.005607259117960428,
    0.08667881488204063,
    -0.10600274854725858,
    0.08708353705538563,
    -0.05296819546610697,
    0.010852268220330884,
    0.018072484566631988,
    -0.023986204358117456,
    0.0025596608904915404,
    -0.030774092900515134,
    0.07476029057058527,
    0.13656957338207373,
    -0.06043809789412115,
    0.07032055734332239,
    -0.003930601988251495,
    -0.03859367438424549,
    -0.002821821457068877,
    0.0131714073919512,
    0.013573497909458561,
    0.06026879649662162,
    0.06392859635909971,
    0.025206422586932967,
    0.1109671379675532,
    0.015494252872324341,
    0.03691444966479327,
    -0.007405907330579037,
    0.0396406900219127,
    -0.0049215198943907265,
    -0.06270520946790802,
    -0.0037005502653205667,
    0.04000642625712531
  ],
  "sum weights": 0.9999866666580322
}