{
  "mu_target": [
    -0.5,
    1.59379243850708
  ],
  "mu_model": [
    [
      -0.4992314633190493,
      1.593493677836865
    ]
  ],
  "diff": [
    [
      0.0007685366809507266,
      0.00029876067021517017
    ]
  ],
  "sigma_integral": [
    0.0004622835054701525,
    0.0009890546427627673
  ],
  "within_band": [
    [
      false,
      true
    ]
  ],
  "toy_seed": 189,
  "weights": [
    0.0968754761103105,
    0.010173559119767193,
    0.06087938295888646,
    -0.07248876826600474,
    0.00629200588881884,
    0.012340776679257334,
    0.04954712483879507,
    0.025731151289922788,
    0.010895660997262118,
    0.015496090092392877,
    0.06553972850318307,
    0.11867010047766176,
    0.05488876196091174,
    -0.011175753044661441,
    -0.004582109143081619,
    -0.06285833739333438,
    -0.03847617502681745,
    0.03515795905466395,
    -0.014227183295001208,
    0.08329255538610156,
    0.0009618228662811016,
    0.05015326968916913,
    -0.006326570020189142,
    -0.0055919457509348925,
    -0.05597578288239599,
    0.07759846326765549,
    -0.008404135446500581,
    -0.04632226347701566,
    -0.060505248209438214,
    -0.0331955344354756,
    0.024809471124840308,
    -0.12576895669473964,
    0.11420642968161283,
    -0.055608587659595504,
    -0.05601531715225936,
    -0.03930091528290709,
    -0.020757442966091794,
    -0.0007513266192017569,
    -0.0017785723422839717,
    0.06181902907506253,
    0.17216663529421947,
    -0.013616342144196856,
    0.06669722130718336,
    0.009907421154620304,
    0.0113506090216333,
    0.003025327477254366,
    0.042342698889702116,
    -0.017046551850311772,
    0.0769607243927823,
    0.049189168611349365,
    0.06102089893005781,
    0.07378509147666985,
    0.01802794514516706,
    0.10812349929937802,
    0.019979607027012864,
    0.022004522513969033,
    0.02982685554676073,
    -0.034283589493638925,
    -0.0008981232683322053,
    0.04619848669089176
  ],
  "sum weights": 0.9999799999767987
}