{
  "mu_target": [
    -0.5,
    1.59379243850708
  ],
  "mu_model": [
    [
      -0.4991592849537314,
      1.594357034212327
    ]
  ],
  "diff": [
    [
      0.000840715046268592,
      0.0005645957052469175
    ]
  ],
  "sigma_integral": [
    0.0004696576629822034,
    0.0010253797131695996
  ],
  "within_band": [
    [
      false,
      true
    ]
  ],
  "toy_seed": 35,
  "weights": [
    0.05849205224767773,
    0.004320256136825123,
    0.039631886878441276,
    -0.07081173858519545,
    -0.0009128062694681956,
    -0.010320337222504495,
    0.07102606241733399,
    0.022197368197089392,
    0.036103702195205,
    0.04442862750022761,
    0.055566161704639495,
    0.14155583567427446,
    0.021404445622129016,
    0.010862860716333909,
    0.036023797725234494,
    -0.01003922258008508,
    -0.02883759189999196,
    0.09232197505930809,
    -0.02817293907268685,
    0.09078383059499538,
    0.009438551849309975,
    0.0032312313689719058,
    0.007241654554705064,
    -0.03547589518800549,
    -0.010362253315471049,
    0.06860433738354209,
    0.06124340908965692,
    -0.06130667919694034,
    0.019947817342985192,
    -0.009595813503051982,
    0.06822735091999896,
    -0.11129473370238181,
    0.05774877074791017,
    -0.06054405084453795,
    0.005731518106530036,
    0.01164063178885292,
    -0.008697840237555404,
    -0.014046470012605857,
    0.007372997675033588,
    0.08352268977521796,
    0.13099259111593886,
    -0.03762986483987913,
    0.09401245388550808,
    -0.014332124999582892,
    -0.02366999952330106,
    -0.012063966950848281,
    -0.047877360905249376,
    0.04697607484051002,
    0.006653349255372648,
    -0.005694727070574811,
    0.012599957615294326,
    0.03594849974642265,
    0.012672096492250921,
    0.037029875854342684,
    0.006910835396965791,
    0.020896778060287908,
    0.005750721765448963,
    -0.03132474632885889,
    0.0013010748316122868,
    0.0925703634446932
  ],
  "sum weights": 0.9999733333283017
}