{
  "mu_target": [
    -0.5,
    1.59379243850708
  ],
  "mu_model": [
    [
      -0.49879147674595803,
      1.5951092046129716
    ]
  ],
  "diff": [
    [
      0.001208523254041971,
      0.001316766105891487
    ]
  ],
  "sigma_integral": [
    0.00045637015997554924,
    0.0009466083607381845
  ],
  "within_band": [
    [
      false,
      false
    ]
  ],
  "toy_seed": 151,
  "weights": [
    0.10600521347984124,
    0.008626932812701863,
    0.05366525352934094,
    -0.12015088509299433,
    -0.01912771601656,
    -0.006351632330461577,
    0.0736597898505159,
    0.043036944076451256,
    -0.02813673233032984,
    -0.0019758546869916137,
    0.047342619415677675,
    0.13393944997811458,
    0.050983336284339334,
    -0.05132581225540383,
    0.01652203137648588,
    -0.06024570043363985,
    0.005995383398239277,
    0.06899702905465709,
    -0.021769133907965026,
    0.10529153410424306,
    0.004750169309248609,
    0.028095071502986593,
    0.01879007379648646,
    -0.05170538364648545,
    -0.033247666326563466,
    0.0234627990365707,
    -0.024704441498832927,
    -0.061135060073976774,
    0.01404030662181028,
    -0.026778201416434045,
    0.04968920968534436,
    -0.110425864512256,
    0.09412301912382154,
    -0.08324229755941707,
    0.017511529244548272,
    0.00398777088529804,
    0.029314716042575996,
    -0.011365476441375724,
    -0.02641330925195034,
    0.12402459845740033,
    0.14239988209708795,
    -0.017658520318516013,
    0.0512662200786162,
    -0.010175261845926275,
    -0.026802878884081126,
    0.004249321158917913,
    -0.0006113256340494489,
    -0.006703087473968104,
    0.08078383286994696,
    0.03144617680915588,
    0.04625196917245133,
    0.1114032106030866,
    0.01465910395608832,
    0.08226410617475464,
    0.059296282334999444,
    -0.007933365686054662,
    0.05706353601797531,
    -0.021650201800615054,
    -0.010202756585740885,
    0.03687347699994077
  ],
  "sum weights": 0.9999733333291313
}