{
  "mu_target": [
    -0.5,
    1.59379243850708
  ],
  "mu_model": [
    [
      -0.4997205970078089,
      1.5935944248207008
    ]
  ],
  "diff": [
    [
      0.0002794029921910912,
      0.00019801368637928363
    ]
  ],
  "sigma_integral": [
    0.0004758143053125788,
    0.000958004316429203
  ],
  "within_band": [
    [
      true,
      true
    ]
  ],
  "toy_seed": 246,
  "weights": [
    0.049730468260924976,
    0.0027669609374598647,
    0.08057263713317137,
    -0.03222893011644811,
    0.021668674079632712,
    0.05760766949534512,
    0.014837932007421615,
    0.03848760199949322,
    -0.012785746681293952,
    0.009561692765820381,
    0.09143363089173673,
    0.10960951429613762,
    0.0316186101953853,
    -0.015531390920051185,
    0.0012697684340370764,
    -0.03245070200283725,
    -0.05898585437838168,
    0.08523053788661558,
    -0.0009424963065172604,
    0.12095971660467869,
    -0.04959247955117027,
    -0.0039600607139865145,
    0.01662326734261125,
    -0.00046129307740031705,
    -0.02766016211638259,
    0.043358318191920917,
    -0.016120893982959107,
    -0.021907656819606266,
    -0.007295371493702885,
    -0.020800682394294386,
    0.06755213908142933,
    -0.09832553265230091,
    0.12083483533500153,
    -0.018051864394860867,
    -0.050887638372464,
    0.005862866596201076,
    -0.021985385348934242,
    0.012314295371118219,
    0.01563914893278053,
    0.055483050253058705,
    0.15344661279628427,
    -0.010095888492381353,
    0.06108165102476981,
    0.008224656914484858,
    -0.0234120235181913,
    -0.026056757580729468,
    -0.019044952145029312,
    0.021576271349341255,
    0.054162737369233466,
    0.04072530989963316,
    0.05198776145860195,
    0.021351385524138993,
    0.006904397318497257,
    0.018763483446897836,
    0.03244784790207253,
    0.013285204801632996,
    0.006690744529221479,
    -0.044053181390360546,
    0.008099745374750047,
    0.06083913172655651
  ],
  "sum weights": 0.9999733330778144
}