{
  "mu_target": [
    -0.5,
    1.59379243850708
  ],
  "mu_model": [
    [
      -0.49953149368875766,
      1.59385435685739
    ]
  ],
  "diff": [
    [
      0.0004685063112423449,
      6.191835030988635e-05
    ]
  ],
  "sigma_integral": [
    0.00045435072852878137,
    0.0009445373316934181
  ],
  "within_band": [
    [
      false,
      true
    ]
  ],
  "toy_seed": 73,
  "weights": [
    0.0541604058753598,
    -0.050628723404869694,
    0.07780518967463715,
    -0.03464356627557807,
    0.001409110626436855,
    -0.009073954995627614,
    0.061512871732225145,
    0.06245359937334223,
    0.03554833264407193,
    0.04202902730528322,
    0.04650451776255949,
    0.10040936265998804,
    0.008368188033174202,
    0.02832347250334938,
    0.04511013637442022,
    -0.028389467322102208,
    0.01344417115812362,
    0.06329049497417978,
    -0.049959251139866434,
    0.08679993388252127,
    0.018161284900739108,
    0.009089608396120647,
    0.004644146186360205,
    -0.011631236804405877,
    -0.0731644502370293,
    0.07029397878739783,
    0.00010417051869459094,
    -0.056038420691280844,
    -0.0005000561158922647,
    -0.029707569761543696,
    0.050779208123242,
    -0.06842497786862617,
    0.1040939361267116,
    -0.010656207183793164,
    -0.06120784434681847,
    0.0025309227869955786,
    -0.057878625849697184,
    0.007712512544527968,
    -0.0046927562167275874,
    0.06995804810883748,
    0.15543824602108036,
    -0.010464009796677746,
    0.06416495178491716,
    -0.03082632575504878,
    0.008675407638989984,
    -0.0337354688732912,
    0.04661761054283325,
    -0.008161844757810437,
    0.048663988865740256,
    0.0165185916692653,
    0.03628289590185823,
    0.08119352421364247,
    0.04802063931173392,
    0.07314944454835899,
    -0.003297405249317375,
    0.007943996491356926,
    -0.023888118069290677,
    -0.036256037065815275,
    -0.04216968061070002,
    0.08419007033799858
  ],
  "sum weights": 0.9999999999952647
}