{
  "mu_target": [
    -0.5,
    1.59379243850708
  ],
  "mu_model": [
    [
      -0.4997152033482204,
      1.5941635959719975
    ]
  ],
  "diff": [
    [
      0.00028479665177960634,
      0.0003711574649174487
    ]
  ],
  "sigma_integral": [
    0.0004569860601642275,
    0.0009409168144121016
  ],
  "within_band": [
    [
      true,
      true
    ]
  ],
  "toy_seed": 80,
  "weights": [
    0.03487479014764136,
    0.008150341501363241,
    0.11538772733784992,
    -0.027181396430492763,
    0.0014928848269422522,
    -0.012514476065510012,
    0.009777459088822745,
    0.06717810638569029,
    0.009832798697286422,
    0.03326896776029367,
    0.08137695932768041,
    0.12036346476759523,
    0.012382285511246566,
    0.015908280535155705,
    0.04269709987489818,
    -0.015009458278558983,
    -0.024804885231838235,
    0.07335760198006291,
    -0.04799050377684585,
    0.06737619805467882,
    -0.004958894230305301,
    0.046443710246749405,
    -0.006208817555814654,
    -0.06603674912277802,
    -0.011837985556523866,
    0.054374001389366246,
    0.03261639429943486,
    -0.03202947147339917,
    0.030789057040321338,
    -0.043159870810951836,
    0.025838825265757794,
    -0.09056809723029074,
    0.13592786863458342,
    -0.017196673286954654,
    -0.006699071956365119,
    -0.03620444366204907,
    0.015790923509050654,
    -0.006269513747557841,
    -0.016688544149135752,
    0.07684373642838349,
    0.114390439251528,
    -0.022956702428188952,
    0.08443172169110236,
    -0.04206103049218539,
    -0.005851769640506278,
    -0.014460776047390175,
    0.038092712975162195,
    -0.04608014185710946,
    0.040384578152564986,
    0.023214607998624598,
    0.008689187034378232,
    0.08646060303962377,
    0.02429742954281284,
    0.02719591530263378,
    -0.013392545950891762,
    -0.006291137968804423,
    0.00338191216966779,
    0.006413098647704807,
    -0.007980140656289193,
    0.05543140916569046
  ],
  "sum weights": 0.9999999999756112
}