{
  "mu_target": [
    -0.5,
    1.59379243850708
  ],
  "mu_model": [
    [
      -0.49965186386496785,
      1.5956654038581437
    ]
  ],
  "diff": [
    [
      0.000348136135032151,
      0.0018729653510636268
    ]
  ],
  "sigma_integral": [
    0.000459142589932726,
    0.0009488615507236075
  ],
  "within_band": [
    [
      true,
      false
    ]
  ],
  "toy_seed": 165,
  "weights": [
    0.08158365605265246,
    0.0034703579265567748,
    0.058593923409831196,
    -0.12900497898531288,
    -0.021309655739415616,
    -0.00020510756709461072,
    0.06575641294635143,
    0.010763318412461132,
    0.005669154673471777,
    -0.002861413520392299,
    0.054248199527116056,
    0.1238363653228094,
    0.04438361595822163,
    0.05617978165492944,
    -0.0009978272992529273,
    -0.05382946131363342,
    0.0024390167596792956,
    0.06245996284409127,
    -0.025048034179899856,
    0.12379545416206783,
    -0.008913231696556728,
    0.050121473318920765,
    -0.04336630509061413,
    -0.019207794746770132,
    -0.04126411755170437,
    0.10210854303170865,
    0.02282421173238199,
    -0.027465581804538085,
    -0.00912359530558737,
    -0.034624045159742066,
    0.058605944637493475,
    -0.10401071621862402,
    0.08445652875683694,
    -0.0574015957521413,
    -0.03041332462535472,
    -0.0281037983166665,
    -0.03662205336913805,
    -0.01040343688113718,
    -0.056392821875545736,
    0.10482956301265714,
    0.13301786807154722,
    -0.06287693648071017,
    0.08648706688817442,
    0.0022175974384155434,
    0.008617650513148488,
    -0.009734252844323952,
    0.0173176038637852,
    -0.030506523776873753,
    0.08203151807166793,
    0.04013195944906181,
    0.05361929727928689,
    0.1100781880775308,
    0.016867984004196618,
    0.06343023102309721,
    0.0049557424362515244,
    0.03461022716443084,
    0.03663657045747943,
    -0.045049263549053545,
    0.034935642886179376,
    0.047641908541330366
  ],
  "sum weights": 0.9999866666557389
}