{
  "mu_target": [
    -0.5,
    1.59379243850708
  ],
  "mu_model": [
    [
      -0.49817182820484057,
      1.5933926594485401
    ]
  ],
  "diff": [
    [
      0.0018281717951594278,
      0.00039977905853993967
    ]
  ],
  "sigma_integral": [
    0.00045716637117066946,
    0.0009590707950996505
  ],
  "within_band": [
    [
      false,
      true
    ]
  ],
  "toy_seed": 194,
  "weights": [
    0.0398362328963426,
    0.030597790380174923,
    0.060872551600226234,
    -0.03660604903038747,
    0.008780079680915839,
    0.007293390591477219,
    0.040217884941741444,
    0.02394581999123304,
    -0.007975005856552246,
    0.024313559138157102,
    0.045121459132713974,
    0.10834593809381002,
    0.024543749967361576,
    0.012667012350999833,
    0.0357604902875976,
    -0.05173463670395494,
    -0.04834647960725238,
    0.07992074313608478,
    -0.02391861556953041,
    0.09885380162768524,
    -0.016191157822596513,
    -0.011368966971971426,
    -0.008848362347271236,
    -0.03342401923575401,
    -0.04294326219720248,
    0.08833692983560774,
    -0.0001129354358996537,
    -0.046248453985693244,
    -0.014026848916910922,
    0.007481576453246518,
    0.014652650244563284,
    -0.10003502833730891,
    0.07696310731686269,
    0.005968479885403346,
    0.013854160113628975,
    -0.03751855368173179,
    -0.011315174195711644,
    -0.01645667822782355,
    0.008660477760041958,
    0.03905620429823051,
    0.14477712818711844,
    -0.03890375700661058,
    0.06468504150847092,
    0.031182688298487637,
    0.04016663231244445,
    0.014116785967850326,
    0.020246400656599835,
    -0.007686977152294894,
    0.07338728882307204,
    -0.0012733497385290387,
    0.04447224646783483,
    0.01683497486173216,
    0.005040257627174624,
    0.042334240073806026,
    0.005640873744761373,
    0.016561401423819073,
    0.03956111009481767,
    0.014190497664334181,
    0.006620996072933256,
    0.07906499184020992
  ],
  "sum weights": 0.9999933333285859
}