{
  "mu_target": [
    -0.5,
    1.59379243850708
  ],
  "mu_model": [
    [
      -0.49901314375119876,
      1.5970656854369267
    ]
  ],
  "diff": [
    [
      0.0009868562488012378,
      0.0032732469298466516
    ]
  ],
  "sigma_integral": [
    0.00046156254833330476,
    0.0009930345651044668
  ],
  "within_band": [
    [
      false,
      false
    ]
  ],
  "toy_seed": 103,
  "weights": [
    0.10403096814664466,
    0.026092623521597816,
    0.07607418903534019,
    -0.05395188595901053,
    -0.00693945021151913,
    0.055050142462616795,
    0.01769434233491625,
    0.05313907784647477,
    -0.008735975123612624,
    0.02255183820659958,
    0.03587885285017724,
    0.12366224528582816,
    0.018041541064056296,
    0.05006971134138962,
    0.009459418393705708,
    -0.05306523137208019,
    -0.03302486683927967,
    0.0683340870731633,
    -0.051137858057352284,
    0.09782667953636286,
    0.005686653492829002,
    0.04283831755532881,
    -0.012136028097839233,
    0.00976900734157406,
    -0.042968798330039616,
    0.04764073802307631,
    -0.018222811124559826,
    -0.008224269994968036,
    0.0031727081712959932,
    -0.023524652587721986,
    0.08581573735893716,
    -0.09948605454447099,
    0.1038570500433792,
    -0.025288821883111226,
    0.00017034836235742221,
    -0.04955673119537776,
    -0.02952016857353476,
    -0.036521366770091955,
    -0.017231888263899615,
    0.04123370034835218,
    0.07072463244976424,
    -0.005670618160991306,
    0.12460522602057204,
    -0.00014587621604476205,
    -0.06962104945104715,
    -0.06998605913716717,
    -0.007395808327582488,
    -0.022272932032879323,
    0.03972274162842575,
    0.04463166373849702,
    0.09012334200562071,
    0.077551520419272,
    0.020418783608791038,
    0.07878379617115275,
    0.0076389064154257615,
    -0.0018811505945772096,
    0.02681249896129547,
    -0.04492452222726168,
    0.01084584541299496,
    0.10143927365101679
  ],
  "sum weights": 0.9999533332028113
}