{
  "mu_target": [
    -0.5,
    1.59379243850708
  ],
  "mu_model": [
    [
      -0.5000540007502973,
      1.5952214451458278
    ]
  ],
  "diff": [
    [
      5.400075029726725e-05,
      0.0014290066387476763
    ]
  ],
  "sigma_integral": [
    0.00045862575920231494,
    0.000946059666999031
  ],
  "within_band": [
    [
      true,
      false
    ]
  ],
  "toy_seed": 251,
  "weights": [
    0.048804213704654105,
    0.025855401855728703,
    0.06378148476990912,
    -0.060824431605284605,
    0.024810983887539374,
    0.000865129905049575,
    0.03535170544397063,
    0.03542914291633894,
    0.03614955946666683,
    0.037817310902349625,
    0.07911997347631025,
    0.13908709252051213,
    0.050651817098730616,
    0.04208244662294833,
    -0.0027078275849889066,
    -0.04628759440783848,
    -0.039107167979622916,
    0.00451181210844212,
    -0.027837386220269725,
    0.127668638617534,
    -0.014603731994574237,
    0.02253951050478221,
    -0.043032762073774544,
    -0.01924121496792744,
    -0.025934604562686966,
    0.047603921362027415,
    -0.0427641638600877,
    0.0052238678688091645,
    -0.006971232429995121,
    -0.026394725374164953,
    0.029923116186380248,
    -0.10395090059494548,
    0.11331456291371085,
    -0.0382908479896354,
    0.005316911626176713,
    -0.02795646628020656,
    -0.029447811382031164,
    0.017546280489190012,
    -0.00395546603125593,
    0.053519495695314404,
    0.11596671299225603,
    -0.02511943335344978,
    0.10526579863411373,
    -0.015321532198223516,
    -0.02329303119943429,
    -0.003864883919806621,
    0.003346924028451829,
    0.022218345473256566,
    0.07251413315247854,
    0.02677157111131398,
    0.06747863747999464,
    0.055764558638285645,
    0.04271744774878315,
    0.053431657577112074,
    0.03216800797948103,
    0.012974736645633084,
    -0.0020004985677315266,
    -0.02947804803016789,
    0.021599855581627157,
    -0.02081367104875041
  ],
  "sum weights": 0.9999933333290085
}