{
  "mu_target": [
    -0.5,
    1.59379243850708
  ],
  "mu_model": [
    [
      -0.4995844057542751,
      1.5946349611794646
    ]
  ],
  "diff": [
    [
      0.000415594245724904,
      0.0008425226723844936
    ]
  ],
  "sigma_integral": [
    0.0011625973786837313,
    0.0011109624430922168
  ],
  "within_band": [
    [
      true,
      true
    ]
  ],
  "toy_seed": 288,
  "weights": [
    0.11225888976861056,
    -0.0017801707327516404,
    0.06513451499532913,
    -0.08510659393191117,
    -0.011870826023686571,
    0.03265002589028991,
    0.04621976765492433,
    0.048091087346849797,
    0.04219193482418675,
    -0.0005724533883942533,
    0.022042969315905478,
    0.11506395643851354,
    0.032986632580271937,
    0.0008344164689370298,
    0.019292907846890653,
    -0.05698241188063203,
    -0.05147394176463978,
    0.05018008080457458,
    -0.021905469838970307,
    0.1191538172045489,
    0.013400008285758883,
    0.03473486752624253,
    0.029050690628823046,
    -0.048941818665794924,
    -0.04330278592240369,
    0.09552510148740766,
    -0.0015698944692934238,
    -0.07084161558873911,
    -0.009245751398141948,
    -0.03790835796845413,
    0.07346641803064201,
    -0.11331481237696943,
    0.07524789105532421,
    -0.03075509208613668,
    0.021201582940464744,
    -0.006595041525775337,
    -0.028998487209873643,
    -0.014081292642664188,
    -0.02325178703434426,
    0.11183163215099344,
    0.1334152092719683,
    -0.03167483710470402,
    0.0742590430943633,
    -0.045147578039856834,
    -0.014135218621242287,
    -0.03912740944102904,
    0.01796882421845299,
    -0.0027266281738375794,
    0.07906113385556424,
    0.034977364283906735,
    0.041198739312586705,
    0.06818161798326408,
    0.03201409586942614,
    0.05833714030584161,
    0.007871076508551806,
    0.03225060883500857,
    0.015317793114291383,
    -0.02138745104693415,
    0.007559584012414086,
    0.04970630296186384
  ],
  "sum weights": 0.9999799999958123
}