{
  "mu_target": [
    -0.5,
    1.59379243850708
  ],
  "mu_model": [
    [
      -0.4989410668732694,
      1.5940216482654017
    ]
  ],
  "diff": [
    [
      0.0010589331267306101,
      0.0002292097583216357
    ]
  ],
  "sigma_integral": [
    0.0004649678527465636,
    0.0009621467169470666
  ],
  "within_band": [
    [
      false,
      true
    ]
  ],
  "toy_seed": 55,
  "weights": [
    0.044760888083953766,
    0.006316964522829217,
    0.04396664045132885,
    -0.12754689671657637,
    -0.021313455906769842,
    0.05270557470550888,
    0.06149013481600061,
    0.07222857462543297,
    -0.0018093827544543198,
    0.028601028364338907,
    0.11664448806331068,
    0.16045803042102272,
    0.03607870880334923,
    -0.005751591607681578,
    -0.02791152596892403,
    -0.053862706013466974,
    -0.021882937506125896,
    0.005487104690161779,
    -0.03764226941304439,
    0.08134480460505569,
    0.004252374621496448,
    0.06448570411309118,
    -0.040636635679607645,
    -0.06343350453317384,
    -0.03727926470590143,
    0.07766208367779685,
    0.04078108127108444,
    -0.023523096808461867,
    -0.048368762194710056,
    -0.019676617345349055,
    0.04428843757188709,
    -0.09490627985891426,
    0.075317584634784,
    -0.03672336297314129,
    -0.07400455196350442,
    -0.06219640421934102,
    0.004723086759060699,
    -0.024435291681108858,
    -0.02863071830458861,
    0.07800854793470298,
    0.23103464263901788,
    -0.03183070682364189,
    0.0833551574334054,
    0.0063099211849475595,
    0.0007910194100014733,
    0.014638611980115417,
    0.00701445922602665,
    -0.02945354144163753,
    0.0923253912414001,
    0.04543859218764125,
    0.04994648956194545,
    0.07894742455117967,
    0.04070467797557165,
    0.03975099421864961,
    0.049295772884695756,
    0.010115113559602101,
    0.057821929970316696,
    -0.02459069085178411,
    -0.016811829046133382,
    0.04710331687416143
  ],
  "sum weights": 0.9999733333168322
}