{
  "mu_target": [
    -0.5,
    1.59379243850708
  ],
  "mu_model": [
    [
      -0.49886614144558117,
      1.5939760925991397
    ]
  ],
  "diff": [
    [
      0.0011338585544188318,
      0.00018365409205967076
    ]
  ],
  "sigma_integral": [
    0.0004477375315194859,
    0.0009395136789035009
  ],
  "within_band": [
    [
      false,
      true
    ]
  ],
  "toy_seed": 47,
  "weights": [
    0.02721022248911855,
    0.017655112640100303,
    0.06844325346928298,
    -0.033279507571313705,
    -0.023304002141845984,
    -0.01047801406320731,
    0.06799822892587529,
    0.01736791339669502,
    -0.02962883007334429,
    -0.02783625922249048,
    0.03206540549001691,
    0.08380737630028888,
    0.024442940541665827,
    0.03784565343956957,
    0.05670945581271256,
    -0.050384834966560106,
    -0.033182339000768266,
    0.11884231624792162,
    -0.029338056810015348,
    0.08636422351930603,
    0.011700776477865093,
    0.0384351820686588,
    -0.0024176855831289008,
    -0.04125338628815253,
    -0.03854307513415427,
    0.08535637915746347,
    0.025757992579261348,
    -0.01603793575177927,
    0.03089636328426632,
    -0.018857576979626294,
    0.0787559647563857,
    -0.11595967503961373,
    0.1177377878215799,
    -0.04164124625539406,
    -0.0010546373369228173,
    -0.05848302374093995,
    0.0027749694957680984,
    -0.03815760572297723,
    -0.012698552115687647,
    0.07636026091228885,
    0.10012943377654931,
    -0.054865844909836745,
    0.09157801052890475,
    0.013522192966409134,
    -0.03781717647825031,
    -0.028183119627717308,
    0.01023227846272985,
    0.02863579586153465,
    0.05126619904054224,
    0.032071921569317714,
    0.03761551172847163,
    0.10693523832353972,
    0.027053594986693748,
    0.07813688531295997,
    -0.00713640221344309,
    0.004448274913306445,
    -0.013445368615550596,
    -0.021769063660608285,
    0.015023344187968949,
    0.08255009211302076
  ],
  "sum weights": 0.9999733332947114
}