{
  "mu_target": [
    -0.5,
    1.59379243850708
  ],
  "mu_model": [
    [
      -0.49873651023751725,
      1.5959933887028845
    ]
  ],
  "diff": [
    [
      0.0012634897624827501,
      0.002200950195804463
    ]
  ],
  "sigma_integral": [
    0.00045797544219573213,
    0.000938248461356423
  ],
  "within_band": [
    [
      false,
      false
    ]
  ],
  "toy_seed": 276,
  "weights": [
    0.03464551007411531,
    0.018962142501746576,
    0.05354209773205154,
    -0.11335722220084381,
    0.01723148618981152,
    0.052311318279303395,
    0.06317444779701449,
    0.043791530252150004,
    0.007458489033478514,
    0.053441362526582846,
    0.039525801073536586,
    0.12678330917859118,
    0.03897385514715634,
    0.04570052794588454,
    -0.020222042609004738,
    -0.038600120000068155,
    -0.02053156468506903,
    0.04543998917855587,
    -0.02245117695267005,
    0.11249042210550132,
    0.00333563203613979,
    0.03202034869931318,
    0.0148309789953488,
    0.00971211417403835,
    -0.04077626163618471,
    0.04514332656175962,
    -0.010364346495745892,
    -0.06982789477358324,
    -0.04623654249664623,
    -0.028283096651862884,
    0.09435725674420016,
    -0.13493578937880188,
    0.10856625860959555,
    -0.036433613184490066,
    -0.03470746932797848,
    -0.043517145298672885,
    -0.0021095051551104516,
    0.011948844054210102,
    -0.042403250856653286,
    0.08291652907740497,
    0.14236779285673778,
    -0.027721471103576163,
    0.05435407310591306,
    -0.036682238110412387,
    0.004910558003094691,
    -0.00773156454834477,
    -0.016232147575412526,
    0.001779723344387268,
    0.07317862565934952,
    0.0315991646706069,
    0.08259287601655808,
    0.07407190657276769,
    0.031666507595239875,
    0.05645044307979995,
    -0.002378284633738711,
    0.013967519307983978,
    0.04000462426713473,
    -0.010767015995846561,
    -0.029140650518190817,
    0.07215635506295495
  ],
  "sum weights": 0.9999933333211114
}