{
  "mu_target": [
    -0.5,
    1.59379243850708
  ],
  "mu_model": [
    [
      -0.4989467391279341,
      1.5946897710292496
    ]
  ],
  "diff": [
    [
      0.0010532608720659198,
      0.0008973325221695028
    ]
  ],
  "sigma_integral": [
    0.00046279185872330676,
    0.0009539189366126386
  ],
  "within_band": [
    [
      false,
      true
    ]
  ],
  "toy_seed": 239,
  "weights": [
    0.05294192781246289,
    0.014176980034525347,
    0.06840359964548658,
    -0.031029767102153882,
    0.042594384150549475,
    0.022590853387408003,
    0.04897324230775248,
    0.021171015401326994,
    -0.03778964840792116,
    -0.005665588088272034,
    0.06714871446381081,
    0.0892386366444964,
    0.01863525021703665,
    -0.030308499426831333,
    0.06749482815239835,
    -0.04865675646932385,
    -0.021405274599486632,
    0.062977829874316,
    -0.02000182176298999,
    0.09608278334067469,
    -0.003909326487575029,
    0.00042354457636860024,
    0.0137640371677729,
    -0.04774915172559532,
    -0.06819099348718205,
    0.060040848694521635,
    -0.00858264993618635,
    0.02433467850135011,
    0.00235378688500316,
    -0.026718242929020704,
    0.05206920694384747,
    -0.10152076825463496,
    0.0960307722571693,
    -0.01624332632908404,
    -0.010443901847990726,
    0.01310049013266883,
    -0.024084008404782982,
    -0.005082661172254345,
    -0.017781037264848372,
    0.058210011715313495,
    0.11949145716166201,
    -0.02447266987466219,
    0.05581551310511581,
    0.017309369810546676,
    -0.02657145915657473,
    -0.028826754779547197,
    0.005155361250214327,
    0.0321113994142497,
    0.05419043164640456,
    -0.023300914672204298,
    0.05152515348170078,
    0.06939893506960393,
    0.019045390556006882,
    0.06593018996036847,
    0.05151981712718217,
    0.033053728180531726,
    0.020457617045875176,
    -0.03278525803795301,
    -0.018474720764734602,
    0.091813414855401
  ],
  "sum weights": 0.9999799999893135
}