{
  "mu_target": [
    -0.5,
    1.59379243850708
  ],
  "mu_model": [
    [
      -0.49925555750125633,
      1.5943976179678403
    ]
  ],
  "diff": [
    [
      0.0007444424987436693,
      0.000605179460760219
    ]
  ],
  "sigma_integral": [
    0.0004514321029003452,
    0.0009423864927757926
  ],
  "within_band": [
    [
      false,
      true
    ]
  ],
  "toy_seed": 88,
  "weights": [
    0.042817011879817915,
    0.09655123573113045,
    0.07986390536061587,
    -0.014724064251190805,
    -0.021548539975111723,
    0.03192948230703735,
    0.048926651280333015,
    0.017142241707249425,
    -0.022551258141832835,
    0.0018069154244630442,
    0.08348196494449936,
    0.10716254065898731,
    0.01165307756077406,
    0.011002579766516552,
    -0.022999430237245395,
    -0.0008389616001265592,
    -0.06524065783788642,
    0.06054996369196673,
    -0.0484305567085816,
    0.09075204863470833,
    0.013796841061204101,
    0.010411047467480802,
    0.01256187163168397,
    0.0072365161693923935,
    -0.00923538044653106,
    0.042155225520116,
    0.01182250280830705,
    0.00031528621942676627,
    0.00593728568729597,
    -0.00624480770175246,
    0.08092231013557936,
    -0.136420602450348,
    0.1050681211979948,
    -0.03339259084214058,
    0.009910850684775098,
    -0.059643147321162986,
    -0.017029054936104928,
    -0.009242866177791973,
    0.01977249763572007,
    0.08280354395315079,
    0.14699585942039234,
    -0.08885435079782633,
    0.10092915813401952,
    -0.03363190918803741,
    -0.025198472039465125,
    -0.052051004442506994,
    -0.024561921223231586,
    0.0435032176262184,
    0.04230908583019803,
    0.022745929605140262,
    0.03996001086790699,
    0.07094065369005471,
    -0.007565610659802944,
    0.025734477497419493,
    -0.029279503545284087,
    0.02352747950360818,
    0.0033753593522220043,
    0.00847030653281352,
    0.0035919030673987108,
    0.1102477302690436
  ],
  "sum weights": 0.9999999999927005
}