{
  "mu_target": [
    -0.5,
    1.59379243850708
  ],
  "mu_model": [
    [
      -0.49987632084854905,
      1.595200313538192
    ]
  ],
  "diff": [
    [
      0.00012367915145095054,
      0.0014078750311119492
    ]
  ],
  "sigma_integral": [
    0.004367271039659798,
    0.004635146974422602
  ],
  "within_band": [
    [
      true,
      true
    ]
  ],
  "toy_seed": 49,
  "weights": [
    0.060345075341117604,
    0.0008718653525754081,
    0.06631345377650875,
    -0.06513069230255407,
    0.024298457111859233,
    -0.02499517598598563,
    0.06185580409046444,
    0.05347733447424249,
    -0.039335082582125556,
    0.02274244813130733,
    0.05463209719624429,
    0.17104689137938475,
    0.02816316446211178,
    0.04042856215210075,
    0.019445104801583436,
    -0.01688496293274278,
    -0.0384388481121225,
    0.08747042109982267,
    -0.03010548175519705,
    0.14645545179277156,
    0.02068375817328294,
    0.02885517413404738,
    -0.003510709052018499,
    -0.038603953310989925,
    -0.027229995613064096,
    0.04141679803977646,
    -0.038876523214458204,
    -0.04261591659808453,
    -0.02461551609980333,
    -0.01644780258085387,
    0.043447470958200944,
    -0.08439680272408245,
    0.05080682213075107,
    -0.07408231822106319,
    -0.04725268257244809,
    -0.007612607542596709,
    0.002164234831583858,
    -0.036850732615261506,
    -0.02837802755477324,
    0.09028344664266902,
    0.16667574240998367,
    0.0038913605506076007,
    0.08311771740595075,
    -0.04746223333577198,
    -0.022099761439478834,
    -0.022354562865311844,
    -0.01182963742070597,
    0.008837817134988019,
    0.046478692092084675,
    0.0311072849776787,
    0.03601730552167516,
    0.05171486939155715,
    0.022587233108657585,
    0.06220468552880261,
    0.042548489633304556,
    0.01969014213790593,
    0.03113016679860991,
    -0.018188725175931442,
    0.001142593984426615,
    0.08490414818743892
  ],
  "sum weights": 0.9999533333286528
}