{
  "mu_target": [
    -0.5,
    1.59379243850708
  ],
  "mu_model": [
    [
      -0.4989061913016313,
      1.5944021870992844
    ]
  ],
  "diff": [
    [
      0.0010938086983687256,
      0.0006097485922043067
    ]
  ],
  "sigma_integral": [
    0.0004586358489408265,
    0.0009537534502980561
  ],
  "within_band": [
    [
      false,
      true
    ]
  ],
  "toy_seed": 185,
  "weights": [
    0.06197294575136758,
    0.0014903237006982002,
    0.006453664098987591,
    -0.015274588589826289,
    -0.013612907346948306,
    0.02471511731245541,
    0.05905427758665816,
    0.028696110724014633,
    -0.0013961218241244837,
    0.024802191117820355,
    0.03616417654660567,
    0.15421108569007527,
    0.03330521378746542,
    0.016019535081162897,
    0.038721839606344434,
    -0.06902962423214193,
    -0.012635606443900691,
    0.031095632421947045,
    -0.01936212785376527,
    0.07262634044393924,
    -0.02145084979709424,
    0.02000650892915524,
    -0.006590284442482078,
    -0.04983281947938629,
    -0.029753504268079187,
    0.1190224896079979,
    0.0162324178244532,
    -0.013324466558290156,
    -0.05926234564173498,
    -0.03301344692953437,
    0.03671716255374845,
    -0.09239519028083353,
    0.06353733176921017,
    -0.036301015049514,
    -0.014008038653462493,
    -0.033389193143305955,
    -0.008406551613487459,
    -0.0029628072497702817,
    -0.0052134320440564855,
    0.08473148912109117,
    0.15411201656366796,
    -0.04845285300024105,
    0.08626584657741344,
    0.024451441065089785,
    0.017659822742942328,
    -0.03717942228865084,
    -0.001210071428887143,
    0.024634511952038647,
    0.06074175591205785,
    0.016050085240454974,
    0.07835618172473748,
    0.06910345092042655,
    0.026292728915229373,
    0.009057086064986623,
    0.04364173170734542,
    0.04428687993658284,
    0.0019135346175775823,
    -0.03888263852782605,
    0.0069382817425379,
    0.06985203065566156
  ],
  "sum weights": 0.9999933333266048
}