{
  "mu_target": [
    -0.5,
    1.59379243850708
  ],
  "mu_model": [
    [
      -0.4989606950564837,
      1.5956253054863427
    ]
  ],
  "diff": [
    [
      0.0010393049435162838,
      0.0018328669792626595
    ]
  ],
  "sigma_integral": [
    0.000465796481162303,
    0.0009518711762076649
  ],
  "within_band": [
    [
      false,
      false
    ]
  ],
  "toy_seed": 149,
  "weights": [
    0.09367936052359233,
    0.02694322616880695,
    0.06717360457399262,
    -0.07877404870325239,
    0.020151630912984733,
    0.020787775765602725,
    0.03469632609048652,
    0.07525221904222362,
    0.007700021692751659,
    0.019238497843379544,
    0.06076412535416845,
    0.12720638639432416,
    0.041403177768141064,
    0.030748521947185935,
    -0.02498358989442434,
    -0.05190919757088887,
    -0.012582162832924107,
    0.03215757714430949,
    -0.036968311511270405,
    0.12950895219628752,
    0.023470675069559667,
    0.046485797927296374,
    -0.02302778055930998,
    -0.05113107180890135,
    -0.03829395651470239,
    0.09769715072299867,
    0.056263540642073555,
    -0.07721918479097858,
    -0.01594947496596923,
    -0.03364589805550365,
    0.04936798855728984,
    -0.0906742440445765,
    -0.006496970772697858,
    -0.015084212586632345,
    0.0006298134188194795,
    0.003431911302214386,
    0.016209679767121045,
    -0.022663674017170427,
    -0.048383937018117225,
    0.11231789506051533,
    0.17474423191013774,
    -0.0037605480300098217,
    0.10984127932842214,
    -0.013213378603308432,
    0.03123409102737431,
    -0.06979997282081563,
    -0.03551344550973748,
    0.01123875103623697,
    0.07594627608107207,
    0.011316587145217721,
    -0.01068560745281316,
    0.07376584761517654,
    -0.0013498740546766762,
    0.022002353243254637,
    0.0019074433670533846,
    -0.021113660326000178,
    0.0548037425496566,
    -0.02796405433028218,
    -0.00663313194305837,
    0.05772826285729156
  ],
  "sum weights": 0.999993333328998
}