{
  "mu_target": [
    -0.5,
    1.59379243850708
  ],
  "mu_model": [
    [
      -0.5000190326940936,
      1.5959616289970586
    ]
  ],
  "diff": [
    [
      1.903269409364583e-05,
      0.0021691904899785452
    ]
  ],
  "sigma_integral": [
    0.00045583155528304965,
    0.0009615784432849597
  ],
  "within_band": [
    [
      true,
      false
    ]
  ],
  "toy_seed": 222,
  "weights": [
    0.05275386659759937,
    0.012630996088703992,
    0.0696417537117162,
    -0.013373398908786518,
    0.04584881404123854,
    -0.010177396034802786,
    0.038533604657984395,
    0.04671217898717342,
    -0.04717604908801446,
    0.03617389774153456,
    0.07499428938533513,
    0.11241449456276488,
    0.010206390542389998,
    -0.013772479972246569,
    0.04508698939194751,
    -0.045158588290262106,
    -0.06125748815405287,
    0.02710623102826775,
    -0.04192750782659837,
    0.13803173641302707,
    0.018397769851287334,
    0.020864361021408106,
    -0.0011575861926135984,
    -0.017809133717249178,
    -0.025305356154341454,
    0.05625030557327657,
    0.02594106380895264,
    -0.019654417897617064,
    -0.03250828386579258,
    -0.024843483575735154,
    0.051305021318682746,
    -0.08655247982868754,
    0.07407440447244092,
    -0.00038924236363986094,
    -0.045962759885937496,
    -0.05948696244853552,
    0.007517440047345099,
    -0.018531751662421155,
    0.010846391995978534,
    0.04682111392827272,
    0.14051075501204904,
    -0.03863827766070808,
    0.0932301744302143,
    -0.03303842407933241,
    -0.02864653754364032,
    -0.06447112162558157,
    0.009610703453052885,
    0.027635803507513313,
    0.059673459180671296,
    0.02253088150411897,
    0.021655419062253243,
    0.08895928430431609,
    0.023041733383299616,
    0.048424624385574364,
    0.01192066324141581,
    0.029441329690465874,
    0.04877414851935113,
    -0.007001475880778863,
    0.004892600921873011,
    0.0843788402221221
  ],
  "sum weights": 0.9999933333282431
}