{
  "mu_target": [
    -0.5,
    1.59379243850708
  ],
  "mu_model": [
    [
      -0.4994399661349804,
      1.5931172132172795
    ]
  ],
  "diff": [
    [
      0.0005600338650196268,
      0.000675225289800574
    ]
  ],
  "sigma_integral": [
    0.00045473268678982706,
    0.0009535646137312661
  ],
  "within_band": [
    [
      false,
      true
    ]
  ],
  "toy_seed": 279,
  "weights": [
    0.07478834634158112,
    -0.005643101581214216,
    0.060343805608806096,
    -0.046164777191739115,
    -0.031973850391295876,
    0.038837768673983496,
    0.04255538962431688,
    0.00591685901005443,
    0.04790838447931538,
    0.06688785953667747,
    0.05701225353618793,
    0.09745885472184393,
    0.012811660272733082,
    -0.012093639349599818,
    0.012061301689201762,
    -0.03789874051125592,
    -0.003826485432355789,
    0.05153638332038152,
    -0.030461191263983018,
    0.057467334941690866,
    -0.019433327496590685,
    0.034060847887574706,
    -0.0060292916432125076,
    -0.022505897212038408,
    -0.024557482176382824,
    0.06839997745637708,
    0.047328886931553446,
    0.0015360603144142539,
    -0.007516482045038719,
    -0.04151110703804029,
    0.007976924996443011,
    -0.11034222029127891,
    0.07927012317671535,
    -0.06038345348216608,
    0.00871089245889635,
    0.0015724141122054034,
    -0.0032194205680116106,
    -0.004529816467362022,
    0.02871684067901538,
    0.027510616552680986,
    0.15531220701983237,
    -0.03412753269506993,
    0.10515998238390316,
    0.017923387895886222,
    -0.03525455663110887,
    -0.0202627480683713,
    0.010421903946530251,
    0.021451618462343128,
    0.05159151820025424,
    0.01652295979734466,
    0.07582816133620865,
    0.05917406621414875,
    0.044462200118272475,
    0.037868050829647934,
    0.018672944435735334,
    0.016773030790442324,
    -0.011196878189030063,
    -0.04386901551119274,
    0.017024551401264073,
    0.03393131274379955
  ],
  "sum weights": 0.9999866666619244
}