{
  "mu_target": [
    -0.5,
    1.59379243850708
  ],
  "mu_model": [
    [
      -0.4999909915746502,
      1.59453149503057
    ]
  ],
  "diff": [
    [
      9.008425349787963e-06,
      0.0007390565234899338
    ]
  ],
  "sigma_integral": [
    0.0004926151833303183,
    0.0009616035363813778
  ],
  "within_band": [
    [
      true,
      true
    ]
  ],
  "toy_seed": 64,
  "weights": [
    0.05653431927434315,
    0.03753872404646057,
    0.09679475616644839,
    -0.07480980211961535,
    0.033192578862359635,
    0.011635333310673651,
    0.017763460366936976,
    0.05114471052269972,
    0.019865838290474905,
    0.01843101579022482,
    0.056292168040530534,
    0.13940998654188883,
    0.025683008439601408,
    0.0028360432950423537,
    -0.01666096827195744,
    -0.06684110391203381,
    -0.027558106434047932,
    0.0450428867742571,
    -0.012986694262491329,
    0.07183516849822992,
    0.01959835039826868,
    0.011081558305269999,
    -0.025412808271566972,
    -0.008813260199184957,
    -0.06067151982008111,
    0.037623594024172355,
    -0.010386858099498885,
    -0.035891542259200916,
    -0.009450436673029985,
    -0.012671397254981717,
    0.07932270494920599,
    -0.13265511258342208,
    0.10838390268062566,
    -0.019129395862963357,
    -0.012433648830446167,
    -0.017635552997529537,
    -0.028252053384927818,
    -0.0071233037447968675,
    0.01410907224908844,
    0.07383228823134626,
    0.13331882203082784,
    -0.04665074025644415,
    0.07811325940965937,
    -0.009301025584984439,
    -0.026967406160681676,
    -0.003861246639274867,
    -0.000481931344195223,
    -0.018988365594130963,
    0.0628960570713595,
    0.04534803228521679,
    0.07102625171541196,
    0.06208111531312659,
    0.04239733766016047,
    0.0973926758305335,
    -0.008057548894283745,
    0.03664130918467863,
    -0.006278088404344972,
    -0.06364462409258187,
    -0.010461798528014822,
    0.11685001091720545
  ],
  "sum weights": 0.9999399999956163
}