{
  "mu_target": [
    -0.5,
    1.59379243850708
  ],
  "mu_model": [
    [
      -0.49874031490300674,
      1.5935962723658466
    ]
  ],
  "diff": [
    [
      0.0012596850969932571,
      0.0001961661412335225
    ]
  ],
  "sigma_integral": [
    0.00047458748105592155,
    0.0009785993959269205
  ],
  "within_band": [
    [
      false,
      true
    ]
  ],
  "toy_seed": 71,
  "weights": [
    0.07575820783773346,
    0.003789000899004226,
    0.05443500409780185,
    -0.08936564661698296,
    -0.007525993630510053,
    0.06559029961784568,
    0.09304334715376528,
    0.04203876050111217,
    -0.04580446998498774,
    0.0038382511761852114,
    0.07947659110257856,
    0.11212724094161845,
    0.023619809300787945,
    0.0397230300011731,
    0.02872981492862667,
    -0.030141474371076914,
    -0.02299884313907798,
    0.05285185995742939,
    -0.039533990043373546,
    0.0814408426433322,
    -0.02725398918488403,
    0.03682069291869389,
    -0.007254046523013547,
    -0.01657970522213111,
    -0.04773489969747523,
    0.08395350882932089,
    -0.03448653669604137,
    -0.049242360487083,
    0.010895122970003791,
    -0.006530507198984473,
    0.021383363646819954,
    -0.10723243517673994,
    0.11920023526097775,
    -0.08254208553105866,
    -0.026435404214913534,
    -0.010464807082141423,
    0.008526619186315552,
    -0.002665741504274756,
    -0.04297839859612878,
    0.05205913399161102,
    0.12324752241034073,
    -0.02200967932720875,
    0.08142771772119935,
    -0.008651440662602844,
    0.019470560494808935,
    -0.00914095939900639,
    0.03629372441966675,
    0.04647749347115908,
    0.020756543288722024,
    0.002435979968296698,
    0.037556766170674896,
    0.10228142316117159,
    0.04521681150793387,
    0.06062872752444981,
    0.025200827947839052,
    0.005452577023452452,
    0.028401237990287622,
    -0.031318692723596664,
    0.01323668131598603,
    0.030473442296825443
  ],
  "sum weights": 0.9999666666622578
}