{
  "mu_target": [
    -0.5,
    1.59379243850708
  ],
  "mu_model": [
    [
      -0.49966466794395864,
      1.5949263304216323
    ]
  ],
  "diff": [
    [
      0.00033533205604135974,
      0.0011338919145522652
    ]
  ],
  "sigma_integral": [
    0.000492242266240765,
    0.0009525863442303821
  ],
  "within_band": [
    [
      true,
      false
    ]
  ],
  "toy_seed": 116,
  "weights": [
    0.07158430660770983,
    0.0562326144451597,
    0.07720379125104444,
    -0.05769913057800126,
    0.010295647849571331,
    0.05741408797197499,
    0.05640627223219193,
    0.05140602192078842,
    0.09571325909225925,
    -0.011631614985341031,
    0.07477549333971913,
    0.13297005885824872,
    0.03018349998460363,
    0.04028826474532163,
    -0.01779485616315454,
    -0.036910939786653,
    -0.042585607416497466,
    0.031888925083852236,
    -0.02348818373009114,
    0.15180153815476927,
    -0.013029356816864849,
    0.05295907524493555,
    -0.0025811813973621064,
    -0.033869525371907204,
    -0.035327190514800356,
    0.09502642966551245,
    0.027798140973195266,
    -0.044415733078364175,
    0.0069724097254276985,
    -0.04356056502097064,
    0.06464390706345413,
    -0.11590891299299884,
    0.08050149552317061,
    -0.03541723470986366,
    -0.01914195945540081,
    -0.030453157665110545,
    -0.026358870506606645,
    -0.03507793666338492,
    -0.0005936423357483338,
    0.04332002419267608,
    0.120580683233404,
    -0.042978922124927925,
    0.028153341712395495,
    -0.053894275395031915,
    -0.03203148353997055,
    -0.034474455972000724,
    -0.019104094796828095,
    -0.015561329596550896,
    0.08165329779786645,
    0.013360821820691347,
    0.04781785681016487,
    0.0647303129968112,
    0.04810888110758731,
    0.034484945312763624,
    -0.041769112493882266,
    0.03166631860542614,
    0.023470812762061092,
    -0.0015151850051485635,
    -0.008821306676691844,
    0.07256322862875976
  ],
  "sum weights": 0.9999799999233634
}