{
  "mu_target": [
    -0.5,
    1.59379243850708
  ],
  "mu_model": [
    [
      -0.4996636453328079,
      1.5956372501188214
    ]
  ],
  "diff": [
    [
      0.00033635466719211804,
      0.001844811611741326
    ]
  ],
  "sigma_integral": [
    0.0004556352260601906,
    0.0009388752876816831
  ],
  "within_band": [
    [
      true,
      false
    ]
  ],
  "toy_seed": 209,
  "weights": [
    0.06375330431733163,
    0.030021189254076645,
    0.07386314142786095,
    -0.040318034952585624,
    -0.01337024877956215,
    -0.027369867227541016,
    0.06597050363576633,
    0.04637089695841136,
    0.005596775493274774,
    -0.0007687911601422839,
    0.07262783022532596,
    0.117077573004859,
    0.045055549235527494,
    0.0114233830458651,
    0.00801645807108566,
    -0.03671854222104011,
    -0.05520648100959517,
    0.02966928369324578,
    -0.010790126926756334,
    0.11629142904761551,
    0.0006567086546471781,
    0.03382394522018447,
    0.021244637112275457,
    -0.04834451573646042,
    -0.044127570535249724,
    0.08069838455448462,
    0.010503410392730065,
    0.00467400782267058,
    -0.04128153321156212,
    0.007967042944464918,
    0.01320634523219141,
    -0.07879851367815131,
    0.0856173529743255,
    -0.026359171633379586,
    0.0010446495417336652,
    -0.013577098238878434,
    -0.012360895627804739,
    -0.0168723349056078,
    -0.001342282981266943,
    0.08859787790274265,
    0.11077351585900455,
    -0.03711566915906012,
    0.08439133089582652,
    -0.00734487046323744,
    0.02037886561150505,
    -0.07442982109784282,
    0.020552480833167543,
    0.001493607382246353,
    0.07773453471492642,
    0.022428304149552797,
    0.08340610294564525,
    0.041014645282420804,
    0.009654158451513866,
    0.01728979901468353,
    0.018639887682116302,
    0.009371597172942024,
    -0.025377423171221016,
    -0.01349360963052426,
    -0.01135045790866779,
    0.08581068382603045
  ],
  "sum weights": 0.999993333328141
}