{
  "mu_target": [
    -0.5,
    1.59379243850708
  ],
  "mu_model": [
    [
      -0.49942562623775555,
      1.5930630825375773
    ]
  ],
  "diff": [
    [
      0.0005743737622444511,
      0.000729355969502743
    ]
  ],
  "sigma_integral": [
    0.00045875268560580107,
    0.0009538012779223762
  ],
  "within_band": [
    [
      false,
      true
    ]
  ],
  "toy_seed": 262,
  "weights": [
    0.0530238168050042,
    -0.030929635613222435,
    0.07799870376986841,
    -0.07647989105283261,
    -0.00262757535948605,
    0.022602348522267033,
    0.066794381211855,
    0.03293922939184532,
    -0.025498658456565883,
    -0.0012864523812560731,
    0.0877951551983056,
    0.0963429165048683,
    0.02699633316873891,
    0.030328464817678726,
    0.05755290044098194,
    -0.04144416675731028,
    -0.008319653031929513,
    0.08586428078627464,
    -0.04224650095681006,
    0.09727571386385118,
    -0.007442672496729051,
    0.05581686813695953,
    -0.0014469399881102255,
    -0.04223082357757003,
    -0.04478644288710729,
    0.13197264298373154,
    -0.0018063660074067321,
    -0.03352283458950197,
    -0.012882604905476977,
    -0.046178208956479144,
    0.032674245797410295,
    -0.12707565110857413,
    0.1229961829204006,
    -0.05044161056762187,
    -0.025678765372273964,
    -0.031198819577640972,
    -0.009064564554897523,
    -0.01367768332683444,
    0.024791424315341162,
    0.05810859554728917,
    0.1405530216178461,
    -0.0609373678653534,
    0.09435417648359669,
    -0.0194300268496135,
    -0.01639900804805411,
    -0.04663622838700569,
    -0.014561258214152937,
    -0.005276587458387094,
    0.08771227082476798,
    -0.0076504585889456255,
    0.0716801587534284,
    0.08211508506768268,
    0.033293523017521115,
    0.03815017283297968,
    -0.005853809569506197,
    0.007984348233565274,
    0.05119158949115088,
    -0.0201322961117338,
    0.03454340147684318,
    0.06963827728075359
  ],
  "sum weights": 0.9999466666444176
}