{
  "mu_target": [
    -0.5,
    1.59379243850708
  ],
  "mu_model": [
    [
      -0.49990286488583413,
      1.59463483093423
    ]
  ],
  "diff": [
    [
      9.71351141658694e-05,
      0.0008423924271498962
    ]
  ],
  "sigma_integral": [
    0.0004733990010598944,
    0.0009439833882974338
  ],
  "within_band": [
    [
      true,
      true
    ]
  ],
  "toy_seed": 28,
  "weights": [
    0.07358319747989304,
    -0.004478047004876061,
    0.08523166234523165,
    -0.09331660559199433,
    -0.014466818449776693,
    0.008193958275465808,
    0.05127565567209244,
    0.07841150672635391,
    -0.00968170638111907,
    0.00707491291326121,
    0.05285178978011693,
    0.12848179566540335,
    0.020385974709080042,
    0.0006637050055389498,
    0.006446964661066065,
    -0.026550453649795955,
    -0.04766865718514133,
    0.10068186413143813,
    -0.03544976941150257,
    0.13155512154832605,
    -0.0024525141424014455,
    0.006897318842636793,
    0.006134597829537384,
    -0.015445049542067636,
    -0.014471710158578488,
    0.07961885945735771,
    -0.005624723239631641,
    -0.0010661083211406803,
    -0.02710642100733295,
    -0.04435815939518936,
    0.03202496247653691,
    -0.11589369921114535,
    0.1617056034750781,
    -0.02253542651251659,
    -0.02319096762258048,
    -0.005089590997199073,
    -0.010342901543738634,
    -0.00663991740599805,
    -0.0006890043139945802,
    0.0357610401117902,
    0.12364215379216943,
    -0.058590231862092494,
    0.0737748937770474,
    -0.02381161466343837,
    -0.014734327736221874,
    -0.001138949121421147,
    0.03402187734853447,
    -0.009141971211592123,
    0.07142366439936546,
    0.04925717688374756,
    0.038079881344634706,
    0.1030824021967957,
    0.034178840421603025,
    0.066450701928752,
    0.012537069732954566,
    -0.004514872069234841,
    0.004934319807030957,
    -0.057216641740216005,
    -0.0027050182331506026,
    0.02000173830946722
  ],
  "sum weights": 0.9999933333232188
}