{
  "mu_target": [
    -0.5,
    1.59379243850708
  ],
  "mu_model": [
    [
      -0.49957300618712314,
      1.5938730524417526
    ]
  ],
  "diff": [
    [
      0.00042699381287686355,
      8.061393467251321e-05
    ]
  ],
  "sigma_integral": [
    0.0004591887278543694,
    0.0009420774905860458
  ],
  "within_band": [
    [
      true,
      true
    ]
  ],
  "toy_seed": 79,
  "weights": [
    0.05405588708143029,
    -0.041261588620233505,
    0.0417213678113193,
    -0.14270980889894827,
    0.01091826184001778,
    0.03679545972717967,
    0.04328165177676133,
    0.019359786141873947,
    0.07460254674179873,
    0.030800350273597912,
    0.06716809822596803,
    0.11961460316173333,
    0.0282727315889468,
    0.034732180767385094,
    0.053531952845795205,
    -0.05121903892534977,
    0.024788256860292183,
    0.0756058012605089,
    -0.012403781099793447,
    0.09148946939714567,
    -0.03418775081606858,
    0.057775388612703385,
    -0.02332258405006945,
    -0.041877886810342255,
    -0.06975028192149006,
    0.08608605548305485,
    -0.01175786413019369,
    -0.028303805016606492,
    -0.04558539852984318,
    -0.03694217893342563,
    0.061040494654221227,
    -0.0614060048642929,
    0.08756621438713731,
    -0.02351337705814063,
    -0.020303186988169544,
    -0.033718454137665804,
    -0.018028710874493644,
    -0.0180958772612224,
    0.03492096077960938,
    -0.0038650556141401823,
    0.12407988515276831,
    -0.024763544070175995,
    0.08459748346071665,
    -0.02083147793616187,
    -0.015845541493263393,
    0.020514666695043673,
    0.0047081765727093145,
    -0.006675455150595846,
    0.07265206603759133,
    0.012869497414287678,
    0.09761558802511223,
    0.0861592398240443,
    0.033231512200880116,
    0.03215180365651512,
    0.006071100362534961,
    0.027831295700978597,
    0.03081691750690103,
    -0.03163558728929716,
    0.0063856668225104295,
    0.0441918216344715
  ],
  "sum weights": 0.999999999995562
}