{
  "mu_target": [
    -0.5,
    1.59379243850708
  ],
  "mu_model": [
    [
      -0.49955607843377486,
      1.5932402121875124
    ]
  ],
  "diff": [
    [
      0.0004439215662251361,
      0.0005522263195676391
    ]
  ],
  "sigma_integral": [
    0.0004583587938528899,
    0.000942317236093031
  ],
  "within_band": [
    [
      true,
      true
    ]
  ],
  "toy_seed": 214,
  "weights": [
    0.07027214674949608,
    0.028212610978931994,
    0.07626263369530459,
    -0.059108032372135154,
    0.00935937234075246,
    0.01452036328584411,
    0.0785298415212527,
    0.03716067766691922,
    -0.04258635926568497,
    -0.013135218482332268,
    0.048156870257539036,
    0.12073294326989235,
    0.0007181150338888959,
    -0.031629531179396,
    0.008540340575666768,
    -0.01790806563477556,
    -0.024059890978980508,
    0.0187803750379471,
    0.003288122993385157,
    0.11993068768483206,
    0.016058604780244394,
    -0.011518141250530224,
    0.01039193409667257,
    0.014023520790454458,
    -0.050561375729842824,
    0.04244757459640618,
    0.00965809536037467,
    -0.03132680998706042,
    0.013583850242137992,
    0.00618597490345484,
    0.030353654469757407,
    -0.1265540497781567,
    0.07699629854926934,
    -0.016096673440080343,
    -0.010229874849747383,
    -0.011366074279645274,
    -0.0024484981998100595,
    -0.020547687930970678,
    0.02272552088842553,
    0.1117742402562109,
    0.1608986225923293,
    -0.035923068416234466,
    0.08316983657042472,
    -0.050926152042918005,
    0.0026047489932387725,
    -0.0397587032458954,
    0.022373342281012103,
    -0.020834461619492664,
    0.048196873985721686,
    0.029002291328557174,
    0.045274838406806885,
    0.08533007643339255,
    0.029284701035493375,
    0.06172162360291627,
    0.025258131568520345,
    0.02660739149740501,
    0.026643776900886144,
    -0.02847424226344617,
    -0.020890923908647285,
    0.03081987629642712
  ],
  "sum weights": 0.9999666666624099
}