{
  "mu_target": [
    -0.5,
    1.59379243850708
  ],
  "mu_model": [
    [
      -0.4997774234293979,
      1.594776740382867
    ]
  ],
  "diff": [
    [
      0.00022257657060209546,
      0.0009843018757869082
    ]
  ],
  "sigma_integral": [
    0.0004553558477867131,
    0.0009484482116782071
  ],
  "within_band": [
    [
      true,
      false
    ]
  ],
  "toy_seed": 6,
  "weights": [
    0.057095556312372064,
    -0.023577638394836117,
    0.08619364832007818,
    -0.04441456933924538,
    -0.03435969747438919,
    0.008590164846210684,
    0.09324448758222664,
    0.04744965508580969,
    0.004665803422127393,
    0.03673513310101998,
    0.05685034445689467,
    0.12457855113459107,
    0.006119548101066473,
    -0.03250580305527621,
    0.009456376515944548,
    -0.021572214326091608,
    0.003399639925676567,
    0.02480811709027766,
    -0.055052298548281996,
    0.0758180429846578,
    0.02017510668942002,
    0.04344218584826442,
    -0.0150106002892279,
    -0.009301945164805793,
    -0.05127298515064671,
    0.12563506010449654,
    0.04670891438399198,
    0.02365968478411566,
    -0.019053897343971036,
    -0.0018782678790949217,
    -0.017260383102074308,
    -0.09358854973552738,
    0.08653535986426045,
    -0.020592728220088577,
    0.0026448581658343523,
    -0.038838257078147226,
    0.007077569400135239,
    -0.003360282348708233,
    0.0021138108164229412,
    0.05732747168476901,
    0.13210612728212306,
    -0.036693830493356554,
    0.11237389148850076,
    -0.013329789921489912,
    -0.019076841940520044,
    -0.0525935341155607,
    0.03641034193432897,
    0.018110769034618432,
    0.04027179809390338,
    0.005354225490947879,
    0.03740724441303844,
    0.08078745345660235,
    0.04364761415811613,
    0.02249938694725924,
    -0.0015641601432863214,
    0.005558202522996734,
    0.018526792894466116,
    -0.049668884677938695,
    0.03270924471705729,
    0.018472308078784347
  ],
  "sum weights": 0.9999933323908423
}