{
  "mu_target": [
    -0.5,
    1.59379243850708
  ],
  "mu_model": [
    [
      -0.49995700785745933,
      1.5970284138051414
    ]
  ],
  "diff": [
    [
      4.299214254066541e-05,
      0.0032359752980613
    ]
  ],
  "sigma_integral": [
    0.00046151112304991515,
    0.0009528738724489327
  ],
  "within_band": [
    [
      true,
      false
    ]
  ],
  "toy_seed": 289,
  "weights": [
    0.047420845036122934,
    -0.016803488088897242,
    0.07385814717276971,
    -0.13347255766559624,
    0.023108912662623698,
    0.041285609983022775,
    0.06023766984083092,
    0.04930408470116259,
    0.0007744608386122264,
    0.047803506254129685,
    0.07109833641749386,
    0.11589878694842945,
    0.036701455851952045,
    -0.008488811762211381,
    -0.005615085270415653,
    -0.03922572293209409,
    0.0038421805776879623,
    0.01259248182683705,
    -0.06010944183611449,
    0.1312713737197753,
    0.005470749228054777,
    0.04783040342721869,
    -0.013022066138631595,
    -0.05168009884621404,
    -0.05656418751445195,
    0.0953337166428236,
    0.04945553032746323,
    -0.027847627719202416,
    -0.07313940191339113,
    0.037537510398577195,
    0.025541528277126323,
    -0.11422471059911926,
    0.0652929138175431,
    -0.061598591520987706,
    -0.014378787693437789,
    -0.011300077006859768,
    0.009198154115447076,
    -0.01413317180292973,
    -0.028523187831392474,
    0.07554899362122887,
    0.1292835930789223,
    -0.05244402540360955,
    0.08949055886279864,
    -0.01860056682173911,
    -0.012174862627370392,
    0.00458981406973663,
    -0.04126678512497774,
    -0.009113737970261276,
    0.05127032093701597,
    0.04110701713341676,
    0.09410238895631148,
    0.05737433655704323,
    0.05051424099505483,
    0.015481284882848839,
    0.033556362527006695,
    0.03457322295473095,
    0.058235234117493574,
    -0.026065015613000116,
    0.03993983512301987,
    0.06383978114934928
  ],
  "sum weights": 0.9999733333287769
}