{
  "mu_target": [
    -0.5,
    1.59379243850708
  ],
  "mu_model": [
    [
      -0.49932755913629306,
      1.5943030526245079
    ]
  ],
  "diff": [
    [
      0.0006724408637069357,
      0.00051061411742781
    ]
  ],
  "sigma_integral": [
    0.0015784496454922237,
    0.0013784482139953251
  ],
  "within_band": [
    [
      true,
      true
    ]
  ],
  "toy_seed": 154,
  "weights": [
    0.030454751156181733,
    0.0017032779609881482,
    0.009126047219247235,
    -0.042489061245018236,
    -0.010368986294075563,
    0.04328394929784053,
    0.04299602145955643,
    0.023383093463766248,
    0.017468927334630333,
    0.032615826825420184,
    0.1027080978046912,
    0.12718810664296545,
    0.03904520217413061,
    -0.02091349982237065,
    0.04031222724586772,
    -0.038576632701474496,
    -0.021044127442982872,
    0.07834659081585313,
    -0.014000199258935083,
    0.07698774809485928,
    -0.030738197648157942,
    0.013958080748645414,
    -0.016949244959122596,
    -0.015938055335060593,
    -0.02990122610086527,
    0.0682384904263067,
    0.023509706625831437,
    -0.049826808631094996,
    0.0016744185367527059,
    -0.028628252242386288,
    0.0575006509904156,
    -0.09474382868110025,
    0.08668337706334786,
    0.00546931723222475,
    -0.06746352613811227,
    -0.020680557970280778,
    -0.006506081732059324,
    -0.006277489241364581,
    0.020170641599869754,
    0.03899386076793203,
    0.1490194399335219,
    -0.022489083233720866,
    0.04630514633014801,
    -0.03106374692029817,
    0.0029695500084902784,
    -0.05539103923090635,
    0.0015262155037767385,
    0.03420249373100335,
    0.06066583390861115,
    0.012528415565494293,
    0.027230550152129475,
    0.07135088641423817,
    0.015253811742130191,
    0.029525399902660412,
    0.01908205816078187,
    0.026504706669475166,
    0.07022731593002302,
    -0.007824534139704539,
    -0.0007388999625634906,
    0.08432951014335689
  ],
  "sum weights": 0.9999866666515101
}