{
  "mu_target": [
    -0.5,
    1.59379243850708
  ],
  "mu_model": [
    [
      -0.4997508212993021,
      1.5947115558121918
    ]
  ],
  "diff": [
    [
      0.00024917870069790515,
      0.0009191173051117385
    ]
  ],
  "sigma_integral": [
    0.0004534550561859435,
    0.0009661661483239414
  ],
  "within_band": [
    [
      true,
      true
    ]
  ],
  "toy_seed": 131,
  "weights": [
    0.04455297011560032,
    0.008979864168731259,
    0.07550399383989896,
    -0.03004974008542404,
    -0.0298123136593309,
    0.018593384813822028,
    0.03313245959163863,
    0.0705976383883604,
    -0.025107279706921025,
    -0.01691457773186185,
    0.04410188428597253,
    0.08264344242757232,
    0.024350039199235618,
    0.02610907225512934,
    0.038661183663172734,
    -0.032765872690368604,
    -0.05573582477393944,
    0.06976513727322985,
    -0.02147787536983959,
    0.09261397286567005,
    0.004270005185548566,
    0.017084772809379464,
    0.0016965619410663425,
    -0.034757830520062566,
    -0.047639827198268904,
    0.07122142156872015,
    0.029879360765697676,
    -0.036033195967388,
    0.010291129297315783,
    -0.037324521089911085,
    0.004301779562314346,
    -0.11019055038766667,
    0.09018215552626287,
    -0.034203477828636454,
    -0.019949391193437107,
    -0.017093598215225922,
    -0.009361268904466924,
    -0.0069875397627438595,
    0.04400448350860325,
    0.0609442294682465,
    0.10730187527923965,
    -0.0312553261939072,
    0.09220126340499803,
    0.0028852354503817127,
    -0.009455084032119141,
    -0.023709196558679483,
    0.018035532080378194,
    -0.005408902562599798,
    0.07877207611298429,
    0.037232965563644894,
    0.046418028617406036,
    0.09669148173091532,
    -0.0010743239756687635,
    0.013923065761130145,
    0.04638924559915997,
    0.005149930583193511,
    0.029159156231950454,
    -2.961380749943463e-05,
    0.012088326662009815,
    0.08660133994617689
  ],
  "sum weights": 0.9999933333287911
}