{
  "mu_target": [
    -0.5,
    1.59379243850708
  ],
  "mu_model": [
    [
      -0.4987211646994873,
      1.5936212580332207
    ]
  ],
  "diff": [
    [
      0.001278835300512704,
      0.00017118047385933366
    ]
  ],
  "sigma_integral": [
    0.00046037176908275825,
    0.0009501207215853813
  ],
  "within_band": [
    [
      false,
      true
    ]
  ],
  "toy_seed": 177,
  "weights": [
    0.03535558589147982,
    -0.04494198118737513,
    0.06302779184068973,
    -0.01652220114313115,
    0.007733056616563657,
    0.01534169403045885,
    -0.008391627045825098,
    0.059390470736752764,
    -0.04822156878312368,
    0.04471816097473383,
    0.04710406164772552,
    0.1054422157558837,
    0.022440367031432037,
    0.008910586875473844,
    0.04604689261513951,
    -0.017785614727500152,
    0.0050367800384556825,
    0.08206839522981091,
    -0.039908813995902376,
    0.13972015460745743,
    0.011126367528630797,
    0.048831012201024836,
    -0.0012270317174019054,
    -0.04636990410217953,
    -0.04897559012076141,
    0.06078615066206995,
    -0.021719600503462288,
    0.01731495498721819,
    -3.895228920695657e-05,
    -0.007769997400957374,
    0.06198172288353619,
    -0.07332992428211879,
    0.13255886545341944,
    -0.022389325594235,
    -0.011718372442285088,
    -0.00858040218958392,
    -0.008479057128005544,
    -0.006953485674957326,
    -0.014066154767896534,
    0.08776860163939326,
    0.1281992945463605,
    -0.066557035915991,
    0.10203149433944451,
    -0.0013475903278658801,
    -0.0017362535021743146,
    -0.020034677177587057,
    0.031107116907899322,
    -0.048605330449600435,
    0.04464007436508846,
    0.01600130765293425,
    0.06148588850360041,
    0.03757370454848797,
    0.01317446504099589,
    0.03175674419419235,
    -0.013098897215220345,
    -0.0018385195258155624,
    -0.011507056124563927,
    -0.015273583123743243,
    -0.016818741057659778,
    0.07553331002549998
  ],
  "sum weights": 0.9999999998557229
}