{
  "mu_target": [
    -0.5,
    1.59379243850708
  ],
  "mu_model": [
    [
      -0.5012012230197679,
      1.5937427814641307
    ]
  ],
  "diff": [
    [
      0.001201223019767883,
      4.965704294934703e-05
    ]
  ],
  "sigma_integral": [
    0.0004569715792430646,
    0.0009361256226555107
  ],
  "within_band": [
    [
      false,
      true
    ]
  ],
  "toy_seed": 179,
  "weights": [
    0.07025418596460259,
    -0.0019298396636254194,
    0.09091964815934753,
    -0.038998547021062493,
    -0.004415377921710568,
    0.029853190793033797,
    0.04431365538590412,
    0.037781964124175116,
    -0.003919793990853562,
    0.029823389152531465,
    0.056135409020470595,
    0.0990447904882615,
    0.010886133356012281,
    0.023999170829498158,
    -0.00982822787649272,
    -0.022249993720862674,
    -0.041679919224362594,
    0.01600253287339228,
    -0.021248039648253315,
    0.13457482691627465,
    -0.029486734307926712,
    0.028149956337536114,
    -0.014854424792725791,
    -0.015037944388631607,
    -0.03429097543730578,
    0.07781755141139295,
    0.03305962576650734,
    -0.03216410983412606,
    -0.03385739402233585,
    0.003632987524949832,
    0.08392423014354963,
    -0.06982593870786341,
    0.011304054565706878,
    -0.03485511517586523,
    -0.06449558126639013,
    0.005990986124833554,
    0.037098873022449505,
    -0.027737461132849153,
    0.021951368015889868,
    0.060897355801408044,
    0.15156308217848233,
    0.009154657800253744,
    0.06653712352047797,
    0.0001613284373948995,
    -0.024829204368929554,
    -0.016524195577955644,
    0.021707120619269354,
    0.0018285435454526765,
    0.05512504615473079,
    0.03485779360405427,
    0.06758683514118101,
    0.06570152555717047,
    0.03109650766065555,
    -0.012028464776316762,
    0.02938645902515752,
    -0.001423691701207482,
    0.025238038147186028,
    -0.04002958020453368,
    0.01979802579628208,
    0.008552581788915629
  ],
  "sum weights": 0.9999999999922059
}