{
  "mu_target": [
    -0.5,
    1.59379243850708
  ],
  "mu_model": [
    [
      -0.49930824486127673,
      1.5950920794980055
    ]
  ],
  "diff": [
    [
      0.0006917551387232712,
      0.001299640990925388
    ]
  ],
  "sigma_integral": [
    0.0004851582093455183,
    0.0009514723599219428
  ],
  "within_band": [
    [
      false,
      false
    ]
  ],
  "toy_seed": 9,
  "weights": [
    0.09913083948680858,
    -0.005594548971080404,
    0.12007608789455482,
    -0.09891407199571886,
    0.021006342436143195,
    0.028328344135114408,
    0.025992009943583427,
    0.07801826828732457,
    0.029530279915076646,
    0.016652124399671495,
    0.05516103498949721,
    0.14302991002077878,
    0.030716661826713173,
    0.019668897288171984,
    0.012626337325926808,
    -0.033061188049465624,
    -0.06263310739789829,
    0.05579118969864573,
    -0.06880969935422887,
    0.12646055648017496,
    0.01687014450535737,
    0.021151627629378302,
    0.001579994641017066,
    -0.04649801673125519,
    -0.028939466628889514,
    0.029833341019190315,
    -0.025185990892003265,
    -0.04894288577525545,
    0.0018385696179072976,
    -0.010035343822549066,
    0.099593882545406,
    -0.07903348268957827,
    0.09845071008199326,
    -0.0403290412864258,
    -0.009341809005395966,
    -0.006994957873971585,
    0.023457533210484625,
    0.010954369336728447,
    -0.04149990738602426,
    0.022568623550940862,
    0.14821535190335244,
    -0.0593300700587815,
    0.0609943185831451,
    -0.002066232672909853,
    -0.040641589051591945,
    -0.03401673431029389,
    -0.010103866872723964,
    -0.0463279562096202,
    0.06807900283984149,
    0.01607413164198195,
    0.032748976969757045,
    0.09382325355556474,
    0.027892019550586324,
    0.04557276843049217,
    0.02066553909733191,
    0.007970887612569331,
    0.028655099725875426,
    -0.012741359611249791,
    0.008919951437438702,
    0.06291567835429307
  ],
  "sum weights": 0.9999733333219074
}