{
  "mu_target": [
    -0.5,
    1.59379243850708
  ],
  "mu_model": [
    [
      -0.4987737619767729,
      1.5960243519682256
    ]
  ],
  "diff": [
    [
      0.0012262380232270775,
      0.002231913461145485
    ]
  ],
  "sigma_integral": [
    0.0004628390634893234,
    0.0009481769174790306
  ],
  "within_band": [
    [
      false,
      false
    ]
  ],
  "toy_seed": 173,
  "weights": [
    0.08264348505566092,
    -0.018433559814714045,
    0.048755677466649446,
    -0.06601636560576221,
    -0.012126797741098745,
    0.02972803165590158,
    0.06144388197997439,
    0.0813473375183104,
    -0.013633415717405272,
    0.0019290979091524344,
    0.06817055100082062,
    0.1344586196448028,
    0.02653027613515791,
    0.007774602074717058,
    0.014983357398234623,
    -0.03495589113012104,
    -0.058886831465059984,
    0.030837967333509582,
    -0.02604504369233291,
    0.09418341461397074,
    0.008921454022459712,
    0.041279293229032954,
    -0.004224813763031815,
    -0.011590351131119954,
    -0.052468921179257125,
    0.049788550209018755,
    0.00829840453317728,
    -0.028083630210328742,
    -0.004748433538151392,
    -0.0016103361665619584,
    0.04722000527903208,
    -0.09919459048233802,
    0.05366225597404864,
    -0.043051291280751,
    -0.045153511617203816,
    -0.07776146344504133,
    -0.005346144123152519,
    -0.009703077753663657,
    -0.009442944762377165,
    0.09355970909728188,
    0.15863195354143877,
    0.013259966211854667,
    0.08447710232244861,
    0.010323633297777685,
    -0.015581766970583543,
    -0.01509708779359954,
    -0.0009335929044632069,
    0.03725521633428478,
    0.04975170179792272,
    0.03272573749045374,
    0.05564789940168284,
    0.08691826012100111,
    0.03092061044479236,
    0.03268295554911196,
    0.003047069444575915,
    0.012495647980010797,
    0.0033635504011539264,
    -0.0060304621445838955,
    0.007707395578141989,
    0.055388985427358726
  ],
  "sum weights": 0.9999933330422214
}