{
  "mu_target": [
    -0.5,
    1.59379243850708
  ],
  "mu_model": [
    [
      -0.5000111665394095,
      1.594531352058858
    ]
  ],
  "diff": [
    [
      1.1166539409468434e-05,
      0.0007389135517779089
    ]
  ],
  "sigma_integral": [
    0.0004959662800732454,
    0.0008807354189387397
  ],
  "within_band": [
    [
      true,
      true
    ]
  ],
  "toy_seed": 218,
  "weights": [
    0.09308079166574983,
    0.012985799574564083,
    0.08112875339942474,
    -0.05856170438180939,
    0.014849907072889204,
    0.018467974368779713,
    0.04540230778035569,
    0.053839705981042055,
    -0.020708341390932444,
    0.06293484980077113,
    0.0753121898065547,
    0.11895589848658641,
    0.03205922246597276,
    -0.011441882819893775,
    -0.03623568748127297,
    -0.038381333940197,
    -0.012193674444405753,
    0.04037426518254597,
    0.0004927801893964407,
    0.08547717959562068,
    0.0005025092966405917,
    0.03366516876596185,
    -0.004024385573325458,
    0.007135587382001598,
    -0.03309913088723645,
    0.01909117455457983,
    -0.02182247916798819,
    -0.05601441420094659,
    -0.027976195216097555,
    -0.019004546615447978,
    0.08345721102873727,
    -0.14785103776923939,
    0.09988185923456294,
    -0.0634541762396371,
    -0.029105009086435672,
    -0.03540183043722985,
    -0.006995461171531389,
    0.01229870784634138,
    -0.013639564412284822,
    0.06533393110165668,
    0.13800930367447398,
    0.009014213265180643,
    0.10887422395268866,
    -0.01871475547244213,
    -0.025965750966291033,
    -0.024871039646318212,
    -0.023564780661006555,
    0.014368473645502242,
    0.050391225574335445,
    0.02250405567742293,
    0.048801859987443484,
    0.04980988484583281,
    0.0405112163201621,
    0.0751623331135549,
    0.027876256512523522,
    0.003321291432908067,
    0.04557801932166452,
    -0.030518750405419712,
    0.04057426456721746,
    0.027991535911523938
  ],
  "sum weights": 0.9999699999957807
}