{
  "mu_target": [
    -0.5,
    1.59379243850708
  ],
  "mu_model": [
    [
      -0.5002078505432691,
      1.594617074664817
    ]
  ],
  "diff": [
    [
      0.0002078505432691058,
      0.0008246361577368688
    ]
  ],
  "sigma_integral": [
    0.00039440584838351553,
    0.0008234698078927327
  ],
  "within_band": [
    [
      true,
      false
    ]
  ],
  "toy_seed": 28,
  "weights": [
    0.03250394958128283,
    -0.023446200765978698,
    0.08438832748893355,
    -0.08816431610514903,
    0.02378678749695078,
    0.009404939849528091,
    0.03449804819570719,
    0.06714935069762917,
    0.03449818429383005,
    0.024579908293295476,
    0.06622777046476222,
    0.11110336935920141,
    0.0395487961115138,
    6.187734099725993e-05,
    0.014766461324840536,
    -0.04770535166514643,
    -0.014053270557447118,
    0.039799216658788286,
    -0.05317057517783385,
    0.10490619450706169,
    -0.020739230576439362,
    0.03213471228999204,
    -0.05209953171964472,
    -0.03994206729440932,
    -0.021531717212564663,
    0.03994295222547085,
    -0.006004479536762069,
    -0.019900697904375864,
    0.002722274052338412,
    -0.019451685678345022,
    0.01686958717360953,
    -0.0905917143333611,
    0.09486550297655715,
    -0.02734190854132993,
    -0.01979034359710392,
    -0.010454854020087286,
    -0.012600781237014176,
    0.005547365838261171,
    0.027484656416245548,
    0.07847174333173887,
    0.18097814726980552,
    -0.02414733697824677,
    0.08350521124616463,
    -0.010011322219236165,
    -0.03403765776704825,
    -0.017667839852694538,
    0.008673936323984915,
    0.00773495071367593,
    0.0564371198953644,
    0.018732438753792623,
    0.028294957084968164,
    0.09896990011786676,
    0.047905606520608476,
    0.06412809767072189,
    0.02759245989278278,
    0.036188363644372404,
    0.015387622122341288,
    -0.0688665017563386,
    -0.005986005304435323,
    0.06789960256859295
  ],
  "sum weights": 0.9999849999925865
}