{
  "mu_target": [
    -0.5,
    1.59379243850708
  ],
  "mu_model": [
    [
      -0.4991434947980884,
      1.5939502796948162
    ]
  ],
  "diff": [
    [
      0.000856505201911606,
      0.00015784118773609634
    ]
  ],
  "sigma_integral": [
    0.00039373901507093673,
    0.0008204747346418485
  ],
  "within_band": [
    [
      false,
      true
    ]
  ],
  "toy_seed": 80,
  "weights": [
    0.08423138355743176,
    0.039481069330381265,
    0.06951912598414822,
    -0.010250609110034042,
    0.0075361278826925684,
    -0.007007013252300617,
    0.045007487336461795,
    0.0430491846884104,
    -0.013311754578920625,
    0.02718991182756203,
    0.06670182067187583,
    0.10652827486523858,
    0.04185514162034051,
    -0.005876271996706998,
    -0.012122652585323388,
    -0.04476809007296876,
    -0.007491078716392927,
    0.08494296087905857,
    -0.03470102398356422,
    0.06435278196287597,
    -0.014987545340589811,
    0.050406369057930514,
    -0.014498263072298748,
    -0.038317335685439,
    -0.04045919436321031,
    0.03205312508079569,
    0.02604722654668286,
    -0.052102391689134615,
    0.015048078818005108,
    -0.03661745503092424,
    0.056917820654081686,
    -0.08764070403459327,
    0.12346448339864961,
    -0.040519646673105696,
    -0.005189942455156599,
    -0.048104361412727864,
    -0.013115496081092783,
    -0.01913193253281741,
    -0.013077475122797772,
    0.08863311299130498,
    0.1240354225408581,
    -0.007179323513693874,
    0.1068782055934245,
    0.0019267010077656092,
    -0.03131398411188203,
    -0.01991709838289632,
    0.03608602452175767,
    0.01532027238904097,
    0.04554650788234799,
    0.01364425815028534,
    0.06296673925825687,
    0.044590364337439854,
    0.0049665996644288665,
    0.038151370667519384,
    0.033517412478833164,
    -0.015899532612088044,
    0.031034192675552394,
    -0.045525244244118745,
    0.011585531972829388,
    0.03590033022557669
  ],
  "sum weights": 0.999989999865066
}