{
  "mu_target": [
    -0.5,
    1.59379243850708
  ],
  "mu_model": [
    [
      -0.4992714890606718,
      1.5933972462269583
    ]
  ],
  "diff": [
    [
      0.0007285109393281863,
      0.0003951922801217478
    ]
  ],
  "sigma_integral": [
    0.00039877675822865775,
    0.0008214605008273599
  ],
  "within_band": [
    [
      false,
      true
    ]
  ],
  "toy_seed": 25,
  "weights": [
    0.08443487163338295,
    0.024526594950144386,
    0.07871311609950128,
    -0.12456962214340656,
    0.019787905680958118,
    0.03975386037825375,
    0.07930796015433589,
    0.04190720556593633,
    0.038510731866585074,
    0.00773732941703639,
    0.05072256096802785,
    0.13817750017482877,
    0.033128363255396205,
    -0.0062740853416912296,
    0.04780595736069989,
    -0.04751827486232479,
    -0.015283244113832209,
    0.06551633962957042,
    -0.029533055391303863,
    0.10625240342760257,
    0.0017659719304836223,
    0.015222710214229962,
    0.00046789409448516525,
    -0.045736405288646184,
    -0.06097409806394417,
    0.08232614908608317,
    -0.005560221713418556,
    -0.04517765115611704,
    0.0007621508273463597,
    -0.034752247144930554,
    0.038257423195443875,
    -0.12192390761911528,
    0.08961607673354165,
    -0.04951792891656415,
    0.003978839382692539,
    -0.0002488479741654789,
    -0.013064753853224332,
    -0.02965206601238819,
    -0.033960037215403194,
    0.05290727033222901,
    0.11453892125998914,
    -0.039244981450735544,
    0.09932789632667481,
    -0.007559867058289651,
    -0.012946175885527295,
    -0.0014505164515595105,
    -0.0031672099483741616,
    0.045355973040070406,
    0.06222009983596071,
    0.01480484549643966,
    0.037641578514188236,
    0.06645786751450453,
    0.013132401717909279,
    0.05660595802030695,
    0.0028113580753972352,
    0.026509859022416163,
    0.03659635684936437,
    -0.03612605911079731,
    -0.008908079883618232,
    0.055539034553405905
  ],
  "sum weights": 0.999979999986045
}