{
  "mu_target": [
    -0.5,
    1.59379243850708
  ],
  "mu_model": [
    [
      -0.4988111138986746,
      1.5931689774452413
    ]
  ],
  "diff": [
    [
      0.0011888861013253926,
      0.0006234610618387482
    ]
  ],
  "sigma_integral": [
    0.0004004789401047851,
    0.0008335639421036018
  ],
  "within_band": [
    [
      false,
      true
    ]
  ],
  "toy_seed": 171,
  "weights": [
    0.048563932221905165,
    -0.017169713516323213,
    0.04183863346701096,
    -0.054353993107532646,
    -0.0006245691383668552,
    -0.0069736042240964675,
    0.07600456093502946,
    0.024744128088537248,
    -0.024103066318497006,
    0.04088292086681794,
    0.06042719002109326,
    0.1300094901209837,
    0.02562161775680046,
    0.01451199488981745,
    0.029855211797673115,
    -0.04101855444707425,
    -0.010952371674053423,
    0.047754212784228686,
    -0.015250212105884939,
    0.0885936367442826,
    0.00801766490050783,
    0.0064046047339644955,
    0.010959613357374633,
    -0.04123118893830971,
    -0.04138820124328101,
    0.058218664163161335,
    0.04758348265903725,
    -0.057062208948633,
    0.010292713548480619,
    0.010719832390476688,
    0.04740325223989779,
    -0.08971675400732763,
    0.1102250775356341,
    -0.07872414582845083,
    -0.042166426375194264,
    0.007410845987520048,
    -0.015955519103350135,
    -0.009141298334073728,
    -0.028105199537460174,
    0.06778587911932814,
    0.13676307528467155,
    -0.048950645198559684,
    0.1255336756002693,
    0.00041052839204274485,
    0.02598578734842553,
    0.0020652612985148575,
    -0.018181860748331953,
    0.01986584043029846,
    0.0676072485327035,
    0.015860371600739335,
    0.020414877430416162,
    0.10734735883531626,
    0.003629579462722363,
    0.015313331848210198,
    0.03075968033316234,
    0.03246483660577109,
    0.024234133385242242,
    -0.04996619800517663,
    0.019965516714737428,
    0.02897546715532949
  ],
  "sum weights": 0.9999899997881582
}