{
  "mu_target": [
    -0.5,
    1.59379243850708
  ],
  "mu_model": [
    [
      -0.49883608084867737,
      1.594768042857768
    ]
  ],
  "diff": [
    [
      0.0011639191513226343,
      0.0009756043506878864
    ]
  ],
  "sigma_integral": [
    0.0003952207217334428,
    0.0008162164127278179
  ],
  "within_band": [
    [
      false,
      false
    ]
  ],
  "toy_seed": 144,
  "weights": [
    0.07288344372753376,
    -0.015063607938314112,
    0.06723912018441452,
    -0.025381384601246223,
    -0.02549696064299795,
    0.016795374370404164,
    0.07712923189120963,
    0.0390339189411791,
    -0.0070418660753479275,
    0.02531123948318644,
    0.04142828388216083,
    0.1258565742629322,
    0.024299206328982553,
    -0.01243718924274381,
    -0.009795484544226858,
    -0.023627934695435625,
    -0.009445441271353426,
    0.025799123319376133,
    -0.033547412011312165,
    0.05344959856951326,
    0.0001728519003697691,
    0.0153446283011731,
    -0.004190956771235581,
    -0.012065539738149337,
    -0.03529193893055156,
    0.05432068886545702,
    0.027051769354776045,
    -0.03527539331288017,
    -0.0026293694277688966,
    0.008532675802565368,
    0.03173510129284589,
    -0.07494115594923957,
    0.09837713350272449,
    -0.038509735990087085,
    0.0363083968049519,
    -0.052081103255507556,
    -0.005574533868785776,
    -0.025926666822729375,
    -0.0036686151487739403,
    0.05672730867202248,
    0.1292280144818763,
    -0.005890211662550042,
    0.09777112836614882,
    -0.008048033940837434,
    -0.0017489797305513528,
    -0.010442875162686523,
    0.022273369359323184,
    -0.00042652267343340277,
    0.041837902781438466,
    0.03017642532785625,
    0.020323471223059764,
    0.06476046093524572,
    0.0316843657032127,
    0.05532672616512698,
    0.016559615536996482,
    0.00699886472236452,
    -0.005537982567586609,
    -0.022868383734636268,
    0.022506150532382026,
    0.06971311511353047
  ],
  "sum weights": 0.9999999999953718
}