{
  "mu_target": [
    -0.5,
    1.59379243850708
  ],
  "mu_model": [
    [
      -0.4993205868441758,
      1.595453251251008
    ]
  ],
  "diff": [
    [
      0.0006794131558242045,
      0.0016608127439279308
    ]
  ],
  "sigma_integral": [
    0.0003964302194641436,
    0.0008165896965345032
  ],
  "within_band": [
    [
      false,
      false
    ]
  ],
  "toy_seed": 229,
  "weights": [
    0.0562648325967083,
    -0.0037524643120100654,
    0.0586314534064506,
    -0.03406273385442353,
    0.010727050533306163,
    0.0381230558145547,
    0.056887689449220236,
    0.06412349542394316,
    -0.012561329204035864,
    0.0074382335503901595,
    0.06889624372251059,
    0.09687046592811586,
    0.024963316436554327,
    -0.015935883587124514,
    0.021297446770644886,
    -0.04235345037218085,
    0.0013325527959560319,
    0.021792852271463454,
    -0.027864877625471962,
    0.11712007877698659,
    -0.0074163778539902804,
    0.025570103044564713,
    -0.020714568151021445,
    0.001533096053090056,
    -0.05900248096776605,
    0.07389366732055491,
    0.023914071007819216,
    -0.016465486518876034,
    0.012269193180348269,
    -0.0298394143174874,
    0.009878815707777723,
    -0.13482710097874956,
    0.08521990849835412,
    -0.06243628327470435,
    -0.01741925924079858,
    -0.04754325829002486,
    -0.0019344819753719146,
    0.017489109746779228,
    0.001792600926864837,
    0.054478165280547636,
    0.1256617123779408,
    -0.0312942737940791,
    0.08403992133382909,
    -0.026073466812880194,
    -0.007860908394020106,
    -0.02464678622144942,
    -0.007121605121717101,
    0.003730013865976747,
    0.042940094200733546,
    0.04222912366745655,
    0.07145796716450509,
    0.060334435333554856,
    0.039609497826861635,
    0.06396549234225354,
    0.043054671223401585,
    0.0030064224757431982,
    0.039258907227285894,
    0.0050285090473878285,
    -0.024181432151305908,
    0.08047365652866915
  ],
  "sum weights": 0.9999899998396162
}