{
  "mu_target": [
    -0.5,
    1.59379243850708
  ],
  "mu_model": [
    [
      -0.49997870497768615,
      1.594381939388123
    ]
  ],
  "diff": [
    [
      2.129502231384972e-05,
      0.0005895008810428148
    ]
  ],
  "sigma_integral": [
    0.0003960601521014787,
    0.0008213901941291195
  ],
  "within_band": [
    [
      true,
      true
    ]
  ],
  "toy_seed": 3,
  "weights": [
    0.050573917725241425,
    -0.0037881336325238995,
    0.07091739483203127,
    -0.02525032707069155,
    -0.009550775341165586,
    0.0490891961048615,
    0.06583675850524807,
    0.07464648474670672,
    -0.029421579336742654,
    -0.02044046464904298,
    0.06005907953208544,
    0.08750789694081855,
    0.01734010110277485,
    0.018219589354447296,
    0.005671028780731007,
    -0.06654831087364382,
    -0.0041458340626745116,
    0.08254727639447534,
    -0.04129516992716541,
    0.06109643494179546,
    0.004306582629504712,
    0.0034862061206913895,
    -0.004517932608529581,
    -0.016102251644838837,
    -0.046019839217355425,
    0.06901708493351703,
    -0.005788383105956716,
    -0.022752464731596388,
    0.010594453733770187,
    -0.019486924123745204,
    0.049951988813973905,
    -0.09656086889044174,
    0.08736738909984998,
    -0.03546333710197788,
    -0.025616246800043364,
    -0.015824357896419165,
    0.0032492367139642267,
    -0.01691484295074907,
    0.01457195562105323,
    0.0680779844559864,
    0.135774534197719,
    -0.06222364058330232,
    0.08145285666115556,
    -0.022518390424091088,
    -0.013644045271507841,
    -0.010331416979265231,
    0.03663595587949145,
    0.022414258096018016,
    0.06296375032939124,
    0.0063393826191758176,
    0.03020719795799277,
    0.12634326452770137,
    0.02114019311968954,
    0.04662592642484537,
    -0.004858663010380528,
    0.01911466627906145,
    0.009438525134295323,
    -0.030103426498029898,
    -0.0013573829152751698,
    0.09794645733271932
  ],
  "sum weights": 0.9999999999956284
}