{
  "mu_target": [
    -0.5,
    1.59379243850708
  ],
  "mu_model": [
    [
      -0.4997892197332707,
      1.5945829244178935
    ]
  ],
  "diff": [
    [
      0.00021078026672932682,
      0.0007904859108134321
    ]
  ],
  "sigma_integral": [
    0.00039541562802217147,
    0.0008233714957741347
  ],
  "within_band": [
    [
      true,
      true
    ]
  ],
  "toy_seed": 60,
  "weights": [
    0.07656229393976793,
    0.012084140648825636,
    0.08463976703708986,
    -0.05386643201274533,
    -0.01340133573528708,
    -0.009627792509423052,
    0.0476201098298427,
    0.029288071016109286,
    0.05634879536664318,
    0.01683585685303759,
    0.06529986969305203,
    0.1483471535187973,
    0.04192444396101209,
    0.012213067802905072,
    0.009769167941942125,
    -0.04473738873003464,
    -0.0074753210534709265,
    0.025756113177116333,
    -0.008550030236608571,
    0.12235807609603921,
    -0.003016527119025204,
    0.037843657095340925,
    -0.026418386263128254,
    -0.046816440846031315,
    -0.018405605892905894,
    0.06807993279248704,
    0.02118946617337211,
    -0.02708842791338553,
    -0.027489791184108662,
    -0.007368503726385697,
    0.041167575809507875,
    -0.10325934232913823,
    0.05441161439063189,
    -0.033312849861188015,
    -0.025924265558343002,
    -0.04428137724717618,
    0.012150619939154776,
    -0.03393771179678448,
    0.000205918286554341,
    0.07787650208953559,
    0.13799246901504414,
    -0.0318129349229265,
    0.07298612619395703,
    -0.026016802457293545,
    0.024087274013739935,
    -0.03262124224046972,
    -0.010430178888064289,
    -0.0049714524762716865,
    0.0634138201573955,
    0.01539880142941706,
    0.05249048968325659,
    0.06166987107960152,
    0.02488586264807239,
    0.01159889382655516,
    0.019596180177668076,
    -0.0023453775025314093,
    0.054478002222840126,
    -0.01932381492536863,
    0.0151720723678231,
    0.04675225714897082
  ],
  "sum weights": 0.9999949999950104
}