{
  "mu_target": [
    -0.5,
    1.59379243850708
  ],
  "mu_model": [
    [
      -0.49901706681304153,
      1.5954685679547815
    ]
  ],
  "diff": [
    [
      0.0009829331869584679,
      0.0016761294477014577
    ]
  ],
  "sigma_integral": [
    0.0003969321099403683,
    0.0008148438467996345
  ],
  "within_band": [
    [
      false,
      false
    ]
  ],
  "toy_seed": 209,
  "weights": [
    0.03240603033609984,
    -0.028301733310037176,
    0.05652232161264054,
    -0.041672022731275515,
    0.0020045298841957077,
    0.056017017036992044,
    0.05770961987185913,
    0.06038045410551304,
    -0.025647916694933284,
    0.03432810753959223,
    0.05018084178422199,
    0.14173668009352006,
    0.031857296831852705,
    0.012609615649582009,
    0.026352217376880416,
    -0.030491113665880233,
    -0.010032401155557025,
    0.04988423861760921,
    -0.022835022062128032,
    0.09184104799806204,
    -0.022521225884011235,
    0.04240915536878325,
    0.015266174209922328,
    -0.014193957084888438,
    -0.05510989043794601,
    0.04608168694637475,
    -0.007930920172314697,
    -0.018323531290170766,
    -0.01940641126089121,
    -0.026342867620608872,
    0.06194385566533786,
    -0.05679684117092653,
    0.1157412096264628,
    -0.02654612281336635,
    -0.02990409418271232,
    -0.021546460566890788,
    -0.03893160653161837,
    -0.01635531944944403,
    -0.048256337123288945,
    0.08207169493926574,
    0.130376098320015,
    -0.053071944852818125,
    0.08477148721968211,
    0.0004137068681869219,
    0.0071460011075425685,
    -0.01920846409463456,
    0.006069398414817014,
    -0.037500193779621147,
    0.06680916364209524,
    0.045264679770242976,
    0.03826352290152832,
    0.08115869392032285,
    0.028847235076606487,
    0.04270312245848802,
    0.03163378087297204,
    0.015556658235228948,
    0.00932409411531351,
    -0.03763110520304607,
    0.018471022316256098,
    0.03440504233557332
  ],
  "sum weights": 0.9999999999306295
}