{
  "mu_target": [
    -0.5,
    1.59379243850708
  ],
  "mu_model": [
    [
      -0.5004523409452128,
      1.5939571040668932
    ]
  ],
  "diff": [
    [
      0.00045234094521284796,
      0.00016466555981309305
    ]
  ],
  "sigma_integral": [
    0.00039365093621619723,
    0.0008190649594960712
  ],
  "within_band": [
    [
      false,
      true
    ]
  ],
  "toy_seed": 2,
  "weights": [
    0.05486620606142146,
    -0.025832396493348043,
    0.050744054179182506,
    -0.10190343215314109,
    0.011843615214364951,
    0.03231256428707867,
    0.06852313365429899,
    0.040662840504608264,
    0.038609330522906715,
    0.01796024457721083,
    0.07428909565223361,
    0.10274868660931676,
    0.05120975874196781,
    0.002082239063848964,
    0.029380746712650847,
    -0.04179878276627372,
    0.004269164107660063,
    0.06914801015958416,
    -0.03670835566092862,
    0.1356560791007014,
    -0.00715559393439577,
    0.042116724542042294,
    0.0004960251059730626,
    -0.05487550877969518,
    -0.057858960047084594,
    0.08809567874508367,
    -0.010858225443772318,
    -0.05573419828163217,
    -0.015106748915561994,
    -0.01631806261596265,
    0.0734081980581318,
    -0.09203413051369896,
    0.06477644004545992,
    -0.06316436885065087,
    -0.034597240633767616,
    -0.023977233858157917,
    0.017410676718638652,
    -0.039336974146100205,
    0.03143615045954365,
    0.08207392101123606,
    0.13422270689356794,
    -0.003540716306512844,
    0.06787203019291568,
    -0.04380247649522658,
    -0.04146686922530997,
    -0.051567137863831644,
    0.01884104793195353,
    0.02294566293084233,
    0.0697817751608418,
    0.015547175207910293,
    0.05828745637060399,
    0.08146778202808258,
    0.04008315023339715,
    0.0440123359898401,
    0.011721925988883069,
    0.0004288212746556147,
    0.037713430615849475,
    -0.013661352248942096,
    -0.0027193914541497784,
    0.0469682720265115
  ],
  "sum weights": 0.9999949999928555
}