{
  "mu_target": [
    -0.5,
    1.59379243850708
  ],
  "mu_model": [
    [
      -0.4989396723455807,
      1.5948498080164664
    ]
  ],
  "diff": [
    [
      0.001060327654419324,
      0.0010573695093862856
    ]
  ],
  "sigma_integral": [
    0.00042282797892222824,
    0.0008322686438908557
  ],
  "within_band": [
    [
      false,
      false
    ]
  ],
  "toy_seed": 215,
  "weights": [
    0.10694258687590362,
    0.002791101167588639,
    0.07264591100314019,
    -0.08291746007808304,
    -0.0007787748319838688,
    -0.021253096195170285,
    0.04972079387046806,
    0.06646342067462498,
    0.012567251297387286,
    -0.0011992387684683081,
    0.03380759883429036,
    0.12027198746190196,
    0.028413007762613622,
    0.009959257689453712,
    -0.008251666968857515,
    -0.03581819339549546,
    0.01544015371375936,
    0.0458087182155595,
    -0.04404317645741232,
    0.09425859139397881,
    0.03109759227189844,
    0.06925897882787677,
    -0.035583423506428846,
    -6.378426100167307e-05,
    -0.039519018514290176,
    0.09027648219682946,
    0.036281843292248483,
    -0.02529653810276718,
    0.022657306039770907,
    -0.043268637744255066,
    0.05845909355948034,
    -0.13268162704961947,
    0.07798407790607839,
    -0.038009875911422644,
    0.01488473428476767,
    -0.03938932486733675,
    -0.012799183427926035,
    -0.03887036885552896,
    -0.008878257666011346,
    0.10030467804413498,
    0.1276835742745097,
    -0.04242765337760853,
    0.06711932079839032,
    -0.0025494563097843486,
    -0.018866947639158534,
    -0.06232258751895535,
    -0.00717700121720572,
    0.03357899915114317,
    0.040146481892062345,
    0.012017468180733803,
    0.047544628990782954,
    0.07122890175695852,
    0.019739713897951056,
    0.07155363657322944,
    0.012124871317694779,
    -0.02776889801235435,
    0.04405701185389758,
    -0.02442986015735531,
    0.014220927590456383,
    0.0728283479970806
  ],
  "sum weights": 0.9999749998241652
}