{
  "mu_target": [
    -0.5,
    1.59379243850708
  ],
  "mu_model": [
    [
      -0.49921948610365224,
      1.5950965563555213
    ]
  ],
  "diff": [
    [
      0.0007805138963477565,
      0.0013041178484411997
    ]
  ],
  "sigma_integral": [
    0.0006584208351604522,
    0.0008279662864163785
  ],
  "within_band": [
    [
      false,
      false
    ]
  ],
  "toy_seed": 126,
  "weights": [
    0.05628541380082684,
    -0.010334914007094508,
    0.08315815621989146,
    -0.05067673681434613,
    0.01346896282059081,
    -0.013107081744286151,
    0.03388828975547759,
    0.03978649923406512,
    -0.01573047493080718,
    0.03371996071127071,
    0.025137188801847992,
    0.13521502397821147,
    0.024694769984077283,
    0.0484577893970112,
    0.016885545790811824,
    -0.004634070583119631,
    -0.0012811232099248047,
    0.07923112684011446,
    -0.02152224897556008,
    0.08920947133280094,
    0.01318078640168711,
    0.031332675043755885,
    0.001973588057550191,
    -0.03128892416486388,
    -0.05056573785031525,
    0.05471160291053297,
    -0.004956539983458422,
    -0.04993228850039867,
    -0.019885187367151634,
    -0.008952098547602186,
    0.07800706463208276,
    -0.10546627043851865,
    0.11714496807614763,
    -0.023713117898927747,
    -0.026809825940920295,
    -0.03433055657777587,
    -0.01646136749708907,
    -0.019302034092622024,
    -0.01619388707883356,
    0.0912017773086095,
    0.10582415513516369,
    -0.018067240528269343,
    0.09127342419519019,
    -0.020249388751900542,
    -0.015151537074061132,
    -0.020141732455706135,
    -0.013159707367318262,
    -0.028084625571209325,
    0.0525790877238884,
    0.04785795929864822,
    0.04235389020402726,
    0.08813045884309255,
    0.03512427677829706,
    0.056650507674621604,
    -0.013513613785992928,
    -0.01687477243226142,
    0.015501358689904576,
    -0.04415431284596087,
    0.029532087599847344,
    0.08299354977175075
  ],
  "sum weights": 0.9999699999954998
}