{
  "mu_target": [
    -0.5,
    1.59379243850708
  ],
  "mu_model": [
    [
      -0.4997542667242794,
      1.594029178884169
    ]
  ],
  "diff": [
    [
      0.00024573327572058323,
      0.0002367403770888732
    ]
  ],
  "sigma_integral": [
    0.00040709078246894926,
    0.0008221306273694706
  ],
  "within_band": [
    [
      true,
      true
    ]
  ],
  "toy_seed": 100,
  "weights": [
    0.06881554120086214,
    -0.010718940104617589,
    0.08231287927320127,
    -0.09607785706725123,
    -0.003257304335834034,
    -0.04163391274044208,
    0.034652147617109226,
    0.029119405553646175,
    0.01999611912432386,
    -0.016294567100963397,
    0.08675368297321742,
    0.09680831521652201,
    0.017018561956472195,
    0.051761501502531226,
    0.02526481821202798,
    -0.04751887558221732,
    -0.018362036618484456,
    0.06477373201103981,
    -0.01786994765538062,
    0.11268181554602853,
    -0.009593152687245466,
    0.016543668438765643,
    -0.009652885631036204,
    -0.0203909477746339,
    -0.006903813509939269,
    0.07520229599987129,
    0.02132041104516242,
    -0.04931275523317575,
    0.004210376723181332,
    0.002607883270487395,
    0.0714802975132128,
    -0.09548518681050024,
    0.11764196036351467,
    -0.039735216681677336,
    -0.01632904474781805,
    0.01063060270341184,
    -0.018875508470021354,
    -0.006497115902684855,
    0.003131087723426371,
    0.0555127233278358,
    0.10378632004798935,
    -0.07286075166158035,
    0.041324485117559935,
    -0.030736250225602894,
    -0.01966954158405498,
    -0.01787670618087525,
    -0.008248760687427666,
    0.01762697914661444,
    0.052556377031591675,
    0.03152796276134846,
    0.09001516794828565,
    0.053593286080963226,
    0.02288382175991326,
    0.051460637915489535,
    0.05394137133128506,
    0.010618606764007879,
    0.013368576919451522,
    -0.010504204752092952,
    -0.0062923820354876875,
    0.07974424545582419
  ],
  "sum weights": 0.9999899997951307
}