{
  "mu_target": [
    -0.5,
    1.59379243850708
  ],
  "mu_model": [
    [
      -0.4986560549788099,
      1.5940336782368283
    ]
  ],
  "diff": [
    [
      0.0013439450211901183,
      0.0002412397297482105
    ]
  ],
  "sigma_integral": [
    0.00040331882739468017,
    0.0008205624228297253
  ],
  "within_band": [
    [
      false,
      true
    ]
  ],
  "toy_seed": 20,
  "weights": [
    0.04560839877632342,
    -0.012026656217789342,
    0.07542818354927211,
    -0.06068916217254872,
    0.01881182988948784,
    0.04252966175353667,
    0.05771569370637932,
    0.040430187126985845,
    -0.0028754352062010575,
    0.026078790040141544,
    0.06964581443237114,
    0.15466548484759315,
    0.012145949871631263,
    -0.012872951435037519,
    0.029477391369187915,
    -0.02365696998285997,
    -0.0009991467665970229,
    0.032328053505827396,
    -0.033140015200393245,
    0.08880021407447575,
    -0.0010085791709686738,
    0.02649528548838299,
    0.01053000152695677,
    -0.06673939449042891,
    -0.04258928648920407,
    0.06453573852709196,
    -0.019211278709752058,
    -0.0354857640913642,
    0.02518192693070581,
    -0.00693557290162566,
    0.05173830140656298,
    -0.09660576835939463,
    0.10640832086561984,
    -0.05765622374496591,
    -0.005618720790004775,
    -0.024921434153994972,
    0.011230628626309832,
    0.019544760647971744,
    -0.004057046375696091,
    0.08085740483255655,
    0.14310588761612353,
    -0.04163323704499317,
    0.07124853243516202,
    -0.012019229154142221,
    -0.04833395586518366,
    -0.047778909190485636,
    0.007553897823083968,
    -0.004250424851495554,
    0.06401205044541931,
    0.053595521971182704,
    0.013053241233342096,
    0.1018011540393036,
    0.037490952242733855,
    0.030505044230474225,
    -0.00023985770777426227,
    0.018080311381677462,
    0.022554724768667492,
    -0.019641088780469936,
    -0.01894425740523315,
    0.04672102610776156
  ],
  "sum weights": 0.9999799998316993
}