{
  "mu_target": [
    -0.5,
    1.59379243850708
  ],
  "mu_model": [
    [
      -0.49951475445314975,
      1.5949446993460763
    ]
  ],
  "diff": [
    [
      0.0004852455468502548,
      0.001152260838996222
    ]
  ],
  "sigma_integral": [
    0.00039412734293365313,
    0.0008232697595506333
  ],
  "within_band": [
    [
      false,
      false
    ]
  ],
  "toy_seed": 284,
  "weights": [
    0.022079295541290102,
    -0.00899899152659659,
    0.042558341407140696,
    -0.03944440799586321,
    0.0006770287482484421,
    -0.015191015383147242,
    0.031189318205249648,
    0.04545892316089283,
    0.02404111216371971,
    0.01844290648543447,
    0.0261012013615977,
    0.10821951306240163,
    0.03847858898498449,
    0.00873906660218806,
    -0.0005857997582735491,
    -0.0518436616551165,
    -0.023495791586048087,
    0.019087989818534084,
    -0.0101562332893102,
    0.0840347004390385,
    0.015023148195624355,
    0.04608310754064531,
    -0.0011034054679726004,
    0.004190322057673372,
    0.001343698020519539,
    0.03325976064512633,
    0.01968613733520692,
    -0.048784692663442236,
    -0.030528958081356222,
    -0.015480819262776033,
    0.04260284530657804,
    -0.11058726372237804,
    0.07498200046680598,
    -0.021876564842415933,
    -0.022821719888416393,
    0.01912392026635422,
    -0.027711634068832522,
    -0.03545178151958374,
    0.004481493575534203,
    0.083439616102841,
    0.14855858821390974,
    -0.013514146388409488,
    0.09681093654223422,
    -0.003952960552787116,
    0.04295487953311345,
    -0.015008512091139247,
    0.027562913200549825,
    0.00693606942355612,
    0.040284387795627284,
    0.047932129663351336,
    0.07071884036574906,
    0.06498009477269084,
    0.027313381885454433,
    0.06704673790299026,
    0.013241705071978225,
    0.012751348871303773,
    -0.022783937829888266,
    -0.030596681139638558,
    -0.0037010888091525635,
    0.07320401877343644
  ],
  "sum weights": 0.9999999999870302
}