{
  "mu_target": [
    -0.5,
    1.59379243850708
  ],
  "mu_model": [
    [
      -0.498863980314113,
      1.5943947294474123
    ]
  ],
  "diff": [
    [
      0.001136019685887002,
      0.0006022909403322618
    ]
  ],
  "sigma_integral": [
    0.00039879535255483707,
    0.0008313446872566043
  ],
  "within_band": [
    [
      false,
      true
    ]
  ],
  "toy_seed": 235,
  "weights": [
    0.054906188145474766,
    0.03821322893299846,
    0.07115933434341944,
    -0.07276418034174759,
    -0.022198501830631958,
    0.016725928999678685,
    0.0769002803403131,
    0.046464536971268386,
    -0.008140421948312247,
    0.03510591291805273,
    0.016505605786906706,
    0.14417951496646483,
    0.024800668884486773,
    0.014974058755339496,
    -0.009301259936888203,
    -0.03715158273018989,
    -0.02771863322159797,
    0.0348774609143696,
    -0.03249890124560922,
    0.12974760607250097,
    0.03906760940960187,
    0.054789594028546405,
    0.009746362376333173,
    -0.0026785133507354437,
    -0.018619192694920694,
    0.09978792499864582,
    0.024452878169908716,
    -0.055548108937193745,
    -0.013546523034088135,
    -0.017720977324570637,
    0.0458690662934519,
    -0.1404178745630974,
    0.09003173799839438,
    -0.05002228416581641,
    -0.033320006609244376,
    -0.030448619597731992,
    -0.029299083676986734,
    -0.002549061788194063,
    0.017147903847348323,
    0.028982905804002753,
    0.17165528772343702,
    0.013402795928684054,
    0.05567171608953506,
    -0.08779732362981009,
    -0.025938443005337014,
    -0.05434870610633257,
    0.00961934071446711,
    0.004514322636888446,
    0.06240146550336869,
    0.07618878215146296,
    0.05908338000527849,
    0.062484456964150024,
    0.03130166174716938,
    0.09230798329127574,
    -0.0008669667465988948,
    0.030835076527412034,
    0.022409557981505086,
    -0.04877931163624035,
    -0.021417524261809838,
    0.03676486600884477
  ],
  "sum weights": 0.9999849998473005
}