{
  "mu_target": [
    -0.5,
    1.59379243850708
  ],
  "mu_model": [
    [
      -0.4999881404321426,
      1.5940271324047954
    ]
  ],
  "diff": [
    [
      1.1859567857375186e-05,
      0.00023469389771535454
    ]
  ],
  "sigma_integral": [
    0.00039526239250220035,
    0.0008160740963102258
  ],
  "within_band": [
    [
      true,
      true
    ]
  ],
  "toy_seed": 73,
  "weights": [
    0.08032558677267436,
    0.01328487517656504,
    0.056954055436164476,
    -0.05370398848640151,
    -0.012175101183205356,
    0.011773760484969401,
    0.07839710478547911,
    0.033280775660108355,
    -0.022685544511850966,
    0.016980227311464913,
    0.06893890093627975,
    0.11157578417476785,
    0.026391275170022974,
    -0.00523828862726333,
    0.0009273358372235931,
    -0.041954230245354385,
    -0.012922433935821348,
    0.045915257167359745,
    -0.03641190661634575,
    0.10957836384889473,
    0.019260745539005076,
    0.02932078945051238,
    0.01011766075065543,
    0.020242593115009207,
    -0.00862475305005108,
    0.08196177088710226,
    0.01831567623282232,
    -0.057466534433994236,
    -0.01578023622178435,
    0.00416292157989325,
    0.09653021708404692,
    -0.113027843318735,
    0.07592162605306668,
    -0.05049005239315285,
    -0.04502453745377447,
    -0.0021858209746780893,
    -0.005104577123357905,
    -0.01714533458370864,
    0.004974747685232311,
    0.0844290926319426,
    0.1407339166940142,
    -0.025967401215755002,
    0.08248450516444288,
    -0.04069260692075804,
    0.013289618359170098,
    -0.058293600994079486,
    -0.014648703378465027,
    0.028813462555182575,
    0.04842852266914993,
    0.020249734223797434,
    0.028956706672343235,
    0.04505907588247836,
    0.005677990189651329,
    0.04733897101665483,
    -0.00047131589438455056,
    0.00780098641043442,
    0.046044865179959704,
    -0.03634876174606678,
    0.014523968189514938,
    0.047400106093888554
  ],
  "sum weights": 0.999999999762957
}