{
  "mu_target": [
    -0.5,
    1.59379243850708
  ],
  "mu_model": [
    [
      -0.4997636640577514,
      1.5960592121107693
    ]
  ],
  "diff": [
    [
      0.0002363359422485889,
      0.0022667736036892094
    ]
  ],
  "sigma_integral": [
    0.0003944265581768349,
    0.0008180798292129813
  ],
  "within_band": [
    [
      true,
      false
    ]
  ],
  "toy_seed": 161,
  "weights": [
    0.059497248033911196,
    0.017444491565426684,
    0.04389988784674034,
    -0.0880461177042518,
    -0.0038163155793659773,
    0.03586464391394107,
    0.06871902010430996,
    0.027834813279365,
    0.02070538618760372,
    0.03336515225142183,
    0.06294852064562266,
    0.14071471759843482,
    -0.010294794348721237,
    -0.027486619441191643,
    0.024052818859563146,
    -0.04280423238131062,
    -0.02101565569745993,
    0.04574907894602269,
    -0.029849025111462226,
    0.09498110865066127,
    -0.009048505219133753,
    0.02241326343400475,
    0.028611257557791772,
    0.002274092525889143,
    -0.02258099638883153,
    0.09842144681691319,
    0.07058596870933317,
    -0.007306630832249546,
    -0.02694191382650297,
    -0.03190598277297394,
    0.0664894096279296,
    -0.11702626266370672,
    0.09714144010362885,
    -0.04325897972006404,
    -0.01399144119726468,
    0.021058042127744318,
    -0.016402116403899374,
    -0.00947642837879483,
    -0.0051350682481493765,
    0.04093552042848668,
    0.10203192411353368,
    -0.044143028510733706,
    0.10279894351311963,
    0.006402771014364753,
    0.003498731801554546,
    -0.038780146786439776,
    0.03172357373164683,
    -0.0287392284926611,
    0.07302583077846003,
    0.00484592027852484,
    0.05018583961017853,
    0.0873262673883291,
    0.017126344826406244,
    0.009852612214156047,
    -0.008523663139580178,
    0.0035746037379882517,
    0.018759009975771557,
    -0.05397022711774441,
    0.028982376725075403,
    0.036686301020955714
  ],
  "sum weights": 0.9999849999823177
}