{
  "mu_target": [
    -0.5,
    1.59379243850708
  ],
  "mu_model": [
    [
      -0.49870281551073214,
      1.593436143299933
    ]
  ],
  "diff": [
    [
      0.0012971844892678552,
      0.0003562952071469727
    ]
  ],
  "sigma_integral": [
    0.00039888656376738574,
    0.0008191829120640236
  ],
  "within_band": [
    [
      false,
      true
    ]
  ],
  "toy_seed": 106,
  "weights": [
    0.04469481850223364,
    -0.010724317895000892,
    0.025037336067906747,
    -0.05486737963636582,
    0.019197915679690567,
    0.02841514998079052,
    0.05268643600296987,
    0.022730818311386854,
    -0.03807150277324818,
    0.03969457660752059,
    0.08298137280018336,
    0.09681532088926056,
    0.024840176306021994,
    0.04588217546006029,
    0.059018711907097225,
    -0.038174070830461974,
    -0.007351564231993316,
    0.06781585387974241,
    -0.01966662059599866,
    0.08061904364112236,
    -0.010159303862141679,
    0.044537089850715625,
    -0.00023229465653973932,
    -0.005374213684337945,
    -0.038518141658566,
    0.08556687128176167,
    0.007262995354189241,
    -0.057175010379543825,
    -0.02923222658410127,
    -0.030832841913343654,
    0.053960165864281893,
    -0.12181665593151657,
    0.09072509190372227,
    -0.03225246501300303,
    -0.03073649374754351,
    -0.02865936159150909,
    0.0030038961373858295,
    -0.012384170616205538,
    -0.0027677071982606994,
    0.11266218845353382,
    0.13857833859618543,
    -0.04660619717918301,
    0.09588573905020785,
    -0.0001449759155105634,
    0.013868488386666501,
    -0.04936652810472371,
    0.032627263206246544,
    -0.03060661563635299,
    0.0720785197417579,
    -0.017829329634925693,
    0.059498006480638126,
    0.06903223724953654,
    0.006614990350536568,
    0.07528228345948546,
    -0.010237196355523687,
    0.016279627713069844,
    0.034392940708123695,
    -0.022905703470215737,
    -0.020123899248245935,
    0.06451534850211968
  ],
  "sum weights": 0.9999849999817888
}