{
  "mu_target": [
    -0.5,
    1.59379243850708
  ],
  "mu_model": [
    [
      -0.49930736718529073,
      1.5944049530749997
    ]
  ],
  "diff": [
    [
      0.0006926328147092708,
      0.0006125145679196642
    ]
  ],
  "sigma_integral": [
    0.00039545058619304104,
    0.0008209812823950639
  ],
  "within_band": [
    [
      false,
      true
    ]
  ],
  "toy_seed": 212,
  "weights": [
    0.05045868130970449,
    0.004175335046077405,
    0.03426256636017554,
    -0.11388349774438779,
    0.008466176916975312,
    0.005644259158014942,
    0.052831781503976,
    0.05052023270072143,
    -0.008441470099622142,
    0.01575538107484833,
    0.07195326037499068,
    0.14916328587621766,
    0.0305934471115573,
    0.037666905826499,
    0.002413290351417676,
    -0.04490869813314503,
    -0.02589939005623001,
    0.0621968797893809,
    -0.026590865465325023,
    0.08835024163572743,
    0.010320636298214031,
    0.018578758080091465,
    0.0006849673012514532,
    -0.016799792082444077,
    -0.020464109723753496,
    0.02155477601350922,
    0.0031671309013974963,
    -0.0648716596735967,
    -0.0067621478756186735,
    -0.033260382601303644,
    0.07206865932260874,
    -0.08302138026121943,
    0.11559786426023524,
    -0.05651015621852545,
    -0.026228827207942413,
    -0.00562544480154688,
    -0.02494734620945052,
    -0.04347664588457211,
    -0.040130411426934014,
    0.10745808633516281,
    0.15600039511752142,
    -0.06120500586758968,
    0.09168964742487422,
    0.004208362200844711,
    -0.007520117263605855,
    -0.03460870839345024,
    -0.009371334839740036,
    0.0291462359824341,
    0.07959126957557446,
    0.028304591199771516,
    0.035906424358826114,
    0.08813601548770006,
    0.0310688225494891,
    0.03335578128799542,
    0.05644246180454228,
    0.016405200891995732,
    0.01767366024525342,
    -0.013867917584829874,
    0.011272303458827664,
    0.07531153425813372
  ],
  "sum weights": 0.9999999999777055
}