{
  "mu_target": [
    -0.5,
    1.59379243850708
  ],
  "mu_model": [
    [
      -0.4995496049159801,
      1.5952369707804912
    ]
  ],
  "diff": [
    [
      0.0004503950840198945,
      0.0014445322734111254
    ]
  ],
  "sigma_integral": [
    0.00040287275880857893,
    0.0008232810594727371
  ],
  "within_band": [
    [
      false,
      false
    ]
  ],
  "toy_seed": 27,
  "weights": [
    0.05756390465157479,
    0.024347945795274367,
    0.041042879210215696,
    -0.04806845693581294,
    -0.0011938443353295973,
    0.024751109616849076,
    0.037300623420329644,
    0.019681669439561993,
    0.006772862604438115,
    0.010309762779113475,
    0.062022401577168915,
    0.138199446678229,
    0.02465412612437917,
    0.013069908447979261,
    0.010364284325001971,
    -0.05687970507771254,
    -0.0600903485874249,
    0.0745877882237962,
    -0.03681034384470383,
    0.09372304483804772,
    -0.014951458412580703,
    0.009947216943113112,
    -0.0016447081860311234,
    0.021264541527678486,
    -0.03895369631339758,
    0.09070419963200677,
    0.0030426106072207284,
    -0.013242710970065918,
    -0.0075551063410869805,
    -0.012278425130969719,
    0.0792086536717518,
    -0.12439366495411561,
    0.12761574990896357,
    -0.02636550959136527,
    -0.028777109708548385,
    -0.04452981487849943,
    -0.03459282379688057,
    0.012812425792019456,
    0.024562784136850528,
    0.04848527420493987,
    0.11973609100186919,
    -0.053204422473151276,
    0.06390699789892437,
    -0.025460903745329333,
    0.009369929530787784,
    -0.032842347534348386,
    0.020198146674621192,
    0.036961016317881804,
    0.07694238815140268,
    0.03658463020713521,
    0.05358093319860239,
    0.08761954694825676,
    0.0518488319926358,
    0.024347872283069574,
    0.0025345619147391324,
    0.012953499212400901,
    0.015280781410631186,
    -0.049710988029367076,
    -0.009164668650219194,
    0.05280061654444794
  ],
  "sum weights": 0.9999899999469692
}