{
  "mu_target": [
    -0.5,
    1.59379243850708
  ],
  "mu_model": [
    [
      -0.49953746362570245,
      1.5945726319382554
    ]
  ],
  "diff": [
    [
      0.0004625363742975508,
      0.0007801934311753023
    ]
  ],
  "sigma_integral": [
    0.00039993472213792087,
    0.000822215173715886
  ],
  "within_band": [
    [
      false,
      true
    ]
  ],
  "toy_seed": 210,
  "weights": [
    0.08845431283673,
    -0.01752795801686259,
    0.0546021778443951,
    -0.08146088782275458,
    -0.00494784102321116,
    -0.0008626509751036459,
    0.04049054530770832,
    0.08322194172721975,
    0.030790836534146864,
    0.015314380170267664,
    0.05950362679954427,
    0.149988081785736,
    0.04007209678744476,
    0.009692788021537871,
    0.037113286870834566,
    -0.05077453466690339,
    -0.04046195673014748,
    0.041878777508203534,
    -0.020209130998119017,
    0.10194963694476902,
    0.009649776599157644,
    0.023388161385442294,
    -0.02864469075927272,
    -0.030022460091154994,
    -0.047414447561311364,
    0.05358011212269849,
    -0.04035246802542092,
    -0.04210508126658433,
    -0.03404031733854151,
    -0.03310599184323023,
    0.038474089874784144,
    -0.0888684554826007,
    0.11746216626550035,
    -0.04036086376575698,
    -0.024299994059849596,
    -0.05568288244101539,
    -0.01264083508741913,
    0.0067989499536690355,
    -0.0010790091945999507,
    0.051368068998177495,
    0.1430520516935055,
    -0.034930050449564556,
    0.09950199825040129,
    -0.026218446333526334,
    -0.010895549164984938,
    -0.0599508762639003,
    0.0008013842760079316,
    0.05247322430549133,
    0.07875017193207487,
    0.05399598644418316,
    0.05139913924886203,
    0.10640240938915926,
    0.038501929809651586,
    0.06021109172120705,
    0.01925933403926061,
    0.025741105964854114,
    0.011909491769620353,
    -0.016287113100302227,
    0.0011953763315980628,
    0.046130982943931684
  ],
  "sum weights": 0.999974999995638
}