{
  "mu_target": [
    -0.5,
    1.59379243850708
  ],
  "mu_model": [
    [
      -0.49939206378161644,
      1.5942514205827292
    ]
  ],
  "diff": [
    [
      0.0006079362183835646,
      0.00045898207564909477
    ]
  ],
  "sigma_integral": [
    0.0003934553328554245,
    0.0008200754259051602
  ],
  "within_band": [
    [
      false,
      true
    ]
  ],
  "toy_seed": 88,
  "weights": [
    0.05126870833780538,
    0.009911990137681164,
    0.08487194729090747,
    -0.061347745796735034,
    0.006571584192313301,
    -0.012863609379273236,
    0.0610747627762548,
    0.044206336594062284,
    0.013576932270680511,
    -0.002019524323047248,
    0.023058216089320994,
    0.13629688957612407,
    0.015676013419875647,
    0.05346351282798446,
    0.004099193182277847,
    -0.0601602089938635,
    -0.04324238929270304,
    0.07785613197683973,
    -0.014878374781971947,
    0.08034027028899429,
    -0.047561472845580766,
    -0.005671765107387954,
    -0.0006393846582084699,
    -0.019548075155720324,
    -0.04065125726133986,
    0.07468406869616419,
    0.024342837110889026,
    0.012729012852085705,
    -0.03238102431204531,
    -0.005693877424444792,
    0.06598812064281319,
    -0.1163004720323295,
    0.15912679175707795,
    -0.027507307618436123,
    -0.029627636686332996,
    -0.00029113810090397585,
    -0.03946661086989771,
    -0.01467294016257639,
    0.03796422351424371,
    0.039805253508819805,
    0.10821823916839136,
    -0.05415778481441149,
    0.07165208579467656,
    0.01986922534332524,
    -0.005147380395448289,
    -0.01192363995044711,
    0.009019898078215224,
    0.02031224849451447,
    0.06590349376931638,
    0.010244902945536753,
    0.06886236510292422,
    0.0765934430932669,
    0.012250590584353422,
    0.024203679911379214,
    0.002014084156752039,
    0.018264549266610076,
    -0.0008299812980948414,
    -0.014408350790496868,
    -0.005793579073846848,
    0.0824639283684226
  ],
  "sum weights": 0.9999999999953564
}