{
  "mu_target": [
    -0.5,
    1.59379243850708
  ],
  "mu_model": [
    [
      -0.49969183893941566,
      1.5943828461825114
    ]
  ],
  "diff": [
    [
      0.00030816106058434434,
      0.0005904076754312815
    ]
  ],
  "sigma_integral": [
    0.00039696887517257773,
    0.0008204235039255608
  ],
  "within_band": [
    [
      true,
      true
    ]
  ],
  "toy_seed": 245,
  "weights": [
    0.03276366080273992,
    -0.015635366347601206,
    0.06823683487979375,
    -0.05817430940638201,
    -0.013887102907913897,
    0.004249692105966651,
    0.05810833079367531,
    0.043322770686183225,
    -0.018641320839063214,
    0.056970291795085566,
    0.07667011952738974,
    0.12247801994864096,
    0.059459312560695934,
    -0.00013497154979057445,
    0.01186248227892549,
    -0.011017445057583179,
    -0.03811008709312646,
    0.05037909847916982,
    -0.012778773616303462,
    0.04816129602855879,
    0.007233184547390975,
    0.021711762720618998,
    -0.01368285867714051,
    -0.03964590240839498,
    -0.03859694157184172,
    0.06930983894099667,
    0.0027514335111384395,
    -0.04626464607860622,
    -0.026101228366970975,
    -0.0017445502724562556,
    0.013744931258892087,
    -0.08358257262998489,
    0.07386272660910748,
    -0.013084589502117744,
    -0.04614022689528126,
    -0.0009635139533123568,
    -0.015516526009880188,
    0.006677623010652831,
    0.018040349482009797,
    0.06507378804120778,
    0.16431455969779626,
    0.0016440806000853935,
    0.06479582615775009,
    -0.02363728433575436,
    0.013803967372883743,
    -0.013853031278051053,
    0.027006840153198076,
    -0.004641384382661579,
    0.05394853457205603,
    0.019894243595956453,
    0.010902308889426686,
    0.06670605108567687,
    0.04000677795854665,
    0.05921853711304717,
    -0.008192657959952483,
    0.029619627068084565,
    0.041441058885650105,
    -0.004697543846985035,
    0.004036639356560707,
    0.040303234465303116
  ],
  "sum weights": 0.9999849999937065
}