{
  "mu_target": [
    -0.5,
    1.59379243850708
  ],
  "mu_model": [
    [
      -0.4997612072803807,
      1.5938456244039279
    ]
  ],
  "diff": [
    [
      0.00023879271961929627,
      5.318589684777386e-05
    ]
  ],
  "sigma_integral": [
    0.0004001493797413477,
    0.001472940785379227
  ],
  "within_band": [
    [
      true,
      true
    ]
  ],
  "toy_seed": 30,
  "weights": [
    0.05460271036287036,
    0.021775877416417636,
    0.10217939263044412,
    -0.05411037559059401,
    0.011422495324100725,
    0.02604977432925586,
    0.018048563315109203,
    0.004941510239143148,
    0.0047002745259032775,
    -0.004491504312133418,
    0.0815157417266511,
    0.12923880128439916,
    0.04850633710458338,
    0.037550873262132856,
    0.020710487487902027,
    -0.03807243431523572,
    -0.04110545091963909,
    0.051399548694521395,
    -0.030341236135391875,
    0.10315362880443309,
    -0.018638854774908124,
    0.04677537994016849,
    0.001182396591089281,
    -0.04012205831477616,
    -0.024947945823297478,
    0.07211675682482581,
    -0.02797203082335765,
    -0.02318038320075013,
    -0.0037808034660914776,
    -0.03515743931756568,
    0.10882674478368481,
    -0.11255137149150003,
    0.11229652641899361,
    -0.043988818077537926,
    -0.014317579535109032,
    -0.006582821331667257,
    -0.00393185484374683,
    -0.013230895061463235,
    -0.03824296671598284,
    0.06353889507491306,
    0.11681936671944035,
    -0.043213687692422606,
    0.07665062502290647,
    -0.003816735018276916,
    -0.04080346596339166,
    -0.03034171744706667,
    0.005543295209773647,
    0.006315874117003794,
    0.06424103366892724,
    0.02804601908160168,
    0.05867700904470848,
    0.07536460110898123,
    0.026641365947349428,
    0.03878290972274477,
    0.010466028411347243,
    -0.01074779502146749,
    0.027672083231731523,
    -0.01584616758177029,
    0.030536978614375244,
    0.033216486725219006
  ],
  "sum weights": 0.9999699999925088
}