{
  "mu_target": [
    -0.5,
    1.59379243850708
  ],
  "mu_model": [
    [
      -0.4991901107760821,
      1.5942416628496239
    ]
  ],
  "diff": [
    [
      0.0008098892239178923,
      0.00044922434254379695
    ]
  ],
  "sigma_integral": [
    0.000393545297310402,
    0.0008100681340661846
  ],
  "within_band": [
    [
      false,
      true
    ]
  ],
  "toy_seed": 167,
  "weights": [
    0.06192079300955748,
    0.006092811531913903,
    0.06491598256914607,
    -0.027067078426031177,
    -0.009040423378106706,
    -0.023713935226069013,
    0.09238749454245318,
    0.058103271088066705,
    -0.027397240359534863,
    0.014743745069023107,
    0.0756865130257145,
    0.1318691824584512,
    0.007113069294852695,
    0.0042446899434410755,
    0.038694813430114244,
    -0.009178634342249246,
    0.003510384062973315,
    0.03371186579852723,
    -0.0304074854012517,
    0.08576359398277293,
    -0.011780148121235035,
    -0.02785709498656768,
    0.007642644624765601,
    0.024563594035395462,
    -0.01306227933372337,
    0.056045399848970064,
    0.05983482517820973,
    -0.03839892702241755,
    0.013243066610373262,
    0.004227599972213466,
    0.005097941832920652,
    -0.11722483628462628,
    0.09755882881625338,
    -0.0690872177384152,
    0.024212919406354876,
    -0.017815633973119496,
    -0.023454707409429253,
    -0.013935495848787807,
    0.013656066125076664,
    0.042634531870446205,
    0.1321889263651683,
    -0.08883295744217581,
    0.06149051829699068,
    -0.05066639774766207,
    0.01632274861593076,
    -0.039465737666039793,
    0.006152203647395145,
    0.01072616618388388,
    0.07900629780265284,
    -0.01434098025531626,
    0.07967681065282466,
    0.08891309743128524,
    0.022721633977232095,
    0.025012293209575043,
    0.016864383047625928,
    0.03339774503826571,
    -0.014824526018353632,
    -0.014243802182382366,
    0.013876666605527478,
    0.06795541999877273
  ],
  "sum weights": 0.9999849998376233
}