{
  "mu_target": [
    -0.5,
    1.59379243850708
  ],
  "mu_model": [
    [
      -0.49923361222997154,
      1.5949509027147635
    ]
  ],
  "diff": [
    [
      0.0007663877700284649,
      0.0011584642076833962
    ]
  ],
  "sigma_integral": [
    0.0003943884340513081,
    0.0008184909894828776
  ],
  "within_band": [
    [
      false,
      false
    ]
  ],
  "toy_seed": 59,
  "weights": [
    0.050663654978170325,
    -0.01893598877346331,
    0.03293640065276491,
    -0.05564892281160884,
    0.018591961470551317,
    0.008136516158745352,
    0.03884679680412002,
    0.07701326497926848,
    -0.013600061070954989,
    0.04593195356255899,
    0.08186553418198396,
    0.13231445938163075,
    0.009066292408629278,
    -0.007584486475578382,
    0.014067439086423777,
    -0.03896156289501386,
    -0.027794020707974446,
    0.027892670228183154,
    -0.017669474804320146,
    0.07536221019804144,
    0.010948848480582285,
    0.0087150641042572,
    -0.02285324902998334,
    -0.00038392234117636654,
    -0.046716230846681785,
    0.03611427465520094,
    0.033632389923143505,
    -0.04938069748411102,
    -0.008251702742128424,
    -0.017961256510494867,
    0.05931591465061029,
    -0.05633565394130381,
    0.08180480147277051,
    -0.03429363305176779,
    -0.027452589035324833,
    -0.0056811535484956694,
    -0.009352543588235228,
    -0.02468125602915293,
    -0.007032839617473958,
    0.012889490411332215,
    0.15524623644047497,
    0.02155260088814345,
    0.07674070977907693,
    -0.03013509856026813,
    0.013015376749513896,
    -0.03922889906473934,
    0.002015574362527042,
    0.03006309101077981,
    0.08658843285396263,
    0.018977936299096148,
    0.0387203493143632,
    0.08598265892382685,
    0.024520339667685485,
    0.07516572156864984,
    0.008875189892961545,
    0.030576549812186285,
    0.0070100930103159055,
    -0.031529277134157534,
    0.023668501723262354,
    0.036630219951960835
  ],
  "sum weights": 0.9999949999733468
}