{
  "mu_target": [
    -0.5,
    1.59379243850708
  ],
  "mu_model": [
    [
      -0.4995198545144339,
      1.5949522389568225
    ]
  ],
  "diff": [
    [
      0.0004801454855660747,
      0.0011598004497423986
    ]
  ],
  "sigma_integral": [
    0.00038744913612051064,
    0.0008147311278416403
  ],
  "within_band": [
    [
      false,
      false
    ]
  ],
  "toy_seed": 261,
  "weights": [
    0.06731955087045237,
    0.04153971992733614,
    0.06585515197755658,
    -0.017495549858095035,
    -0.004055747889947552,
    0.027159158761937724,
    0.09560475258491097,
    -0.006523177179047664,
    0.038729163894267025,
    -0.0026092603563957705,
    0.03327130979404525,
    0.12470909113200734,
    0.03184315399558883,
    0.04884807628281348,
    0.008014078910475175,
    -0.04087606540592553,
    -0.036291741939501285,
    0.06893860859651396,
    -0.055370411018513206,
    0.12221021116395271,
    -0.000716042591990306,
    0.02717303621830608,
    0.0043944287736491115,
    -0.00926138171859521,
    -0.032514358423646125,
    0.0377062545052385,
    0.020088663153125172,
    -0.045310349694570685,
    -0.003456923344510781,
    -0.03403383827267297,
    0.0681423526528975,
    -0.133208448154154,
    0.08874025176233542,
    -0.04446357550213821,
    -0.0304225467520271,
    -0.029114306996258586,
    -0.029132643037413766,
    -0.03561372021853858,
    0.0060627240613144,
    0.06692997953885103,
    0.13540175893792603,
    -0.05706157333273287,
    0.023198375353466024,
    -0.006223473002780671,
    -0.0025417801096856664,
    0.0011403403972660494,
    -0.004813706041409382,
    0.018148788607402367,
    0.05434969458915944,
    0.039104871584265795,
    0.07649044735592835,
    0.05455147784353237,
    0.03591828737799895,
    0.011661807662564427,
    0.049736233265069284,
    0.03026762961177199,
    -0.014548931569975063,
    -0.002092451876514662,
    0.02216949085443367,
    0.03232308228359522
  ],
  "sum weights": 0.999989999994914
}