{
  "mu_target": [
    -0.5,
    1.59379243850708
  ],
  "mu_model": [
    [
      -0.5000191675962747,
      1.5958028996367484
    ]
  ],
  "diff": [
    [
      1.9167596274738408e-05,
      0.002010461129668295
    ]
  ],
  "sigma_integral": [
    0.0004004375576833474,
    0.0008304902993574333
  ],
  "within_band": [
    [
      true,
      false
    ]
  ],
  "toy_seed": 242,
  "weights": [
    0.038338770626810695,
    -0.028283066543232323,
    0.048233840092385565,
    -0.06502216930395692,
    0.02005396316410354,
    0.04946588769105814,
    0.05117967778703514,
    0.05397802603390121,
    -0.004624474974928798,
    0.037421056137070745,
    0.05990136296168611,
    0.135654440416456,
    0.032012652562957496,
    0.04126605702687491,
    0.015226410657230509,
    -0.0596830241689437,
    0.007277982960907848,
    0.07541042668572384,
    -0.027061809540414917,
    0.0949294211826732,
    -0.010085716569145982,
    0.04005493398535632,
    -0.03132946421277344,
    -0.013346459898220078,
    -0.031367573765126805,
    0.058331758017772406,
    -0.00971666213578828,
    -0.015662572434301254,
    -0.016256825397316592,
    -0.014932146369813017,
    0.038090287018679336,
    -0.11541057967634075,
    0.09484355195288205,
    -0.028940831549382064,
    -0.06614760997193289,
    -0.04420811183148449,
    0.018774246419794353,
    -0.009376471090032713,
    -0.00915220977328948,
    0.08452612678972674,
    0.12828241468213603,
    -0.019579518568235407,
    0.07305962230189522,
    -0.047656303114672685,
    -0.03077099320149859,
    -0.0016732189925565634,
    0.0027860999836436693,
    -0.005736674199962987,
    0.052101090841224114,
    0.03547271031227558,
    0.05985206284570881,
    0.07305009374779761,
    0.05724071136606897,
    0.051459020888080576,
    0.05117151957916374,
    -0.008332613681360897,
    0.03789523622965439,
    -0.05649801183961105,
    0.00515400904578785,
    0.04833464080568057
  ],
  "sum weights": 0.9999749999958807
}