{
  "mu_target": [
    -0.5,
    1.59379243850708
  ],
  "mu_model": [
    [
      -0.4994479694952161,
      1.5952706852936303
    ]
  ],
  "diff": [
    [
      0.000552030504783918,
      0.0014782467865501747
    ]
  ],
  "sigma_integral": [
    0.0004025813936900799,
    0.0008226525431249401
  ],
  "within_band": [
    [
      false,
      false
    ]
  ],
  "toy_seed": 275,
  "weights": [
    0.03273291719963392,
    0.008528601128757536,
    0.07604328447729816,
    -0.078938653079486,
    0.01034720575400019,
    0.006340151212514433,
    0.07105286896890439,
    0.05384948842806249,
    -0.0037530561643350337,
    0.036035214692758034,
    0.09392108355817501,
    0.13587413239435903,
    -0.0006250070205635155,
    -0.02236019560705006,
    0.0006269260891049019,
    -0.040907337518829565,
    -0.027054724285053008,
    0.042176113344543985,
    -0.025440118933887226,
    0.11282470074544867,
    -0.0033968213043238985,
    0.02675633066473041,
    -0.002991488459368218,
    0.04688313168699305,
    -0.012343120667270599,
    0.04972433732677412,
    0.012008538155353113,
    -0.04260383270261378,
    -0.00882968624604445,
    -0.006681524321347552,
    0.03521883757934681,
    -0.11873938217374207,
    0.09426216160098136,
    -0.04770370294415381,
    -0.045504157375424306,
    -0.014019833500510689,
    -0.04086200019326805,
    -0.008743371966145035,
    0.018670376387507556,
    0.03840470245178803,
    0.16283293547029362,
    -0.04425440542617165,
    0.03354478074088826,
    -0.031813779357605876,
    -0.04453360422946814,
    -0.007800227227805752,
    -0.0029093335083999446,
    0.04367525330666342,
    0.06979627446201792,
    0.020199725760140848,
    0.040857869221600715,
    0.06051608485644104,
    0.014779613795445677,
    0.08160087550335694,
    -0.010285789746552925,
    0.038391437648696305,
    0.049895913165582714,
    -0.01638205725914985,
    0.011110159380773288,
    0.07997018405368349
  ],
  "sum weights": 0.9999749999940484
}