{
  "mu_target": [
    -0.5,
    1.59379243850708
  ],
  "mu_model": [
    [
      -0.49877935250919625,
      1.595120936425996
    ]
  ],
  "diff": [
    [
      0.0012206474908037501,
      0.0013284979189158719
    ]
  ],
  "sigma_integral": [
    0.0004026146817031607,
    0.0008485602863098371
  ],
  "within_band": [
    [
      false,
      false
    ]
  ],
  "toy_seed": 55,
  "weights": [
    0.08382634870589858,
    -0.005290541999512915,
    0.04850889013956695,
    -0.04134618752005848,
    0.014169033097362185,
    0.02226289633755585,
    0.03329182057581903,
    0.0526179323815439,
    -0.03128957335539446,
    0.05677210558324336,
    0.07545300324799172,
    0.14515121675121992,
    0.03950041293064732,
    -0.00745194560817631,
    0.012140125403794898,
    -0.03308066598501931,
    -0.023876864037047647,
    0.03573737225456825,
    -0.045602639264808974,
    0.09281593395129474,
    0.026128284230586954,
    0.004552163581449284,
    -0.01361480586824665,
    -0.02648667475545321,
    -0.03084429544581829,
    0.05979855585357511,
    -0.015540875130156227,
    -0.03564429357632616,
    -0.017870204463996814,
    -0.027109262964097002,
    0.07005831056475845,
    -0.06990436411739939,
    0.0790052715188573,
    -0.029879099288411235,
    0.010017970521483354,
    -0.004135190791778345,
    -0.004871059150716308,
    -0.0185695670055227,
    -0.04079132673532961,
    0.07595778220623994,
    0.1879235368362995,
    -0.03380706118696213,
    0.06338113170015434,
    -0.019555587258689656,
    0.0014753838262682507,
    -0.059510496537925804,
    -0.011907022898634684,
    -0.0011401712321345732,
    0.07314386450799819,
    -0.010423278740102676,
    0.023892636445917898,
    0.08930437990176697,
    0.00483270231810919,
    0.03843176178328371,
    0.032489456716131015,
    0.018379026297165237,
    0.04267196552424072,
    -0.04084206265838678,
    0.005256661898009106,
    0.08141717997852954
  ],
  "sum weights": 0.9999799999952245
}