{
  "mu_target": [
    -0.5,
    1.59379243850708
  ],
  "mu_model": [
    [
      -0.5002096984689883,
      1.594290942087869
    ]
  ],
  "diff": [
    [
      0.00020969846898832856,
      0.000498503580788956
    ]
  ],
  "sigma_integral": [
    0.00040339917834027265,
    0.0008224260325815412
  ],
  "within_band": [
    [
      true,
      true
    ]
  ],
  "toy_seed": 23,
  "weights": [
    0.06139060747132708,
    0.019352626820850354,
    0.06560867571575894,
    -0.035869703672133935,
    0.026030837505916376,
    0.0006145342126165035,
    0.060018428345477756,
    0.0622745844619152,
    0.0036368262437773235,
    0.015753621212420993,
    0.07506880829764993,
    0.1458366306736625,
    0.028707199072205064,
    -0.006213328368987127,
    0.01748946002286255,
    -0.025335395509578116,
    -0.012978315314583128,
    0.10221011799648108,
    -0.04668997806541465,
    0.13461672186072937,
    0.004683226333806246,
    0.022702658502244705,
    0.008771523340053579,
    -0.0415007767852325,
    -0.04830851107973368,
    0.0528983720568401,
    0.014854279177568696,
    -0.06479885000379214,
    0.0020292165546370645,
    -0.047860026860817445,
    0.07168703975638197,
    -0.09259530225258528,
    0.09026427721940064,
    -0.05457723202283293,
    -0.03205105874700923,
    -0.011019531606094882,
    0.008413154395497165,
    -0.008256560789453258,
    6.131007278377369e-05,
    0.060670155813739315,
    0.12730982326661988,
    -0.04430674472000273,
    0.089167448946118,
    -0.043412221212974104,
    -0.015566611711034292,
    -0.04197337793777632,
    -0.013005010227482235,
    -0.02149533913584136,
    0.08440852503974747,
    0.04412204666132573,
    0.03756219805745688,
    0.06986448809245994,
    0.03311930584952067,
    0.02858796990578497,
    0.010213783233911351,
    0.010172191920624213,
    0.03300859871342376,
    -0.013800837775728983,
    -0.0020996380489363385,
    0.0005180790198763883
  ],
  "sum weights": 0.999984999995449
}