{
  "mu_target": [
    -0.5,
    1.59379243850708
  ],
  "mu_model": [
    [
      -0.49965764019382375,
      1.5960666300555786
    ]
  ],
  "diff": [
    [
      0.00034235980617625117,
      0.0022741915484985054
    ]
  ],
  "sigma_integral": [
    0.0004004962012657085,
    0.0008208477846967483
  ],
  "within_band": [
    [
      true,
      false
    ]
  ],
  "toy_seed": 143,
  "weights": [
    0.06232652512716486,
    0.028336295738973068,
    0.11604615338025734,
    -0.055053611871015866,
    -0.004211017428710885,
    0.005749279523636645,
    0.05188064426561258,
    0.08897651911522408,
    -0.04795519077158207,
    0.025683209641028496,
    0.05276787688967452,
    0.1574424888588615,
    0.024617158144218183,
    -0.014850684024718576,
    -0.029874137455532,
    -0.06879921264579587,
    0.016086901317453106,
    0.037328051619789276,
    -0.04745543100408302,
    0.08429367304038844,
    0.0025174922966442414,
    0.024114847575854834,
    -0.026024220214500387,
    -0.031286855605536,
    -0.044645772640677775,
    0.05071760134670023,
    -0.018686578029328375,
    -0.005704002987873948,
    0.004576728311407891,
    -0.003465951865402984,
    0.0035115937903438706,
    -0.10114128734869518,
    0.11049982194775854,
    -0.052365905140117734,
    -0.008994351890511655,
    -0.03192862015885799,
    -0.02291583761667114,
    0.005288824412984538,
    -0.017619873866308165,
    0.08782723908211959,
    0.13191081233421534,
    -0.0036413801229290524,
    0.12361547149212136,
    -0.012149113234865965,
    0.00018558296326022354,
    -0.028409775781985544,
    0.008887261935256418,
    -0.006518149570114841,
    0.03256532957440659,
    0.011803138442657174,
    0.029473389249243215,
    0.08303416898324716,
    0.04603190500829026,
    0.055546836065540194,
    0.022786269652745883,
    0.0078027679369545,
    0.03249923655835112,
    -0.040812487335067926,
    0.023893822801040465,
    0.07386453015975472
  ],
  "sum weights": 0.9999799999722975
}