{
  "mu_target": [
    -0.5,
    1.59379243850708
  ],
  "mu_model": [
    [
      -0.5002095867827481,
      1.5940037575724537
    ]
  ],
  "diff": [
    [
      0.0002095867827480724,
      0.00021131906537363854
    ]
  ],
  "sigma_integral": [
    0.00046054164285512907,
    0.0008827523702496842
  ],
  "within_band": [
    [
      true,
      true
    ]
  ],
  "toy_seed": 98,
  "weights": [
    0.08116842206718301,
    0.040584868843727445,
    0.08734102324568176,
    -0.05120736218180521,
    0.01905484070612755,
    0.0015439093636921974,
    0.05450533831680634,
    0.036046182600592516,
    0.0053288787007493245,
    0.021045125921094962,
    0.04323598998568227,
    0.12884819338558795,
    0.019972145635128096,
    -0.0037052675817464244,
    0.007708703419820947,
    -0.018259495636860804,
    -0.028107008931690002,
    0.06030608555910233,
    -0.06556523990748456,
    0.09955513005442009,
    0.007497881105807752,
    0.022837860654569626,
    0.019717134804400408,
    -0.058276553501281574,
    -0.05195975625763366,
    0.06517975096476276,
    -0.023442510781204018,
    -0.07203527402662672,
    0.0013268171248902777,
    -0.027855065798141895,
    0.08340455854289368,
    -0.10104284933033082,
    0.10416540657577085,
    -0.058500265622775924,
    0.0024051259611595796,
    -0.02482633906661818,
    0.02808379418089637,
    -0.002060768257535924,
    0.018454412088717086,
    0.0850658236078562,
    0.09981097038157263,
    -0.04048058574399108,
    0.06235761009617395,
    -0.038016118457453715,
    -0.018779903847912848,
    -0.06233971401359827,
    0.03831008819128572,
    0.04128711796493512,
    0.05478570631510353,
    0.033605645672803455,
    0.02737535586213162,
    0.07707755606777139,
    0.028704902006798025,
    0.04165400819736878,
    -0.03137826811285129,
    0.009194899184944531,
    0.053031395930191336,
    -0.007650510826091327,
    0.03137964597855883,
    0.042495552611469097
  ],
  "sum weights": 0.9999649999945952
}