{
  "mu_target": [
    -0.5,
    1.59379243850708
  ],
  "mu_model": [
    [
      -0.49961877050101805,
      1.5943331371411225
    ]
  ],
  "diff": [
    [
      0.0003812294989819498,
      0.0005406986340423803
    ]
  ],
  "sigma_integral": [
    0.000395729452153015,
    0.0008130708171856096
  ],
  "within_band": [
    [
      true,
      true
    ]
  ],
  "toy_seed": 67,
  "weights": [
    0.04439131395556755,
    -0.016552932960133878,
    0.06282482361260404,
    -0.047809367698915785,
    0.01126721365077105,
    0.02094666616948678,
    0.07999806359580668,
    0.018645269990224117,
    0.042783490883082066,
    0.006039190590346846,
    0.04671501677294598,
    0.10784460680117894,
    0.02299822084874249,
    0.03325626881423553,
    0.0128024745163245,
    0.000330847637343396,
    0.04430107287285531,
    0.017790177751737857,
    -0.018248373253135813,
    0.08880180077912617,
    -0.0025909381769882224,
    0.018510577663298132,
    -0.021698658387317677,
    -0.02205551373183191,
    -0.032521954944464464,
    0.049380781390485434,
    0.008911452867012113,
    -0.023707671880213582,
    -0.00559570951376158,
    -0.013848607550093513,
    0.00877380815835211,
    -0.09583163435950004,
    0.0950133870772436,
    -0.05080682984074604,
    -0.021105617688665812,
    -0.023963301377060552,
    0.012602989271088227,
    -0.013174248951642447,
    0.015458468653318217,
    0.07977676601041238,
    0.09765214666765691,
    -0.03139194230797368,
    0.043750083122971906,
    -0.04806015573311743,
    0.0012371052787113874,
    -0.023374254607380174,
    0.054975406770071136,
    -0.012871802403823877,
    0.05184433600999389,
    0.036493855771887296,
    0.04110972072966583,
    0.07474002970110358,
    0.02660641502271454,
    0.07631191347532447,
    0.014188995273881094,
    0.010448444312127526,
    0.03121551193897452,
    -0.022726897280443983,
    -0.01990691553254301,
    0.05709461376639608
  ],
  "sum weights": 0.9999899999953161
}