{
  "mu_target": [
    -0.5,
    1.59379243850708
  ],
  "mu_model": [
    [
      -0.49983223477019934,
      1.5937639077835402
    ]
  ],
  "diff": [
    [
      0.00016776522980066488,
      2.8530723539921254e-05
    ]
  ],
  "sigma_integral": [
    0.0004112406136063253,
    0.0008976895668219493
  ],
  "within_band": [
    [
      true,
      true
    ]
  ],
  "toy_seed": 49,
  "weights": [
    0.049722735778856636,
    0.008485545231696949,
    0.07320157628855671,
    -0.02302582892154619,
    0.009205358224298103,
    0.0037984959916058185,
    0.050833913714380785,
    0.021645974501671043,
    -0.005535901442189226,
    0.015924345024635588,
    0.055805004650172275,
    0.13849476177235454,
    0.01813328648571758,
    0.014647884337969057,
    0.03823465661996536,
    -0.027624877948639718,
    -0.0002794474280869922,
    0.051618386963231414,
    -0.03372666126762328,
    0.15596829396956619,
    -0.020281657130965615,
    0.035921774183030775,
    0.0037436015356429905,
    -0.016794339010093154,
    -0.05499487992148322,
    0.054988379742313465,
    -0.012865072885259465,
    0.011213032379518227,
    0.006362571591063635,
    -0.020218503682278764,
    0.02890493441680655,
    -0.10531523944147017,
    0.0686771773996186,
    -0.036416504063255035,
    0.013754972812389544,
    -0.007539190527538691,
    -0.020256289344914177,
    -0.024291408540355316,
    0.01442495570187639,
    0.057941310765787686,
    0.10409125434760247,
    -0.03870950995797072,
    0.12144243941896089,
    0.004515286079553116,
    -0.016457733104004703,
    -0.042947401998363076,
    0.002337945196530293,
    -0.01455115952941921,
    0.05780065070071877,
    0.023837144652527377,
    0.05680811893314854,
    0.04620270887600868,
    0.0014065386486332805,
    0.013655462995046646,
    0.035322721668497856,
    0.048139179087188615,
    -0.0009589487617884867,
    -0.031347696975385635,
    -0.008522738035997884,
    0.04543360922709827
  ],
  "sum weights": 0.9999849999956121
}