{
  "mu_target": [
    -0.5,
    1.59379243850708
  ],
  "mu_model": [
    [
      -0.4989995409209481,
      1.5952068373498136
    ]
  ],
  "diff": [
    [
      0.0010004590790518852,
      0.001414398842733533
    ]
  ],
  "sigma_integral": [
    0.0003983716957611614,
    0.0008197535426050926
  ],
  "within_band": [
    [
      false,
      false
    ]
  ],
  "toy_seed": 151,
  "weights": [
    0.061794145918499487,
    0.014329729110189116,
    0.08889263259734219,
    -0.0267382726708018,
    0.009240269089699884,
    0.008440735707385584,
    0.053869781615127454,
    0.06593524571542105,
    0.024882833937133433,
    0.009153803879208729,
    0.0115653263671879,
    0.1271525239823404,
    0.025586029124322493,
    0.014795480287517553,
    0.013874202333675572,
    -0.04969466553465068,
    0.005530331308729421,
    0.05246285595164532,
    -0.024751597180466406,
    0.10276837478296784,
    -0.003486095291373577,
    0.02865350041240038,
    -0.00041117896505009306,
    -0.0356556156166961,
    -0.031086324880557376,
    0.07049120121901555,
    -0.021163269510436684,
    -0.03732741127988608,
    -0.005713758643823841,
    -0.036203703841964044,
    0.0328571422162415,
    -0.11073964412975591,
    0.11972441077609462,
    -0.022261377990699743,
    -0.006440129727397233,
    -0.014350307941270625,
    -0.018354641348820533,
    -0.014492067079775043,
    -0.01964107303293986,
    0.0786568952150473,
    0.07289438778389767,
    -0.027072055618315872,
    0.04771154328762911,
    0.016284884544048115,
    -0.006516598417803456,
    -0.06350790980087469,
    -0.015882051043209736,
    -0.0030945599408125344,
    0.05300147800376297,
    0.02124394433007226,
    0.04792209505156605,
    0.06878774860403411,
    0.032579354315144304,
    0.07316875728027394,
    0.020901099019451034,
    0.02486922749568615,
    0.005879429777490027,
    0.006423993131996816,
    0.003749083648520507,
    0.07849983166216878
  ],
  "sum weights": 0.9999899999955528
}