{
  "mu_target": [
    -0.5,
    1.59379243850708
  ],
  "mu_model": [
    [
      -0.4994918306873614,
      1.5944950542493783
    ]
  ],
  "diff": [
    [
      0.0005081693126385844,
      0.0007026157422982404
    ]
  ],
  "sigma_integral": [
    0.00046329489794233475,
    0.0008492403947733774
  ],
  "within_band": [
    [
      false,
      true
    ]
  ],
  "toy_seed": 33,
  "weights": [
    0.07653237726475932,
    0.03965481408257713,
    0.028474159926704403,
    -0.0964398741450564,
    -0.024090434603559405,
    0.007225495922463705,
    0.06334406413580654,
    0.05223903944021498,
    0.01672845009163401,
    0.031036913035401188,
    0.04310518853160881,
    0.12952356758832195,
    0.02673347875253862,
    -0.037266106718316455,
    0.003085226562392939,
    -0.06230685043355757,
    -0.0279093700012271,
    0.0529667660707729,
    -0.030045352079211655,
    0.10850124711205576,
    0.035503413475669064,
    0.011845640129040557,
    -0.031203056573208685,
    -0.005799899576488598,
    -0.01235685949531753,
    0.0757002299895444,
    0.013992268173675512,
    -0.05318758483561901,
    -0.023793549945633544,
    -0.008858622006361484,
    0.06649477392822478,
    -0.121336997116153,
    0.08809947845925246,
    -0.01689224432704278,
    -0.013726388801333048,
    -0.03828538575383035,
    -0.018420552335953272,
    0.006711376479614568,
    0.004874697920006549,
    0.04274650343363294,
    0.11884840496763281,
    -0.03039205122474039,
    0.09360180565798858,
    -0.016192980837701567,
    0.015379994657049582,
    -0.017347400742592108,
    0.007643504866044421,
    0.06794117052502147,
    0.08103697973062175,
    0.023025403346583637,
    0.020677948246434274,
    0.06704438505350584,
    0.020449440351005203,
    0.0670104861418869,
    0.030899489968294568,
    0.04045747225987102,
    0.008921412082826765,
    -0.045039790006842925,
    -0.004451386868126904,
    0.04725567006163341
  ],
  "sum weights": 0.9999699999944396
}