{
  "mu_target": [
    -0.5,
    1.59379243850708
  ],
  "mu_model": [
    [
      -0.49975625489960973,
      1.5946548675754095
    ]
  ],
  "diff": [
    [
      0.0002437451003902691,
      0.0008624290683294511
    ]
  ],
  "sigma_integral": [
    0.0004067658744173743,
    0.0016994847280646895
  ],
  "within_band": [
    [
      true,
      true
    ]
  ],
  "toy_seed": 219,
  "weights": [
    0.021660815453130644,
    0.01934626254193882,
    0.09088609847449865,
    -0.05334750943200581,
    -0.0020035756307265535,
    0.0026989791843488424,
    0.059794369485832145,
    0.01913356955600682,
    -0.010843438717817675,
    0.0010206410686321695,
    0.08196640494222943,
    0.13003859149975877,
    0.04022795791518698,
    0.0386524495526849,
    0.02122498476750337,
    -0.030702482481345328,
    -0.03202823312269572,
    0.1004537500340605,
    -0.030596681361149663,
    0.06727974001021224,
    -0.03789981686331085,
    0.0043923821878724305,
    -0.022559803756327795,
    -0.021654849771155997,
    -0.007542704303242551,
    0.07303131231411242,
    0.03603230152170665,
    -0.033381937894444394,
    0.013411893489350513,
    -0.026386616226519347,
    0.01842950553979482,
    -0.13386726454329126,
    0.12340674874870314,
    -0.05124120873605746,
    -0.03394188220635574,
    -0.029140428643883796,
    -0.017201141735887847,
    -0.00976004225144387,
    -0.039203358255760296,
    0.08130928210475022,
    0.1320730498065813,
    -0.03779318827233046,
    0.06534291792627307,
    -0.024392674339005754,
    -0.007142483240780873,
    -0.032923608796742145,
    0.011128861927180529,
    0.005573034238432418,
    0.07311566649709472,
    0.023682773304864044,
    0.05461050819764186,
    0.08775225758471848,
    0.020523853770709706,
    0.0212310439115785,
    0.05453150582419081,
    0.03465841647604327,
    0.01220718327444007,
    -0.008036277225701419,
    -0.0019842676663812415,
    0.0947213622511328
  ],
  "sum weights": 0.9999749999088321
}