{
  "mu_target": [
    -0.5,
    1.59379243850708
  ],
  "mu_model": [
    [
      -0.49925029539548027,
      1.5949903944571615
    ]
  ],
  "diff": [
    [
      0.0007497046045197298,
      0.0011979559500814307
    ]
  ],
  "sigma_integral": [
    0.0003979570720891884,
    0.0008222373510640163
  ],
  "within_band": [
    [
      false,
      false
    ]
  ],
  "toy_seed": 95,
  "weights": [
    0.07315292456737942,
    0.012971904570729316,
    0.04984718133379296,
    -0.06553232697413301,
    0.009217888665721756,
    0.027403698255529234,
    0.06471568723993108,
    0.05360073383673824,
    -0.04719486655125036,
    0.027982135402776213,
    0.050851518426880835,
    0.15792363010631139,
    0.03888741063556358,
    -0.011110887294867923,
    0.004070353510211692,
    -0.04175031009150278,
    -0.03946870092348258,
    0.06500437751701804,
    -0.04382964849193071,
    0.09563681525922856,
    0.0014003064398073013,
    0.015526481579385,
    0.012862035749611006,
    0.0004107420409816733,
    -0.04238056425802068,
    0.04318570665621146,
    -0.012116311767699485,
    -0.016324522748897948,
    -0.017204967860926675,
    -0.006019276963246433,
    0.005129010994115774,
    -0.11871742304828058,
    0.11721110842792036,
    -0.045391530759542484,
    -0.027094401522451027,
    -0.014337355669132808,
    -0.01957507116137583,
    -0.009474511348556178,
    0.00468681132984106,
    0.07011273778844775,
    0.1597831057166282,
    -0.05062620979225923,
    0.10708694428897615,
    -0.01854687259606553,
    -0.022294648424263454,
    -0.01440106103843218,
    -0.016102255965331984,
    0.009985950438783794,
    0.06076990176326735,
    0.03903346870205503,
    0.07551234945019802,
    0.087530285446778,
    0.042317023006459537,
    0.04362702834070919,
    0.02276953648134276,
    0.0367344880194118,
    0.0046247762607194475,
    -0.06897965266366508,
    0.009096950602423028,
    0.06778536904649078
  ],
  "sum weights": 0.9999749999830618
}