{
  "mu_target": [
    -0.5,
    1.59379243850708
  ],
  "mu_model": [
    [
      -0.4997816553028918,
      1.5941193484707894
    ]
  ],
  "diff": [
    [
      0.00021834469710818594,
      0.0003269099637093209
    ]
  ],
  "sigma_integral": [
    0.0004342711633128418,
    0.0008249848988287707
  ],
  "within_band": [
    [
      true,
      true
    ]
  ],
  "toy_seed": 65,
  "weights": [
    0.03714553021403594,
    -0.03155954043669727,
    0.061628586669216584,
    -0.03923254527892369,
    -0.01578494400055394,
    0.058542548535467184,
    0.05305181418023252,
    0.06227312569569491,
    0.004555942691162678,
    0.024304575757779952,
    0.056927693750861354,
    0.1165018802448015,
    0.013646021319689781,
    0.04430735483535537,
    0.030458840522777687,
    -0.03221469331448353,
    0.014363127851577402,
    0.027482115215101372,
    -0.022688540190518136,
    0.07340214673534116,
    -0.024736226609703905,
    0.006660294255678264,
    -0.01381448125405238,
    -0.009048009955261891,
    -0.03580793226989471,
    0.08754218703425026,
    -0.0026511335494551476,
    -0.04229653635841765,
    0.014507596089716766,
    -0.035746098616971284,
    0.039803698718465994,
    -0.12248579002662258,
    0.08181907127145877,
    -0.014083111850583268,
    -0.007669918300728286,
    -0.01687945742502172,
    -0.0017446906381409194,
    -0.017588109016509947,
    -0.005176558883302261,
    0.07596391551577296,
    0.11942511778759814,
    -0.008077974713170562,
    0.05653883103032936,
    -0.04019043518848461,
    -0.0159307965191472,
    -0.06479867622454193,
    0.013432197054137044,
    0.002905881912112779,
    0.06573097147945195,
    0.03146641484935574,
    0.06070140359330902,
    0.0877202915530781,
    0.04580943566334762,
    0.03294692748459615,
    0.051511500384038685,
    0.01676662273468281,
    0.016725157248376327,
    -0.026128074007742596,
    -0.016060585315764302,
    0.07581104006148559
  ],
  "sum weights": 0.9999849999956439
}