{
  "mu_target": [
    -0.5,
    1.59379243850708
  ],
  "mu_model": [
    [
      -0.4991658072551738,
      1.5961549714903758
    ]
  ],
  "diff": [
    [
      0.0008341927448262121,
      0.0023625329832956954
    ]
  ],
  "sigma_integral": [
    0.0006504939249437909,
    0.0013472117123671673
  ],
  "within_band": [
    [
      false,
      false
    ]
  ],
  "toy_seed": 192,
  "weights": [
    0.06596068016469743,
    0.013501825711179237,
    0.0888472762495076,
    -0.012985765717238515,
    -0.014259355307237709,
    0.026148811469387318,
    0.04821814424114805,
    0.07869861175382659,
    0.005430348699171554,
    0.04139272088811797,
    0.07286053048465138,
    0.14806735119847658,
    0.041545237671102006,
    -0.018520622529821118,
    0.01601780247458601,
    -0.041292754382766646,
    -0.03436123149778935,
    0.013436791678920264,
    -0.021710307240813846,
    0.0980233561331969,
    -0.0014686637883887812,
    0.03074952900100197,
    -0.022726183332059845,
    -0.003991704018317942,
    -0.05069506182804399,
    0.06695928645903408,
    -0.013854468881428127,
    -0.043036500859099734,
    0.005475576510148345,
    -0.05656108940087418,
    -0.0018602255448033507,
    -0.10613182467933503,
    0.08852864560117925,
    -0.028172315049679632,
    -0.015889134825689863,
    -0.0063950248209620015,
    -0.033083357697075884,
    -0.01857894185458201,
    -0.034497662993213545,
    0.07107373542967682,
    0.1267333382419878,
    -0.0018311710149637476,
    0.03978299157044226,
    -0.005258304077999268,
    0.015700521084716822,
    -0.06473232843584927,
    -0.011007780103446866,
    0.024258066088830535,
    0.05376519072040069,
    0.030947028966507143,
    0.05442546189731993,
    0.08701769969506662,
    0.045649167379781565,
    0.0771439596815563,
    0.030577803444830822,
    0.009913001641807312,
    -0.005032627416683531,
    -0.00732066698635324,
    -0.002340749370551397,
    0.060730331417543436
  ],
  "sum weights": 0.9999849999947321
}