{
  "mu_target": [
    -0.5,
    1.59379243850708
  ],
  "mu_model": [
    [
      -0.49947463775410306,
      1.5934254274835924
    ]
  ],
  "diff": [
    [
      0.0005253622458969431,
      0.00036701102348768444
    ]
  ],
  "sigma_integral": [
    0.00039683751212382044,
    0.0008166256250399749
  ],
  "within_band": [
    [
      false,
      true
    ]
  ],
  "toy_seed": 132,
  "weights": [
    0.04311424220424543,
    -0.01148699112509724,
    0.05694949314092944,
    -0.010074954298815724,
    0.019607053413403092,
    -0.012782697080743003,
    0.07153713660858925,
    0.05522857272357237,
    -0.029478923167588496,
    -0.0012086319283524148,
    0.06862361078918272,
    0.13322314930740364,
    0.007299555517628401,
    0.019489841175346106,
    0.013413315336443838,
    -0.04935213105199816,
    -0.016529877630921376,
    0.033807190296005006,
    -0.05993023768109582,
    0.10804678811640632,
    0.00020873185307532642,
    0.016460814847113033,
    -0.023589266037651088,
    -0.04754040020890469,
    -0.033877650029736146,
    0.03324167950328752,
    0.02049427139290822,
    -0.019638697831372173,
    0.0044756662500529355,
    -0.06179020194649572,
    0.04576895197500645,
    -0.08506703191674846,
    0.13660363171947473,
    -0.034518119892702454,
    -0.03539490442092445,
    -0.044633484937943765,
    -0.024627306288342508,
    -0.025296896206035098,
    0.003782135373615893,
    0.06257734470151939,
    0.1527986463168437,
    -0.04630391514555447,
    0.08787511879829325,
    -0.014368950659899833,
    -0.004735389847769871,
    0.01115913363315884,
    0.031878916866585644,
    0.01700694566574957,
    0.07456191979564747,
    0.03512130213844207,
    0.03875628784903612,
    0.06683945442112647,
    0.025497709501426425,
    0.07879095763461161,
    0.05761134054177538,
    0.049204262736901455,
    0.013566752576179794,
    -0.029176693048581174,
    -0.0029988121603238445,
    0.029770239818265643
  ],
  "sum weights": 0.9999899999956545
}