{
  "mu_target": [
    -0.5,
    1.59379243850708
  ],
  "mu_model": [
    [
      -0.4992032119145309,
      1.5964033536032618
    ]
  ],
  "diff": [
    [
      0.0007967880854691245,
      0.0026109150961817207
    ]
  ],
  "sigma_integral": [
    0.0005326645379306373,
    0.0014505609518165204
  ],
  "within_band": [
    [
      false,
      false
    ]
  ],
  "toy_seed": 158,
  "weights": [
    0.08201052148436128,
    -0.01782458577046826,
    0.06753884922364241,
    -0.04468791682118749,
    0.013290926132036517,
    -0.00028426370655993034,
    0.08779904723932924,
    0.04229232170736821,
    -0.03244764446631926,
    0.03340164493044369,
    0.06176549953919968,
    0.1369179562494294,
    0.023952469149273795,
    0.004388883194995671,
    0.02498469801305428,
    -0.032846167633301775,
    -0.0326129372762485,
    0.02895490815376208,
    -0.029786564184857638,
    0.10072783480250667,
    0.0069216182657084015,
    0.011912391126508624,
    -0.017900605186990548,
    0.045317983412475095,
    -0.02403974767098553,
    0.0750605162046779,
    0.004450570155600248,
    -0.024935429175539092,
    -0.017796505101310936,
    -0.01763441806395554,
    0.021471444170019803,
    -0.1219321224599495,
    0.08997077290295827,
    -0.03346311261403541,
    -0.04299514737565574,
    -0.005385109453405994,
    -0.04241691255094103,
    -0.0233922273270347,
    0.009094689855523115,
    0.06662660059856927,
    0.1371787768853282,
    0.00024999815025483866,
    0.07854668299850745,
    -0.0029494458085384968,
    0.013008981749679325,
    -0.05887559885675869,
    -0.01893160708912702,
    0.015656144260668133,
    0.04625701723921205,
    0.03154447789402613,
    0.06356212712889635,
    0.06056123405161555,
    -0.0053541523069243,
    0.07051028622047444,
    0.012124061462912566,
    0.006529295341555231,
    0.004483184811089288,
    -0.02092368264366177,
    0.00963902103091944,
    0.08070746780277696
  ],
  "sum weights": 0.9999949999956024
}