{
  "mu_target": [
    -0.5,
    1.59379243850708
  ],
  "mu_model": [
    [
      -0.49928800593448686,
      1.5936658526201328
    ]
  ],
  "diff": [
    [
      0.000711994065513144,
      0.00012658588694725026
    ]
  ],
  "sigma_integral": [
    0.0004043986017583429,
    0.0008406632468052364
  ],
  "within_band": [
    [
      false,
      true
    ]
  ],
  "toy_seed": 244,
  "weights": [
    0.033670484841562986,
    -0.0019708128500428076,
    0.10496728598752755,
    -0.05738471736374352,
    0.004445847396161379,
    0.034324721875064294,
    0.03748862849465002,
    0.08674705987857248,
    0.0020460853062895697,
    0.007266355611415795,
    0.052177032359680374,
    0.0949582959381953,
    0.017053704457984743,
    0.015291510137223206,
    0.014187242569133725,
    -0.03643279364482416,
    -0.016610455495203496,
    0.03315676933693922,
    -0.03803347196423606,
    0.13666507970826847,
    -0.026957635847816807,
    0.016502071800197075,
    0.011642431000381634,
    -0.05357445983506392,
    -0.04031274842466062,
    0.11160860383794786,
    0.004297411235694243,
    -0.04560220100363089,
    0.008085692749176228,
    -0.02006555441383951,
    0.010127952919060148,
    -0.11475569463984733,
    0.08840188142032315,
    -0.04146559574196347,
    -0.009283756023698318,
    0.0041832952574087975,
    -0.008581967549915324,
    -0.004137750241041437,
    0.008739681078479002,
    0.07485845495082559,
    0.15184632041915952,
    -0.035933458465017165,
    0.017621802170374564,
    -0.014518544947977536,
    -0.05841687720237191,
    -0.01999896044118866,
    -0.012196444990641443,
    0.0001763595426504673,
    0.07848096154985396,
    0.037123933027274854,
    0.06777747790900601,
    0.07433893860689365,
    0.013363808084061174,
    0.06770422364558758,
    0.02622495012610091,
    0.01272966781793311,
    0.03286991198898284,
    -0.02462219467399122,
    0.028267749140293216,
    0.05942141158000243
  ],
  "sum weights": 0.9999849999956216
}