{
  "mu_target": [
    -0.5,
    1.59379243850708
  ],
  "mu_model": [
    [
      -0.4990650889688418,
      1.594682322859256
    ]
  ],
  "diff": [
    [
      0.0009349110311582254,
      0.0008898843521758515
    ]
  ],
  "sigma_integral": [
    0.00039207879963189674,
    0.0008708468343168795
  ],
  "within_band": [
    [
      false,
      false
    ]
  ],
  "toy_seed": 147,
  "weights": [
    0.09205160370076608,
    0.0030368023311398472,
    0.062333606207800304,
    -0.07009141475785477,
    0.017718071945039097,
    0.004949229517311824,
    0.05319614997021958,
    0.04631566955175821,
    -0.01183131556575791,
    0.01995156926612709,
    0.08013437414838712,
    0.09763223643168688,
    0.024551742003403498,
    0.030064721972365427,
    -0.02498804126465513,
    -0.02685456631218433,
    -0.0046801510624763076,
    0.06868361448643856,
    -0.0065933021227058495,
    0.08679635360314529,
    -0.022079786372921812,
    0.0557166595089547,
    -0.013398995049880773,
    0.011025827835816177,
    -0.07219130928116248,
    0.04863745816368247,
    0.016679841483061234,
    -0.04791029008647254,
    -0.03516787437095408,
    -0.00433671436151928,
    0.052946611171475304,
    -0.14706079129042338,
    0.11659446853368755,
    -0.046613164450273636,
    -0.03200188847761575,
    0.0003126575923656441,
    -0.0017795492772866264,
    0.02243996786791085,
    -0.02954450959437554,
    0.051381841754240445,
    0.09988826151194477,
    -0.006713310066434207,
    0.08780050114865952,
    0.002916274890741665,
    0.011010545857153161,
    -0.027812366823237965,
    0.011701633268347153,
    0.023586122264567716,
    0.04405194210498018,
    0.018490020732329835,
    0.07492253311753909,
    0.04780160789502134,
    0.04238798285878294,
    0.07083361782833053,
    0.02870952290499783,
    -0.009334629031223429,
    0.022152261883871077,
    -0.03465093102785607,
    -0.018623437738432867,
    0.04483443106698411
  ],
  "sum weights": 0.9999799999953296
}