{
  "mu_target": [
    -0.5,
    1.59379243850708
  ],
  "mu_model": [
    [
      -0.4995081744335851,
      1.5948974615358955
    ]
  ],
  "diff": [
    [
      0.0004918255664149163,
      0.0011050230288154328
    ]
  ],
  "sigma_integral": [
    0.0003982942405604076,
    0.0008194954919365123
  ],
  "within_band": [
    [
      false,
      false
    ]
  ],
  "toy_seed": 145,
  "weights": [
    0.06355262054901466,
    -0.03995564885518922,
    0.049086063695426806,
    -0.07526840479151645,
    -0.007146879105572181,
    0.027092762332394146,
    0.05619626869549177,
    0.05590700507596268,
    -0.004678309629742603,
    0.02312015930520621,
    0.04607716649213848,
    0.09884549462505011,
    0.0385310079812805,
    0.0009302845510569802,
    0.016176467820846478,
    -0.04434929141527654,
    -0.005131867997297886,
    0.07821826316185682,
    -0.057797559793128145,
    0.09245969758771627,
    0.030301674578425773,
    0.04181428731237169,
    -0.005604212295052209,
    -0.025482530101527665,
    -0.04354767087575378,
    0.08177135466190207,
    -0.007116333993126561,
    -0.04898980050181843,
    -0.013214868413750743,
    -0.029123694236603142,
    0.05072085913552061,
    -0.09406527757571334,
    0.09247504728735803,
    -0.0055267706914354795,
    -0.008299782809090215,
    0.0025868986988449335,
    0.0029154119749319274,
    -0.010727781499571692,
    -0.013802637634858526,
    0.12489382570010377,
    0.14240019158222425,
    -0.037957739671626585,
    0.08455196460682,
    -0.026932288201452742,
    0.009126930589755578,
    -0.03860818219669545,
    0.0018866784245466174,
    0.02971761101907419,
    0.0562186319887453,
    0.012427135046532518,
    0.04284410017256371,
    0.09011113364465183,
    0.038132115892901705,
    0.058127956262731546,
    -0.013250858250193325,
    0.02358352287362552,
    -0.0071565112132780506,
    -0.04832438411302893,
    0.006861621175206577,
    0.0423820713103343
  ],
  "sum weights": 0.9999849999503145
}