{
  "mu_target": [
    -0.5,
    1.59379243850708
  ],
  "mu_model": [
    [
      -0.4997216964239595,
      1.5941592512478275
    ]
  ],
  "diff": [
    [
      0.00027830357604047284,
      0.0003668127407474575
    ]
  ],
  "sigma_integral": [
    0.0003976254933862776,
    0.0008240794977074145
  ],
  "within_band": [
    [
      true,
      true
    ]
  ],
  "toy_seed": 157,
  "weights": [
    0.06475114191316014,
    0.01758129158255026,
    0.07074770814957734,
    -0.034685490976095426,
    0.01579224505940039,
    0.027192197683971128,
    0.09193896312986441,
    0.028610952820360924,
    0.01691878337770212,
    0.017642869503961753,
    0.051587700551076414,
    0.10409095338595394,
    0.020359349656977534,
    -0.0200511211043573,
    0.015784822189183076,
    -0.02865729558456001,
    -0.011801854388695434,
    0.01655044937989468,
    -0.034546318942675784,
    0.09309076832157728,
    -0.0018386880431340573,
    0.00466336583459685,
    0.004402232054958382,
    0.003597423991249687,
    -0.04373704659431049,
    0.054256443008362756,
    0.03877382169253554,
    -0.03116539986794606,
    -0.02927799922354526,
    -0.030221392301443176,
    0.04043846205527493,
    -0.11079848620160748,
    0.06315508614512746,
    -0.036391595960784916,
    -0.0016280694763538934,
    -0.0225428578480526,
    -0.008344907730772556,
    -0.0383208642312953,
    -0.020330936750404868,
    0.03403976730830584,
    0.1415981122507484,
    -0.030300903734209936,
    0.08066332650943245,
    -0.012481419655215324,
    0.02443678024992161,
    -0.009818107297298142,
    -0.04269553604355445,
    0.04535758360631674,
    0.05112863167714649,
    0.022597289546299894,
    0.057879192883988385,
    0.055412083753939335,
    0.04174553964772476,
    0.03873209089168887,
    0.0380822472496421,
    0.03944144367373072,
    0.018560052186690226,
    -0.013999073000211274,
    0.00486665737423988,
    0.057152534654357046
  ],
  "sum weights": 0.9999849999949662
}