{
  "mu_target": [
    -0.5,
    1.59379243850708
  ],
  "mu_model": [
    [
      -0.49918915753732107,
      1.5944796315683547
    ]
  ],
  "diff": [
    [
      0.000810842462678929,
      0.0006871930612746269
    ]
  ],
  "sigma_integral": [
    0.0004073573345550357,
    0.0008220226452730261
  ],
  "within_band": [
    [
      false,
      true
    ]
  ],
  "toy_seed": 17,
  "weights": [
    0.06565638782718303,
    0.00416434820567247,
    0.059022611080998676,
    -0.0692660883069771,
    0.050274338419848796,
    0.032853035780267444,
    0.08226722901132077,
    0.04036152526255195,
    -0.03850776398632694,
    0.009306052410865111,
    0.054525681865006385,
    0.11094562120748656,
    0.01740594791195925,
    0.02823639901865859,
    -0.0006755272564165104,
    -0.03846340086824061,
    -0.014702755044094486,
    0.015160165410760531,
    -0.026212770963526873,
    0.10562899346912892,
    0.010463336073440858,
    0.008835702093779567,
    -0.010673605458956287,
    -0.02168835857236151,
    -0.010729164432625065,
    0.1052140466952875,
    -0.031157100310003596,
    -0.05254992089789768,
    -0.0038367186252328362,
    -0.023851558194984093,
    0.0254912022309681,
    -0.1077089001587227,
    0.08200432868498277,
    -0.07342503074917646,
    -0.05964200361831778,
    -0.03372336207254851,
    -0.009522946459038468,
    -0.017065231868942425,
    -0.03442927569826825,
    0.08526064817286658,
    0.13128252784972883,
    -0.010852025307494162,
    0.11279207920796297,
    -0.026501127152922414,
    0.010907424009574663,
    0.008636829730049792,
    -0.01156519517883368,
    0.008087615320251117,
    0.054357944239215715,
    0.02429936658442513,
    0.06302957808701222,
    0.12457047549045702,
    0.054955487067227825,
    0.07702774298992274,
    0.020883781964285055,
    0.011280238700934584,
    0.041029646150186234,
    -0.03420409633220597,
    -0.0326363092731477,
    0.05735189855863219
  ],
  "sum weights": 0.9999799999956378
}