{
  "mu_target": [
    -0.5,
    1.59379243850708
  ],
  "mu_model": [
    [
      -0.4991372728335746,
      1.593540306021768
    ]
  ],
  "diff": [
    [
      0.000862727166425381,
      0.0002521324853119733
    ]
  ],
  "sigma_integral": [
    0.0004036658034148692,
    0.0008645591388239704
  ],
  "within_band": [
    [
      false,
      true
    ]
  ],
  "toy_seed": 64,
  "weights": [
    0.06057212133832754,
    0.029260162452959714,
    0.09036126292271192,
    -0.11142735740839363,
    0.015371975104950673,
    0.02854017327584405,
    0.06408890472509263,
    0.04090469473448968,
    0.04352499264232154,
    0.010512139406590914,
    0.056747530694925656,
    0.15476987048523708,
    0.02927697268489348,
    0.02727945921836868,
    0.006659723564697765,
    -0.043831121924956876,
    -0.020567882599804087,
    0.06397672240119022,
    -0.03262727194831114,
    0.12154076490194426,
    0.007034727939800369,
    0.015904104335653334,
    0.0002693148517700947,
    -0.02474023367981757,
    -0.05287703223946135,
    0.10110466217973249,
    -0.010119341588939358,
    -0.04978480043747391,
    0.01775910067544669,
    -0.011280152646560519,
    0.0215714648036244,
    -0.11869624650265508,
    0.06886854219244458,
    -0.03680515518118597,
    -0.010831262518486368,
    -0.01376744487670456,
    -0.037276330927440274,
    -0.02650517339241562,
    -0.025149905693440867,
    0.0650293756334118,
    0.1510277605241971,
    -0.037850252781934414,
    0.07199599307894698,
    -0.012008539873301461,
    -0.014816467442646782,
    0.011737201421581488,
    -0.03460076906353124,
    -0.030141901853919538,
    0.06260872410046361,
    -0.0023676720218232263,
    0.0487049817795073,
    0.0915536344447537,
    0.03982083797209187,
    0.025855564737424612,
    0.015370779618065412,
    0.050338680195743085,
    0.024615451427105858,
    -0.025107984963585964,
    -0.011409852714674231,
    0.059976781809338936
  ],
  "sum weights": 0.9999449999941855
}