{
  "mu_target": [
    -0.5,
    1.59379243850708
  ],
  "mu_model": [
    [
      -0.4990035396070301,
      1.5926683225716805
    ]
  ],
  "diff": [
    [
      0.0009964603929699112,
      0.0011241159353996277
    ]
  ],
  "sigma_integral": [
    0.00039866000428153645,
    0.0008245599227954841
  ],
  "within_band": [
    [
      false,
      false
    ]
  ],
  "toy_seed": 5,
  "weights": [
    0.06955936822692119,
    0.004452677503654155,
    0.03011271148008581,
    -0.07423218103204321,
    0.010757786021932305,
    0.00018791558584644816,
    0.05076952580847937,
    0.035437254278999776,
    0.008231715292007568,
    0.03445770977868448,
    0.09043344908410181,
    0.11215461109940947,
    0.03484674047291832,
    0.022826158369843377,
    0.008019426323921977,
    -0.045122003882663644,
    -0.02156885482879215,
    0.038446716064488275,
    -0.03122414873335581,
    0.09706571528639155,
    0.014300365071265805,
    0.0313711923213303,
    -0.023249751208875295,
    0.009066945434812648,
    -0.008385643848374398,
    0.07513656845275775,
    0.023637388793478296,
    -0.03599724566887571,
    -0.027784584765166657,
    -0.0199379104256626,
    0.04885315571404266,
    -0.13007365542943475,
    0.09544320360554559,
    -0.03682006267884467,
    -0.04633167247984454,
    -0.0247654759634814,
    -0.010412221952740965,
    -0.010461443755693753,
    -0.035681664884153176,
    0.05084385473802145,
    0.1625330563402687,
    -0.03440401971379497,
    0.09050025199448367,
    -0.010125099392114303,
    0.0007719041579824955,
    -0.010203828619259657,
    -0.017738643266499987,
    0.007638391703683766,
    0.06542114340964379,
    0.0092758709063723,
    0.06773609491034703,
    0.06979845739157972,
    0.023027136968958327,
    0.0976538274209042,
    0.05184806482815135,
    0.051803478191419776,
    0.0018796569265626352,
    -0.033954549335283704,
    -0.04003739143071309,
    0.03220256333202725
  ],
  "sum weights": 0.9999899999956569
}