{
  "mu_target": [
    -0.5,
    1.59379243850708
  ],
  "mu_model": [
    [
      -0.4993932082369116,
      1.5950068038005567
    ]
  ],
  "diff": [
    [
      0.0006067917630884212,
      0.001214365293476627
    ]
  ],
  "sigma_integral": [
    0.0003965021398211173,
    0.0008214304091733095
  ],
  "within_band": [
    [
      false,
      false
    ]
  ],
  "toy_seed": 195,
  "weights": [
    0.09346893068537172,
    0.01777587573345079,
    0.05855529878087072,
    -0.027607785510029376,
    0.0008874231058784004,
    0.06881170901613104,
    0.058911615740788514,
    0.03466194299106868,
    -0.010784050060913195,
    -0.008683681219367316,
    0.05342650393859134,
    0.10952923281564529,
    0.0583415942827689,
    -0.0003822466287220818,
    0.0004347464904936719,
    -0.04781906349360241,
    -0.04177115366969044,
    0.08167781232420368,
    -0.031242507723545476,
    0.10725950682892531,
    0.03166870889058188,
    0.03635177304687186,
    0.018006610192073523,
    -0.044394353817647315,
    -0.06333489814514937,
    0.09089341442794625,
    -0.02501766877071068,
    -0.02821159262318218,
    -0.018325974795544223,
    -0.0343347067216326,
    0.07591843051329507,
    -0.13026916283193615,
    0.07461565390897414,
    -0.040274426339974745,
    -0.017763905928326718,
    0.006742079182002621,
    0.023321976670814266,
    -0.017187168617037632,
    -0.017681872434734566,
    0.06773371360253014,
    0.14041812992911792,
    -0.02686413360111566,
    0.06059603877524172,
    0.0019944120864191024,
    -0.016576005781534158,
    -0.059101045275670006,
    0.007722587225090931,
    0.034601355739140846,
    0.04372082166693319,
    0.017801913441453054,
    0.0509430679273378,
    0.09974626821021094,
    0.02835691637154732,
    0.023236867401852455,
    -0.008002864679832383,
    0.005510507011357561,
    0.007667678889306134,
    -0.05879711540305995,
    0.017557808042392358,
    0.06554845817868843
  ],
  "sum weights": 0.9999899999924091
}