{
  "mu_target": [
    -0.5,
    1.59379243850708
  ],
  "mu_model": [
    [
      -0.4991408045874727,
      1.5946589312530792
    ]
  ],
  "diff": [
    [
      0.0008591954125273249,
      0.0008664927459991478
    ]
  ],
  "sigma_integral": [
    0.00039180010149418093,
    0.000822097565656517
  ],
  "within_band": [
    [
      false,
      false
    ]
  ],
  "toy_seed": 122,
  "weights": [
    0.05643731988648737,
    0.007426528476535059,
    0.05197960614066794,
    -0.008916431009627543,
    0.019315454511883618,
    0.016861509887164103,
    0.008959801949203957,
    0.07488962498375,
    0.0024211917160320163,
    0.026684381266344925,
    0.06541643546001483,
    0.14533833724224648,
    0.042709640073848726,
    -0.005701810622454264,
    0.027145187549956793,
    -0.05814809870312542,
    -0.027019019879345123,
    0.039927544209954646,
    -0.06848428311281256,
    0.09773964618938481,
    -0.0011864129108839169,
    0.044853686955937166,
    -0.04165619367833066,
    -0.02269029766818112,
    -0.03727253051396819,
    0.0555864897119553,
    0.014709524293304004,
    -0.057430054015681145,
    0.0013146632305038885,
    -0.02921393823991551,
    0.03236158978215657,
    -0.06948498709333938,
    0.10847566717642233,
    -0.03561047302653102,
    -0.013626271114124908,
    -0.02157083474086015,
    0.03366691960045512,
    -0.021741084060023484,
    0.022541415453674364,
    0.04102945406913945,
    0.12641954912277029,
    -0.024803775278925494,
    0.10710489673657449,
    -0.004656340071753276,
    0.00876265640468942,
    -0.04144607647772717,
    -0.005208328227560175,
    -0.0002383576106245544,
    0.0617369258471268,
    0.0011207807636187798,
    0.05345144516777194,
    0.07941699589115472,
    0.020640180226886497,
    0.02730056875383819,
    0.02962665404500743,
    -0.03605783261057441,
    0.016879911294912738,
    -0.024812360883968522,
    -0.005216281807715749,
    0.09193488928114152
  ],
  "sum weights": 0.9999949999944624
}