{
  "mu_target": [
    -0.5,
    1.59379243850708
  ],
  "mu_model": [
    [
      -0.49868035151833273,
      1.5948886862830454
    ]
  ],
  "diff": [
    [
      0.0013196484816672682,
      0.0010962477759652867
    ]
  ],
  "sigma_integral": [
    0.00039352470248556486,
    0.0008158596658508855
  ],
  "within_band": [
    [
      false,
      false
    ]
  ],
  "toy_seed": 194,
  "weights": [
    0.03013937234404662,
    0.0005213904674640073,
    0.06234150410774512,
    -0.053778250233287486,
    0.02103779048305447,
    0.00741101133165433,
    0.03324304291257074,
    0.04800130091260378,
    0.05921518142902562,
    0.015209190973648604,
    0.08131364779792918,
    0.12535404632340374,
    0.03180278916773643,
    0.024312815017860027,
    0.031069962798508356,
    -0.05433527059066993,
    -0.049243016685541,
    0.0643242445495896,
    -0.02757079067265966,
    0.09516054741378209,
    0.00021778465644229101,
    0.034052699520623037,
    -0.007245112583712449,
    -0.07592938534580065,
    -0.03043054059927562,
    0.06406344008194324,
    0.022790388911536834,
    -0.07660127482268372,
    0.01133173999164889,
    -0.008977502835720508,
    0.09009444964955737,
    -0.09221834249443354,
    0.12342728717653034,
    -0.00938599127686316,
    0.018071571620712858,
    -0.007895225993772029,
    -0.04802663783548664,
    -0.01773104297254939,
    -0.03484810587767232,
    0.08829318282305643,
    0.1294007672763809,
    -0.06073622146967176,
    0.06842725079801158,
    -0.020380618000831904,
    0.007929994864187625,
    -0.03157540600361351,
    0.008240222046650078,
    -0.007116471752768701,
    0.09602010100236626,
    0.04630451704405008,
    0.05666984229881806,
    0.060239817772395066,
    0.0729834269519212,
    0.0014105360509927504,
    0.012032576871438485,
    0.01416286062141153,
    -0.0019105550773290444,
    -0.00754220530440609,
    -0.05321257367404388,
    0.020068246037097417
  ],
  "sum weights": 0.9999999999956021
}