{
  "mu_target": [
    -0.5,
    1.59379243850708
  ],
  "mu_model": [
    [
      -0.49895552689349254,
      1.5954169576162314
    ]
  ],
  "diff": [
    [
      0.0010444731065074597,
      0.00162451910915129
    ]
  ],
  "sigma_integral": [
    0.00039589056652830146,
    0.0008164231960166437
  ],
  "within_band": [
    [
      false,
      false
    ]
  ],
  "toy_seed": 265,
  "weights": [
    0.01033692274009563,
    -0.01691361472738495,
    0.07537989753961424,
    -0.08059561186227478,
    0.04263575178562486,
    0.05465935999345144,
    0.0714706796049194,
    0.04507827737806487,
    -0.03172545462947779,
    0.029154819216631062,
    0.06919685021829873,
    0.1362783482319975,
    0.03680483847232798,
    0.023125203082641953,
    0.04373393711826027,
    -0.06495491347378021,
    0.002041633673032969,
    0.05935473498615945,
    -0.00702859104060464,
    0.051945596597144025,
    -0.007332362119591931,
    0.03717278454229359,
    -0.017818974283975532,
    -0.009908081808879117,
    -0.0550135859890948,
    0.08346197656543815,
    -0.011036682511338356,
    -0.01591165387807705,
    0.025313410686876838,
    -0.043961860648824,
    0.02939002420624167,
    -0.12705464480213238,
    0.11952249598181734,
    -0.04170334654724565,
    -0.03622833603805049,
    -0.0353087129327628,
    -0.041107115674216904,
    -0.0026063513667795896,
    -0.052807691469228105,
    0.08770714559911007,
    0.13374147170725778,
    0.00687588983199792,
    0.09023380897909686,
    -0.005527365408656342,
    -0.03761724551946706,
    -0.006905266258074376,
    -0.011796892918154733,
    0.03755133757135031,
    0.04222177165613409,
    0.026531824839238435,
    0.04356874118954475,
    0.08298778051044974,
    0.040613776745472056,
    0.04938142018299172,
    0.031076548833283122,
    0.007558325297614635,
    0.0037775722686050625,
    -0.026353368983150466,
    0.004782477301564425,
    0.052535289752239055
  ],
  "sum weights": 0.99998499999566
}