{
  "num": -50137.7578125,
  "den": -50075.37890625,
  "test": -62.37890625
}