{
  "num": -50119.5859375,
  "den": -50090.4375,
  "test": -29.1484375
}