{
  "num": 40498.79296875,
  "den": 29830.646484375,
  "test": 10668.146484375
}