{
  "num": -48589.78515625,
  "den": -48581.078125,
  "test": -8.70703125
}