{
  "num": -49971.0234375,
  "den": -49970.45703125,
  "test": -0.56640625
}