{
  "num": -5262.9365234375,
  "den": -5283.0849609375,
  "test": 20.1484375
}