{
  "num": -50258.67578125,
  "den": -50252.9453125,
  "test": -5.73046875
}