{
  "num": -49916.9765625,
  "den": -49915.48828125,
  "test": -1.48828125
}