{
  "num": -49093.62890625,
  "den": -49094.85546875,
  "test": 1.2265625
}