{
  "num": -48694.109375,
  "den": -48703.36328125,
  "test": 9.25390625
}