{
  "num": -5066.8837890625,
  "den": -5109.783203125,
  "test": 42.8994140625
}