{
  "num": 40871.1328125,
  "den": 30195.94921875,
  "test": 10675.18359375
}