{
  "num": 40770.99609375,
  "den": 30107.14453125,
  "test": 10663.8515625
}