{
  "num": 39496.39453125,
  "den": 28830.857421875,
  "test": 10665.537109375
}