{
  "mu_target": [
    -0.5,
    0.6000000238418579
  ],
  "mu_model": [
    [
      -0.498991551723601,
      0.5998657804834491
    ]
  ],
  "diff": [
    [
      0.00100844827639901,
      0.0001342433584088365
    ]
  ],
  "sigma_integral": [
    0.0005843425857703542,
    0.0009493764864692264
  ],
  "within_band": [
    [
      false,
      true
    ]
  ],
  "toy_seed": 53,
  "weights": [
    0.0416397159089509,
    -0.0021598994644522786,
    0.003708315029390103,
    -0.016385905863126243,
    0.031085223508578314,
    0.016729830671087863,
    0.008573041792480854,
    0.08017557188223376,
    0.06336779606337148,
    -0.0047915830670214495,
    -0.04464363615054042,
    -0.026331023846557736,
    0.02045869652245338,
    0.09401075339703856,
    0.039091145433389936,
    0.028624135907231903,
    -0.01572815009786525,
    -0.03127410804019804,
    0.015222795314443819,
    -0.018791229501486605,
    0.012372568265077738,
    -0.03867821974882525,
    0.031737762918573255,
    -0.011855944343765253,
    0.005556624583997824,
    0.06299520217080967,
    0.02843023018836554,
    0.037806079647240046,
    0.058593645143906525,
    0.029854677152368836,
    0.06254601662043428,
    -0.017683588229053325,
    0.026352488526494928,
    0.05743477004357796,
    0.043654653841903625,
    0.006035739652038542,
    -0.00788505133595804,
    0.0019516425806645676,
    0.049167029831981755,
    -0.0019174392669484524,
    0.029403011756153733,
    -0.0577421540209025,
    -0.019676697827018454,
    0.09348045652321159,
    0.02317573886269854,
    -0.030483682391081793,
    0.051064472820025936,
    -0.009937088756344505,
    0.005834902549927567,
    0.051384907164930764,
    0.04006957387776622,
    0.022470828059510336,
    -0.01621273183642886,
    0.053673308530462344,
    0.018068108250490888,
    -0.0027549069181384373,
    -0.01127722599940141,
    -0.00924244359660453,
    0.024881536775380325,
    0.024774712507793523
  ],
  "sum weights": 1.000004999974719
}