{
  "mu_target": [
    -0.5,
    0.6000000238418579
  ],
  "mu_model": [
    [
      -0.5000563451452437,
      0.5985419197376572
    ]
  ],
  "diff": [
    [
      5.634514524366363e-05,
      0.0014581041042006637
    ]
  ],
  "sigma_integral": [
    0.0005826419571239032,
    0.0009379922810029307
  ],
  "within_band": [
    [
      true,
      false
    ]
  ],
  "toy_seed": 260,
  "weights": [
    0.051481089016312195,
    -0.021636664971125166,
    -0.015761330502598214,
    0.006591993668533526,
    0.011002758575844741,
    -0.014983260992431842,
    0.005673544709264641,
    0.03960492974656368,
    0.052506441911172,
    -0.0021422826917322866,
    -0.027878011939666686,
    0.006020438259421317,
    0.036887488992008076,
    0.09919442222852791,
    0.08012292185132981,
    0.0024810809709612846,
    -0.03092498615065925,
    -0.018013561123897136,
    0.03432388285076134,
    -0.012815011526216724,
    0.007985123435920687,
    -0.01671386942254057,
    -0.001976933263419214,
    -0.005124172640014806,
    0.029497426912386018,
    0.07267972566071325,
    0.02716024530109487,
    0.0672194526993348,
    0.06615415927261768,
    0.05187572791671666,
    0.040955427862443605,
    -0.0014655134733561686,
    0.035325271560759416,
    0.022165194100431513,
    0.08316626654455025,
    0.04419602727128474,
    -0.013654332843794593,
    0.002850341647142448,
    0.034906021261976,
    0.014716125815542758,
    0.06980470646929009,
    -0.045475580025969624,
    -0.06867449730623672,
    0.10132496310147686,
    -0.007356900107534609,
    -0.011789630047544564,
    0.03786669135586145,
    -0.025244031651066146,
    0.0006092276321339875,
    0.03356509725573172,
    0.03912323191966633,
    0.0062911920052618,
    -0.020283753980654576,
    0.022605966370384756,
    -0.012558771529708482,
    0.002854236531814399,
    -0.01499952582333287,
    0.020024824179711798,
    -0.001408282797307494,
    0.03007223792055386
  ],
  "sum weights": 1.0000049999746945
}