{
  "mu_target": [
    -0.5,
    0.6000000238418579
  ],
  "mu_model": [
    [
      -0.4994871774714124,
      0.598343034978635
    ]
  ],
  "diff": [
    [
      0.0005128225285875865,
      0.0016569888632229635
    ]
  ],
  "sigma_integral": [
    0.000585209537565201,
    0.0009420062898953474
  ],
  "within_band": [
    [
      true,
      false
    ]
  ],
  "toy_seed": 188,
  "weights": [
    0.0450520360781129,
    -0.025344184041504406,
    -0.018048729964423887,
    0.04905453883001688,
    0.034027183473076344,
    -0.015686617828253452,
    0.0468471110559672,
    0.07987030469948614,
    0.053380054179824644,
    -0.026240814489160293,
    -0.04705990225319826,
    -0.027616829409743363,
    -0.005133212535519571,
    0.10039164164187206,
    0.05548358817587333,
    -0.009423801449233538,
    -0.033521583948339914,
    -0.03213257708883325,
    0.030143034192698523,
    0.007965000907733178,
    -0.005855057153670268,
    -0.037737120005137695,
    -0.003650405569984976,
    0.03063228842979527,
    0.02001538632612451,
    0.05105450657851311,
    0.016255704174737103,
    0.04333303405964289,
    0.03572439312084876,
    0.046042798742274474,
    0.03169139607687337,
    0.05384541490341196,
    0.03203845639116558,
    0.024999717179171467,
    0.11037975474198977,
    0.02469360726731178,
    -0.08018527327151917,
    -0.0052712070975121155,
    0.025553046090129487,
    -0.005763939672009926,
    0.04129976901201591,
    -0.04004697732815335,
    -0.04994439818804683,
    0.1486843715129375,
    0.019283438362763302,
    0.003785686105045833,
    0.05088247487410129,
    -0.010310006803358043,
    0.02707879566219394,
    0.0060067085350536354,
    0.025917600511263312,
    -0.023686337411858972,
    -0.024090892237732902,
    0.028084391186474367,
    -0.0012244804291034344,
    0.019088491052704697,
    0.030317893422713738,
    0.02540758662101828,
    -0.004271872114425406,
    0.057940016090493665
  ],
  "sum weights": 1.0000049999747072
}