{
  "mu_target": [
    -0.5,
    0.6000000238418579
  ],
  "mu_model": [
    [
      -0.5000429818428159,
      0.5988995563086358
    ]
  ],
  "diff": [
    [
      4.298184281592565e-05,
      0.001100467533222127
    ]
  ],
  "sigma_integral": [
    0.0005857965021056625,
    0.0009378867439071002
  ],
  "within_band": [
    [
      true,
      false
    ]
  ],
  "toy_seed": 229,
  "weights": [
    0.0368637878441503,
    -0.02541587304021092,
    0.036983140282578826,
    0.04899371083934462,
    0.029349459678457618,
    -0.013114702506781732,
    0.011042497332830524,
    0.08389534463998213,
    0.02927057489465975,
    0.015716193463844515,
    -0.010827871626577949,
    -0.028368443137619475,
    -0.012270232187045314,
    0.06266532136901994,
    0.011573723503363071,
    0.008576942999918962,
    -0.05439613380858498,
    -0.02008867616693606,
    -0.03856070908069306,
    0.007892320458290683,
    0.06682788789426526,
    0.0029054878531638278,
    0.010046156965461172,
    0.02066448982971186,
    0.06982252754751953,
    0.02889391725555771,
    0.007323680399934178,
    0.058565320292878684,
    0.03225694449197885,
    -0.008022226290983493,
    0.07346409021334283,
    0.01476777765965767,
    -0.016463265348625848,
    0.013028441338389936,
    0.07250789155041484,
    0.014788962652441458,
    0.031608204200395444,
    -0.016865365061890708,
    0.08934708862318425,
    0.013813818750861444,
    0.0396226574784759,
    -0.014078752433802222,
    -0.015276951886902508,
    0.08041971256959846,
    0.02950587266638234,
    -0.006179014349702004,
    -0.002266684292410869,
    -0.0008336357053543636,
    0.010020170523103668,
    0.032506377279586704,
    0.04996001950781836,
    0.019301098101458098,
    -0.021761211611047018,
    0.0022817995907988293,
    -0.03981176078868125,
    -0.012880483176253224,
    0.013495347536089511,
    0.01083729808599465,
    0.011998982194526123,
    0.05408195211535064
  ],
  "sum weights": 1.00000499997468
}