{
  "mu_target": [
    -0.5,
    0.6000000238418579
  ],
  "mu_model": [
    [
      -0.499346803454534,
      0.6001583993267875
    ]
  ],
  "diff": [
    [
      0.0006531965454659727,
      0.00015837548492958486
    ]
  ],
  "sigma_integral": [
    0.0005806190589154582,
    0.0009399499027027409
  ],
  "within_band": [
    [
      false,
      true
    ]
  ],
  "toy_seed": 195,
  "weights": [
    0.05219985789077686,
    -0.011039927442646756,
    -0.00753563225874248,
    -0.01101677427870443,
    0.016148643217653462,
    0.01983518156758571,
    -0.016338334336742293,
    0.043459438822213516,
    0.04382010199730062,
    0.01762709939014246,
    -0.041612159554572745,
    0.026362869274123898,
    -0.022979478025862903,
    0.12419578311654465,
    0.04728972441055586,
    0.038002901523335644,
    -0.024961571270007716,
    -0.03210701442722102,
    0.0077089409451978844,
    -0.03869734854591119,
    0.002702901886398699,
    -0.024724582257448724,
    -0.0026192836621462593,
    0.03653826214156499,
    0.007320968011147989,
    0.020357279382313555,
    0.037059294736545706,
    0.03758198904401347,
    0.008809629450253913,
    0.040295101581396965,
    0.06726297579526042,
    0.005177298802376512,
    0.04600072460950261,
    0.01759420517888978,
    0.08800678897473292,
    0.0065054341913067535,
    -0.044425049703536994,
    -8.63033831275651e-05,
    0.05678876756620485,
    0.020231666154777242,
    0.0592256300111584,
    -0.056470858215930064,
    -0.03920660807592125,
    0.09451726491740968,
    0.015083828406731312,
    -0.03014673095651969,
    0.048705305199251245,
    0.022562266556022836,
    0.007656587092579881,
    0.0441797727898202,
    0.04167254928828993,
    0.019344698404333806,
    -0.028995478843840697,
    0.05002431215747159,
    0.01844635376188927,
    0.037508529219664334,
    -0.0025815213284807372,
    -0.01403188891817429,
    0.007729257230396343,
    0.04803630318878653
  ],
  "sum weights": 0.9999999424003845
}