{
  "mu_target": [
    -0.5,
    0.6000000238418579
  ],
  "mu_model": [
    [
      -0.5002995830434702,
      0.6011419930842806
    ]
  ],
  "diff": [
    [
      0.0002995830434702196,
      0.0011419692424227135
    ]
  ],
  "sigma_integral": [
    0.0005866411998984438,
    0.0009376530076098543
  ],
  "within_band": [
    [
      true,
      false
    ]
  ],
  "toy_seed": 256,
  "weights": [
    0.07708352972667311,
    -0.05370187013427054,
    0.022377259593981506,
    -0.021192225452898603,
    0.026951503643371462,
    0.00796985458758295,
    -0.012068130947971139,
    0.06770744124649113,
    0.028662971405170663,
    0.0008262642559473117,
    -0.033416119551149655,
    0.035585374005506064,
    0.026287637343484976,
    0.08397218675311204,
    0.039562154300093876,
    -0.0037414020162137712,
    -0.0013709402828662983,
    -0.03800538929241905,
    0.007178093799780674,
    -0.033297582791432995,
    0.057892428032000696,
    -0.03880032665480014,
    0.005370724803523551,
    0.05467695855720239,
    0.022177481807744953,
    0.05248419632779034,
    0.026562873704931246,
    0.05523824454474958,
    0.08708621477657386,
    -0.01690895881960147,
    0.04971936058505473,
    0.00681438577519224,
    0.05371867000645473,
    0.014777740035236206,
    0.09946583095672712,
    0.004834713730338766,
    -0.005995751698167964,
    -0.008765350558313482,
    0.043613592510337036,
    -0.004550669764652108,
    0.020414081444475228,
    -0.06408911087601289,
    0.006646316345660196,
    0.07128094374324766,
    0.0030128055881952945,
    -0.04229508917480321,
    0.05034128627607249,
    0.016844763673407682,
    0.011106915643528961,
    0.05531831265248015,
    0.017974522363986774,
    0.012847087933822096,
    -0.016383928715685992,
    0.013261120586750675,
    -0.005496198125741855,
    0.021408465622062754,
    -0.019962652073500425,
    -0.012302612838225863,
    0.038978734910201394,
    0.034316266144478955
  ],
  "sum weights": 1.000004999974696
}