{
  "mu_target": [
    -0.5,
    0.6000000238418579
  ],
  "mu_model": [
    [
      -0.5003125537700089,
      0.6000546017398609
    ]
  ],
  "diff": [
    [
      0.0003125537700089387,
      5.457789800300539e-05
    ]
  ],
  "sigma_integral": [
    0.0005843200768767518,
    0.0009393437209562445
  ],
  "within_band": [
    [
      true,
      true
    ]
  ],
  "toy_seed": 65,
  "weights": [
    0.05587057427831473,
    -0.009259834848361863,
    0.004218795119300718,
    0.007414461217378639,
    0.02163540718285028,
    -0.016228362751475912,
    0.0004282954050858496,
    0.09781580302256615,
    0.0035474904349531915,
    -0.042016899660870737,
    -0.058507100493803386,
    -0.02429182370623485,
    0.06150851450374783,
    0.1254954314793507,
    0.09792528046870416,
    0.0495410281223109,
    -0.033278078468224705,
    -0.040484420387317116,
    0.01520650463449186,
    0.006023114644133846,
    0.012400216671831513,
    -0.03442423098997721,
    0.0013283176078337346,
    -0.020348431577934263,
    0.03425911029180788,
    0.052358511149041144,
    0.0042243140779167935,
    0.03801274495772211,
    0.01872281597248929,
    0.029690038363979224,
    0.04858265738668546,
    0.013217654073879755,
    0.05233915531911389,
    0.012048188229838119,
    0.07180770348004947,
    0.029675284475441432,
    -0.015208559986339198,
    -0.013723611690262696,
    0.07367669844545048,
    -0.016612437375693886,
    0.031038496838205726,
    -0.07032981532388245,
    -0.061309031866826014,
    0.09667789266741073,
    -0.004997614034862427,
    -0.022924555332030708,
    0.040030365546544266,
    0.0462186354233026,
    -0.009181983869557252,
    0.0474740746106046,
    0.05453506239944886,
    0.021434333286437922,
    -0.039777378600932146,
    0.0002582040812101394,
    0.012548977554139733,
    0.03516726422347741,
    -0.010525851094073327,
    -0.005095911566695853,
    0.05691245932334446,
    0.06726105662967828
  ],
  "sum weights": 1.0000049999747178
}