{
  "mu_target": [
    -0.5,
    0.6000000238418579
  ],
  "mu_model": [
    [
      -0.4993056132651689,
      0.5987814252941795
    ]
  ],
  "diff": [
    [
      0.0006943867348310762,
      0.0012185985476783623
    ]
  ],
  "sigma_integral": [
    0.0005875904327350608,
    0.0009436607272484922
  ],
  "within_band": [
    [
      false,
      false
    ]
  ],
  "toy_seed": 152,
  "weights": [
    0.07090316614615308,
    -0.026787624739405814,
    -0.03797118668079849,
    0.011211675656778417,
    0.044481247474335725,
    -0.027134812698726384,
    -0.01224903971415478,
    0.05936699691538145,
    0.008619194700062468,
    0.008742332790737684,
    0.0043249172332269405,
    -0.03396104180252003,
    0.030727976108122126,
    0.13511774099915144,
    0.07308940135568054,
    0.031084161014768814,
    -0.03123687194283185,
    -0.0247322668916389,
    0.03099944479637908,
    -0.03037013810981933,
    0.0185794182578097,
    -0.013527456478605137,
    0.023879312701501336,
    -0.010900480718162252,
    0.04220265686402828,
    0.024285870059202318,
    0.01137293249386773,
    0.026965483192409663,
    0.08085610560502214,
    -0.00706046340853032,
    0.04245477348539198,
    -0.027586097329864175,
    0.014109130730518804,
    -0.0014585775517616697,
    0.12492937097931309,
    0.05347622796794431,
    -0.017679223429778346,
    -0.012233306248299602,
    0.04404915794516034,
    0.007831272507610298,
    0.01303302073260875,
    -0.03393968524280298,
    -0.028360496333067555,
    0.10987166431148025,
    -0.00649396929863439,
    0.0010861442359006235,
    0.008121480841591642,
    0.0345465541846998,
    0.008051396916551002,
    0.04814691504019209,
    0.021419091152204344,
    -0.006713178693549592,
    -0.03956355458768699,
    0.029498670830728182,
    0.008458509729064992,
    0.02187659017748482,
    -0.00408568556612997,
    0.036301375565038464,
    0.015294888993677185,
    0.054683886749678993
  ],
  "sum weights": 1.0000049999746905
}