{
  "mu_target": [
    -0.5,
    0.6000000238418579
  ],
  "mu_model": [
    [
      -0.5000052598933709,
      0.5999949727663807
    ]
  ],
  "diff": [
    [
      5.259893370856972e-06,
      5.051075477213729e-06
    ]
  ],
  "sigma_integral": [
    0.0005870162163080453,
    0.0009459128762298635
  ],
  "within_band": [
    [
      true,
      true
    ]
  ],
  "toy_seed": 263,
  "weights": [
    0.10636428736275093,
    -0.005043215743599906,
    0.0003356781086962792,
    -0.003581151892575204,
    0.03320244001577404,
    -0.01394449228382176,
    -0.008613744999606848,
    0.08333669902896002,
    0.04007922239453289,
    -0.029021910015084505,
    -0.03563753325006034,
    -0.0241912221556775,
    0.014415864451922382,
    0.14370828622619078,
    0.08285088843280103,
    -0.021538051392414707,
    0.018207624938742877,
    0.0035617749467902406,
    0.02310083644764797,
    0.043630577996492816,
    -0.0077544581677849835,
    -0.011498032178372435,
    0.05019660490543276,
    0.0019257347009068156,
    0.0148334885630369,
    0.02989456705472715,
    0.017616829951680638,
    0.045712307023019635,
    0.0182713222729459,
    0.02946336123647558,
    0.05834627137730329,
    -0.025363607178364816,
    0.0285150545304287,
    0.027661880106233584,
    0.09950215801640486,
    0.005422162036112403,
    0.010125062927367593,
    -0.02151270425556347,
    0.017806213051832703,
    -0.03261188527100457,
    0.008422904547286489,
    -0.08129717638807926,
    -0.03761628859331106,
    0.10894046803382651,
    -0.022242352874569136,
    -0.0006998665038920566,
    0.0011840417945955732,
    0.016821707148353314,
    -0.019163304792617318,
    0.06430557473357647,
    0.03428438795752369,
    0.01401855425411698,
    -0.013207565640422112,
    0.03174567144875757,
    -0.013038103484167084,
    0.037110031660142574,
    -0.016541036858490205,
    0.013365671249739874,
    0.03497837860646736,
    0.03085811435458464
  ],
  "sum weights": 1.0000049999747027
}