{
  "mu_target": [
    -0.5,
    0.6000000238418579
  ],
  "mu_model": [
    [
      -0.5000244072264082,
      0.6006659869553865
    ]
  ],
  "diff": [
    [
      2.4407226408174054e-05,
      0.0006659631135286226
    ]
  ],
  "sigma_integral": [
    0.0005851123416002645,
    0.0009381812034028831
  ],
  "within_band": [
    [
      true,
      true
    ]
  ],
  "toy_seed": 225,
  "weights": [
    0.0420430350131944,
    -0.013704816216539455,
    0.039277227153963215,
    0.03251714278083863,
    0.012682877369395223,
    -0.00037343094203486944,
    -0.026239514028041533,
    0.05618691989614145,
    0.031214869125873602,
    -0.03815426742062371,
    -0.022682817933226428,
    -0.013954502901493932,
    0.05197990225806076,
    0.09290429053141783,
    0.07092145539219781,
    -0.01852230077653416,
    -0.010600857866978848,
    -0.009646009284878998,
    0.028176237777347908,
    -0.0031563122323606616,
    0.021501177100083053,
    -0.029285282843614806,
    0.012900086494265538,
    0.03481531375784026,
    0.04386079675794427,
    0.02081064284139226,
    0.012011756467543449,
    0.001080190662992451,
    0.007748696415467802,
    0.020273772740564147,
    0.06265101792300597,
    0.016538465372794995,
    -0.0008301482044739396,
    0.030337175450577996,
    0.06357089880883501,
    -0.0024153333512000994,
    -0.008521326717481039,
    -0.026820783257642696,
    0.04783117036897311,
    0.03416691192184836,
    0.06249553243005887,
    -0.06526045673832925,
    -0.02358960069337246,
    0.12480096593676754,
    -0.0032422972351695374,
    0.02819796305569504,
    0.014080547992525175,
    0.04588933309447957,
    -0.006220635402485134,
    0.06182563509789788,
    0.009438691769717707,
    -0.000200571871681317,
    -0.036617195527089134,
    -0.009385606537836343,
    -0.013746621614923215,
    0.021265171991566467,
    0.03731957947338546,
    -0.011716985381932906,
    0.03211015043133876,
    0.06946201424255485
  ],
  "sum weights": 0.9999999409186024
}