{
  "mu_target": [
    -0.5,
    0.6000000238418579
  ],
  "mu_model": [
    [
      -0.49935243877645213,
      0.5993707345542393
    ]
  ],
  "diff": [
    [
      0.0006475612235478656,
      0.0006292892876186285
    ]
  ],
  "sigma_integral": [
    0.0005833277010373647,
    0.000943445663791854
  ],
  "within_band": [
    [
      false,
      true
    ]
  ],
  "toy_seed": 32,
  "weights": [
    0.05266366038148677,
    -0.05615491445895727,
    0.020706892465317227,
    0.0578135814525435,
    0.00903818053372534,
    0.004987274267710603,
    -0.0077089744493402165,
    0.09251924275819373,
    0.0534218086588499,
    -0.028839335380868,
    -0.033973339636807695,
    -0.014452473236790903,
    -0.027634292250905388,
    0.09420255231965148,
    0.07276655769297427,
    0.01771601726309774,
    -0.030075987790472027,
    -0.021772613349035092,
    0.015631948775269435,
    0.0022895783731654968,
    0.007029546696214248,
    -0.019229608493442622,
    0.007271873845538644,
    -0.017326807433160694,
    0.048037844913591,
    0.007209852750960602,
    0.0051156751934027505,
    0.04648148824374741,
    0.09677173592046692,
    0.019536715959562273,
    0.036569554150233205,
    0.003974811326074194,
    0.028227080681271003,
    0.0371269955732621,
    0.09847262774544664,
    0.012398349929922317,
    -0.02711269441830769,
    0.0453835094685039,
    0.04953683527009096,
    0.0023031486238469174,
    0.05745934087981584,
    -0.03725702614104226,
    -0.053604739385876864,
    0.1154988813415268,
    0.014753201871786909,
    0.0018410905600562714,
    0.0061954406784349055,
    0.015580641216300203,
    0.0395212110672146,
    0.013632497513877427,
    0.04494972131013652,
    -0.03988333929236768,
    -0.0049925266921261495,
    0.011927106822168914,
    -0.004963808421724371,
    -0.004636142560283432,
    -0.002925888207618146,
    0.017343916727992348,
    0.011170762773396606,
    0.03747075757698104
  ],
  "sum weights": 1.0000049999746825
}