{
  "mu_target": [
    -0.5,
    0.6000000238418579
  ],
  "mu_model": [
    [
      -0.4998024182759121,
      0.5993718098401649
    ]
  ],
  "diff": [
    [
      0.00019758172408790298,
      0.0006282140016929949
    ]
  ],
  "sigma_integral": [
    0.0005874667007041705,
    0.0009432821327726148
  ],
  "within_band": [
    [
      true,
      true
    ]
  ],
  "toy_seed": 163,
  "weights": [
    0.05381514740336114,
    -0.02615625311526189,
    0.006148040535830719,
    0.03837410995609393,
    0.0562444199116263,
    0.004070516212981222,
    -0.03872537293126664,
    0.041116804430014524,
    0.05688352245191391,
    -0.0035142199229561085,
    -0.022257892224618454,
    -0.015854757773454246,
    0.03623546849752265,
    0.11356024574367374,
    0.10229138531114147,
    0.011572163243188825,
    0.010238980933482113,
    -0.037892731897696874,
    0.033203347841696235,
    0.014802349781999269,
    -0.020087981438832152,
    -0.039614114162622754,
    0.04431510531494286,
    -0.03596474979003582,
    0.018205685507184072,
    0.034374793436487465,
    -0.0008071454195356559,
    0.03569031551584595,
    0.05591292462851767,
    -0.0017543908040307723,
    0.04898788998244587,
    -0.013555186903811415,
    0.04436042242761178,
    0.005228889552339489,
    0.07543252084356501,
    0.022845928085289745,
    -0.04022832847659967,
    -0.016874132214944357,
    0.061941533913623004,
    -0.0248346657954458,
    0.05259832817247716,
    -0.04617680766604014,
    -0.08608316168423824,
    0.11720367080702894,
    0.00923838630067012,
    0.015147839096260106,
    0.009367725105210329,
    0.03761390608926415,
    -0.006540685892781847,
    0.07509967237027297,
    0.022067567587735995,
    0.03133039898241477,
    0.010582341806426204,
    0.02622674243428644,
    -0.0016701620906911202,
    -0.00041444678545751864,
    -0.0013166424858746383,
    -0.015962387103033927,
    0.027607431972902687,
    0.03635469436661245
  ],
  "sum weights": 1.0000049999747112
}