{
  "mu_target": [
    -0.5,
    0.6000000238418579
  ],
  "mu_model": [
    [
      -0.4998572018253331,
      0.5994248318016896
    ]
  ],
  "diff": [
    [
      0.0001427981746668916,
      0.0005751920401683153
    ]
  ],
  "sigma_integral": [
    0.0005880259414214796,
    0.0009400638453406082
  ],
  "within_band": [
    [
      true,
      true
    ]
  ],
  "toy_seed": 232,
  "weights": [
    0.054237829101196545,
    0.05789681129718184,
    -0.01110839613727434,
    -0.011402895293752451,
    -0.01348173949379044,
    -0.011443179725061689,
    0.02975396041634643,
    0.07496550211107805,
    0.038494336304318276,
    -0.028185135080903274,
    -0.034051084516518886,
    -0.01186855564407673,
    -0.024210949341448816,
    0.06232674080179048,
    0.08884854069338101,
    0.03862299895634409,
    -0.009425777468982766,
    -0.021995198014690923,
    0.04066085914998096,
    0.0230207781342024,
    0.040659413699633294,
    -0.018042063879707807,
    0.03689206066779596,
    0.007245537257356065,
    0.04571136247744163,
    0.0028666048150880856,
    -0.0098760823702141,
    -9.372606730546549e-07,
    0.07419404239948027,
    0.02588796855510797,
    0.01230920149646024,
    -0.014460823968872114,
    0.020229485228883144,
    0.0324851814346424,
    0.09864682200331502,
    0.0365507559078727,
    -0.03932072798083412,
    -0.02919746866551519,
    0.035180362251351335,
    -0.009411928752076835,
    0.017115896503614142,
    -0.021581097202741678,
    -0.070413308401713,
    0.10648538538404596,
    0.005966003185434141,
    -0.03731518613093311,
    0.00754757136929685,
    0.07303822787922222,
    0.009048083745248337,
    0.03392797137686348,
    0.0345900571703932,
    0.024203727150039742,
    -0.03293161012121269,
    0.05263092551750679,
    0.011591965468118423,
    0.010464152466059206,
    0.009013905812252039,
    0.026006841927232953,
    0.008804813858572982,
    0.05160139797131269
  ],
  "sum weights": 0.9999999364944675
}