{
  "mu_target": [
    -0.5,
    0.6000000238418579
  ],
  "mu_model": [
    [
      -0.5000576214344081,
      0.5999037415710846
    ]
  ],
  "diff": [
    [
      5.762143440812828e-05,
      9.628227077329576e-05
    ]
  ],
  "sigma_integral": [
    0.0005819773744852865,
    0.0009396273948253781
  ],
  "within_band": [
    [
      true,
      true
    ]
  ],
  "toy_seed": 70,
  "weights": [
    0.037658426370060866,
    -0.01671000602791177,
    0.017956267864969042,
    0.017678919673827138,
    0.02985760684612526,
    -0.016268421717861324,
    -0.02867493606279537,
    0.052250437972322795,
    0.08101246271936342,
    0.009063740677183196,
    -0.025880227454224296,
    0.00645733051376975,
    0.003590441100238328,
    0.06241329770819584,
    0.054138159527834184,
    0.0597586851622189,
    0.014638261501117458,
    -0.03442793089233208,
    0.013478019581338192,
    0.021282100350946687,
    -0.00019382205925189112,
    -0.02762944730253447,
    -0.02068941460137843,
    0.0062233870254686866,
    0.016355606171358446,
    0.05315079686073535,
    0.022493127642478652,
    0.03350844251992987,
    0.033312702173729176,
    -0.011656989490650024,
    0.0653660057070702,
    0.01970833019343488,
    0.015065540409375557,
    0.01777129622040461,
    0.06438641484569445,
    0.03627622170754168,
    -0.04669664131713192,
    0.008496805752794762,
    0.021312325899209058,
    0.0038432467037565958,
    0.0014396133213675766,
    -0.049846868313161416,
    -0.04191812440733671,
    0.14621265775167278,
    0.01898224728956777,
    0.03217800861628179,
    0.01702036832902291,
    -0.0017160200559618055,
    0.008263835467171242,
    0.045067985170003017,
    0.03538093880111421,
    0.0307264846301871,
    -0.013325538073044369,
    0.061748399887121753,
    0.00858673010399763,
    0.004107814395319389,
    0.008934182510134402,
    -0.00709341607421284,
    0.005613379071268056,
    0.01996575107774039
  ],
  "sum weights": 1.0000049999746743
}