{
  "mu_target": [
    -0.5,
    0.6000000238418579
  ],
  "mu_model": [
    [
      -0.49987264789308417,
      0.6017893318953598
    ]
  ],
  "diff": [
    [
      0.00012735210691583454,
      0.001789308053501859
    ]
  ],
  "sigma_integral": [
    0.0005857493822113047,
    0.0009377903131233281
  ],
  "within_band": [
    [
      true,
      false
    ]
  ],
  "toy_seed": 235,
  "weights": [
    0.052736444424531834,
    0.016717282676648695,
    -0.019675386342131288,
    -0.01631129311468645,
    0.01886230262409561,
    0.014085121534764936,
    -0.020769431859776137,
    0.08433902013777414,
    0.024569408304287967,
    -0.03161134032584991,
    -0.034700026585467426,
    -0.01794133394856116,
    -0.03383189968568823,
    0.12652106603954177,
    0.07336316189294613,
    0.02894819902290548,
    0.0013929743691867725,
    -0.004530662699063505,
    0.007849770093461245,
    0.009468520214872876,
    0.023037023169442623,
    -0.0035185158737652796,
    0.02236900720179041,
    -0.0070190532294790095,
    -0.0006865963390307555,
    0.029641944038203843,
    0.027583198302355096,
    0.036085520628896105,
    0.020518247002927658,
    -0.009154687062982472,
    0.0828554382093692,
    0.01231315450109656,
    0.03138983834497139,
    0.045707204914137205,
    0.06553199055925196,
    0.03316483399174115,
    -0.016217630284824733,
    -0.0059617805832709305,
    0.0778874637281682,
    0.01139796354253382,
    0.017501905760150694,
    -0.03187799049564944,
    -0.048496532958533,
    0.10958881394059536,
    0.0438635190675348,
    0.03527869914850038,
    0.006307606195865489,
    0.02181826872621465,
    -0.017168047398512555,
    0.004242045455426782,
    0.026021143213144114,
    0.026312385909914058,
    -0.010174706744090043,
    0.0023085454951876517,
    -0.008329384550636813,
    0.040764394812047806,
    0.009422472431995975,
    0.013592625404054367,
    0.018713014671209106,
    -0.01609023964507052
  ],
  "sum weights": 1.0000049999746743
}