{
  "mu_target": [
    -0.5,
    0.6000000238418579
  ],
  "mu_model": [
    [
      -0.49971461789715527,
      0.5990404494819955
    ]
  ],
  "diff": [
    [
      0.0002853821028447334,
      0.0009595743598623807
    ]
  ],
  "sigma_integral": [
    0.0005825964223193246,
    0.0009395998743200227
  ],
  "within_band": [
    [
      true,
      false
    ]
  ],
  "toy_seed": 61,
  "weights": [
    0.030095872471447512,
    -0.0060392785875968075,
    -0.03327113732396389,
    0.01142311908109532,
    0.03355571124644607,
    0.003814091036865559,
    0.05037137542788993,
    0.0029604765724034194,
    0.028924877028072817,
    -0.028640417206258966,
    -0.02306531306848716,
    -0.016735129359786428,
    0.012241392134568574,
    0.14954626481147354,
    0.09931026779300894,
    0.030344444607449002,
    -0.042728762088502896,
    -0.029988811872502952,
    -0.0034901114099499518,
    -0.008159043288309478,
    0.009044547705399999,
    -0.018209270753375924,
    0.013337927119168914,
    -0.03246229315026033,
    0.07927712089364747,
    0.031282965144446735,
    0.05152400712199896,
    0.05320758574704107,
    0.05345571102862197,
    -0.019348533901509958,
    0.030906172826117486,
    0.018539634234612606,
    0.023376665200323242,
    0.021399980879545366,
    0.11018654127219654,
    0.015205488791612317,
    -0.006461107272003362,
    0.0004424734768448577,
    0.02689477481602316,
    0.007159089505847737,
    0.04209565359762597,
    -0.0018309991232029915,
    -0.0383061188533497,
    0.09717717975138691,
    0.02555268366268158,
    -0.0060770592261635194,
    0.014623152381348417,
    -0.00494673030768817,
    -0.04374133187170841,
    0.027415325238920235,
    0.05649128802717021,
    0.0009986225753694333,
    -0.005659305876570253,
    0.028786223591965806,
    -0.015353130149540867,
    0.016086464187795434,
    -0.011758421882449839,
    0.04332706931183767,
    0.020265442362657187,
    0.025629623884953774
  ],
  "sum weights": 1.0000049999747
}