{
  "num": -48383.05859375,
  "den": -48402.2734375,
  "test": 19.21484375
}