{
  "num": -50097.640625,
  "den": -50099.16796875,
  "test": 1.52734375
}