{
  "num": 39061.3671875,
  "den": 28406.255859375,
  "test": 10655.111328125
}