{
  "num": -49893.125,
  "den": -49902.30078125,
  "test": 9.17578125
}