{
  "mu_target": [
    -0.5,
    0.6000000238418579
  ],
  "mu_model": [
    [
      -0.4998029552524439,
      0.6000428678275156
    ]
  ],
  "diff": [
    [
      0.00019704474755610768,
      4.2843985657681216e-05
    ]
  ],
  "sigma_integral": [
    0.0009167859406325724,
    0.0014387305677621633
  ],
  "within_band": [
    [
      true,
      true
    ]
  ],
  "toy_seed": 42,
  "weights": [
    -0.0072506864222945605,
    0.020056401778344633,
    0.05249738700776077,
    0.010585156207088608,
    -0.002052595944211278,
    0.11008052912569498,
    0.0036634995991112855,
    0.08014631151950656,
    -0.013297166717363714,
    0.03126928140098326,
    -0.005882837320692939,
    0.002162283254496443,
    -0.01755201853389014,
    0.04495412134541266,
    0.015032281208239594,
    -0.020207278403754112,
    0.021416497741614592,
    0.03652080503481673,
    -0.005006014905846311,
    0.036850327612295536,
    -0.0024494733308054787,
    -0.05122486551392629,
    -0.0005485995931900212,
    -0.006813374250902206,
    0.05632892141924769,
    -0.010573208642472598,
    0.02813684075476349,
    -0.030035715131459955,
    0.05934248251679748,
    0.02018144853218186,
    0.04912525954689875,
    -0.010415373734032512,
    0.04923645967232755,
    0.01604926898130131,
    0.05238051069413321,
    0.017821781355054512,
    0.018655542928426184,
    -0.01940531789661703,
    0.06484298488435142,
    0.0047690666774039495,
    0.03925922368672493,
    0.010000915700310541,
    -0.01711746709507272,
    -0.021399342292487373,
    0.06299316334516067,
    0.01920440562451904,
    0.0037297264177073805,
    -0.044492614234135044,
    0.026169402941434803,
    0.05386493190535879,
    0.033690103859810264,
    0.01826470475233337,
    -0.014801370831099713,
    0.010422123739774681,
    0.0006874926134361565,
    0.0487973685242274,
    0.04780030433059602,
    0.036633713985311685,
    -0.005576573574878217,
    -0.007521195202168842
  ],
  "sum weights": 0.9999999426536578
}