{
  "mu_target": [
    -0.5,
    0.6000000238418579
  ],
  "mu_model": [
    [
      -0.5006428348000305,
      0.5990320500106358
    ]
  ],
  "diff": [
    [
      0.0006428348000304673,
      0.0009679738312221575
    ]
  ],
  "sigma_integral": [
    0.0009170597042114479,
    0.0014476838853861274
  ],
  "within_band": [
    [
      true,
      true
    ]
  ],
  "toy_seed": 79,
  "weights": [
    -0.02076239768461347,
    -0.0008005668285243607,
    -0.02337560648417445,
    0.01114093396621495,
    -0.06809731503622973,
    0.06659138057343379,
    0.04121029925391892,
    0.05572689387590703,
    -0.02316077919925515,
    0.058465585617077986,
    -0.04538224267673278,
    0.006405907143467726,
    0.030377298474658917,
    0.049101563770826015,
    0.012430987898301708,
    0.04657019106340769,
    0.0017837936258134576,
    -0.018994901017014208,
    -0.02193459004404681,
    0.05452317345596131,
    0.0009629639767267181,
    -0.03418569226696566,
    0.014108505145411362,
    0.004572589362708201,
    -0.006348485274821072,
    0.03290633717321383,
    0.04436784107170815,
    -0.062089224549542694,
    0.05393588625826442,
    0.005576323701919674,
    0.03579806936509729,
    0.04003848407312395,
    0.024937679117307487,
    -0.008435168971660896,
    -0.01949000989301692,
    0.019067716403343208,
    0.03855397966415497,
    0.024145838252899295,
    0.04380870737258873,
    0.019238121011322443,
    0.0785996743937764,
    0.0328187696594386,
    -0.015903932323010007,
    -0.01882913064608826,
    0.05195007802946872,
    0.005601504255441008,
    0.008343497594623866,
    -0.005839264610058641,
    0.03413579045389022,
    0.08219304187240728,
    0.005058013603615951,
    0.02476290448428965,
    0.010660252026651376,
    -0.020116028365336748,
    -0.007704003622378442,
    0.09790973515088808,
    0.07964430422336503,
    0.03848175154376502,
    0.026002122794922106,
    0.008940795613690619
  ],
  "sum weights": 0.9999999468755427
}