{
  "mu_target": [
    -0.5,
    0.6000000238418579
  ],
  "mu_model": [
    [
      -0.49841149104559523,
      0.60040817917846
    ]
  ],
  "diff": [
    [
      0.001588508954404766,
      0.0004081553366021007
    ]
  ],
  "sigma_integral": [
    0.0009100503996826458,
    0.0014397551285732027
  ],
  "within_band": [
    [
      false,
      true
    ]
  ],
  "toy_seed": 103,
  "weights": [
    0.03791812311671444,
    0.0341314222150759,
    0.08617288822137092,
    0.019658582823217936,
    -0.0047429150798215585,
    0.06564991191261615,
    -0.014123313272626625,
    0.00840361669899556,
    0.03669964640772023,
    -0.013024030370679753,
    -0.0035551701730134736,
    0.02869318018580773,
    0.024736762222233265,
    0.027064246350758686,
    0.019145225454549816,
    0.01968778331857891,
    0.0034761164269245907,
    0.026747044277134566,
    -0.010127199437899751,
    0.035401382096893426,
    -0.024433572518519107,
    0.007529148948783067,
    0.03016092137537695,
    0.040184045439258874,
    -0.028474275438917562,
    -0.022647280711821472,
    0.02220248078274605,
    0.025586258028178845,
    0.02612457585613652,
    -0.0172810933496266,
    -0.004907760862106165,
    0.008951241597800745,
    0.006690294504111881,
    0.01461119437845762,
    0.010934956448816622,
    0.03415558563433527,
    0.08103757439443951,
    -0.03043393070268275,
    0.021168032297751913,
    0.041003847984850246,
    0.0266303982953937,
    -0.022799926157231632,
    -0.030711752771781023,
    0.0035969039413906315,
    0.055010612491322865,
    0.0009845079457096108,
    -0.004777831585258203,
    -0.025316096136361328,
    0.02851076884705564,
    0.03447622169571422,
    0.023378238014355963,
    0.04155575594962165,
    0.010782442940398101,
    0.013323874613088267,
    -0.039075319975555724,
    0.07620225787846811,
    0.07967168989313074,
    0.03261905403829702,
    0.011346089844020238,
    0.014416494723253783
  ],
  "sum weights": 0.9999999319669541
}