{
  "mu_target": [
    -0.5,
    0.6000000238418579
  ],
  "mu_model": [
    [
      -0.5001641718559251,
      0.5993319020266038
    ]
  ],
  "diff": [
    [
      0.0001641718559250993,
      0.000668121815254108
    ]
  ],
  "sigma_integral": [
    0.0009184393475165824,
    0.0014377527271530093
  ],
  "within_band": [
    [
      true,
      true
    ]
  ],
  "toy_seed": 181,
  "weights": [
    -0.01231046427604145,
    0.03477373664017004,
    0.07488276810282418,
    -0.033097793402647735,
    0.018318358285646114,
    0.051592684496593905,
    -0.0034299032606002616,
    0.08022086772783321,
    0.024768551989092998,
    -0.016632254383151395,
    -0.007713658663582118,
    0.019571852066518826,
    0.029152649432532707,
    -0.010270929420842099,
    0.01068893736758642,
    0.07178214409547364,
    -0.013506938856089747,
    0.004352391470583536,
    0.004227929243896705,
    0.02561702532106832,
    0.05478323826477484,
    -0.00021867473180962096,
    0.011074135576647234,
    0.04602514377090903,
    -0.011124552170578875,
    0.012953222805803202,
    0.038820279920280136,
    -0.06774546268213293,
    -0.00036297581027858964,
    -0.006586613549506548,
    0.04175050351728107,
    0.01870404535232532,
    0.026516163721208373,
    -0.0012770288499003096,
    0.010627583747823244,
    -0.0016569789241726036,
    0.05176820554814632,
    0.0236166570625906,
    0.0886959727435609,
    0.01967763022510178,
    0.05656292324182497,
    -0.00017074583460972953,
    -0.03404418033719947,
    0.01765386628652687,
    0.024024740553675407,
    -0.006536026457722631,
    0.04105665613477194,
    0.0121753464055704,
    0.017404970684765812,
    0.04554761414076433,
    0.023471741716979567,
    -0.02342978133809546,
    0.0016098238114613523,
    0.008790921595742287,
    -0.017925447560115465,
    0.03682726947223185,
    0.02444971412843347,
    0.036470884716467436,
    -0.014605950716366377,
    0.041637152166774105
  ],
  "sum weights": 0.9999999423268189
}