{
  "mu_target": [
    -0.5,
    0.6000000238418579
  ],
  "mu_model": [
    [
      -0.5003970002543838,
      0.5978195821562311
    ]
  ],
  "diff": [
    [
      0.000397000254383828,
      0.0021804416856268105
    ]
  ],
  "sigma_integral": [
    0.0009171115129404453,
    0.0014297749357020935
  ],
  "within_band": [
    [
      true,
      false
    ]
  ],
  "toy_seed": 27,
  "weights": [
    -0.026943443645459766,
    0.005137295711604996,
    0.04714432876936742,
    0.0428625820705896,
    -0.006595128230110956,
    0.07296198124986321,
    0.03577441164856699,
    0.07645267843734833,
    0.0026238751339542335,
    0.05784865740442173,
    0.019629982959583916,
    0.027122357585346882,
    0.02859294939836419,
    -0.0018814592934890337,
    -0.012512352230753287,
    0.022256502750581202,
    0.04268032991811028,
    0.10110383085006122,
    -0.01430079338140319,
    0.020905439059546897,
    0.03236247408298993,
    0.024116572563975442,
    0.006152186266208343,
    0.07621386113342637,
    0.06264676358966878,
    -0.033214809754681225,
    0.037953672061684776,
    -0.014159282222096118,
    0.03923399174238171,
    -0.056822378622350636,
    0.006906459283291814,
    -0.01237437571859044,
    0.037673621702073536,
    -0.058280701793795,
    0.019034035040200497,
    -0.026101089065519008,
    0.04106154787976307,
    -0.042066258610606165,
    0.045088493694667775,
    0.05492693487409994,
    -0.006116005540757489,
    0.027425756517265535,
    -0.009751374216169685,
    -0.006002517731926745,
    0.049536746613146145,
    0.006559985807326526,
    0.02034236505844145,
    0.015515992729901345,
    0.04860105663682587,
    0.023268953526502476,
    -0.022229476240611355,
    -0.0005689488434080901,
    -0.0007738772417894772,
    -0.04368919305387386,
    -0.01687173646598621,
    0.13552419829929657,
    0.03183896103131785,
    -0.04962726005282158,
    0.04641361040095711,
    -0.030613041227544022
  ],
  "sum weights": 0.9999999402989808
}