{
  "mu_target": [
    -0.5,
    0.6000000238418579
  ],
  "mu_model": [
    [
      -0.5006019463154785,
      0.6004369670350781
    ]
  ],
  "diff": [
    [
      0.0006019463154784965,
      0.00043694319322018504
    ]
  ],
  "sigma_integral": [
    0.000923601382579345,
    0.001443286810704132
  ],
  "within_band": [
    [
      true,
      true
    ]
  ],
  "toy_seed": 271,
  "weights": [
    0.02115677008036295,
    0.009241719439080236,
    0.03602335631849026,
    0.002865580574129874,
    -0.010545170244430187,
    0.08114057150719363,
    0.036545466507251545,
    0.08980775018628652,
    0.01481262829041947,
    0.0015038085594209932,
    0.004220865861124603,
    0.009342987182202469,
    -0.004366514721789106,
    0.008061251793873056,
    0.020380207963402276,
    -0.02185331368231845,
    0.036188966285608595,
    0.012261165471658833,
    0.0022183596969245043,
    -0.00019897631434568703,
    0.058757181901279265,
    0.015792641581744322,
    0.007785550046864762,
    -0.041459324325780436,
    0.08408213237546441,
    -0.029536655933946564,
    0.01646741318932217,
    -0.011947822000359444,
    0.053981569805580214,
    -0.02630188886353014,
    0.011182441478353504,
    0.006953963381811877,
    -0.03228260767719191,
    0.0520487692639862,
    0.04171851291052585,
    -0.007185048278438109,
    0.018500902873001608,
    -0.02178971881552964,
    0.023460846582795545,
    0.017332336928034025,
    0.032932045809789645,
    0.01075159333860851,
    -0.013421949387670036,
    0.02084554089784975,
    0.029227402907752238,
    -0.000578608273751432,
    0.04331774028658353,
    -0.01821874856873725,
    0.0013333607804121073,
    0.03317829236832045,
    0.001497218489657559,
    0.015793322275899843,
    0.007807756146631956,
    -0.009360410210912504,
    0.016017822976979745,
    0.06275401275748727,
    0.06627801798733177,
    0.08102555350139681,
    0.016045157594894374,
    0.01640614717351831
  ],
  "sum weights": 0.9999999460305765
}