{
  "mu_target": [
    -0.5,
    0.6000000238418579
  ],
  "mu_model": [
    [
      -0.4996431666992667,
      0.5979490874954296
    ]
  ],
  "diff": [
    [
      0.00035683330073327246,
      0.002050936346428278
    ]
  ],
  "sigma_integral": [
    0.0009164377883148079,
    0.0014308083587858671
  ],
  "within_band": [
    [
      true,
      false
    ]
  ],
  "toy_seed": 16,
  "weights": [
    -0.019158511936371764,
    0.049136733478552984,
    0.004198023804234485,
    0.021152950115622658,
    0.0001545929697025069,
    0.11490262112927185,
    0.033958008339280865,
    0.07310039625106095,
    -0.017904223024765152,
    0.0445324601544823,
    0.019062284718938963,
    0.016219699616713566,
    -0.0014133798533260149,
    0.02047186372059308,
    0.033772982583400224,
    -0.02897105002716157,
    -0.010371438933436347,
    0.05357527269224395,
    -0.008690145547874686,
    0.08362555046789925,
    0.060579662918710864,
    -0.06409961182437388,
    -0.00873203721562556,
    0.03436666294014626,
    0.018912309055849855,
    -0.0010562357581815635,
    0.03399044982867364,
    -0.0330132643995707,
    0.027678044639294165,
    -0.03185650716214564,
    0.04162459004440964,
    0.036304365895090875,
    -0.031010432136365118,
    0.05876295807646218,
    0.06164224870003851,
    0.012755729936978958,
    0.048359472415617645,
    0.02437188006559648,
    0.036539998475628686,
    0.02452501188760406,
    0.03597253419174169,
    -0.01144771711534626,
    0.010926225760323866,
    -0.01169204548244782,
    0.015981787986526528,
    -0.035927176940676805,
    0.03634545141314501,
    -0.027849705113422687,
    0.056448132122032584,
    0.08064090075453556,
    0.008065173565816033,
    0.0007086265204050229,
    0.0009336234007667423,
    0.0003478893115665554,
    -0.028296490988357705,
    0.09306504747735932,
    -0.050348484568929375,
    0.055716909306569716,
    -0.013540798240299304,
    -0.048049925165575165
  ],
  "sum weights": 0.999999945298635
}