{
  "mu_target": [
    -0.5,
    0.6000000238418579
  ],
  "mu_model": [
    [
      -0.5012289642351796,
      0.6001357969685358
    ]
  ],
  "diff": [
    [
      0.001228964235179597,
      0.0001357731266778961
    ]
  ],
  "sigma_integral": [
    0.0009185308162753081,
    0.0014468404484358915
  ],
  "within_band": [
    [
      false,
      true
    ]
  ],
  "toy_seed": 124,
  "weights": [
    0.026167220774186196,
    0.047664279102763184,
    0.016357346135510802,
    0.022474889452706794,
    -0.026176429283973658,
    0.09785263497496367,
    0.06435299098814018,
    0.09545930054360535,
    -0.01565636026340972,
    0.006432829855921507,
    -0.060982831126072216,
    0.002806876226014603,
    0.031641723467357,
    0.032056813059480986,
    -0.021667903402351925,
    -0.04599723571471854,
    0.025566290010683817,
    0.041510981549361343,
    0.00037682603863713914,
    0.005097150922837675,
    -0.0046094262365932535,
    -0.03354054299991006,
    0.027748889822718708,
    0.043143641530870525,
    0.007003073457402125,
    -0.011048815909969116,
    0.02466416685602666,
    -0.03752998679073527,
    0.06403765919012157,
    -0.012510668164292756,
    -0.003064654721038079,
    0.05901322961653732,
    -0.05283911819206026,
    0.05918202776280417,
    0.00928632866406939,
    -0.025819995208879787,
    0.08926495557455155,
    0.05274360418341715,
    -0.0215885629391188,
    0.02094522608936686,
    0.058114473929898124,
    -0.022329118264136652,
    -0.019923409492613304,
    0.021826782601173045,
    0.05074608701251517,
    -0.010239485583034079,
    0.023638936155055756,
    0.02790470485544562,
    -0.012658190462097513,
    0.055578663053161746,
    0.032229472048990425,
    0.02633680562586241,
    -0.019424755612531198,
    0.018241062560539045,
    -0.022015293681027753,
    0.035628978021081274,
    0.04006129044506616,
    0.060460113138658914,
    -0.00853984992455668,
    0.06454425426582376
  ],
  "sum weights": 0.999999945590207
}