{
  "mu_target": [
    -0.5,
    0.6000000238418579
  ],
  "mu_model": [
    [
      -0.49972718856625425,
      0.6020972616366919
    ]
  ],
  "diff": [
    [
      0.00027281143374574546,
      0.0020972377948339505
    ]
  ],
  "sigma_integral": [
    0.000925396084477003,
    0.0014397208621630647
  ],
  "within_band": [
    [
      true,
      false
    ]
  ],
  "toy_seed": 175,
  "weights": [
    -0.013315998933100965,
    0.054941665968560954,
    0.03658064650346304,
    0.020941539234014567,
    -0.00959578683860121,
    0.06978309644582778,
    -0.006442007198252427,
    0.02186887276884821,
    0.010014486591353108,
    -0.019635552367545883,
    -0.0025737633345589606,
    0.0031927313878787893,
    0.02027979574199901,
    0.011916178764895403,
    0.0033476989664017495,
    -0.013166149737077082,
    0.012477295238863139,
    0.010855878438811672,
    0.01653479793529231,
    0.03010164368288174,
    -0.03008586576350954,
    -0.036009946476260865,
    0.03099055609202217,
    -0.0022578912387719668,
    0.08346400338049509,
    0.02235955693004915,
    -0.02642770143099107,
    -0.004642913521800405,
    0.029584112749296558,
    0.024113969980348267,
    0.004694530208782205,
    0.032313536623926456,
    0.009451218567980845,
    0.0643787473900355,
    0.01678610301916847,
    0.03971512651005973,
    0.08733488615997037,
    -0.04594877811144162,
    0.029245779239497196,
    0.014429776086229347,
    0.045869798287968874,
    0.021886768883648867,
    0.013576748671117361,
    -0.01629351216605169,
    0.09863192056422598,
    0.01069665461545941,
    0.001959705109472408,
    -0.014105859798017087,
    -0.010274917707816984,
    0.04695965453235952,
    0.03861167195006795,
    0.007315319582981409,
    0.02828352661467402,
    -0.011389008688081643,
    -0.006897359373013808,
    0.08420633604045738,
    0.04360201086499716,
    0.03076276160043356,
    -0.034639830413799505,
    0.0196416719793139
  ],
  "sum weights": 0.999999936805438
}