{
  "mu_target": [
    -0.5,
    0.6000000238418579
  ],
  "mu_model": [
    [
      -0.49920874711424595,
      0.6001687052041711
    ]
  ],
  "diff": [
    [
      0.0007912528857540457,
      0.00016868136231318331
    ]
  ],
  "sigma_integral": [
    0.0009152479038514101,
    0.0014287333573855887
  ],
  "within_band": [
    [
      true,
      true
    ]
  ],
  "toy_seed": 294,
  "weights": [
    0.014560340872402907,
    0.019096681545880807,
    0.01818549030496583,
    0.045099686106363064,
    -0.02837399086016026,
    0.1103676221591886,
    -0.03673994871479567,
    0.06228916336192498,
    0.02770153717823874,
    0.0036723213867849137,
    0.014098621008617734,
    -0.021869370969833067,
    0.02515385495378597,
    0.057537906369724445,
    -0.02252764423022403,
    0.0041010542781817075,
    -0.04258748062543306,
    0.06362292894814486,
    -0.010135280845157977,
    0.04698660788537963,
    0.06227684708918138,
    -0.027827820915572676,
    -0.0040478262828931005,
    0.012238177397300553,
    0.030415373379830614,
    -0.03413020741975792,
    0.09099016315112299,
    -0.012128444402498644,
    0.0597348974948992,
    0.03945883737434622,
    0.048780107232619885,
    0.03840945338879511,
    -0.010713713513939056,
    0.04150295213322042,
    0.02869192218645821,
    0.037010048853254034,
    -0.004740987367437843,
    -0.03544027802724386,
    0.03287873434102573,
    -0.0010384762302247433,
    0.03831948017748882,
    0.006039941961343338,
    -0.04013183399406036,
    0.036768572975782725,
    0.0741612581450366,
    -0.0013838095183353698,
    0.006700296487983536,
    0.033892189942133215,
    0.020986075611563192,
    0.032649402786793486,
    0.007135255792965914,
    0.011261092974877224,
    -0.0797994132209555,
    0.02202684470797425,
    0.007044245566767305,
    0.0327794187900669,
    0.027467001867099505,
    0.027717656441978693,
    0.009901553544250843,
    -0.01609515500783337
  ],
  "sum weights": 0.9999999360093875
}