{
  "mu_target": [
    -0.5,
    0.6000000238418579
  ],
  "mu_model": [
    [
      -0.4985638700995428,
      0.5977470793902965
    ]
  ],
  "diff": [
    [
      0.001436129900457217,
      0.002252944451561434
    ]
  ],
  "sigma_integral": [
    0.000921626799224292,
    0.0014408638964263408
  ],
  "within_band": [
    [
      false,
      false
    ]
  ],
  "toy_seed": 189,
  "weights": [
    0.029717866934668928,
    -0.009938960969110495,
    0.07209138914819851,
    0.020797946900252197,
    -0.003265222525817339,
    0.05959900858597819,
    0.07927575503418481,
    0.07055628592380186,
    0.057520489153917914,
    0.02379766582431501,
    0.04880761323536924,
    0.04028072714668819,
    -0.016657870657465056,
    0.041672785763339534,
    0.001028686374899564,
    -0.06170648126411583,
    0.016761259777147593,
    0.009524184772411654,
    -0.007042172321303087,
    0.019098727286981594,
    0.05987011147460819,
    0.024921910808106053,
    0.03919885817478845,
    0.04589536127116033,
    0.038796886345258144,
    0.003982456028965161,
    0.015417459110431193,
    -0.0005975105930733294,
    0.04753051313910493,
    0.025046937964409932,
    -0.012675195751897813,
    -0.029461185700433507,
    0.007853899214717134,
    -0.03375415375445368,
    0.01801604534135978,
    -0.006174039785001208,
    0.04593014688167044,
    0.018808724084243954,
    -0.01949744208828661,
    0.024624101774121467,
    -0.02459820865209597,
    -0.033388651938664554,
    -0.015313757377414739,
    -0.00383433091638408,
    0.04899554991133945,
    0.015099752796034005,
    -0.02415514885364349,
    -0.008844118714786468,
    0.0066813699397173885,
    0.06411545097457329,
    0.027442577918369224,
    0.010985576592625543,
    -0.04390368168225324,
    -0.0410709414482178,
    0.010291477071393447,
    0.10005687955242133,
    0.01462571569447154,
    0.019114764255277434,
    0.0747111890586174,
    -0.00266508569541988
  ],
  "sum weights": 0.9999999465501019
}