{
  "mu_target": [
    -0.5,
    0.6000000238418579
  ],
  "mu_model": [
    [
      -0.5009172664282072,
      0.6003052659306164
    ]
  ],
  "diff": [
    [
      0.0009172664282072196,
      0.0003052420887584839
    ]
  ],
  "sigma_integral": [
    0.000916079904375432,
    0.0014342209366960028
  ],
  "within_band": [
    [
      false,
      true
    ]
  ],
  "toy_seed": 122,
  "weights": [
    -0.02104899319978666,
    0.0017415746548648267,
    0.06250308355674138,
    0.04247367817585946,
    -0.05580922761760808,
    0.08824511631905436,
    0.02674475239833049,
    0.07079199815942515,
    0.007155660356284754,
    0.022279908399715206,
    -0.015109718261521628,
    0.03003485993856255,
    0.06126857604406513,
    0.010670832809610934,
    0.0014886819772427008,
    0.03147452772099019,
    -0.0189035513895517,
    0.007175277803212696,
    -0.010225399885367794,
    0.04769348951470249,
    0.01294329177544875,
    -0.040300906396715915,
    -0.018295999500975223,
    0.03039503505605758,
    0.011452166071357987,
    -0.009296384799706073,
    0.04152961698920979,
    0.01392988933442977,
    0.01580629845702656,
    -0.046844081859069395,
    0.0031638568920931485,
    -0.010783761343232012,
    0.03747199159913483,
    -0.010706679963303304,
    0.0009908849688831365,
    0.03446034846015262,
    0.09174281179507647,
    0.05643055595688846,
    0.05375784072232546,
    -0.01329503494233588,
    0.01582593558486217,
    0.0326765563181199,
    0.01686251335270397,
    -0.025075725961771413,
    0.0615714188515,
    0.03968431818864654,
    -0.009614806736344897,
    -0.015672680689648045,
    0.016313845527381948,
    0.08448308484757659,
    0.036369082785327106,
    0.004355120655621676,
    0.014245290408514685,
    -0.04303514315270715,
    -0.048081246654389606,
    0.020653348583755643,
    0.050489161939360795,
    0.029399927807224103,
    0.014966020401607032,
    0.058387052717162866
  ],
  "sum weights": 0.9999999415220772
}