{
  "mu_target": [
    -0.5,
    0.6000000238418579
  ],
  "mu_model": [
    [
      -0.5018795851753146,
      0.601133764969996
    ]
  ],
  "diff": [
    [
      0.0018795851753146131,
      0.0011337411281381327
    ]
  ],
  "sigma_integral": [
    0.0009173631178265595,
    0.0014369787687094741
  ],
  "within_band": [
    [
      false,
      true
    ]
  ],
  "toy_seed": 64,
  "weights": [
    -0.012363754184382509,
    0.034011402571259224,
    0.015277919976662484,
    0.004565584636813342,
    -0.007019871054033354,
    0.07176584305832191,
    -0.007715403040470786,
    0.04979028391131756,
    0.0262657349853841,
    0.0043807483677649525,
    -0.026913793454406826,
    -0.01395133714874684,
    0.03045789668412392,
    0.055583947517121236,
    -0.00915093362614155,
    0.009419337988066297,
    0.03424802467066021,
    0.04297769045513995,
    0.05097529725786109,
    0.03719310283752923,
    -0.020272868011710653,
    -0.023227235040331525,
    -0.0014154857734801685,
    0.015567083518383852,
    -0.0137497495010673,
    -0.021837159750165896,
    0.05570693369931507,
    -0.023934227224311235,
    0.018836304733692095,
    -0.00033513306279547156,
    -0.051519768339091665,
    0.011343572875018576,
    0.01081822374338155,
    0.013862928769914408,
    -0.002274954504152402,
    0.03089648233509348,
    0.04352352018286704,
    -0.00523707991101803,
    0.03846967105501758,
    0.03820963897917807,
    0.05184334835689615,
    0.017742739209392358,
    -0.01772179643745947,
    0.030051755691370995,
    0.06475136279844981,
    0.025901591613606008,
    0.026263523930738594,
    0.031419885351850016,
    0.016442385154153152,
    -0.009612255895891542,
    0.052008058988240596,
    -0.002248345826243209,
    0.04830528008443314,
    0.0021194736237408335,
    -0.02450823697744841,
    0.10257410681575078,
    0.05776391189951879,
    -0.005406176912073547,
    0.010193289734329147,
    0.018887623632410075
  ],
  "sum weights": 0.9999999460193452
}