{
  "mu_target": [
    -0.5,
    0.6000000238418579
  ],
  "mu_model": [
    [
      -0.49983876549616,
      0.5995030395865879
    ]
  ],
  "diff": [
    [
      0.00016123450383997984,
      0.0004969842552700054
    ]
  ],
  "sigma_integral": [
    0.000921930354971799,
    0.001438405494462465
  ],
  "within_band": [
    [
      true,
      true
    ]
  ],
  "toy_seed": 297,
  "weights": [
    0.06083051400155132,
    0.0464231644042553,
    -0.003982111059656915,
    0.04784667014446616,
    -0.001873428035661699,
    0.04288474129486293,
    0.06452082949582894,
    0.030475044854274654,
    0.034780748591887824,
    0.04388776622778012,
    0.0020123598431207885,
    0.01658551836554822,
    0.022355987030603642,
    0.08179533342663184,
    0.006661843123598283,
    0.02883084785617015,
    -0.005877724797533245,
    0.011138739343375375,
    -0.011129901650253857,
    0.06769506654923724,
    0.026684533412867233,
    -0.008108755892656803,
    0.019331215966463436,
    0.009558160447389549,
    0.026946546076759465,
    0.0041575543065303835,
    0.017007069126906048,
    -0.030351869093131218,
    0.03456503559538448,
    -0.06359742277547188,
    0.005578389342352486,
    0.0029735285317630976,
    -0.06121461475069376,
    0.013211922260316571,
    -0.0017542354208938684,
    0.0003776014559887599,
    0.062429784190178396,
    0.02400839763378379,
    0.020179923328102915,
    0.047688515222214074,
    0.03450933971090268,
    0.006327063211329081,
    -0.045041215159173545,
    0.02585260709873611,
    0.03883352167078629,
    -0.023616317935882175,
    0.02874405235316102,
    -0.004927754155648456,
    0.003250458834988793,
    0.04275512081965101,
    -0.014338096302803369,
    0.006168342895440626,
    -0.020054934910698315,
    -0.0034994354618455062,
    -0.038910329889403274,
    0.10327676124246676,
    0.028162791087867556,
    0.024151832433014452,
    0.007746180049973368,
    0.065076669224369
  ],
  "sum weights": 0.9999999447914723
}