{
  "mu_target": [
    -0.5,
    0.6000000238418579
  ],
  "mu_model": [
    [
      -0.49959186645526915,
      0.5997065909892626
    ]
  ],
  "diff": [
    [
      0.00040813354473084873,
      0.00029343285259531005
    ]
  ],
  "sigma_integral": [
    0.0009225588620460583,
    0.001428527829307102
  ],
  "within_band": [
    [
      true,
      true
    ]
  ],
  "toy_seed": 41,
  "weights": [
    0.026913118860572866,
    0.03800291471760203,
    0.04411347865300027,
    -0.003679688634996383,
    0.0027363084581537404,
    0.05868629048264147,
    0.02990782322379323,
    0.06842518716890399,
    0.029945640483456173,
    0.003374308792668768,
    -0.00826482623522953,
    0.017110710590344844,
    -0.02111189134604046,
    0.05470541041106629,
    0.01703281354816874,
    -0.001482249745317524,
    0.02889395345572136,
    0.07444716102346385,
    0.0218162283652447,
    0.045171522034740556,
    0.06901132929034255,
    -0.020074030823773324,
    0.012900751161749742,
    0.04794163422083822,
    0.030878172136770445,
    0.006349463889992794,
    0.016438969808747178,
    -0.03024496231494465,
    0.015209524746014159,
    -0.031481556776008016,
    -0.0037025326760162505,
    0.014472047217745098,
    -0.02118081303226615,
    0.003997099958771488,
    0.06392155006021973,
    0.015976824530249453,
    0.012314749912067937,
    0.03627400440995392,
    0.026039163885023735,
    0.04201304070925795,
    0.04593631543844929,
    -0.008734117276564595,
    -0.04236467005540717,
    -0.046230542928657525,
    0.10380600396542823,
    0.005084306097964779,
    0.05798811417080626,
    -0.013126658482672122,
    -0.005861186263944951,
    -0.0006666694508674361,
    0.006934821389143852,
    0.023115758596280157,
    -0.005471574686147874,
    0.018536755454557328,
    -0.057033845792727335,
    0.09374105965716782,
    0.008495158085248828,
    0.011499790487738476,
    -0.02907620684752278,
    -0.0003713176655172606
  ],
  "sum weights": 0.999999938515451
}