{
  "mu_target": [
    -0.5,
    0.6000000238418579
  ],
  "mu_model": [
    [
      -0.4994438878982394,
      0.6015089819607661
    ]
  ],
  "diff": [
    [
      0.0005561121017605974,
      0.0015089581189081658
    ]
  ],
  "sigma_integral": [
    0.0009167556958522957,
    0.001444266925395495
  ],
  "within_band": [
    [
      true,
      false
    ]
  ],
  "toy_seed": 109,
  "weights": [
    -0.00596787294461369,
    0.018081678336815864,
    0.02114169747199405,
    0.012808651326249176,
    -0.030257351024556862,
    0.06063001505612438,
    0.024204787757341393,
    0.039291070786140796,
    0.03039384907605874,
    0.005804879055410926,
    -0.04323408282886005,
    0.031019463404593488,
    0.018510028914184167,
    0.07789722792748717,
    0.0007687106788033993,
    -0.0016938500294281732,
    -0.02604653353522264,
    0.019319512168084623,
    0.01077473353162827,
    0.023029971801990363,
    0.0630731112967767,
    0.005195666375690855,
    0.02552107672764077,
    -0.014364989397904534,
    0.00027738329866766517,
    0.004964094203076406,
    0.02731876091479112,
    0.012128338206357666,
    0.022876738358371774,
    0.04172888599808576,
    -0.04343422359789692,
    0.0004931872121117254,
    0.03697709343516701,
    -0.015593831024382058,
    0.04343872968523992,
    0.020576642297909665,
    0.06979702553104111,
    0.049718161971865266,
    0.038882320436499605,
    -0.007347289734723639,
    0.03744456424387165,
    0.01918772786275589,
    -0.0120535658264989,
    0.004000424760195724,
    0.05544820933659859,
    -0.018979160875742078,
    0.009565780153294528,
    -0.02329230421480664,
    0.009879806201912646,
    0.049622110422099075,
    -0.015516945980751769,
    -0.005537160604038478,
    0.0016796562753443557,
    0.0067944617809051954,
    -0.013962557969800808,
    0.06657390411281887,
    0.06637987438066119,
    0.06563983103724648,
    -0.008047212151479946,
    0.036469033629527504
  ],
  "sum weights": 0.9999999456987243
}