{
  "mu_target": [
    -0.5,
    0.6000000238418579
  ],
  "mu_model": [
    [
      -0.5001729530412093,
      0.6015737735393477
    ]
  ],
  "diff": [
    [
      0.00017295304120934496,
      0.0015737496974898013
    ]
  ],
  "sigma_integral": [
    0.0009276234868871045,
    0.0014468338195934964
  ],
  "within_band": [
    [
      true,
      false
    ]
  ],
  "toy_seed": 259,
  "weights": [
    -0.005226322319979452,
    0.04594836471532017,
    0.05122949568381803,
    -0.006430956621624453,
    0.012171884707899044,
    0.08313008089895037,
    -0.03594014176452764,
    0.04774462563535126,
    -0.012863370391647047,
    0.018386884102507536,
    -0.02616349828067061,
    0.013898927650968772,
    0.007876430776106074,
    0.0531958852380538,
    0.02322477905701197,
    0.04268796647484144,
    0.0006372806267460274,
    0.01934067415554187,
    -0.019794365633300847,
    0.037661897759304466,
    0.07854869370489002,
    -0.030839499439551058,
    0.024573377086429062,
    -0.028658188855139835,
    0.022598534782562858,
    -0.008510197233508243,
    0.039690964600109783,
    0.002306385298027365,
    0.026671403933703052,
    0.01673043648118168,
    0.023928550008684657,
    0.029090610524254525,
    -0.017452256752296426,
    0.027687534631487095,
    0.01819693324340898,
    0.00019139595358160056,
    0.06479331641977507,
    0.0006857262829157668,
    0.06753640395565352,
    -0.006928344864801697,
    0.04665364156810366,
    -0.019920634091426782,
    0.017987307909335733,
    0.02078367752652035,
    0.03214777555216642,
    -0.04991484476280253,
    0.004880437312144435,
    0.030514568684659033,
    0.006115995473416295,
    0.026606330225151388,
    0.015311055701732088,
    -0.008427894508278537,
    0.008924843043099756,
    0.00042774780752234426,
    0.04110942459199633,
    0.053962018034622576,
    -0.023324592519446533,
    0.08682998930104063,
    0.0014490823286776291,
    0.006325714588221279
  ],
  "sum weights": 0.9999999459984941
}