{
  "mu_target": [
    -0.5,
    0.6000000238418579
  ],
  "mu_model": [
    [
      -0.5001232994007855,
      0.5991407280904043
    ]
  ],
  "diff": [
    [
      0.00012329940078548152,
      0.0008592957514536037
    ]
  ],
  "sigma_integral": [
    0.000918684550386619,
    0.0014458157411418103
  ],
  "within_band": [
    [
      true,
      true
    ]
  ],
  "toy_seed": 136,
  "weights": [
    0.007952420638963554,
    0.035649943070116416,
    0.055869887183611154,
    0.01301865030565156,
    0.007845262174131685,
    0.07377551168692754,
    0.022887677665402072,
    0.06037065298231935,
    0.003817758928212155,
    -0.035937274662704494,
    0.012169852425449077,
    0.035873916633376406,
    -0.013543817283502518,
    0.008790668862884887,
    -0.009680179832842233,
    0.011561162402224384,
    -0.0012933990098075417,
    0.021660256220575224,
    0.006796062404361282,
    0.01838643101532078,
    0.05043385647341159,
    0.0786232408761488,
    -0.0018197049184858149,
    0.006678359970901239,
    0.03723336496258847,
    -0.011565984321946868,
    0.05114427630299188,
    -0.01933149457825301,
    0.015859718886614676,
    0.003193891485504339,
    -0.04227281707361869,
    0.03226323905625578,
    0.0436078587086326,
    0.016265852131149172,
    -0.025048259009554794,
    0.016724436899980728,
    0.09511285134716971,
    -0.010239333496529158,
    0.027156535591262472,
    0.003753595382354025,
    0.002340635264285314,
    -0.0027768301490055797,
    0.04137961201837224,
    0.041231489055022455,
    0.05342698458218201,
    -0.010737929347272726,
    -0.027939426758371348,
    -0.04605318897935585,
    -0.00023538294813621387,
    0.04388246496171639,
    0.009349182616492684,
    0.030725122896872955,
    0.013633949529813371,
    -0.04047327632835111,
    0.016830777327858242,
    0.0821269846019699,
    -0.002368690913103313,
    0.010891160355049102,
    0.04027026535033293,
    0.040751112649712255
  ],
  "sum weights": 0.9999999442733316
}