{
  "mu_target": [
    -0.5,
    0.6000000238418579
  ],
  "mu_model": [
    [
      -0.50044445361129,
      0.5989466994029181
    ]
  ],
  "diff": [
    [
      0.0004444536112899744,
      0.0010533244389397955
    ]
  ],
  "sigma_integral": [
    0.0009223340594606275,
    0.0014288618857678155
  ],
  "within_band": [
    [
      true,
      true
    ]
  ],
  "toy_seed": 247,
  "weights": [
    -0.04893304575137129,
    0.06600656154500054,
    0.00019158627911482128,
    -0.02384916701898479,
    -0.005930672701299596,
    0.05788545734815588,
    -0.0022477421992149814,
    0.08092481294623974,
    -0.01734661845114338,
    0.05294139818467919,
    0.03967106896303499,
    0.04193224224909651,
    0.0024321552799155682,
    0.04014912101353041,
    -0.0077802509015357495,
    -0.010787928617822887,
    0.040222657010032616,
    0.04981112314956888,
    -0.037765756760647536,
    0.02839595476546111,
    0.04809826446953706,
    -0.039746512583682295,
    -0.016337336694080735,
    0.006331579421991401,
    0.09496759998819755,
    0.005826184762988693,
    0.042702198044120045,
    0.02490962502419026,
    0.0590930303776898,
    0.045615868580376244,
    -0.007152082021169098,
    0.0027744987097692866,
    0.015545045060408332,
    0.03755032521045181,
    0.033120420247381495,
    -4.866863254503528e-05,
    0.03660490401276212,
    -0.01621824404763243,
    0.003701561487794484,
    0.047069407542978364,
    0.06522967929589048,
    -0.027488182435823662,
    -0.035595982039954545,
    -0.011563482480911998,
    0.048177678564278265,
    -0.0037800803860423273,
    0.0005300241310951157,
    -0.041741025983525325,
    -0.02007057516670002,
    0.0017621499864452197,
    0.05853193231294729,
    -0.0024627376044559436,
    0.02891177481497514,
    0.0030810508796698614,
    0.01759197824418148,
    0.06300057760870872,
    0.03939682878294973,
    0.015383649580571784,
    0.020185503289161157,
    0.010588555800526384
  ],
  "sum weights": 0.9999999424873243
}