{
  "mu_target": [
    -0.5,
    0.6000000238418579
  ],
  "mu_model": [
    [
      -0.4992670717686167,
      0.5977736311743506
    ]
  ],
  "diff": [
    [
      0.000732928231383323,
      0.0022263926675073487
    ]
  ],
  "sigma_integral": [
    0.0009183948630595727,
    0.0014319835141382029
  ],
  "within_band": [
    [
      true,
      false
    ]
  ],
  "toy_seed": 217,
  "weights": [
    0.004130711036308224,
    0.050910946082228334,
    -0.01918189837049887,
    0.03789791486940907,
    0.012076276806934332,
    0.07320846150163285,
    0.008654904094893999,
    0.05654973179370398,
    0.021374418371009733,
    0.03183004556444063,
    -0.026716216608810277,
    0.021394011543176262,
    0.0034179458871480854,
    -0.026537349581239867,
    0.0003677854304893594,
    0.02005582370326969,
    0.036539120908856464,
    0.024048533792333265,
    0.045054184946325564,
    0.07991118685389756,
    0.029147737364153267,
    -0.004161141880879709,
    0.015768679284844492,
    -0.0009009042063654699,
    0.05531710360626813,
    -0.04664331957191217,
    0.019092347722287562,
    -0.023274977655189995,
    0.053385983713045766,
    0.038559111542892155,
    0.014016713234512052,
    0.009259653315018877,
    0.049340754528583365,
    -0.004716274648400712,
    0.0017625359970432689,
    -0.009176688566757019,
    0.05594195573252304,
    0.016199607866199492,
    0.024718959911080682,
    0.0011840859885390558,
    0.017297186557321573,
    0.05425874274947477,
    0.029490858523401768,
    0.044511502379716426,
    0.011992967552765242,
    -0.007160432749605316,
    -0.001012414030026294,
    -0.06432716951585787,
    0.009494200930008335,
    0.05625971097075733,
    -0.029236538312882834,
    -0.01610261389443291,
    0.03330840451820609,
    0.01348816095403422,
    -0.03786178063461195,
    0.08599797542890379,
    0.0218545261695134,
    0.05008730314769472,
    -0.021754516449747872,
    -0.0003945968275210355
  ],
  "sum weights": 0.9999999393701061
}