{
  "mu_target": [
    -0.5,
    0.6000000238418579
  ],
  "mu_model": [
    [
      -0.5007781802954256,
      0.598624505147769
    ]
  ],
  "diff": [
    [
      0.0007781802954256456,
      0.0013755186940889175
    ]
  ],
  "sigma_integral": [
    0.0009201889933005613,
    0.001441186801676442
  ],
  "within_band": [
    [
      true,
      true
    ]
  ],
  "toy_seed": 7,
  "weights": [
    0.04332538058360057,
    0.04159309854277542,
    -0.0016522104577319065,
    0.016835508940003404,
    -0.01644781820136992,
    0.1333439555623351,
    0.022661636564414646,
    0.08640514345697785,
    0.043690530872498634,
    0.034516793163032695,
    -0.033862504359313005,
    0.009440143957390715,
    0.014435715048974604,
    0.028183257432439265,
    0.005640530483485802,
    0.0032646608159510675,
    0.007795529330151103,
    -0.02106647066523214,
    0.040668441990180104,
    0.04495201062839304,
    0.05686245144609505,
    0.06534682223563991,
    -0.01851269196593611,
    0.033411838086396695,
    0.015509078224963826,
    -0.05449141631432373,
    -0.015869541281610316,
    -0.021876542153575096,
    0.003311506852235794,
    0.014456473380455569,
    0.007487684775766557,
    -0.005034643265692269,
    0.0032430700319433865,
    -0.02091780668413407,
    0.04420459286534941,
    -0.000510766937815324,
    0.04082651213615082,
    0.011230480222893654,
    0.047018860347852486,
    0.03058837968067964,
    0.026613461595930976,
    0.007833618026088892,
    -0.011068190699403499,
    0.06839378309004594,
    0.04735116288195772,
    -0.0089228664320323,
    0.009207837616864162,
    -0.0205972494996609,
    -0.010174238738873248,
    0.012050761687159097,
    0.004461389664840784,
    0.05754115443718684,
    -0.0016535427526203736,
    0.0006872438112612061,
    -0.08233453187142305,
    0.07154894242507989,
    0.02752100490238187,
    0.02131009910545837,
    0.009580432226263903,
    0.030641995915919665
  ],
  "sum weights": 0.9999999427647188
}