{
  "mu_target": [
    -0.5,
    0.6000000238418579
  ],
  "mu_model": [
    [
      -0.5006499211691069,
      0.5976252951515257
    ]
  ],
  "diff": [
    [
      0.0006499211691068929,
      0.002374728690332173
    ]
  ],
  "sigma_integral": [
    0.000920292755482457,
    0.0014326687092299265
  ],
  "within_band": [
    [
      true,
      false
    ]
  ],
  "toy_seed": 225,
  "weights": [
    -8.987096012522625e-05,
    0.029743478536799983,
    0.03805622854345189,
    -0.010737397967302446,
    -0.000328846744037453,
    0.06957061848052018,
    0.043240739011569294,
    0.028625385079535545,
    0.03139150833563435,
    0.00956253450462338,
    -0.02070159338359397,
    0.0186497086370816,
    0.009010803145314827,
    0.019122993371459753,
    0.011610650003445014,
    -0.013298672397479346,
    0.009608346128843733,
    0.01578820226795125,
    0.010084908681288411,
    0.043207265497837356,
    0.030766529080690233,
    0.050449624864118615,
    0.024177972552951905,
    0.03916633614215677,
    0.059990237838852045,
    -0.05461444660957552,
    0.05027802052879509,
    -0.00467270947971431,
    0.01909063259448821,
    -0.028089088617037395,
    -0.0026146692384761577,
    0.013792745077742207,
    0.007864994613552943,
    0.0037198232732567615,
    -0.02897080971907609,
    0.05859383871033468,
    0.053772632030213825,
    0.004385268781630607,
    0.011378144989460012,
    0.005836762135871674,
    0.0708684789212435,
    0.003012399421903286,
    -0.005871652373373136,
    0.03626801186493846,
    0.04704508475610666,
    -0.001071471957187482,
    0.026964692788291292,
    -0.036816530442972104,
    0.030034497363598416,
    0.00490896094749129,
    0.03971306353253466,
    0.03488469620370385,
    0.021206846295949815,
    -0.016897733842021246,
    -0.041157483604252476,
    0.04244165064457275,
    0.05921388407195727,
    0.016718237423584154,
    0.00386913725249159,
    0.008246344202707942
  ],
  "sum weights": 0.9999999417943227
}