{
  "mu_target": [
    -0.5,
    0.6000000238418579
  ],
  "mu_model": [
    [
      -0.49882894431410535,
      0.6003150459512516
    ]
  ],
  "diff": [
    [
      0.0011710556858946508,
      0.00031502210939371444
    ]
  ],
  "sigma_integral": [
    0.0009220781056157232,
    0.0014519874170959843
  ],
  "within_band": [
    [
      false,
      true
    ]
  ],
  "toy_seed": 74,
  "weights": [
    -0.003535234863428887,
    0.018477816065700835,
    0.025245223311752794,
    0.029063172186465164,
    0.016015752179239232,
    0.07088423078013255,
    0.041436246314622886,
    0.04111730869300249,
    -0.0067881187507284465,
    0.054574661235963724,
    0.030376674177323315,
    0.02129008719488,
    0.016035180768153467,
    0.039078893135514256,
    -0.007057360761365045,
    0.09475140373099357,
    -0.004372378036872398,
    0.038979936388957595,
    -0.056044214987886545,
    0.0038220203100803873,
    0.019846280361440205,
    0.015110589521512296,
    0.004668593830475004,
    0.0335265352131636,
    0.00014234805545271185,
    -0.004689380151728991,
    0.03561040080365133,
    -0.0068110156078416825,
    0.02904192407164617,
    0.01188040225015923,
    -0.034738956198269874,
    4.1842742768222786e-05,
    -0.022512863723275385,
    0.03512953141659798,
    0.07016380575921281,
    -0.012843622775666303,
    0.05027889880227358,
    0.029502254168234227,
    0.006637132052482817,
    0.03195557606456918,
    0.01270666987206462,
    -0.012755459796996473,
    -0.03511764645220228,
    -0.014024180497318694,
    0.10149797118792195,
    -0.03010410595243397,
    0.014680538610848873,
    -0.04535413806334225,
    -0.045180624727726264,
    0.021501681855939137,
    -0.01402458587423978,
    0.0011811624717194351,
    0.04682968392612336,
    0.0019373797284786035,
    -0.03128736877112869,
    0.09100262414335823,
    0.014112038162699458,
    0.056455217624950524,
    0.024053539504665888,
    0.08659796979255144
  ],
  "sum weights": 0.9999999424752911
}