{
  "mu_target": [
    -0.5,
    0.6000000238418579
  ],
  "mu_model": [
    [
      -0.5000915467070393,
      0.5978037868456365
    ]
  ],
  "diff": [
    [
      9.154670703925838e-05,
      0.0021962369962214012
    ]
  ],
  "sigma_integral": [
    0.0009196144017392659,
    0.0014276530590500564
  ],
  "within_band": [
    [
      true,
      false
    ]
  ],
  "toy_seed": 270,
  "weights": [
    -0.03212745456539942,
    0.00868257305123179,
    -0.0026252204697626326,
    -0.02714954632480725,
    -0.007958203925435692,
    0.08879484853313528,
    0.035992273317973514,
    0.07159023859587782,
    -0.00948187955687733,
    0.05475844105733485,
    -0.016782880076661177,
    -0.0011342927782732315,
    -0.019726390612335894,
    0.03208382815142428,
    -0.018034416066879166,
    -0.05490442331051894,
    -0.001232723358460661,
    0.035858866470911625,
    -0.023474641236009626,
    0.031451064501276674,
    0.02183695059483695,
    0.049273329284942775,
    -0.015796146699835468,
    0.01065162133208866,
    0.05482574073070865,
    0.04757652514820391,
    0.06281425906723466,
    0.008078020315480595,
    -0.010185816155756497,
    0.0468555217706527,
    -0.02811144576213317,
    0.02563195238392441,
    -0.0008963353315121444,
    0.04678884129588529,
    0.004311199446302251,
    -0.020550148735764676,
    0.023994338072330177,
    -0.033187745334911235,
    0.04455655430267732,
    0.0033019606119678462,
    0.10446429040377252,
    -0.004155384118686845,
    -0.013462209764862197,
    0.018433494834699558,
    0.03405624933512198,
    -0.005520181405627364,
    0.013358866824579714,
    -0.025238066137727225,
    0.028829025833971737,
    0.07692261747508339,
    -0.0032768670067706337,
    0.0183488163644898,
    -0.006188840382820361,
    0.012446338520684221,
    -0.013673350594390902,
    0.06215365936770289,
    0.059803692247982106,
    0.09770378814164293,
    0.020693595996009704,
    0.03795116852675961
  ],
  "sum weights": 0.9999999421966825
}