{
  "mu_target": [
    -0.5,
    0.6000000238418579
  ],
  "mu_model": [
    [
      -0.49857643873035173,
      0.5993317556827078
    ]
  ],
  "diff": [
    [
      0.0014235612696482658,
      0.0006682681591501094
    ]
  ],
  "sigma_integral": [
    0.0009200005293771356,
    0.001431210743969974
  ],
  "within_band": [
    [
      false,
      true
    ]
  ],
  "toy_seed": 43,
  "weights": [
    0.05483053985375608,
    0.019138790524305442,
    0.05776120133764318,
    0.014806009225616167,
    -0.016177837080392023,
    0.08906874635326309,
    0.013010128868083792,
    0.05378978322248639,
    -0.0190839477293692,
    0.07392150328345436,
    0.02049247202676634,
    -0.0014033539432887507,
    -0.017051585907780827,
    0.07322464551798386,
    -0.018631238621753365,
    -0.013351111717195913,
    -0.01787015553087848,
    0.03742850284371011,
    0.029569117492158414,
    0.003283106515632039,
    0.029932697071416797,
    -0.028877086751302516,
    -0.007031073887751139,
    0.01897241834673154,
    0.021015837301249563,
    -0.013230552786491991,
    0.012978874153065948,
    -0.021748808219142195,
    0.039861693278747966,
    0.009166607390131302,
    -0.010815370404875794,
    0.014206183524216513,
    -0.0007971565055727085,
    0.04707325495307213,
    0.02328798278793722,
    0.03005172694619225,
    0.05510864510018961,
    0.029831401393994598,
    0.02829768773433876,
    0.0013035828794353585,
    0.02904161457433387,
    0.04516420795158157,
    -0.05596050468130541,
    0.024992437567808817,
    0.011627609299662103,
    -0.007889124776704507,
    0.010686537875148193,
    0.018907775528104367,
    -0.005037343262380043,
    0.038406567223056576,
    -0.01156596449288898,
    0.0038771259944470273,
    -0.0023785426270082647,
    0.03070026312635705,
    -0.039056082627310876,
    0.09972560671710973,
    -0.023876214610917632,
    0.06938355125584958,
    0.014856835354112072,
    0.033049730513415296
  ],
  "sum weights": 0.9999999467422545
}