{
  "mu_target": [
    -0.5,
    0.6000000238418579
  ],
  "mu_model": [
    [
      -0.4994535048018229,
      0.5972977107811762
    ]
  ],
  "diff": [
    [
      0.0005464951981771216,
      0.0027023130606816936
    ]
  ],
  "sigma_integral": [
    0.0009298932243343602,
    0.0014474579847767362
  ],
  "within_band": [
    [
      true,
      false
    ]
  ],
  "toy_seed": 287,
  "weights": [
    0.02166793969747414,
    -0.02389918176012903,
    -0.022784914387262344,
    0.019868671030519564,
    0.002296544672741399,
    0.03348842938807386,
    0.013306213836529412,
    0.082192951444948,
    0.023761213341010758,
    0.042516561785091084,
    0.016321272532994462,
    0.003778477922358448,
    0.018301982628167585,
    0.06132119030665129,
    0.019862360882766186,
    0.026644635106098276,
    -0.02836732073396087,
    0.03039162037799949,
    0.017904538698048252,
    0.07336924545361428,
    0.10506652718531692,
    -0.003696181932717173,
    -0.037132110549976304,
    0.007434559678020504,
    0.02332027034617606,
    -0.04170339703349191,
    0.006754905001323925,
    -0.010352515386740618,
    0.028748961029410346,
    0.038209842118154105,
    0.01142026254974124,
    0.03531184003311644,
    0.001056668491292526,
    0.025106597944764157,
    0.04113692596825619,
    0.039851024498087396,
    0.020267882316610975,
    0.0006460322112978948,
    0.0015022055508426835,
    0.011136182632886198,
    0.027655284385650514,
    -0.010776049457978361,
    0.031024907344392217,
    0.028533748208040523,
    0.027823242701159198,
    0.0042093738721849325,
    0.0044795714165038955,
    0.0004519569932786155,
    0.06570531995378462,
    0.027033456713490334,
    0.004870297388954153,
    -0.001070766970238598,
    0.010071046687823012,
    0.010090060071860567,
    -0.014343499209608432,
    0.0594081491567052,
    0.05153659574368196,
    -0.01868901037997037,
    0.011130367846643507,
    -0.055173017941676075
  ],
  "sum weights": 0.9999999494007872
}