{
  "mu_target": [
    -0.5,
    0.6000000238418579
  ],
  "mu_model": [
    [
      -0.501061767419517,
      0.6019492819046501
    ]
  ],
  "diff": [
    [
      0.0010617674195170235,
      0.0019492580627922251
    ]
  ],
  "sigma_integral": [
    0.0009198959598925015,
    0.001438792049063576
  ],
  "within_band": [
    [
      false,
      false
    ]
  ],
  "toy_seed": 49,
  "weights": [
    -0.006894137471516778,
    0.016075763716113092,
    0.03420954702730701,
    -0.013361885371564802,
    -0.0019553972613416894,
    0.0937597049918643,
    0.04723419312439465,
    0.06535188548039117,
    0.04046059684971651,
    0.004676790047798042,
    -0.021548367526232428,
    -0.0037475641987035277,
    0.030318808151030816,
    0.014189734034347068,
    0.024669377855472414,
    -0.00884957506180404,
    -0.0399417310201371,
    0.025420353716910902,
    0.05556455428671272,
    -0.03116164510612918,
    0.014351951739789181,
    0.007898988560938725,
    -0.024689293872509486,
    0.010229099318608267,
    0.08030332683242007,
    0.0067841716759414255,
    0.0655864567511238,
    0.04971956561720559,
    -0.009937605217358344,
    -0.0016866874187793995,
    0.025417941144049543,
    0.041073119684793546,
    0.024863222495057367,
    -0.013249957142051684,
    0.03141484225245322,
    0.006009769083784378,
    0.04442921835217909,
    -0.0010743519797219018,
    0.0534425718762925,
    -0.0035929047518273435,
    0.04204882844536295,
    0.03429739464975425,
    -0.00770870432713045,
    -0.027988653313339648,
    0.0632589598348856,
    -0.003662555666193708,
    0.010481641860350837,
    0.006089419027588849,
    0.016407709888301685,
    0.006381187626517764,
    0.002218134030277377,
    0.03379025068548158,
    -0.04295605029530073,
    -0.008696965123472586,
    -0.0027003218797865616,
    0.05110698660841277,
    0.0574798341054779,
    0.006217633733344106,
    0.014422247191068195,
    0.017748512708799718
  ],
  "sum weights": 0.9999999410574175
}