{
  "mu_target": [
    -0.5,
    0.6000000238418579
  ],
  "mu_model": [
    [
      -0.49939886893886387,
      0.6004436777631015
    ]
  ],
  "diff": [
    [
      0.0006011310611361287,
      0.0004436539212435697
    ]
  ],
  "sigma_integral": [
    0.0009145950863940736,
    0.0014493990862606818
  ],
  "within_band": [
    [
      true,
      true
    ]
  ],
  "toy_seed": 118,
  "weights": [
    0.07946690796944247,
    0.03310849916084567,
    0.02588136468779601,
    -0.013014013676931365,
    -0.06753507527678523,
    0.10962454501895705,
    0.02450142344586086,
    0.0370462839074175,
    0.05300825865300486,
    0.03734467958759832,
    0.02565948495704457,
    0.02220182963410864,
    0.024966793194884627,
    0.0022939279124666164,
    -0.004081834177118969,
    0.03514999844940269,
    0.05999968206701319,
    0.03655383408257249,
    -0.011116967623562238,
    0.024174324918099774,
    0.017359316594709635,
    -0.003698890556461301,
    -0.011731064584400276,
    0.03996625747497601,
    0.031758373686421766,
    -0.060779204271066735,
    -0.06128348177233083,
    0.006331608220104015,
    0.017574877253952365,
    -0.010258774601459186,
    -0.005880832147113342,
    -0.02253230356648747,
    -0.03488515474695656,
    0.0034197383063355896,
    0.032484271511515075,
    0.0330199052179719,
    0.08669723055013713,
    -0.01647321040849299,
    0.05972703832741939,
    0.0009634274938145321,
    0.05228701020528983,
    0.01557145774209908,
    -0.023768900705796066,
    0.00865698891426847,
    0.08540368113171064,
    0.03146374718072931,
    -0.0016370380049102933,
    0.028157712736569532,
    -0.0016895239610652563,
    0.04684815941898232,
    0.015510532693414247,
    0.013176067566949582,
    0.02493632110039718,
    0.002477679774784501,
    -0.03374749996890749,
    0.06643941255956362,
    0.03152881729870377,
    0.03087424364390564,
    0.00037546043187992786,
    -0.029877464331597214
  ],
  "sum weights": 0.9999999403016776
}