{
  "mu_target": [
    -0.5,
    0.6000000238418579
  ],
  "mu_model": [
    [
      -0.4991084106555685,
      0.5993233542138298
    ]
  ],
  "diff": [
    [
      0.0008915893444315093,
      0.0006766696280281481
    ]
  ],
  "sigma_integral": [
    0.0009246607799362235,
    0.0014423762336321505
  ],
  "within_band": [
    [
      true,
      true
    ]
  ],
  "toy_seed": 53,
  "weights": [
    -0.01634303830484807,
    -0.014770325470195316,
    0.013262918231636726,
    -0.0011965007092006388,
    -0.0004553211721355942,
    0.05934098784474348,
    0.03925052151457852,
    0.008693420393854984,
    0.005126228364538189,
    0.003743063836863802,
    0.01476693211442874,
    -0.02693220196028144,
    0.039147245144422645,
    0.054343064218765204,
    -0.009989217691558262,
    -0.0964358987168564,
    0.01915894674990073,
    -0.002278934400211705,
    0.02608500134201388,
    0.0666722594733628,
    0.039392947374629825,
    0.053725162717673185,
    -0.0015819145345048519,
    0.05582094277972092,
    0.01832621067856377,
    0.01477327078792796,
    -0.0016533260323909303,
    0.013677564794096526,
    0.01348454509054251,
    -0.03821721893417766,
    0.009207154523028343,
    0.0023827523676677063,
    0.007961882857682791,
    0.025767632713489922,
    -0.009337906927135988,
    -0.01451574895915204,
    0.0653450103199697,
    -0.01268550870370056,
    0.0004513150253506172,
    0.020256070779233845,
    0.07075999638211022,
    -0.01232312159437425,
    0.006961489070734854,
    0.06584244673745755,
    0.08236524399234926,
    -0.014044576496749367,
    0.015402932854158452,
    -0.02811811702867484,
    0.03734858586597458,
    0.07449411117114274,
    0.043334079144571165,
    0.015172642457932069,
    0.003058336058028745,
    -0.03991087130348201,
    -0.01327382109785992,
    0.11853178019295693,
    0.05119707198046028,
    0.03935799319317679,
    0.004572483932395312,
    0.03550126772080719
  ],
  "sum weights": 0.9999999427554536
}