{
  "mu_target": [
    -0.5,
    0.6000000238418579
  ],
  "mu_model": [
    [
      -0.4982466994258211,
      0.601253216762034
    ]
  ],
  "diff": [
    [
      0.0017533005741788843,
      0.001253192920176116
    ]
  ],
  "sigma_integral": [
    0.0009044228761687137,
    0.001431886678222797
  ],
  "within_band": [
    [
      false,
      true
    ]
  ],
  "toy_seed": 72,
  "weights": [
    0.011223114716997197,
    -0.01260427533338483,
    0.07163268518702086,
    -0.026659496569053687,
    -0.020710600675036096,
    0.06800813235591707,
    0.0065894643661499165,
    0.08678856813746891,
    -0.0047937347875219695,
    -0.012205688420758086,
    0.025611506614596852,
    0.02619202083425345,
    -0.001805487983420343,
    0.017667317241895443,
    -0.0014605933478463176,
    0.04247417125142328,
    -0.005550333631886842,
    0.07098776890583916,
    -0.03387930041420274,
    -0.005578756459844388,
    0.05131190160863132,
    -0.01026495880932482,
    0.007421884283164315,
    0.03935613675046233,
    0.027435536302738872,
    -0.0437104375975844,
    0.05080538428141949,
    -0.012618375161609923,
    0.051448989901719096,
    -0.03309764875974276,
    0.010021863339345108,
    -0.010309154142014098,
    0.0037433811598701085,
    0.02315678111198003,
    0.04975717526413464,
    0.008029416816112751,
    0.057120738479251726,
    0.00816680253166977,
    0.048632809890384654,
    0.008610990752066672,
    0.032007249916404086,
    0.0025864060289109048,
    -0.012663982530761085,
    0.017342104245462762,
    0.04332967226037047,
    0.00046427970624924323,
    -0.016554658191177005,
    0.0041666554617951525,
    -0.0025944489518673316,
    0.11880046696994784,
    0.0012300941904376515,
    0.010619070491635331,
    -0.01575811285348366,
    0.01763322585238405,
    0.005817752857262271,
    0.06650661056532244,
    0.06483582566285326,
    0.01648444062010319,
    -0.007789934750850057,
    0.016591514101921844
  ],
  "sum weights": 0.999999931644203
}