{
  "mu_target": [
    -0.5,
    0.6000000238418579
  ],
  "mu_model": [
    [
      -0.5003011168435925,
      0.6004532900861297
    ]
  ],
  "diff": [
    [
      0.0003011168435924638,
      0.0004532662442717772
    ]
  ],
  "sigma_integral": [
    0.0009221602246146069,
    0.0014419740367442732
  ],
  "within_band": [
    [
      true,
      true
    ]
  ],
  "toy_seed": 276,
  "weights": [
    -0.0002821169743865479,
    0.04305953995897396,
    0.043449662247780636,
    0.01149204313072692,
    -0.001292466981083739,
    0.09087916985225558,
    0.043584320544821406,
    0.09188771512123804,
    -0.013678979273591798,
    0.016510743197742123,
    0.00442737378374703,
    0.0259990478374576,
    0.05887705427401164,
    0.03494639763272699,
    -0.01568456665561956,
    0.034923806885623014,
    0.009586445618932278,
    0.041291681460979404,
    0.04770081025775788,
    0.017539135749630327,
    0.033438558861952176,
    -0.030128038303519396,
    0.007176091672349519,
    0.033221383881644834,
    0.023953664788130463,
    -0.0050252321171027755,
    0.0411653269751339,
    -0.050036296402373386,
    0.012570557703602618,
    -0.0020110597961682107,
    0.005248865957593335,
    -0.0012706315604254109,
    -0.009427341734865168,
    0.03556120328621387,
    0.052956208092816155,
    -0.007222583457641543,
    0.0321950814635499,
    0.00028137487172440504,
    0.053917565225396015,
    0.043436401887719134,
    0.04983357494879071,
    0.0032206654499153877,
    -0.057416678015076904,
    0.07387206238470245,
    0.05292961546298024,
    0.01236598180152769,
    0.008846948317140389,
    -0.012472197249687844,
    0.02191593277852311,
    0.040767766399623,
    0.02226956099609075,
    -0.004203972972964834,
    -0.0070396015242095555,
    -0.06390670637137098,
    -0.024202283936075295,
    0.05218992415031524,
    0.02134977105006346,
    0.021816475087204242,
    -0.054746642040624946,
    -0.012608166684003897
  ],
  "sum weights": 0.999999948998316
}