{
  "mu_target": [
    -0.5,
    0.6000000238418579
  ],
  "mu_model": [
    [
      -0.5013084549282322,
      0.5996832872905593
    ]
  ],
  "diff": [
    [
      0.0013084549282321722,
      0.000316736551298602
    ]
  ],
  "sigma_integral": [
    0.0009138284118760984,
    0.0014419818111584598
  ],
  "within_band": [
    [
      false,
      true
    ]
  ],
  "toy_seed": 6,
  "weights": [
    -0.007400878199885278,
    0.07450663462588818,
    0.0266709381375419,
    -0.01336008135093816,
    -0.03971840540709224,
    0.14746602532829833,
    -0.009394195715423171,
    0.0959977704602269,
    0.026600810418603654,
    0.059192137390370665,
    -0.020320733797911314,
    0.006682859412330888,
    0.03882859441837212,
    0.02771399567211699,
    0.014523941650544837,
    -0.023163833949146857,
    -0.006212267704526538,
    0.013325235226188122,
    0.002447394499633362,
    0.07883027288437153,
    -0.007552119879786522,
    7.458325889662583e-05,
    -0.010779641908179932,
    -0.0009363191021592768,
    0.06010389975367226,
    0.05346304627918848,
    0.04871232264878888,
    0.017265751748756247,
    0.04569959946965281,
    0.004314365103603434,
    -0.0020685713191506434,
    0.05943551290253967,
    -0.012707492877247739,
    0.008335288998549394,
    0.020173216896673,
    0.0018277187730040994,
    0.05549520810572888,
    0.038440822306134874,
    0.0013000732691231564,
    0.028562004262897196,
    0.02663030649305094,
    -0.007806206043017011,
    -0.0016660313765464786,
    -0.013706000150725511,
    0.03899292084212205,
    0.006450371509598348,
    0.036216057434015576,
    -0.029625469857311404,
    0.006227577525625125,
    0.026978929212490396,
    -0.0069220555516832085,
    0.02502581183997662,
    -0.004129333092504245,
    -0.024201154341914607,
    -0.03624808452965898,
    0.03409219396730707,
    -0.0014104805769269018,
    0.02914845459879895,
    0.018248274484623964,
    -0.024671622388570104
  ],
  "sum weights": 0.9999999426889994
}