{
  "mu_target": [
    -0.5,
    0.6000000238418579
  ],
  "mu_model": [
    [
      -0.5004914411193098,
      0.5976901547669423
    ]
  ],
  "diff": [
    [
      0.0004914411193097656,
      0.0023098690749155937
    ]
  ],
  "sigma_integral": [
    0.0009221261359580684,
    0.001430256231928858
  ],
  "within_band": [
    [
      true,
      false
    ]
  ],
  "toy_seed": 113,
  "weights": [
    0.0486702242597901,
    0.03926017372768056,
    0.05363524353750896,
    0.022623271195126266,
    -0.05653909664132509,
    0.09906276116356418,
    0.0004795581865732145,
    0.07874798674863859,
    0.062056393565779716,
    0.03579873433308283,
    -0.007262757054907822,
    0.011485002293010835,
    0.013133997332863462,
    0.02332161356388531,
    0.005040002097922905,
    -0.01237225082636588,
    0.016913297373659392,
    0.03737856367766006,
    0.0033804332515236335,
    0.02954415375735434,
    0.08531512821515418,
    -0.014542524413104222,
    0.022853078591565594,
    0.01594218868341845,
    0.027251970789503525,
    -0.0015649512750404327,
    -0.0037464366322991507,
    -0.004891670212642404,
    -0.0037324795120901974,
    0.018216075658230163,
    -0.019070526424194427,
    0.03808147242113709,
    -0.025510651082661522,
    0.01672468746928371,
    -0.04628337824998071,
    -0.01938659159882784,
    0.06462143695533168,
    0.01406258661538918,
    0.021050919083566592,
    0.029950845948144234,
    -0.00033807794290145754,
    -0.019732180745840152,
    -0.0007268018198686669,
    -0.03386985048395909,
    0.05354837180254945,
    -0.019017713720507468,
    -0.002480360644444003,
    -0.0031380232643028415,
    -0.011896458087621962,
    0.04927543857243303,
    -0.0021367091843959934,
    -0.0006750681260346109,
    0.042381913877850945,
    0.024919843095497433,
    0.015926707336108334,
    0.08172009059574624,
    0.0633271921609937,
    0.01538459995780278,
    0.005953481038168599,
    0.021875060619316294
  ],
  "sum weights": 0.9999999416094996
}