{
  "mu_target": [
    -0.5,
    0.6000000238418579
  ],
  "mu_model": [
    [
      -0.5009872652374598,
      0.5989864247483316
    ]
  ],
  "diff": [
    [
      0.0009872652374598445,
      0.001013599093526274
    ]
  ],
  "sigma_integral": [
    0.0009195023619596788,
    0.0014343467641044498
  ],
  "within_band": [
    [
      false,
      true
    ]
  ],
  "toy_seed": 295,
  "weights": [
    -0.030965761593690327,
    0.004502325602878343,
    0.02708537790543436,
    -0.004059128685341139,
    -0.006080679855663225,
    0.08292756978216224,
    -0.004564185916932169,
    0.1320530684213217,
    -0.01142809665433084,
    -0.01271293715899779,
    -0.0018217349028612335,
    0.03453308521723523,
    0.03366632545474489,
    0.01008461507150447,
    0.026084128053579302,
    0.03936426637662004,
    0.026162392073230203,
    -0.01050148589579171,
    -0.014349525666180644,
    0.032600759935676675,
    0.053349015847959036,
    -0.027173906025645348,
    0.011368406863292668,
    0.04844908029632334,
    0.05183504079785446,
    -0.004153882244652343,
    0.022186314420562705,
    0.005093255771622405,
    0.05870704877579577,
    0.054099177721267135,
    0.004734520799449429,
    0.038607959222656474,
    0.03487377044686386,
    0.02254320811993368,
    0.001982816079971115,
    -0.021952043003993976,
    0.025822651190657037,
    -0.009492472044920564,
    0.06341562171176761,
    0.012676657769790335,
    0.04286131521085994,
    0.016434180297558658,
    0.008153251534295228,
    0.007038799799391945,
    0.04612066233974475,
    0.011258068937620292,
    -0.015037429780985259,
    -0.03911986933270616,
    0.011512501216204497,
    0.03725855522311339,
    -0.009954622083495514,
    0.028285434855766553,
    -0.021763071445776383,
    0.001876424433903412,
    0.027517813775852454,
    0.04173095495126689,
    0.013930259228607626,
    -0.007994828828825459,
    0.016313299558665267,
    -0.01597439037915175
  ],
  "sum weights": 0.9999999295930636
}