{
  "mu_target": [
    -0.5,
    0.6000000238418579
  ],
  "mu_model": [
    [
      -0.5005992489603408,
      0.5983084394620307
    ]
  ],
  "diff": [
    [
      0.0005992489603408035,
      0.0016915843798271935
    ]
  ],
  "sigma_integral": [
    0.0009167217410010846,
    0.0014378304375730077
  ],
  "within_band": [
    [
      true,
      false
    ]
  ],
  "toy_seed": 200,
  "weights": [
    -0.014955347878110283,
    0.0036744435511261125,
    0.04249701720466595,
    0.03762586191910338,
    -0.02313031364867359,
    0.06556300899650482,
    0.008780037368176986,
    0.10225181357312532,
    0.030406565334373435,
    0.028638925689251644,
    0.0362155969519834,
    0.008269807248548257,
    -0.007446825791132475,
    0.08748678311643475,
    0.021585959335856122,
    5.602664491574504e-06,
    0.026914126661125026,
    0.02882902042296907,
    0.002893102109836888,
    -0.017504749862790124,
    0.010431641845076722,
    -0.04273092621600705,
    0.0033533771041066173,
    0.039886196451796266,
    -0.04893030370035988,
    -0.015606940547042838,
    0.012225769634912974,
    -0.025188985323822237,
    0.033704486152097805,
    -0.04221438780154742,
    -0.009520800546910641,
    -0.012762574255973567,
    -0.03822049132989311,
    0.029628479608894268,
    0.0015767542333674914,
    0.01866398882899818,
    0.07165839790442441,
    0.007665984799620737,
    -0.0003544282246579729,
    0.05421178715362383,
    0.02055607312960575,
    -0.0006382661846348065,
    -0.013647201916488104,
    0.015720224809500347,
    0.06916538220160605,
    0.017640328843229473,
    0.03604741089944735,
    -0.03861689543928386,
    -0.016675451937909997,
    0.02812937309132872,
    0.03159741102477355,
    0.006541872008686249,
    0.001937615720390188,
    0.0009374270310457298,
    0.0022507044804798335,
    0.06859634707134386,
    0.06129844479656645,
    0.1067745679435816,
    0.06539786784337742,
    0.02090924074767956
  ],
  "sum weights": 0.9999999369018964
}