{
  "mu_target": [
    -0.5,
    0.6000000238418579
  ],
  "mu_model": [
    [
      -0.499265912274814,
      0.6023866952429612
    ]
  ],
  "diff": [
    [
      0.0007340877251860167,
      0.0023866714011032686
    ]
  ],
  "sigma_integral": [
    0.000908987294564595,
    0.0014538475716715437
  ],
  "within_band": [
    [
      true,
      false
    ]
  ],
  "toy_seed": 292,
  "weights": [
    0.0073267926388170136,
    -0.014756627403265282,
    0.021493721166729818,
    0.06317382398762939,
    -0.018036404329618342,
    0.047485535248727,
    0.03309207545113367,
    0.013156590824849384,
    -0.0012453510686579541,
    0.033114176584483665,
    -0.004584074740430595,
    0.010499790698079074,
    0.0332803832278896,
    0.03879076080682576,
    -0.004493117210897723,
    -0.03690787110665192,
    -0.01204726771901137,
    0.050297865530390055,
    0.002651351452796663,
    0.026986943672420313,
    0.017593505243551747,
    0.002934091541351362,
    0.00706170126350085,
    0.005369269492602757,
    0.019966090608962223,
    -0.008394522760009043,
    0.040207823992751024,
    -0.00036810531815978224,
    0.04865270524774207,
    0.03557057887255967,
    0.03549258821339633,
    -0.019276141017319306,
    -0.022637331814898503,
    0.03698963901915655,
    0.017027761581591007,
    -0.009771757488470251,
    0.10303832797546379,
    -0.03858949536812444,
    0.02392885325269273,
    0.04216244694708821,
    -0.0006417635116571118,
    0.023463520115380262,
    -0.004499342312471286,
    0.02830678117211908,
    0.08757702789102165,
    -0.02610808474859832,
    0.0019415527969008774,
    -0.054831035775678404,
    0.03908962439536527,
    0.07291235339197759,
    -0.03987483986166911,
    0.04405515730247384,
    0.028457807767572937,
    -0.0021901111372193095,
    -0.052079213106229906,
    0.10675174963715883,
    0.031612690419842875,
    0.08114763472319185,
    0.019063545954528586,
    -0.010392239804337474
  ],
  "sum weights": 0.9999999425073399
}