{
  "mu_target": [
    -0.5,
    0.6000000238418579
  ],
  "mu_model": [
    [
      -0.5001414413783074,
      0.5978068578216957
    ]
  ],
  "diff": [
    [
      0.00014144137830740533,
      0.002193166020162174
    ]
  ],
  "sigma_integral": [
    0.000917333498602348,
    0.0014459581210797855
  ],
  "within_band": [
    [
      true,
      false
    ]
  ],
  "toy_seed": 269,
  "weights": [
    0.06240635452800208,
    0.02199080428869998,
    0.05699747801693432,
    0.014828298494689656,
    -0.00872975593213725,
    0.05661989319179679,
    0.01073173055610374,
    0.037731624965455124,
    0.030692522883295967,
    0.04855645264989634,
    -0.03425410917202209,
    0.0064916388294249654,
    -0.012084647487250171,
    0.026202967100904456,
    0.009350912212854065,
    -0.010364661509158336,
    -0.019990427393652005,
    0.05077199306604335,
    0.012342168577145518,
    0.020785670785947986,
    0.0624527113345526,
    0.01814284713689068,
    0.01790906075732779,
    -0.02899560782819895,
    0.05226542151092624,
    -0.022119693901118107,
    -0.0049599644299250885,
    -0.026331956199793557,
    0.0005051885558150167,
    0.004479995042052743,
    0.0023255863795818453,
    0.026271882602233006,
    0.024485121426191806,
    -0.011137755844089386,
    0.019600755023462663,
    0.006558112447606127,
    0.06363791826570027,
    0.02502225300824086,
    0.0033121662435435465,
    -0.008930106635163174,
    0.05046775537110917,
    -0.03929201899381702,
    0.03743433597306061,
    0.05032736740112921,
    0.05386444327164763,
    -0.014314342572778973,
    -0.00029386461915336315,
    0.016544167592433698,
    -0.009048834645140365,
    0.04660825113332312,
    0.024468863537942333,
    0.0017084021797591179,
    -0.012322055099208851,
    -0.010454832900147414,
    0.010985734148179629,
    0.07058411905178757,
    0.009001573941488893,
    0.05700089930427852,
    0.021654063980050948,
    0.02950507311836402
  ],
  "sum weights": 0.9999999447231198
}