{
  "mu_target": [
    -0.5,
    0.6000000238418579
  ],
  "mu_model": [
    [
      -0.49993230210505857,
      0.5987729717853398
    ]
  ],
  "diff": [
    [
      6.769789494143197e-05,
      0.0012270520565180743
    ]
  ],
  "sigma_integral": [
    0.0009245120747604801,
    0.0014444225041977512
  ],
  "within_band": [
    [
      true,
      true
    ]
  ],
  "toy_seed": 36,
  "weights": [
    0.008785069651623331,
    0.02418246258178709,
    -0.006296789303215858,
    0.05033178773148541,
    -0.001976114085290457,
    0.09562422263676465,
    -0.017186244195991043,
    0.05241714767377276,
    0.048087588075908856,
    0.019603549189363734,
    0.012640515392384175,
    -0.009569007157285495,
    -0.017304044716736813,
    2.314925555012027e-05,
    0.0017689076388561172,
    0.06216461299509714,
    0.0376847984253548,
    0.03642763305086762,
    0.00036000442498416513,
    0.017727151711070137,
    0.03343324271962526,
    -0.004424103506326857,
    0.03662892509342405,
    0.030344555501461788,
    0.009041533603129436,
    -0.016865664565583874,
    0.019702380851072815,
    0.037658854398683536,
    0.008751002158971306,
    0.08632717896066101,
    0.059955516842650686,
    -0.015705385852112595,
    -0.035116619643063646,
    -0.014986088712270173,
    0.013209130473634017,
    0.027626421550092664,
    0.024401203605912202,
    0.022215449110883124,
    0.020439336378282415,
    0.04559995381022992,
    0.009625752505631366,
    0.0013450039736964277,
    0.012187339326565027,
    0.0358493056242431,
    0.0341658550811929,
    0.01986520924167371,
    0.03311104138317535,
    -0.017281196479662336,
    0.011504450146534584,
    0.006427146124679281,
    -0.0075344092433960895,
    0.050435822176631964,
    0.0014439191447870893,
    -0.026674643953910216,
    -0.03432222508965887,
    0.03744991220607056,
    -0.02500644326859713,
    0.049390513729828146,
    0.023990288033951198,
    -0.019705923549600504
  ],
  "sum weights": 0.999999940869543
}