{
  "mu_target": [
    -0.5,
    0.6000000238418579
  ],
  "mu_model": [
    [
      -0.4990752183166872,
      0.5989217387686537
    ]
  ],
  "diff": [
    [
      0.0009247816833127809,
      0.001078285073204177
    ]
  ],
  "sigma_integral": [
    0.0009213375728984171,
    0.0014328842938585709
  ],
  "within_band": [
    [
      false,
      true
    ]
  ],
  "toy_seed": 31,
  "weights": [
    0.015023657567572278,
    0.015990366193469736,
    0.04788362685595628,
    -0.010915117625369036,
    -0.022429954782691733,
    0.13458386425871888,
    0.0016067668490321579,
    0.08694427968778673,
    -0.017282005860930094,
    0.043891690896925975,
    0.04173723077009969,
    -0.007765345599793998,
    -0.0323239401992441,
    0.03898107241794527,
    -0.008344075384365914,
    0.029601400334648236,
    -0.023194507530606142,
    0.0014801310845114467,
    0.07055996375237478,
    -0.01384131136461798,
    0.005847876160220007,
    -0.011868777799518195,
    0.03319622669043558,
    0.019339199768066202,
    0.09111960517059144,
    -0.03579832423253981,
    0.056586137266019916,
    -0.014081876561573834,
    0.0003392808063623324,
    0.02573264067279758,
    -0.002204213166049342,
    0.009041514634035373,
    0.0058069903921409705,
    0.01951571855171903,
    0.03201117397885295,
    -0.03160568061133212,
    0.03502330289337517,
    0.038174853604751174,
    0.05001630940139083,
    -0.0017608222591736675,
    0.04137647603634182,
    0.00407014849519649,
    -0.010622169695438471,
    0.016326109576390125,
    0.04182147686308136,
    -0.030715674517152694,
    -0.016016895821077078,
    -0.028156992056862624,
    0.0035519866355131374,
    0.02535633161913418,
    0.040294818936277725,
    0.01688485957170592,
    0.02281600006379586,
    0.03917896971632048,
    -0.041065442697476535,
    0.1073896285019594,
    0.008607730423122188,
    0.05458777866419252,
    0.025902051221856768,
    -0.03820617182738888
  ],
  "sum weights": 0.9999999473914856
}