{
  "mu_target": [
    -0.5,
    0.6000000238418579
  ],
  "mu_model": [
    [
      -0.4989029424439038,
      0.6003350389498587
    ]
  ],
  "diff": [
    [
      0.0010970575560961815,
      0.00033501510800082457
    ]
  ],
  "sigma_integral": [
    0.0009172265118708803,
    0.0014375878805272465
  ],
  "within_band": [
    [
      false,
      true
    ]
  ],
  "toy_seed": 178,
  "weights": [
    0.004009917008606607,
    0.018917918738500464,
    0.06072730330700202,
    0.042698892081272345,
    -0.030786213621871304,
    0.054349414547862594,
    0.01290191262320204,
    0.08215138059995522,
    0.0005094752789143552,
    0.024009677874033766,
    -0.010193190590356756,
    -0.019167617580203373,
    0.01491006611911803,
    0.03254885875905372,
    -0.020955572822988315,
    0.06284633197009569,
    -0.014301612022347069,
    0.0264894706996846,
    0.022383712198189108,
    0.03691384025654784,
    0.10429307611887766,
    -0.005686495981151032,
    0.022529567701919367,
    0.07038502667765716,
    0.010868793426920287,
    -0.06602934381693351,
    0.03648766900131068,
    -0.010945327556320389,
    0.06247234270873093,
    -0.0025348350418903575,
    -0.014721320460907536,
    -0.029125291131543815,
    -0.025273909559322155,
    0.008250384319555147,
    0.021934689497032353,
    0.005737476290139892,
    0.06738359763107096,
    -0.022732345533582624,
    0.008762281791298319,
    0.008830733608818607,
    0.06513839008132664,
    0.010562777705936641,
    -0.028279967789249173,
    0.02348380387788152,
    0.03411524102797378,
    -0.0103465722934068,
    0.014019449957750759,
    -0.0014179511882934828,
    0.007881252763384104,
    0.04705668152483042,
    0.004761220960163013,
    0.001067707148758707,
    -0.023694527067995477,
    0.02652988631923908,
    -0.06915904265347664,
    0.08465554447344696,
    0.061185868450269715,
    0.06078671774212585,
    0.02512419384065206,
    0.014678540136252024
  ],
  "sum weights": 0.9999999501335212
}