{
  "mu_target": [
    -0.5,
    0.6000000238418579
  ],
  "mu_model": [
    [
      -0.49937653067586213,
      0.5993837831740896
    ]
  ],
  "diff": [
    [
      0.0006234693241378708,
      0.0006162406677683308
    ]
  ],
  "sigma_integral": [
    0.0009224986105407529,
    0.0014456584663789611
  ],
  "within_band": [
    [
      true,
      true
    ]
  ],
  "toy_seed": 47,
  "weights": [
    0.028030543683531788,
    0.06405003595745586,
    0.06790796034796197,
    0.02729582048228577,
    0.007619600899219895,
    0.10318440262359169,
    0.012895871381177388,
    0.05593455474946274,
    0.0009003468012872928,
    0.003748387761032172,
    -0.010862619656678507,
    0.03991299756274208,
    0.06509857315133831,
    0.04285727006695022,
    0.007818184856680104,
    -0.004970187620983158,
    -0.022340017483398193,
    0.01862807072831544,
    -0.006709617113078824,
    0.04311297425128337,
    -0.022220063445920257,
    0.011600930104035677,
    -0.026524473008678166,
    0.07438379925178007,
    0.07514709158544026,
    -0.004506827365402228,
    0.04171958378482159,
    -0.02865597442791939,
    0.0418993888177637,
    0.02656023334916396,
    -0.028804009974053475,
    0.009090753203722981,
    -0.003747917233329796,
    0.02004200860589909,
    0.01066085748657786,
    -0.0011234600265881945,
    0.010056760730029528,
    0.03682516797883153,
    0.024891461439242656,
    0.0005179182516609297,
    0.025808237013979742,
    -0.009301786227627711,
    -0.0023991416379894404,
    0.005255235643767611,
    0.09685845428048265,
    -0.035674401964927924,
    0.031119119456647432,
    -0.0359332583663951,
    0.0111126714448727,
    0.008643508866870358,
    -0.00519773408207575,
    0.026627330952498723,
    -0.008700248184536689,
    0.028565588918276215,
    -0.016727749953716887,
    0.04911117550292275,
    0.02493202596615429,
    -0.0015044341883230345,
    -0.038661575978032006,
    0.034140546488672305
  ],
  "sum weights": 0.9999999464887759
}