{
  "mu_target": [
    -0.5,
    0.6000000238418579
  ],
  "mu_model": [
    [
      -0.4992258445821012,
      0.5983178849321537
    ]
  ],
  "diff": [
    [
      0.0007741554178988252,
      0.001682138909704256
    ]
  ],
  "sigma_integral": [
    0.0009240112332638148,
    0.00144138566805973
  ],
  "within_band": [
    [
      true,
      false
    ]
  ],
  "toy_seed": 59,
  "weights": [
    0.1075839550961959,
    0.032777574930915127,
    -0.030282525607144273,
    -0.02282508937782673,
    -0.02985180800350597,
    0.0719161892935734,
    -0.013781030621130416,
    0.08418318542807954,
    0.0015410537387634858,
    0.027172173122324162,
    -0.004283943375672283,
    -0.04263679363282912,
    0.05015095856183146,
    0.01189894775551357,
    0.006027505261461641,
    0.020346359498886656,
    0.02886055457519347,
    0.014553297308623578,
    0.0010153134522395827,
    0.10489166816245053,
    0.06584104170006222,
    -0.014455397695805524,
    -0.028973401018315862,
    0.02994565317536859,
    0.0035917132971743657,
    -0.008218940503269571,
    -0.009787376954804803,
    -0.0024028730398750766,
    0.06671382174693877,
    0.014208822344157433,
    0.02704538915964075,
    0.02647878705146589,
    0.026141892018065077,
    0.03646280290581066,
    0.02250031877934848,
    0.010911902926331912,
    0.05398535757862767,
    0.012896501503090288,
    0.01952446984794873,
    0.019676053326236648,
    -0.03162324338476908,
    0.05488834903776319,
    -0.015410780903724327,
    0.032189872275278454,
    0.030635436832708987,
    -0.007122687270325486,
    0.016637893993129423,
    0.02754730871351452,
    -0.01943049533240664,
    0.07146173952900756,
    -0.015506749725098254,
    0.011181535950376471,
    0.009352308463606148,
    0.01893389104081891,
    -0.024304689917222514,
    0.003667268809571388,
    0.00859578032295947,
    0.01540151224989265,
    0.04102037778305074,
    -0.019458764376212932
  ],
  "sum weights": 0.9999999478080587
}