{
  "mu_target": [
    -0.5,
    0.6000000238418579
  ],
  "mu_model": [
    [
      -0.5000482980667064,
      0.5987001516611714
    ]
  ],
  "diff": [
    [
      4.829806670636483e-05,
      0.001299872180686501
    ]
  ],
  "sigma_integral": [
    0.0009147200632749127,
    0.0014402860534477077
  ],
  "within_band": [
    [
      true,
      true
    ]
  ],
  "toy_seed": 128,
  "weights": [
    -0.0041845070517811875,
    -0.018317370715631734,
    0.018150106415013655,
    -0.041370338949782294,
    0.0017753679655411144,
    0.05441639061910468,
    0.051354509528349114,
    0.023924248032196227,
    0.0613570993116755,
    0.012494971820605775,
    0.03241568498652255,
    0.027686642374405216,
    0.04474765053195348,
    0.026372787410028957,
    -0.0007701431910899303,
    0.03900726890706033,
    0.01460096250588266,
    -0.002547436344873808,
    -0.007752389051004671,
    0.024082802236387278,
    -0.0042216578830645305,
    -0.007706134019073183,
    -0.0002771186599412608,
    0.049754153200248535,
    0.011324641619991756,
    -0.015042334992301683,
    0.02181739691502393,
    -0.015448187371146291,
    0.019388450627189645,
    -0.024430788989019722,
    0.011352997125097793,
    0.025183830306085894,
    0.038502182123594575,
    0.0224194234878135,
    -0.019578297266103335,
    0.020918113214925874,
    0.07329625940374267,
    -0.011599429378507326,
    0.03566999797466169,
    -0.003383447889675031,
    0.046268034912141584,
    0.0015814109599417907,
    0.00440919088070588,
    -0.006889417509319514,
    0.06261119098605274,
    0.0005414802142186703,
    0.03094698248151806,
    0.0035915278659786527,
    0.036123002026438665,
    0.010501346191285843,
    0.021824548817648684,
    0.02060624451016437,
    0.026808291373418933,
    0.01711556335045092,
    0.0005890587354987289,
    0.08871982751381531,
    0.03214385790526007,
    0.03299184802307301,
    -0.01747546801909104,
    0.0016070655160634235
  ],
  "sum weights": 0.9999999436253713
}