{
  "mu_target": [
    -0.5,
    0.6000000238418579
  ],
  "mu_model": [
    [
      -0.49956038376763545,
      0.5995921119242871
    ]
  ],
  "diff": [
    [
      0.00043961623236454805,
      0.00040791191757083567
    ]
  ],
  "sigma_integral": [
    0.0009205470439099297,
    0.0014360052112922022
  ],
  "within_band": [
    [
      true,
      true
    ]
  ],
  "toy_seed": 116,
  "weights": [
    0.010321563623861116,
    0.029509646235140075,
    0.11179626492599669,
    0.045299890036953346,
    -0.024074952695004107,
    0.06651501438970271,
    0.009271331527010224,
    0.0694420426686741,
    0.04091215572108468,
    0.01464050095663287,
    -0.03159530920959747,
    -0.02217302292522843,
    -0.003543952887175285,
    0.015658007598440334,
    0.02454557631100664,
    -0.003913035696215388,
    0.011659205138219607,
    0.044704879038869653,
    0.003353903246620858,
    0.021265873594564163,
    0.07627910675235011,
    -0.03599959777035751,
    -0.004862415277436029,
    0.016863874911960775,
    0.01836316398616532,
    -0.014819771516418055,
    0.0413757632959408,
    0.0317866490440472,
    -0.012736493071175468,
    0.029195907220652184,
    -0.026393474335320116,
    0.006542954367464214,
    -0.006503219106107966,
    -0.006000719472575783,
    0.05660788279033371,
    0.0063459367385911465,
    0.05540675500936286,
    0.006667807131971428,
    0.0008926395652614611,
    0.036121161998180475,
    0.06818146427671358,
    0.01423904064988329,
    -0.04642836071747529,
    0.042935067342131816,
    0.09455049480819243,
    -0.024865621693708647,
    -0.0041305619362819075,
    0.016573194429523645,
    -0.01679189298870142,
    0.07489650337320815,
    0.03848197158591932,
    -0.005098473918058751,
    -0.005264625093340755,
    -0.021351087489728044,
    -0.01188969089478654,
    0.07787334363525068,
    0.005316122431205444,
    0.04292584002848728,
    -0.01282298426016194,
    -0.0360592972295223
  ],
  "sum weights": 0.9999999402011972
}