{
  "mu_target": [
    -0.5,
    0.6000000238418579
  ],
  "mu_model": [
    [
      -0.5001713625215108,
      0.5981558019178583
    ]
  ],
  "diff": [
    [
      0.00017136252151084275,
      0.0018442219239995783
    ]
  ],
  "sigma_integral": [
    0.0009175480907621182,
    0.001442635587259978
  ],
  "within_band": [
    [
      true,
      false
    ]
  ],
  "toy_seed": 218,
  "weights": [
    -0.0070222527975713975,
    0.04011174676101886,
    0.05161999377590574,
    0.025798359562576673,
    -0.042679177760144536,
    0.08225918787239941,
    0.02944252911480484,
    0.08110185166651009,
    -0.00906374993643787,
    0.019099020793082407,
    -0.02517041703962503,
    0.009566757540114029,
    0.00631773063260075,
    0.044519454369522586,
    0.0070639031520409795,
    0.03653656671096502,
    -0.0031753111811675503,
    0.024274565086636873,
    -0.032245391262632817,
    0.08633281871476567,
    0.03926057669993844,
    0.022065801356264857,
    -0.018964554499688292,
    0.013623092667861299,
    0.03764792980084873,
    -0.04819954971748985,
    0.013421354566604248,
    -0.016821245654647685,
    0.014378311728924507,
    -0.023305263541824564,
    -0.025614903118170013,
    0.001726324825064262,
    0.00575599620837205,
    0.002057439439507537,
    0.02247589150484672,
    -0.017551865312822126,
    0.0630069472107386,
    -0.005903383938235339,
    0.005761170107837753,
    -0.0018231549281671222,
    0.06247749301505114,
    0.021223865861597756,
    0.04436487650115513,
    0.0397694170878932,
    0.08487847345169248,
    -0.01924816699306538,
    0.02404998268890026,
    0.01802205168262712,
    0.0165894801541872,
    0.07768061665796568,
    -0.008209170353454025,
    -0.01424541276268454,
    0.006203337675145519,
    0.0070728244202705095,
    -0.024583071723183105,
    0.08646735907834247,
    0.005220821388121947,
    0.06416900912546027,
    -0.033929228397755196,
    0.03434027765797486
  ],
  "sum weights": 0.999999937397372
}