{
  "mu_target": [
    -0.5,
    0.6000000238418579
  ],
  "mu_model": [
    [
      -0.5006266921488075,
      0.5982763850500838
    ]
  ],
  "diff": [
    [
      0.0006266921488075061,
      0.0017236387917740625
    ]
  ],
  "sigma_integral": [
    0.0009184458369454251,
    0.0014431160320305786
  ],
  "within_band": [
    [
      true,
      false
    ]
  ],
  "toy_seed": 23,
  "weights": [
    0.021316957114708227,
    0.02461766919638636,
    0.03837178363201278,
    -0.01816225388967759,
    -0.01873349594683586,
    0.10177223087901312,
    0.022463824094006723,
    0.08778950176720084,
    -0.013729804834518843,
    0.03955200828219608,
    0.03481499632935835,
    -0.003808502208165818,
    -0.009874995525572926,
    0.03037624187109548,
    -0.027733031313538166,
    -0.0005791935465618555,
    0.05522064283686862,
    0.055345669220794716,
    -0.037460906270160854,
    -0.002906293587307043,
    0.07482346244204198,
    0.014361594746870585,
    0.028605247254898113,
    0.002565153934868501,
    0.03690220775491298,
    -0.02803869470982884,
    0.02020170040386724,
    -0.0066010707277463975,
    0.007570312250454614,
    -0.04047899264900822,
    0.02437468436879696,
    0.025824773620259152,
    -0.0016074021363400492,
    0.019203954333058045,
    0.0048330686086610454,
    -0.006966645531709512,
    0.08798336503579114,
    0.023277540124191358,
    0.01141152437586463,
    0.008638766794061488,
    0.051937266418233784,
    -0.02855334774648216,
    -0.011356666662141636,
    0.07545246420219066,
    0.044256241511797544,
    0.021765926696402368,
    0.034850149740713605,
    -0.00766789043198326,
    0.00636845814397365,
    0.06570147224907914,
    -0.0027036846332535026,
    0.004627546466057695,
    -0.013655597003045424,
    -0.003071200938472922,
    -0.008473839649719397,
    -0.021106798395616407,
    0.03117076125729928,
    0.04445048711614238,
    -0.0010201907436985364,
    0.03149078151675335
  ],
  "sum weights": 0.9999999375094974
}