{
  "mu_target": [
    -0.5,
    0.6000000238418579
  ],
  "mu_model": [
    [
      -0.5006002131643496,
      0.5998007349484498
    ]
  ],
  "diff": [
    [
      0.0006002131643495501,
      0.00019928889340814493
    ]
  ],
  "sigma_integral": [
    0.0009259113886773822,
    0.0014412854664743906
  ],
  "within_band": [
    [
      true,
      true
    ]
  ],
  "toy_seed": 140,
  "weights": [
    0.014471786746185586,
    -0.013886518467495265,
    0.04971085656442592,
    0.031529016973944946,
    -0.02046134453207395,
    0.11437330161343509,
    0.011877670716755913,
    0.12344544537159098,
    0.020039866349694062,
    0.001652451964511216,
    0.014435791736997095,
    0.02296416770938313,
    0.05154223826285952,
    0.03207798565344695,
    -0.00694831782195229,
    0.005869104471977857,
    0.021446739113345742,
    0.029354648560598634,
    0.043714859675701316,
    0.01135116672961467,
    0.017334171095813238,
    -0.04266071357880944,
    0.02166854595748434,
    -0.010207356844002586,
    0.03902232068565191,
    -0.03292785800564194,
    0.07274099082624233,
    -0.03565833897014774,
    0.04235177243813057,
    -0.007677391828171654,
    0.05662111225353287,
    0.06765684950787372,
    -0.0021883309503128666,
    -0.004608433420920638,
    0.016084010436124008,
    -0.0033811078993678445,
    0.02076941626745317,
    0.01852335679807568,
    0.05792904052323432,
    -0.003050864852935629,
    0.06428975027268606,
    -0.034290366913531774,
    -0.010011579681790554,
    -0.04789995448552445,
    0.07442386380425482,
    -0.027113805104236836,
    0.019925346120794864,
    0.0023903503054583638,
    -0.020080904169579313,
    0.10585664523819709,
    0.0049838774900658085,
    0.0012455967764585796,
    -0.03380551597588794,
    -0.027621466845851813,
    -0.04207412340251972,
    0.13560523699201904,
    0.007215221537046177,
    -0.0012078431815399444,
    -0.005181855990345552,
    -0.013550632238092114
  ],
  "sum weights": 0.9999999483803339
}