{
  "mu_target": [
    -0.5,
    0.6000000238418579
  ],
  "mu_model": [
    [
      -0.49906344250527057,
      0.5974992748409312
    ]
  ],
  "diff": [
    [
      0.0009365574947294286,
      0.002500749000926672
    ]
  ],
  "sigma_integral": [
    0.0009172975211882104,
    0.0014299474311132525
  ],
  "within_band": [
    [
      false,
      false
    ]
  ],
  "toy_seed": 230,
  "weights": [
    0.024309564702090388,
    -0.0009875398134683942,
    0.04656964547895241,
    0.03803943263869602,
    -0.0270695641627326,
    0.1298138229545101,
    0.022718028163501217,
    0.02452391675439835,
    0.023255759062283273,
    0.03532490413787657,
    -0.055209173547656795,
    0.017933160395501295,
    0.02095057578440854,
    0.03289659971318563,
    -0.002978365000669683,
    0.06360443161627109,
    -0.040454807316133254,
    0.034865772685319686,
    -0.0205310024985794,
    0.014334465255663027,
    0.022695539668285365,
    -0.012928578699549862,
    -0.03512463891131367,
    -0.00836084010480878,
    0.06609102889557712,
    0.0004880954300369874,
    0.04633470549893749,
    -0.02308926330330114,
    -0.03318123029812718,
    0.05120769731675407,
    0.0029639851863037187,
    0.05599377797408587,
    -0.0011815626866815332,
    0.014495320690509812,
    0.03841709392011249,
    -0.005775002229778177,
    0.1029837902533872,
    0.01035161170607161,
    0.023821303947784762,
    0.06159800979162107,
    0.019454075868595214,
    0.006655811656485432,
    -0.02254802214313965,
    0.04349190927183709,
    0.050832039331030004,
    -0.042125846727878065,
    -0.011127954341757564,
    -0.0028398320509877184,
    -0.0003119137583772094,
    0.037392799864502356,
    0.01261099933004822,
    -0.002623739702587175,
    -0.0033144202259377258,
    0.0183891613364992,
    0.016226988371411604,
    0.06771823566891785,
    0.04538036602909623,
    0.0038247971494320687,
    0.0003356755118498948,
    0.0028683440985635116
  ],
  "sum weights": 0.9999999455869283
}