{
  "mu_target": [
    -0.5,
    0.6000000238418579
  ],
  "mu_model": [
    [
      -0.500653621373633,
      0.598239054176262
    ]
  ],
  "diff": [
    [
      0.0006536213736330065,
      0.0017609696655959128
    ]
  ],
  "sigma_integral": [
    0.0009177326632584838,
    0.0014429185820312366
  ],
  "within_band": [
    [
      true,
      false
    ]
  ],
  "toy_seed": 121,
  "weights": [
    -0.012855696184187314,
    0.015219872611326998,
    -0.012032520103524617,
    0.025381446355168473,
    0.0014067151388261726,
    0.09326039761968212,
    0.034800071203280866,
    0.049975672312836214,
    0.013831200214766925,
    0.05570108385905049,
    0.03235138549702896,
    -0.022350399267303152,
    -0.008830529634264084,
    0.02437141795982427,
    -0.013906968141262226,
    -0.011008300893723533,
    -0.00847297149473158,
    0.0693643575236785,
    0.0007940573052841086,
    0.10489215888775258,
    0.049808320697443745,
    0.02458098760690289,
    -0.0030217529828781473,
    -0.020213611173917966,
    0.022476449328020863,
    -0.010267815522802126,
    -0.004342096306915057,
    -0.002138518638306284,
    0.018518260064114136,
    -0.017737178463285364,
    0.01318727876703704,
    0.016923343997309586,
    -0.003270532520578866,
    0.017511418198186888,
    0.013672219024289275,
    0.013564122364024066,
    0.09897103453318704,
    -0.027602016593260212,
    0.04235423116337227,
    0.038972815571949315,
    0.02426231179692664,
    0.005851157777877195,
    0.006012006723568221,
    0.016108816062091864,
    0.03434513429951684,
    -0.038954388469087525,
    0.00550781390718196,
    0.01890870977621132,
    0.005027724781865652,
    0.051327089281553245,
    -0.018663871203968094,
    0.027061510044279393,
    0.03012579636851337,
    -0.021066771993314234,
    -0.03296020863612382,
    0.07703067887594324,
    0.020257449491349767,
    0.018263585272283812,
    0.04136399645901735,
    0.01635199109902436
  ],
  "sum weights": 0.9999999415981138
}