{
  "mu_target": [
    -0.5,
    0.6000000238418579
  ],
  "mu_model": [
    [
      -0.49970786014163354,
      0.5997761899828645
    ]
  ],
  "diff": [
    [
      0.00029213985836645806,
      0.00022383385899338304
    ]
  ],
  "sigma_integral": [
    0.0009200018939432424,
    0.0014468578422131204
  ],
  "within_band": [
    [
      true,
      true
    ]
  ],
  "toy_seed": 5,
  "weights": [
    0.02999812878449793,
    0.05427504983616679,
    0.024624727638836108,
    0.005278051031258156,
    0.02712821313602355,
    0.10742088501052638,
    0.028086847838695812,
    0.011264621423219,
    -0.023001525226658184,
    0.027704423583936377,
    0.00021918628447445716,
    0.012118772017299911,
    0.05292208940386112,
    0.007757272166076664,
    0.032801382721028303,
    -0.037684025187582404,
    0.01990428620941405,
    0.03284081375225426,
    -0.009447385974469211,
    0.02084041908376031,
    0.06533050861644106,
    -0.01436364606099217,
    0.009487642272638522,
    0.006338260070809302,
    0.046504713824989566,
    -0.053583258675010084,
    0.051210730830404796,
    0.003465212152317641,
    0.010126404368476366,
    -0.037861011646713336,
    0.03170067592452258,
    0.00939042867871824,
    0.014498791085062492,
    0.046124173654061074,
    -0.008170296316656587,
    0.03611490752031341,
    0.042847329702846125,
    0.028588401121354298,
    0.03698631223129417,
    0.0447428521029015,
    0.0012318950816597668,
    -0.0006201726882198933,
    -0.020185392341508332,
    -0.006397370093974542,
    0.044247775515402696,
    0.012163704125244125,
    0.014847857017154652,
    0.038632030349953,
    0.020406604409057356,
    0.0013652450634541401,
    -0.05359672040622637,
    -0.014176826044395543,
    -0.003395781412848816,
    0.005160208274187523,
    -0.013781616787144792,
    0.10810067517170895,
    -0.008443784845662747,
    0.0523113741784966,
    -0.0020526690191433198,
    0.02965154804702941
  ],
  "sum weights": 0.9999999485846223
}