{
  "num": 40161.91796875,
  "den": 29495.08203125,
  "test": 10666.8359375
}