{
  "num": 40796.44921875,
  "den": 30131.611328125,
  "test": 10664.837890625
}