{
  "mu_target": [
    -0.5,
    0.6000000238418579
  ],
  "mu_model": [
    [
      -0.5021168144773842,
      0.6005983701216202
    ]
  ],
  "diff": [
    [
      0.00211681447738421,
      0.0005983462797622963
    ]
  ],
  "sigma_integral": [
    0.0009595929663211775,
    0.0014139015297584912
  ],
  "within_band": [
    [
      false,
      true
    ]
  ],
  "toy_seed": 69,
  "weights": [
    0.0970284943069229,
    0.001174953819150255,
    0.08673991529469026,
    -0.0023019681095456184,
    -0.02227102076099022,
    0.05578283318241131,
    0.06776052410630438,
    -0.0077553956777013855,
    0.05330325667888196,
    0.01312756408791032,
    0.05820844719470078,
    -0.044231658795596825,
    -0.02395908140357112,
    -0.022116006091100125,
    0.014877275617449084,
    -0.05605375015146525,
    -0.02580367295935654,
    0.009370101476868484,
    -0.02471508625508328,
    0.041324022193907274,
    -0.06349085754081331,
    0.0331531017102492,
    -0.026072163959559157,
    -0.0712578672433449,
    -0.012835622939215913,
    0.09465093432715761,
    0.0037018055777514308,
    -0.040073075824384595,
    -0.008536907615262147,
    0.012475010587673627,
    0.013774460843513843,
    0.022891503809621527,
    0.1313544485827907,
    -0.05249515046029284,
    0.07464269783991613,
    0.040791218084694165,
    0.05836220423898752,
    -0.02489903987018471,
    -0.08749879045322877,
    0.01597646928472418,
    0.007223848400465946,
    0.0013523408086746386,
    0.07596841056502095,
    0.09737553200782674,
    0.10843271320170197,
    -0.015796045101887788,
    0.0020415256825268464,
    0.021169943671382942,
    0.04372431689475608,
    0.023240603129889115,
    0.010720061416568137,
    -0.008510081454414987,
    0.06844199621964425,
    0.09818577866638843,
    0.08052155419062189,
    0.006206058688318519,
    0.012361382434305224,
    0.04052543759342562,
    -0.07124046457024089,
    0.01395090120052081
  ],
  "sum weights": 0.9999999403810746
}