{
  "mu_target": [
    -0.5,
    0.6000000238418579
  ],
  "mu_model": [
    [
      -0.5013608787791236,
      0.5979371210504366
    ]
  ],
  "diff": [
    [
      0.0013608787791236088,
      0.002062902791421295
    ]
  ],
  "sigma_integral": [
    0.0009548765961337632,
    0.0014335147020475517
  ],
  "within_band": [
    [
      false,
      false
    ]
  ],
  "toy_seed": 152,
  "weights": [
    -0.00903405059282123,
    0.02781078488399009,
    0.054717956148030204,
    0.04126529684118161,
    0.029193900307387072,
    0.01139550069600254,
    0.03725733123884594,
    0.002932623713822683,
    0.027329487240727007,
    0.08673859817343801,
    0.054251189848397115,
    0.022310728291636158,
    0.005258875723273153,
    -0.07879366377967233,
    0.035685711680624496,
    0.024444923154243056,
    -0.10901160489151052,
    0.030146485202498092,
    0.0788027094956503,
    0.01348031052773867,
    -0.061679705273739456,
    0.09363952971353097,
    -0.04189977162664318,
    -0.04044749040374809,
    -0.026348445024766128,
    0.03711679467525824,
    -0.0012476040433072179,
    -0.01137199495036534,
    0.024671482781767538,
    0.05869914827629979,
    0.0380635917055154,
    -0.01585946351553758,
    0.044493323755895056,
    -0.006949787453492234,
    0.04148712885491533,
    0.030184631934851422,
    0.011281287644552909,
    -0.018443043994340203,
    0.07145533190819982,
    0.03802774967721133,
    -0.011094902700988151,
    0.027615751307618126,
    0.15155158480163824,
    0.005243788752001123,
    0.03781074372645534,
    -0.058450397629463025,
    0.05925200024907281,
    0.08027058189349948,
    0.040873462660929574,
    0.04012300905206963,
    0.0014979872745227592,
    0.009829460100421681,
    0.019042136916151753,
    0.003974887088472079,
    -0.006567082824406263,
    -0.014462059304737533,
    0.007676359064678557,
    -0.06684177758010537,
    0.03503534750926636,
    -0.013436727659620286
  ],
  "sum weights": 0.9999999412430173
}