{
  "mu_target": [
    -0.5,
    0.6000000238418579
  ],
  "mu_model": [
    [
      -0.5016377852597522,
      0.6009765120557874
    ]
  ],
  "diff": [
    [
      0.0016377852597522224,
      0.0009764882139294828
    ]
  ],
  "sigma_integral": [
    0.0009584959482309852,
    0.001450846900466794
  ],
  "within_band": [
    [
      false,
      true
    ]
  ],
  "toy_seed": 219,
  "weights": [
    -5.328345713451142e-05,
    0.0703014959742532,
    0.12101627442487797,
    0.0033625034943285115,
    -0.053047849449629834,
    0.09377725082852309,
    0.014158333162615996,
    0.04519710224841442,
    0.006544866332314865,
    0.025071305181537357,
    -0.03830827841853955,
    0.03371103998233163,
    0.036583821398815934,
    -0.005442564821460098,
    0.05160072594675315,
    0.00993736326039509,
    -0.10262122574784915,
    -0.008683253657267676,
    0.006802727127867918,
    -0.025227386433422972,
    0.019827478266065512,
    -0.057560885153264525,
    -0.0030033516718514204,
    -0.015680407507000144,
    0.030379029829986026,
    0.004681660889245499,
    0.009943855646897606,
    -0.016542607652226683,
    -0.05520349214744413,
    0.06196318577756369,
    0.0950191637728202,
    0.06890538040093855,
    0.0369127115871392,
    0.043467627264327145,
    0.021630579172871842,
    -0.02823647082081674,
    0.02234673221974091,
    0.011044625573368534,
    0.1065741836769202,
    -0.042037697533577605,
    0.06658460139084675,
    0.016630455150554863,
    0.00035674486114439775,
    0.03093877868727747,
    -0.028567853241442107,
    0.024127343948550824,
    0.11268899502852345,
    -0.007705091577061406,
    0.010106711414277623,
    0.027583054339028048,
    0.06384612438706093,
    0.04217842252043538,
    0.02036335173310226,
    0.03265937466025693,
    0.05263622188485283,
    -0.05761269681275936,
    0.01853787953626662,
    0.03832355172775895,
    -0.06608446817925116,
    0.0032961761397342438
  ],
  "sum weights": 0.9999999465685865
}