{
  "mu_target": [
    -0.5,
    0.6000000238418579
  ],
  "mu_model": [
    [
      -0.5007061021640732,
      0.6007603519162519
    ]
  ],
  "diff": [
    [
      0.0007061021640731857,
      0.0007603280743939678
    ]
  ],
  "sigma_integral": [
    0.0009541785604370118,
    0.0014354405347647972
  ],
  "within_band": [
    [
      true,
      true
    ]
  ],
  "toy_seed": 148,
  "weights": [
    -0.006593112042095991,
    -0.004268322183448792,
    0.023818264380534502,
    0.06772239597939782,
    -0.044391797523701364,
    0.11054704865403568,
    0.048603092363670136,
    0.06361121205599071,
    -0.019882099465100063,
    -1.3476534216493114e-05,
    0.0836819905447553,
    0.018406135865684042,
    0.03495322495935823,
    0.003100146597136875,
    0.10173458402212103,
    0.0406027223827864,
    -0.009349415200563281,
    -0.0045746170692920925,
    0.011708463789977266,
    0.016854402224438608,
    0.0338657771800517,
    -0.008743746147526594,
    0.07715148114270898,
    0.012322469035301032,
    -0.010369044076354693,
    0.041330839134195274,
    0.03820659577069382,
    -0.023518641378545688,
    0.0518167533683695,
    0.023728842080083856,
    -0.03166205363722471,
    -0.09062393596646671,
    -0.01337015033146545,
    0.028690573395922615,
    0.0344600415040728,
    -0.05521251642647721,
    0.05320761141252034,
    0.020581960895530656,
    -0.05947631115521591,
    0.012684304944234084,
    -0.0328562085707112,
    -0.07900961782621925,
    0.09984510848271999,
    0.09695456286138178,
    0.09025131800597776,
    -0.05141312605637175,
    0.0926093995539725,
    -0.0006370885241141408,
    0.006150791252390048,
    -0.03192066242987315,
    0.03205782703965086,
    0.06325248348121952,
    0.024100153051170217,
    0.0120162214061606,
    0.035382400359383004,
    -0.058500628321907,
    0.012536545581844584,
    0.01739392825213355,
    -0.005903139038913295,
    0.006347977933197026
  ],
  "sum weights": 0.9999999410389678
}