{
  "mu_target": [
    -0.5,
    0.6000000238418579
  ],
  "mu_model": [
    [
      -0.5013478073073021,
      0.5976366270232064
    ]
  ],
  "diff": [
    [
      0.0013478073073021068,
      0.0023633968186514975
    ]
  ],
  "sigma_integral": [
    0.0009576806640921378,
    0.0014378087302515008
  ],
  "within_band": [
    [
      false,
      false
    ]
  ],
  "toy_seed": 112,
  "weights": [
    -0.016564956375990793,
    0.07501920410641952,
    0.0863045403450763,
    -0.010109011956231982,
    -0.010854943702805389,
    0.0040799693458738046,
    0.01714805240786107,
    0.04275427916877399,
    0.0026919464682204253,
    -0.06093662865885732,
    0.07129749614567629,
    -0.011682082751655559,
    0.06303312618003679,
    -0.009614291817852649,
    0.05014912249998312,
    -0.010099930542953236,
    -0.037381990061924844,
    -0.014325606323403812,
    -0.023148178238392766,
    0.018102759898527568,
    0.027912588875605337,
    0.04500371617950811,
    0.0320295188908061,
    0.006405472996160316,
    -0.058283205204345157,
    0.05713939657874361,
    0.006098616081095429,
    -0.021283944345613683,
    -0.026363669120350083,
    0.06315034047723443,
    0.00508234384840545,
    -0.05449361712510226,
    0.18192149582054523,
    -0.005983345151031532,
    0.05765276480349056,
    0.04510116332848701,
    0.01490420731790968,
    -0.00984791296886263,
    0.007964765575907333,
    0.03643245725423951,
    -0.005386913000119744,
    -0.004478320396214708,
    0.05087790458019682,
    0.07698656710833479,
    0.05267587957912007,
    -0.006689453049753367,
    0.020335375881674098,
    0.05799193210745796,
    0.026480979909020763,
    -0.015433727555545054,
    0.02924453929025769,
    0.04165800242545807,
    0.019942842809381293,
    0.005217604212709017,
    0.08379234514331328,
    -0.06851857872561874,
    -0.001787833694018597,
    0.02855593568069001,
    -0.009674874518677294,
    -0.018196295167462562
  ],
  "sum weights": 0.9999999428694171
}