{
  "mu_target": [
    -0.5,
    0.6000000238418579
  ],
  "mu_model": [
    [
      -0.49984131333241416,
      0.5996263654767718
    ]
  ],
  "diff": [
    [
      0.00015868666758583894,
      0.0003736583650860714
    ]
  ],
  "sigma_integral": [
    0.0009562722900252942,
    0.0014287835340467648
  ],
  "within_band": [
    [
      true,
      true
    ]
  ],
  "toy_seed": 201,
  "weights": [
    -0.04017042165574222,
    0.0050405376786442965,
    0.07383601373346786,
    -0.023488047984166524,
    0.028936061189790245,
    0.061228292217816574,
    0.028561401141327356,
    -0.02598434311977072,
    -0.0029903395259188886,
    -0.07961951141475045,
    0.09288530430831696,
    0.007255445157193612,
    0.0009722255213037159,
    -0.010996970577579762,
    0.04750212203571172,
    0.0009073007677607788,
    -0.011033397273478256,
    -0.03562888185456446,
    0.022900414421618366,
    0.014511418832421094,
    -0.04113193978984683,
    0.007037169176947423,
    -0.049917439723023184,
    0.007905334367327453,
    -0.047255455446988864,
    0.051455254407123965,
    0.06110091675381127,
    0.0721850059720002,
    0.0012165023466045152,
    0.057901869371085914,
    0.01757877965557306,
    -0.06853732367797354,
    0.032932763905960144,
    -0.042097892374237465,
    0.04263100729375511,
    -0.0021167551440863038,
    0.09560652097378453,
    -0.04124155294081635,
    -0.0715081392777683,
    0.0478395371340911,
    0.03009172269005344,
    -0.01667654527823273,
    0.07233181650617221,
    0.09413651230084433,
    0.0847771744475644,
    0.05251013011644377,
    0.012833671841144425,
    0.04672471711959504,
    0.06477515835512786,
    0.07390819454229777,
    0.11096496590335876,
    0.018283225950416652,
    0.004704646123871657,
    0.03056043260982809,
    0.06659906416414224,
    -0.08947276243887382,
    0.04037296971076348,
    -0.004602633003287746,
    0.007349065288903702,
    0.013619631688906071
  ],
  "sum weights": 0.9999999452217648
}