{
  "mu_target": [
    -0.5,
    0.6000000238418579
  ],
  "mu_model": [
    [
      -0.5011873661988849,
      0.6018465565093567
    ]
  ],
  "diff": [
    [
      0.0011873661988849316,
      0.0018465326674987903
    ]
  ],
  "sigma_integral": [
    0.0009583548571855117,
    0.0014217501445742639
  ],
  "within_band": [
    [
      false,
      false
    ]
  ],
  "toy_seed": 292,
  "weights": [
    -0.037596574796186874,
    0.06566954154350797,
    0.07891023858438799,
    0.02378459872330604,
    0.02833779771298294,
    0.044997668096873125,
    0.0410871962885919,
    0.03114362514035078,
    0.09655489461264695,
    -0.08640720835410286,
    0.11634488043158199,
    -0.03506162047930458,
    0.05641097676899091,
    -0.061298641449046856,
    -0.058084334702024426,
    -0.122881132215273,
    0.024235357033587007,
    0.022903685455674158,
    -0.011118100295614181,
    -0.10385041155295477,
    0.020493628772798558,
    0.08171175677683704,
    0.0017926721695144053,
    -0.023243361353933813,
    -0.03192147473280576,
    0.11609661204706732,
    0.09728169499603165,
    0.02028482551830186,
    0.0356485511569002,
    0.07090135091020876,
    0.07748265538602674,
    -0.11100807126280121,
    0.04313462989218548,
    0.03409997249907231,
    -0.03630832858395249,
    0.006048272737849448,
    0.052814100924804715,
    0.0006988989628989347,
    0.004811079251410132,
    0.07819886707057742,
    -0.056251508410830306,
    0.015412726590656897,
    0.06794920240786301,
    0.04562367037607681,
    0.06659402613874689,
    0.01098962811113463,
    0.016292226878892646,
    0.09494537842187488,
    -0.027835498629538658,
    0.04341089615534132,
    0.05443403306885272,
    0.08742534041892704,
    0.05760668321607756,
    0.01028293874825335,
    0.039367517095590186,
    -0.14714806287818585,
    0.032548955488021176,
    -0.02948446240862481,
    -0.053064195869750454,
    0.017799676408311253
  ],
  "sum weights": 0.9999999410146563
}