{
  "mu_target": [
    -0.5,
    0.6000000238418579
  ],
  "mu_model": [
    [
      -0.49979695823437187,
      0.5990487903086101
    ]
  ],
  "diff": [
    [
      0.00020304176562813137,
      0.000951233533247775
    ]
  ],
  "sigma_integral": [
    0.0009689583827585402,
    0.0014284079362284774
  ],
  "within_band": [
    [
      true,
      true
    ]
  ],
  "toy_seed": 108,
  "weights": [
    -0.06642537731392416,
    0.06604887318695832,
    0.044743445402393084,
    0.09244983707887125,
    -0.00552786264466439,
    -0.040658525963385796,
    -0.003190899686889537,
    -0.04317454016236993,
    -0.03892781004196397,
    0.024355792502022904,
    0.005445460047569871,
    -0.017517951567459566,
    0.07377533973209074,
    -0.05421263813209864,
    0.017081169116262958,
    0.011315660768202772,
    -0.05791784538546329,
    0.02685416698671576,
    0.04127966852298934,
    0.01379787964564815,
    -0.034228415353059496,
    0.024754279600340743,
    -0.02399274942402801,
    -0.013015659612906023,
    -0.04168306727192804,
    0.08648226850814297,
    0.0799339510180438,
    0.04920456726947972,
    -0.01744695734140867,
    0.1270870069031369,
    -0.02410403099604465,
    -0.06322864550272111,
    0.06837732090925665,
    -0.04671047688563416,
    0.05600109398760096,
    0.0598275709931022,
    0.11197559804365328,
    0.03985807838552642,
    -0.08907319521791142,
    -0.057358636377578535,
    0.0073961047070961435,
    -0.014909117957483491,
    0.16908915373953032,
    0.10473289555827703,
    -0.009035207164283292,
    -0.004419757836640143,
    0.036459800605510094,
    0.039305070070505876,
    0.06669391602034488,
    0.10175985904315865,
    -0.003344213323892441,
    0.028727390021685468,
    0.02988397640279604,
    -0.034749928038308946,
    0.06526644155135168,
    -0.05238070426482523,
    0.03054565231019413,
    0.09087308960541698,
    -0.008440957725078486,
    -0.02570726370432614
  ],
  "sum weights": 0.9999999433475986
}