{
  "mu_target": [
    -0.5,
    0.6000000238418579
  ],
  "mu_model": [
    [
      -0.49944463711137527,
      0.6004295385571754
    ]
  ],
  "diff": [
    [
      0.000555362888624733,
      0.00042951471531749164
    ]
  ],
  "sigma_integral": [
    0.0009542608856160378,
    0.0014348688351445023
  ],
  "within_band": [
    [
      true,
      true
    ]
  ],
  "toy_seed": 21,
  "weights": [
    -0.03133774651101103,
    0.037670889613830416,
    0.0757330391624525,
    0.08854892322009081,
    -0.018848965842597702,
    0.036253881020796734,
    0.02894221189295487,
    0.04603206228882712,
    0.055693880446430526,
    0.03564541259974554,
    0.06104565954684005,
    0.05771834348254121,
    0.05830521144374604,
    -0.06859240941586237,
    0.021200345852805332,
    0.055926485063650666,
    -0.03521416211517683,
    -0.013194363080973659,
    0.04460165613139688,
    0.0017607715737988248,
    -0.03897563657319056,
    0.06316338743996962,
    -0.040540386557094195,
    0.04283204425635389,
    0.00026273112154414057,
    0.050478993680006634,
    0.0029416467291072937,
    -0.006273086959283303,
    -0.0069139478415846545,
    0.0407425751828287,
    -0.014605655762470674,
    -0.0667740494186549,
    0.061197508311078126,
    0.013998791467827159,
    0.024763921811706606,
    0.010431160673559548,
    -0.008641840760956636,
    -0.029174635121216718,
    0.006379664378273099,
    -0.057888417668013295,
    -0.03218013359517441,
    0.06147523802034101,
    0.031982923004898335,
    0.15745720817024828,
    0.060418880353511964,
    -0.023820110759124238,
    0.03584096251931497,
    0.030564334906236963,
    0.04365157681476893,
    0.05300813149727463,
    0.020857962615002917,
    0.08883226995532953,
    0.10239622986621645,
    -0.06999854318407576,
    0.09296565922520726,
    -0.1138621599559233,
    -0.09885212421394657,
    -0.022441734223644334,
    -0.02640458330597701,
    0.02281206227537323
  ],
  "sum weights": 0.9999999447499346
}