{
  "mu_target": [
    -0.5,
    0.6000000238418579
  ],
  "mu_model": [
    [
      -0.499041347329085,
      0.5999282535484971
    ]
  ],
  "diff": [
    [
      0.0009586526709149945,
      7.177029336080665e-05
    ]
  ],
  "sigma_integral": [
    0.0009610802413966284,
    0.001439031803084025
  ],
  "within_band": [
    [
      true,
      true
    ]
  ],
  "toy_seed": 88,
  "weights": [
    -0.01584086122553841,
    -0.016629061802890442,
    0.06267567274001727,
    -0.002767498819997026,
    0.005930069198190192,
    0.12386976442190058,
    0.03238647252987842,
    0.007186858094918052,
    0.01741451641582865,
    -0.062160354833043094,
    0.023689695746705906,
    0.02259002736318408,
    -0.03195428573773195,
    -0.00972965309023338,
    0.005083682377184385,
    0.06295061978151366,
    -0.03214936935253897,
    0.030608620960844605,
    -0.002355314165933014,
    -0.05054187505794607,
    -0.009679930493974247,
    0.07941173548780382,
    -0.06024342244010822,
    0.04039383034945688,
    -0.01839636288242027,
    0.10699221298930392,
    0.08754598728429096,
    0.006407383838686722,
    -0.04149703662291517,
    0.08587452272962036,
    0.106501258650061,
    -0.1218295722484419,
    0.07237588226896646,
    -0.00029610024221381307,
    0.03127514972881835,
    0.03704858706413529,
    -0.0045568807773474695,
    0.004505829960261614,
    0.07550941121729669,
    0.055942036070054636,
    0.006254291695178296,
    0.010215581187645201,
    -0.0072290039583440815,
    0.0737886721385827,
    0.08743175698299639,
    0.030233137540525055,
    -0.03017591513912866,
    0.044483428016738095,
    0.01314563696718637,
    0.0331348919576639,
    0.025710519563213338,
    -0.07814753647416006,
    0.07153761496390808,
    -0.02132027676929614,
    0.05417663014899364,
    -0.10252603712282084,
    0.04943626575685236,
    0.033969762141169466,
    0.015352014044658236,
    -0.013013735683231822
  ],
  "sum weights": 0.9999999454339786
}