{
  "mu_target": [
    -0.5,
    0.6000000238418579
  ],
  "mu_model": [
    [
      -0.4998119972222715,
      0.5996735982726683
    ]
  ],
  "diff": [
    [
      0.00018800277772851315,
      0.0003264255691896034
    ]
  ],
  "sigma_integral": [
    0.000945985315136402,
    0.0014186627696148443
  ],
  "within_band": [
    [
      true,
      true
    ]
  ],
  "toy_seed": 165,
  "weights": [
    0.0043837874204154526,
    0.010021269895060322,
    0.11732749765589183,
    0.0645768613940066,
    0.0526181859969634,
    0.04181460097093111,
    0.03486516754753692,
    0.0266202469605427,
    0.027838476559245467,
    0.08205791707250765,
    0.023301679804312067,
    -0.014750263323028465,
    0.04885386846637416,
    0.01616101573500796,
    -0.04943150336222189,
    0.03613216993051972,
    -0.03636838866414648,
    -0.009577974284815771,
    -0.024840883255770094,
    -0.05168697392372037,
    -0.0531054060766585,
    -0.04990067433582496,
    0.02415653496630234,
    0.01168660120439427,
    0.033502511635078856,
    -0.01497617994328938,
    -0.014366988048086914,
    0.010057458224552354,
    0.05919318583263371,
    0.037135154302036455,
    -0.019012181677231448,
    -0.03382060344779257,
    0.0882675726278609,
    0.0902038708694567,
    0.043111528250074214,
    -0.009895838668341128,
    -0.0021553880215447623,
    0.04183811450127863,
    -0.009897079198099177,
    -0.08990491901239046,
    -0.07741753826031234,
    0.009087006361573148,
    0.014478087017217162,
    0.1639620268633819,
    0.08681816347635615,
    0.023887820605358896,
    -0.015145994346252422,
    0.04275972057045933,
    -0.006559834094400393,
    -0.046865030346713105,
    0.07929550406214476,
    0.06870484899799424,
    0.0532389992116652,
    0.061612749563512426,
    0.054888772423360176,
    -0.07132157848258233,
    0.014250509505555013,
    0.001214235485262797,
    0.011648723318136121,
    -0.01057129677162563
  ],
  "sum weights": 0.9999999277401125
}