{
  "mu_target": [
    -0.5,
    0.6000000238418579
  ],
  "mu_model": [
    [
      -0.5007531929879143,
      0.5999656127889015
    ]
  ],
  "diff": [
    [
      0.0007531929879143195,
      3.441105295642899e-05
    ]
  ],
  "sigma_integral": [
    0.0009462744857394761,
    0.001431112995379401
  ],
  "within_band": [
    [
      true,
      true
    ]
  ],
  "toy_seed": 284,
  "weights": [
    0.04592382009718694,
    -0.08822089694118915,
    0.030025811604038118,
    0.07382130230344512,
    -0.04560182986691629,
    0.01602911090689169,
    -0.0023171021362465064,
    0.07805532889886937,
    -0.04878143555065501,
    -0.025082401981609378,
    0.014783855970968015,
    0.008517800114492895,
    -0.035874919977501495,
    -0.002025602305653935,
    0.005049291339635902,
    0.03279912109489314,
    -0.058920064207204054,
    -0.02752007807305173,
    0.10462807188211298,
    0.03690874343423979,
    -0.02874635239907909,
    0.038961486297608615,
    0.016226639783470165,
    -0.010455987130438046,
    0.015191408367227717,
    0.008887359642534353,
    0.009919055402160482,
    0.012550204598056083,
    0.008404047106071037,
    0.04594672624757345,
    0.055015006506376155,
    -0.08331672640297458,
    0.06279253318119454,
    -0.053070983253894394,
    0.010798141203012116,
    0.027021647391714955,
    0.008169284097990752,
    0.005612019396791335,
    -0.008860723171677843,
    -0.008001017101785952,
    0.023370014024809278,
    0.005900364552447607,
    0.09954921383210348,
    0.08124814002400463,
    0.05285031220230927,
    0.02771545030866663,
    0.06743505014992533,
    0.04009917006182078,
    -0.013318079871163064,
    0.0566983965144617,
    0.11496195198466196,
    0.07790746954240084,
    -0.010622180739209649,
    0.0179920170093106,
    0.09032414543993424,
    -0.03158980842694976,
    0.02725140342576541,
    0.015103452220460525,
    -0.02452539161912786,
    0.0364071521539789
  ],
  "sum weights": 0.999999939159289
}