{
  "mu_target": [
    -0.5,
    0.6000000238418579
  ],
  "mu_model": [
    [
      -0.5004946978190876,
      0.6037675072503281
    ]
  ],
  "diff": [
    [
      0.0004946978190876195,
      0.003767483408470218
    ]
  ],
  "sigma_integral": [
    0.0009538334359066868,
    0.0014419414211502828
  ],
  "within_band": [
    [
      true,
      false
    ]
  ],
  "toy_seed": 126,
  "weights": [
    0.07016508203107431,
    0.0048981257134763576,
    -0.0037153413663298576,
    0.10117862635526396,
    -0.010332891238515008,
    0.024512167596016106,
    0.013779300718501112,
    0.09427972414819637,
    0.006567595568338441,
    0.061201198324905635,
    0.11366529342046916,
    -0.010222985341116124,
    -0.052800823803187284,
    -0.04290549507878971,
    -0.0061898436658704295,
    -0.02070843154117293,
    -0.004497763842900273,
    0.012596704875956068,
    0.03082083230510844,
    -0.039695929605828816,
    0.0031411009281279005,
    0.0003873271948929409,
    -0.011730811176919652,
    -0.03244624030551318,
    0.007596826534904043,
    0.02208622027258243,
    0.07163324656396235,
    0.029532303714988842,
    0.006712425349393185,
    0.037233580577607964,
    -0.004727090977064127,
    -0.07721446572705218,
    0.08250445871446226,
    0.00567352177033289,
    0.08056303149037523,
    0.03156465691903633,
    0.09765579002501172,
    -0.02381929936502551,
    0.05675772501650122,
    -0.10928343212922105,
    -0.056470559386921276,
    0.03273244827200423,
    0.06564549087627383,
    0.03239769375158752,
    -0.02758863990329849,
    0.056530437139977165,
    0.04005635106343612,
    0.0904672427198667,
    -0.007206386252860948,
    0.05108831339751784,
    0.06550776754341965,
    0.11875751154627989,
    0.020634984574403405,
    -0.05562981441375549,
    0.08028770333260404,
    -0.08018956887770713,
    0.04329359812618663,
    -0.08010529439827699,
    0.012910213201082092,
    -0.019535570792894363
  ],
  "sum weights": 0.9999999424839036
}