{
  "mu_target": [
    -0.5,
    0.6000000238418579
  ],
  "mu_model": [
    [
      -0.5006879050840698,
      0.5989240122975085
    ]
  ],
  "diff": [
    [
      0.0006879050840697953,
      0.0010760115443494422
    ]
  ],
  "sigma_integral": [
    0.0009513403785800271,
    0.001433539666176746
  ],
  "within_band": [
    [
      true,
      true
    ]
  ],
  "toy_seed": 231,
  "weights": [
    0.0006042331997568003,
    0.03291720579624767,
    0.056783294401969206,
    0.04854095464740392,
    -0.007229663681296755,
    0.053370467411740376,
    0.0580161443299757,
    0.010287841570944542,
    -0.015671984119478385,
    0.03160246295557736,
    0.1036631183744309,
    -0.0018883194631228299,
    0.039859604989592734,
    0.023562780742315013,
    0.05480922529201298,
    0.016312616598417203,
    -0.03510364391883281,
    -0.00283130473467693,
    0.040793707033332016,
    -0.03055873974620863,
    -0.047758949938587654,
    -0.014752237901367543,
    -0.03396727311093232,
    -0.016658325488486808,
    0.0028671123251947273,
    0.03137724373062771,
    0.034570860149111725,
    0.009952860107028883,
    -0.053538934272741895,
    0.09529307351546415,
    -0.017110132497608982,
    -0.06764402392408796,
    0.04212930655149864,
    0.03046353412927575,
    0.015094957139393515,
    0.02262548463516348,
    0.00816980009036226,
    -0.0049762051874903054,
    0.03831217919016798,
    -0.05632708002289441,
    0.003469635299449431,
    0.04480423243892207,
    0.06224381800750665,
    0.13509284516773948,
    0.005555985674542183,
    0.041680519889311464,
    0.09556243088418322,
    0.018893316193109327,
    0.023732540686697716,
    -0.07094012418941009,
    -0.03358191141899404,
    -0.02952373221273747,
    0.03629706951975923,
    0.07687739671719045,
    0.044705694935382366,
    -0.03535009841125886,
    0.0362169832811569,
    -0.006251091838396726,
    0.009146502697235305,
    0.045404679802361604
  ],
  "sum weights": 0.9999999440229412
}