{
  "mu_target": [
    -0.5,
    0.6000000238418579
  ],
  "mu_model": [
    [
      -0.500926921215105,
      0.5998936276963214
    ]
  ],
  "diff": [
    [
      0.0009269212151049588,
      0.00010639614553653587
    ]
  ],
  "sigma_integral": [
    0.0009440862542213173,
    0.0014309892726089976
  ],
  "within_band": [
    [
      true,
      true
    ]
  ],
  "toy_seed": 73,
  "weights": [
    -0.008633915795039351,
    0.0500655387001059,
    0.11204164186815059,
    0.09913056186356706,
    0.013055610989494025,
    0.005990003983901568,
    0.024279243687020512,
    0.019459168264458895,
    0.01446247129594941,
    -0.014204915242784655,
    0.0008969532259714168,
    0.02436095886583133,
    0.03420527353351057,
    0.03342314244223378,
    -0.03395300933215357,
    0.007014390100368023,
    -0.040968733529159744,
    0.03576915740577609,
    0.06556015780026105,
    -0.02883077782204525,
    0.008370715815297188,
    0.0698138508406461,
    -0.016304533032377132,
    -0.09658041686154774,
    0.030094748465235334,
    0.03600724572609112,
    0.03893939358800686,
    0.04185237205389535,
    -0.04987416777904355,
    0.019162507536561044,
    -0.03388046297453299,
    -0.050764007944880084,
    0.10831436612412966,
    0.004884689110838357,
    -0.01674805383822389,
    0.07281203679731933,
    0.027161037483059553,
    -0.02071658264726568,
    -0.0022921383308061663,
    -0.05042378301099379,
    -0.042542149585492614,
    -0.011857823363320873,
    0.03316507838210711,
    0.11010428169718989,
    0.0849674506158704,
    -0.0008044961811465781,
    0.03392400800525848,
    0.05855182749304781,
    0.052280422593810806,
    0.01927168228863249,
    0.06074416499590143,
    -0.011618884789973118,
    0.009536753221927232,
    -0.004143234063081409,
    0.03274695844716429,
    -0.026407886582721377,
    0.03560043240152162,
    -0.03079259053634847,
    0.04352230234436366,
    0.02079990394317738
  ],
  "sum weights": 0.9999999407547148
}