{
  "mu_target": [
    -0.5,
    0.6000000238418579
  ],
  "mu_model": [
    [
      -0.5011798339770377,
      0.6014785981962649
    ]
  ],
  "diff": [
    [
      0.001179833977037692,
      0.001478574354407014
    ]
  ],
  "sigma_integral": [
    0.0009444933892293799,
    0.0014240142267440863
  ],
  "within_band": [
    [
      false,
      false
    ]
  ],
  "toy_seed": 46,
  "weights": [
    0.014223792890139446,
    0.027504789578800884,
    0.05142231166329317,
    0.02386937870059973,
    0.0154188735435089,
    -0.003018376331849003,
    -0.02806230666030437,
    0.005115932699530685,
    0.044096281680003284,
    0.009999286821598475,
    0.07843217681488199,
    0.0052791203359334165,
    0.08180441665152696,
    -0.05699327616321649,
    0.03847040704483412,
    -0.015625442241405583,
    6.253989018971456e-05,
    0.01917190847815852,
    0.025133541112648938,
    -0.03547977050087245,
    -0.0032995634569586794,
    -0.029210772673522612,
    -0.015890129528342543,
    -0.0461465842825951,
    0.05561511590164259,
    0.05910721804142457,
    0.0752624174189798,
    -0.04518663964688144,
    0.026082272478806103,
    0.016427334911912086,
    0.004220268701806391,
    -0.05633652398924117,
    0.03673355855299701,
    -0.01695135306476184,
    -0.005527718096215218,
    0.05497474232173625,
    0.0522179508887936,
    0.0359243276336635,
    -0.02636244626546811,
    0.006536108853182363,
    -0.0369764765006935,
    0.003339949755478785,
    0.1081137743168774,
    0.08623698433734855,
    -0.031755331136205,
    0.008898263619548413,
    0.09535668202112438,
    0.014492769107855824,
    0.03405927060038058,
    0.047486468177768415,
    -0.0031171182383059348,
    0.08722824490167556,
    0.07662360218187542,
    0.07131221793285511,
    0.07593944664098834,
    -0.1155759811804782,
    0.0343036603989333,
    -0.007294780190705027,
    -0.027979939946577187,
    0.00029305792836759135
  ],
  "sum weights": 0.9999999354370708
}