{
  "num": -49988.08203125,
  "den": -49986.5859375,
  "test": -1.49609375
}