{
  "num": -49819.08203125,
  "den": -49820.703125,
  "test": 1.62109375
}