{
  "num": -48981.62890625,
  "den": -48970.94140625,
  "test": -10.6875
}