{
  "num": -50218.15625,
  "den": -50194.9609375,
  "test": -23.1953125
}