{
  "num": 40112.76171875,
  "den": 29434.974609375,
  "test": 10677.787109375
}