{
  "num": 40354.31640625,
  "den": 29678.443359375,
  "test": 10675.873046875
}