{
  "num": 39389.1796875,
  "den": 28732.845703125,
  "test": 10656.333984375
}