{
  "num": 39219.91796875,
  "den": 28548.234375,
  "test": 10671.68359375
}