{
  "mu_target": [
    -0.5,
    0.6000000238418579
  ],
  "mu_model": [
    [
      -0.5009968564575701,
      0.5992683950303384
    ]
  ],
  "diff": [
    [
      0.0009968564575700833,
      0.0007316288115195579
    ]
  ],
  "sigma_integral": [
    2420948.8946581134,
    885239.8035348627
  ],
  "within_band": [
    [
      true,
      true
    ]
  ],
  "toy_seed": 116,
  "weights": [
    0.009203811700490875,
    0.08958390124500529,
    0.012563174733503827,
    0.009300189870964162,
    -0.01815798124629576,
    0.020042196493569493,
    0.008117596054248591,
    0.06252259965285946,
    0.026731185326135904,
    0.009574980531592593,
    0.09232586822654011,
    -0.01233464704802328,
    0.01878387645041274,
    -0.00033876956562908534,
    -0.011743665629648545,
    0.03192635477645704,
    -0.007439176397943565,
    0.015837234226931316,
    0.019887757068246872,
    -0.03883138692915546,
    -0.014162047873973562,
    0.0942050803557073,
    -0.03126904248159479,
    0.0019477354303125368,
    0.02415079641990122,
    0.02430474890936192,
    0.05524046990042416,
    0.012515277851425803,
    -0.03564151150660292,
    0.08538319541912377,
    -0.015239185150974563,
    -0.04731309831342222,
    0.09657659382350325,
    0.026925067103001465,
    -0.011105907718257334,
    0.015462070499764884,
    0.062631201953856,
    0.06369159270117879,
    -0.02838805193079981,
    0.0006380224487225662,
    -0.0007035845676585586,
    0.0064929392534876975,
    0.06431675001999328,
    0.08453877345585664,
    0.012627598054597854,
    -0.008922881752196788,
    0.032902752772749115,
    0.005835055888844403,
    0.005963238893937075,
    0.0589557749607022,
    0.026785935447383308,
    0.03866681792776629,
    0.03903628933106534,
    -0.06982323046798894,
    0.022211911016313982,
    -0.06536153057726439,
    0.0016349075387073406,
    0.006139641417144517,
    0.00854572097274669,
    0.01205342322491191
  ],
  "sum weights": 1.00000441019202
}