{
  "mu_target": [
    -0.5,
    0.6000000238418579
  ],
  "mu_model": [
    [
      -0.5003841246989265,
      0.601143957074301
    ]
  ],
  "diff": [
    [
      0.00038412469892645795,
      0.0011439332324431062
    ]
  ],
  "sigma_integral": [
    0.0005481185040542784,
    0.0008258251119443538
  ],
  "within_band": [
    [
      true,
      false
    ]
  ],
  "toy_seed": 140,
  "weights": [
    -0.01650020565380479,
    0.018016433455724786,
    0.07421012809515251,
    0.06615174537731251,
    0.02734950453918264,
    0.03901886275300163,
    0.025789239058154927,
    0.046543148443912115,
    -0.009601871696109102,
    0.010115391396487313,
    0.0951691162347552,
    -0.03370299347298303,
    0.0106412983195402,
    -0.01967814352374727,
    -0.01891260360003518,
    0.01710457443235439,
    -0.022148088386309786,
    0.012605342525312892,
    0.016509671033767787,
    -0.04746793016019106,
    -0.01247391005209556,
    0.01910205275096219,
    0.004217759310189092,
    0.010188382758952574,
    0.020988330388765887,
    0.048022615725712606,
    0.06522273409901942,
    0.019745020709748144,
    -0.023270181115944085,
    0.06236921593923514,
    0.01423349804175012,
    -0.07235001162829266,
    0.053458882271784254,
    0.039939635356018556,
    0.015000277549942884,
    0.011107386424041035,
    0.046308618634432225,
    -0.03095238222418755,
    -0.029659633535263363,
    -0.0624141066462596,
    0.012365168059112867,
    0.014646693710628732,
    0.07832750284156613,
    0.09091724569238083,
    0.03924410617610663,
    0.024260717928907258,
    0.062356759344640716,
    0.0388798107893083,
    0.0023594045669060844,
    0.011239477416939562,
    0.029536709343925396,
    0.009706532750069535,
    0.023926249232193098,
    -0.02827359835747437,
    0.034136351877094705,
    -0.06505658608794807,
    0.05415309716414159,
    -0.02661331589967555,
    0.06500083227034045,
    0.03889503722584635
  ],
  "sum weights": 1.0000049999750003
}