{
  "mu_target": [
    -0.5,
    0.6000000238418579
  ],
  "mu_model": [
    [
      -0.500220859983824,
      0.6003784419397283
    ]
  ],
  "diff": [
    [
      0.00022085998382403993,
      0.00037841809787042546
    ]
  ],
  "sigma_integral": [
    0.0005470524550894125,
    0.0008234126762501763
  ],
  "within_band": [
    [
      true,
      true
    ]
  ],
  "toy_seed": 118,
  "weights": [
    -0.0012172388813670863,
    0.008183645498162273,
    0.05671947489450325,
    0.027750941220529384,
    -0.02369830742939432,
    0.020864073323596063,
    0.01851160703805535,
    0.05454608975377917,
    0.04423792405173276,
    0.022945871525757125,
    0.07915287477403209,
    0.011657742602132272,
    0.031699807033042614,
    -0.04337746741660993,
    0.0053118257696559154,
    -0.006482103933908944,
    -0.008855601810576078,
    -0.008393046720264743,
    -0.0112497515781816,
    -0.016702834988384336,
    -0.030072970935356075,
    0.010234233876576064,
    -0.01874248412078641,
    -0.006240716652397506,
    0.03307529094246608,
    0.06974610980443748,
    0.0698454893151893,
    0.04215225466442889,
    -0.06344328713522457,
    0.03686107259679147,
    0.026500280816945655,
    -0.045041068265506926,
    0.04813094879581536,
    -0.0119827046366996,
    0.03562430309920816,
    0.02217756154408079,
    0.04558013262394745,
    0.024597663413692163,
    -0.020060196903738826,
    -0.02103438013786466,
    0.009429680662160576,
    -0.00733870132283387,
    0.06834552127496873,
    0.08685165822525373,
    0.05122525401279198,
    0.025033008413507488,
    0.0299443733464317,
    0.03530642170685712,
    -0.0011696811891682172,
    0.028109683270885154,
    -0.0005316826314686484,
    0.03332759349760943,
    0.03527247841983514,
    0.02616308503358794,
    0.04455423938797797,
    -0.03433706064122129,
    0.030201227798043063,
    0.003242711366778304,
    0.006753803785144183,
    0.020108328125564134
  ],
  "sum weights": 1.0000049999750003
}