{
  "mu_target": [
    -0.5,
    0.6000000238418579
  ],
  "mu_model": [
    [
      -0.5010100781006529,
      0.6008208346281758
    ]
  ],
  "diff": [
    [
      0.0010100781006529003,
      0.0008208107863179048
    ]
  ],
  "sigma_integral": [
    12671722.269502077,
    16196718.152257172
  ],
  "within_band": [
    [
      true,
      true
    ]
  ],
  "toy_seed": 230,
  "weights": [
    0.07848100543517246,
    0.07090073701415235,
    0.12863198420151173,
    0.04402247181713357,
    0.02739065716775147,
    0.056326398852466736,
    0.013645122649234799,
    0.03936129311742895,
    0.0005979151380270085,
    0.022852865167691527,
    0.05550350398449059,
    -2.031741103390919e-05,
    0.006093671672720728,
    -0.06103455553542702,
    -0.004910848109263337,
    -0.01056731308194944,
    -0.009291486447775514,
    -0.009160377977188496,
    0.07598774000163022,
    -0.03886472225960583,
    -0.0321125055404061,
    0.0844443769972433,
    -0.010584470727682906,
    -0.045335112888919546,
    -0.010601895651893905,
    0.018211798368555656,
    0.0017933257442545438,
    0.014388600455493429,
    -0.01635378424395068,
    0.07377488272352743,
    0.013257075897031338,
    -0.06915153578462517,
    0.07349603006469682,
    0.0630005981459998,
    0.00792642639939778,
    0.0088766005872619,
    0.028772987816122215,
    -6.204968489463416e-05,
    -0.04276385257657822,
    -0.03250499239745934,
    -0.04804697955342508,
    0.0031264007267342003,
    0.04231583686305256,
    0.14294136572398572,
    0.10845047927784265,
    0.0011973221433232851,
    0.03530833329969278,
    0.034043747986837354,
    0.016883482727307553,
    -0.01054950246175043,
    0.03314400889498968,
    0.047583219983616074,
    0.028912798448148112,
    -0.05789826602688777,
    0.09653162188908664,
    -0.07024422089960887,
    0.052052903892225146,
    -0.032263226541666974,
    -0.03680467117667144,
    -0.0010985095352232935
  ],
  "sum weights": 1.0000043947619504
}