{
  "mu_target": [
    -0.5,
    0.6000000238418579
  ],
  "mu_model": [
    [
      -0.5000685943238297,
      0.60098167037883
    ]
  ],
  "diff": [
    [
      6.859432382966268e-05,
      0.0009816465369720806
    ]
  ],
  "sigma_integral": [
    0.0005506352533025852,
    0.0008275056233118848
  ],
  "within_band": [
    [
      true,
      false
    ]
  ],
  "toy_seed": 29,
  "weights": [
    0.028479061206992676,
    -0.024034933398894964,
    0.0712750844801359,
    0.0868557790918753,
    0.007262601605642366,
    0.0525359784811831,
    0.013499093901334944,
    -0.024014070806480013,
    0.013590739858810817,
    -0.005447655072199835,
    0.0212177233895175,
    0.03514359995504399,
    0.049034879447847166,
    0.0039040177503200223,
    -0.015592699588054443,
    0.02531233808924502,
    -0.0834514232739559,
    -0.021935123872449898,
    0.0018816729569318808,
    -0.002123975292275231,
    -0.02241813186971932,
    0.007728830746822548,
    -0.017903564667439736,
    -0.0099490652303011,
    0.002047542782384558,
    0.04298518151020538,
    0.05818983722588202,
    0.027137607864683805,
    -0.008606122533755605,
    0.030657148635527258,
    -0.029803457401877047,
    -0.028845184599237184,
    0.032925389398707275,
    -0.00029397303664990766,
    0.04661076234025728,
    0.0229050442565853,
    0.044016401535759836,
    -0.03009870067110736,
    0.003913902388442154,
    -0.026979641294039906,
    -0.025461281202297462,
    0.035280512092642144,
    0.06342645526121694,
    0.13959403567106168,
    0.0262379476258677,
    -0.019095658937174877,
    0.03747524896740566,
    0.023755866482729714,
    0.028120778400879298,
    0.017234530385171202,
    0.04277234052988971,
    0.0364653810538531,
    0.024156552020050567,
    0.07238198079485847,
    0.06366112551785792,
    -0.039620822748325145,
    0.0168756045055728,
    0.07086767223486838,
    0.0023297369989511126,
    0.0059344980282197745
  ],
  "sum weights": 1.0000049999749994
}