{
  "mu_target": [
    -0.5,
    0.6000000238418579
  ],
  "mu_model": [
    [
      -0.5001285489011789,
      0.6006133219068366
    ]
  ],
  "diff": [
    [
      0.00012854890117885986,
      0.0006132980649786735
    ]
  ],
  "sigma_integral": [
    1562840.6485404416,
    728352.6725784242
  ],
  "within_band": [
    [
      true,
      true
    ]
  ],
  "toy_seed": 202,
  "weights": [
    -0.028734237963654444,
    0.030263800639158026,
    0.06342943364741868,
    0.036819953442815204,
    0.019105880799425976,
    0.07491797962798802,
    -0.008378771490852017,
    -0.0012166646496931722,
    0.040012100508871884,
    0.016251481661444727,
    0.0714434527427819,
    -0.014120979765402485,
    0.0021446752850755968,
    -0.0697511159302171,
    -0.017208542168825773,
    0.014061549974592111,
    -0.019673865496576112,
    0.023128707719933025,
    0.020436575951904734,
    0.008334829658419009,
    -0.025244351304004577,
    0.030796690420154628,
    0.007798412562944912,
    -0.024330456828137607,
    0.03385612604592637,
    0.027586550841839162,
    0.005577836815351996,
    0.020850268120242564,
    -0.012434097706202064,
    0.03492374430380865,
    -0.014670706666642823,
    0.017389049478541554,
    0.06446950609537165,
    -0.011741396692739797,
    0.001239259683094881,
    -0.0037489167773084144,
    0.08709297299631015,
    0.007784493560622611,
    -0.03623897638816918,
    0.022976942076489617,
    -0.0154968764732429,
    -0.007841263796595459,
    0.06293230595409888,
    0.07289940032935943,
    0.05735350310694193,
    0.03247266835566259,
    0.04689091407345635,
    0.04259387446438195,
    0.016571885864764744,
    0.040218475979029084,
    -0.008067845556819305,
    0.013256425054560997,
    0.04096319530067959,
    0.04161593717363481,
    0.043882847593088754,
    -0.059820176845603965,
    0.009800500767897579,
    0.03761041925345104,
    0.0156501253920241,
    0.021318880645861918
  ],
  "sum weights": 1.0000043914687342
}