{
  "mu_target": [
    -0.5,
    0.6000000238418579
  ],
  "mu_model": [
    [
      -0.5006144992484683,
      0.6014968229399713
    ]
  ],
  "diff": [
    [
      0.0006144992484683476,
      0.0014967990981133994
    ]
  ],
  "sigma_integral": [
    0.0005483065882391663,
    0.0008330268792550202
  ],
  "within_band": [
    [
      false,
      false
    ]
  ],
  "toy_seed": 212,
  "weights": [
    0.03724159525129495,
    0.012510812633486074,
    0.07675179230026229,
    0.09516553802018192,
    0.006623605703787864,
    0.05612809477206288,
    0.011734204324868441,
    0.038158487994146964,
    0.050149641272260764,
    0.005839412954469131,
    0.028362762074840144,
    -0.00829825385010798,
    0.014228339622591568,
    -0.02843209688100813,
    0.0008703316976906606,
    0.0006039301796699712,
    -0.019554481791597394,
    -0.02015001622295467,
    0.019256440163507617,
    -0.03183220472310379,
    -0.02591312428026575,
    -0.007405393471990041,
    -0.03106041155378106,
    0.009752603450071319,
    0.027245827098688814,
    0.06513568981567174,
    0.013688546742532148,
    0.03523265372403506,
    -0.05912352611784242,
    0.029840876140407233,
    -0.005018942928654907,
    -0.018011678125781288,
    0.07542740188039727,
    0.009445916914075621,
    0.011045578514165386,
    0.008950085143744665,
    0.03953221603013963,
    0.008522213535972864,
    0.006870241108989506,
    -0.011424149575903401,
    -0.020263538232539013,
    -0.028758819777058617,
    0.035187365049766293,
    0.11650909211655677,
    0.03780327008957562,
    0.023415374804131948,
    0.07125905742074405,
    -0.012839225968056107,
    0.014588617712579936,
    0.015189321249760081,
    0.0490893808027738,
    0.0434834220902788,
    0.04462449812852382,
    -0.005249225316895672,
    0.048499737478468134,
    -0.07092578312825626,
    0.054954783357208506,
    0.05170582922462758,
    0.023244198154272495,
    -0.01960291482248362
  ],
  "sum weights": 1.0000049999750003
}