{
  "mu_target": [
    -0.5,
    0.6000000238418579
  ],
  "mu_model": [
    [
      -0.5013750193469294,
      0.6006480161145684
    ]
  ],
  "diff": [
    [
      0.001375019346929407,
      0.000647992272710507
    ]
  ],
  "sigma_integral": [
    2710069.009172511,
    2009677.3324743966
  ],
  "within_band": [
    [
      true,
      true
    ]
  ],
  "toy_seed": 9,
  "weights": [
    0.04274245947676191,
    0.0739733893340045,
    0.03644880467900433,
    0.04549432292607407,
    -0.05079876579109005,
    -0.006684749466925863,
    0.04820528802405403,
    0.026178308165800405,
    0.046876318309325864,
    0.030712030362876817,
    0.02077838667314777,
    -0.011411469026239494,
    0.03338038050771023,
    -0.051883815486368834,
    -0.03556163356727011,
    0.01438644883922211,
    -0.01096895278352127,
    0.018770449430161956,
    0.05719435387928762,
    -0.035358235468413636,
    -0.04991526759976729,
    0.10788833174210073,
    -0.0312147537126274,
    -0.01655006616455493,
    -0.020585639341870902,
    0.03597318042812508,
    -0.0464771993213441,
    -0.0061763416318423555,
    -0.05808318003166717,
    0.06102978138812454,
    0.030010241081340167,
    -0.01293529058929725,
    0.13001288781278394,
    -0.002838161507644379,
    0.03316483521211242,
    0.05856974624043334,
    0.014416001809685663,
    0.05701076782339217,
    -0.051558565662087504,
    -0.06172057798388745,
    0.02726129073893164,
    -0.0001643733073002381,
    0.10240446766701695,
    0.10203748325366577,
    0.020534896898016002,
    -0.0067075525491073216,
    0.08345393806764721,
    -0.03694438518276495,
    0.03210478181334768,
    0.03640857024912823,
    0.03562984089394037,
    0.035089112149640445,
    0.0648401436531136,
    0.01035159363547004,
    0.04637223137582937,
    -0.04724503378429671,
    0.034265660712500215,
    -0.023132256091434062,
    -0.0194148189295421,
    0.04036471548861066
  ],
  "sum weights": 1.0000043557615224
}