{
  "mu_target": [
    -0.5,
    0.6000000238418579
  ],
  "mu_model": [
    [
      -0.49968193633111835,
      0.600784568097758
    ]
  ],
  "diff": [
    [
      0.00031806366888165183,
      0.0007845442559001325
    ]
  ],
  "sigma_integral": [
    0.0005511621256019207,
    0.0008247447681730111
  ],
  "within_band": [
    [
      true,
      true
    ]
  ],
  "toy_seed": 50,
  "weights": [
    0.01799239579941098,
    0.0817212250107668,
    0.07543107338443406,
    0.06293041043815942,
    0.026702792092230216,
    0.026083655628972476,
    0.03190954335023866,
    0.027085680066455106,
    0.056923107284617816,
    0.019275015525016183,
    0.03797272837890407,
    -0.002396175555426693,
    0.05258378851496835,
    -0.005629851281448271,
    -0.012926132212350288,
    -0.004392634049578493,
    -0.016481027078386487,
    0.002228698187773333,
    0.006847615543868687,
    -0.0335139585585137,
    -0.03459946563646623,
    -0.013830879168831113,
    -0.025446051031610704,
    -0.0025441134490097636,
    0.003201530850837253,
    0.043376887846794256,
    0.047003301702226344,
    0.026457872603390335,
    -0.005299543387705983,
    0.026178341633493373,
    -0.03386259984817607,
    -0.014880046038935444,
    0.04489334898039583,
    0.027021590425683622,
    0.001446621023741697,
    0.06001395973570957,
    0.02113545326341152,
    0.003438636400773159,
    -0.009639623960439863,
    -0.027216825801751072,
    -0.017832235808949364,
    -0.014494275307964804,
    0.044661726078157764,
    0.10273299561044194,
    0.03733676784823973,
    -0.012850766912023373,
    0.062350892840410364,
    0.031217320628066585,
    0.01881688737590299,
    -0.005793722957347519,
    0.04412943860701264,
    0.1090747711980283,
    0.018517041954511954,
    -0.02437341970283179,
    0.04845105196047154,
    -0.06819560024576943,
    0.0517666850166492,
    -0.0060932071159858535,
    -0.004460558354508962,
    -0.0021531393511546033
  ],
  "sum weights": 1.0000049999750003
}