{
  "mu_target": [
    -0.5,
    0.6000000238418579
  ],
  "mu_model": [
    [
      -0.500789460151382,
      0.5994591647703699
    ]
  ],
  "diff": [
    [
      0.0007894601513820376,
      0.0005408590714880424
    ]
  ],
  "sigma_integral": [
    0.0005514155377948741,
    0.0008244193614463567
  ],
  "within_band": [
    [
      false,
      true
    ]
  ],
  "toy_seed": 144,
  "weights": [
    0.01891527700460165,
    0.01310883762567677,
    0.05799209386411241,
    0.11086786817349403,
    0.02417916411986646,
    0.037523091506202,
    0.04117437974341405,
    0.029372636886713852,
    0.016894721253573795,
    0.039925609997618114,
    0.04388734058858005,
    0.005553681485639254,
    0.029246804244252297,
    -0.06092930086464912,
    0.00011420573793203405,
    -0.012160091209715609,
    -0.03851179752463146,
    0.007185424292651182,
    0.05473626092262599,
    -0.03483080183690293,
    -0.006951240751285069,
    0.028828573889531434,
    0.007787911082671179,
    -0.03145607005693305,
    0.00520947751909829,
    0.004095325987376299,
    -0.013128721391944854,
    0.017509301975138433,
    -0.00811797962182795,
    0.08402120376253643,
    -0.011029517389754542,
    -0.03766231882896433,
    0.004611674042710501,
    0.021747307941369906,
    0.02290380044643834,
    0.02258633510379631,
    0.031017203892485034,
    -0.010675594686630895,
    0.004445890671572636,
    0.04680620706501406,
    -0.021828870290207882,
    0.011362313982567864,
    0.04277518736633456,
    0.03057008684352283,
    0.07848295437613136,
    -0.010850493651292972,
    0.059635459347643964,
    0.04515136660158843,
    0.029484812980831953,
    0.020821404692787353,
    0.018324136251815403,
    0.05747624524605626,
    0.04366726874938949,
    -0.0010252795788744475,
    0.04304707790254933,
    -0.02335865720660764,
    0.006537116044248684,
    -0.008761992268009767,
    0.017408550802600797,
    -0.00570786488152832
  ],
  "sum weights": 1.0000049999750003
}