{
  "mu_target": [
    -0.5,
    0.6000000238418579
  ],
  "mu_model": [
    [
      -0.5002769549208619,
      0.6002546706775078
    ]
  ],
  "diff": [
    [
      0.00027695492086188267,
      0.00025464683564990764
    ]
  ],
  "sigma_integral": [
    0.0005510597146788078,
    0.0008311135083315025
  ],
  "within_band": [
    [
      true,
      true
    ]
  ],
  "toy_seed": 264,
  "weights": [
    -0.005025399692477067,
    0.06366025938994178,
    0.06807190493947746,
    0.054504289760496295,
    -0.011580283622085845,
    0.012915728775888789,
    0.02201763722126907,
    0.044861395808110806,
    0.010792121882841553,
    0.0553770593386238,
    0.042383853347649235,
    -0.017291152406564186,
    0.01785800033880592,
    -0.0286223844810433,
    0.009323525775472682,
    -0.0062365355557026155,
    -0.037365788875973964,
    0.03420778876331729,
    0.020552162127600502,
    -0.05425466699466723,
    -0.01747338069759264,
    0.0329441556008705,
    -0.016245315009715107,
    -0.0025426166969457205,
    0.0437092285854603,
    0.05127692940935726,
    0.03913378054352098,
    0.02210389214611896,
    -0.009776241244431895,
    0.0692633155088274,
    -0.013978698588258303,
    -0.029982021480586322,
    0.04151748177954097,
    0.010449474671368546,
    0.03623799552271278,
    0.040620142424389875,
    0.05782986007491823,
    0.010677773450818946,
    0.011768909085623488,
    -0.07312587106659951,
    -0.016788620894050168,
    0.0032871386264816398,
    0.07423620298588898,
    0.08752735169210578,
    0.04444192628067688,
    -0.0001466630002647309,
    0.03271892651274367,
    0.05286775327855339,
    0.020796227660184137,
    0.009565744117338503,
    -0.006924906206435582,
    0.06214978170518963,
    0.04462688631990966,
    -0.025801314134075784,
    0.04410370034080467,
    -0.027474708576025623,
    0.03329017061734235,
    -0.0415586173461114,
    0.0067772134882755335,
    0.0017524966460890261
  ],
  "sum weights": 1.0000049999750003
}