{
  "mu_target": [
    -0.5,
    0.6000000238418579
  ],
  "mu_model": [
    [
      -0.500825083706114,
      0.599724319946506
    ]
  ],
  "diff": [
    [
      0.0008250837061140048,
      0.00027570389535191975
    ]
  ],
  "sigma_integral": [
    0.0005467269407621191,
    0.0008274767270769206
  ],
  "within_band": [
    [
      false,
      true
    ]
  ],
  "toy_seed": 286,
  "weights": [
    0.0495729333152324,
    0.05372189862312759,
    0.10422142280344272,
    0.020496136787042894,
    0.004952684578227905,
    0.04340174478196272,
    0.002655628321473322,
    0.056003972636243314,
    0.019243709266805225,
    0.021843356469779564,
    0.03822848659234391,
    -0.0035493193810545685,
    0.005083034995461616,
    -0.04265679458894348,
    -0.019905395885387502,
    -0.009327516801541405,
    -0.019337617641943725,
    0.007686864016354719,
    0.026138538535650204,
    -0.023987991306881,
    0.004739433038498209,
    0.07390988025123947,
    -0.006117652740062484,
    -0.0006935970274400534,
    -0.0038907650512264207,
    0.03286969137607403,
    0.010889190286572084,
    0.019399535836962672,
    0.0012403819334239716,
    0.049022408040976996,
    -0.0069910202313383215,
    0.000641037500962905,
    0.0183664701008251,
    -0.00012269996268145906,
    -0.004026890373547685,
    0.027403019884922903,
    0.06860523158050258,
    0.011604196486387998,
    -0.008763803405099638,
    -0.027031388634891355,
    -0.009907191615030238,
    -0.006045148277370134,
    0.05389014009696569,
    0.061406739167899106,
    0.07883033610139775,
    0.042168813550577604,
    0.06856762951295563,
    0.03357911577247366,
    0.005314718631791943,
    0.028484099520948512,
    0.04450655713260913,
    0.019058745936895,
    0.02894716083706677,
    -0.047842499611624976,
    0.05147786737158716,
    -0.06606315849983856,
    0.008366111339987704,
    -0.02064306561344159,
    0.008800738739547644,
    0.021568854871144492
  ],
  "sum weights": 1.0000049999750003
}