{
  "mu_target": [
    -0.5,
    0.6000000238418579
  ],
  "mu_model": [
    [
      -0.500579401081332,
      0.6011565403817103
    ]
  ],
  "diff": [
    [
      0.0005794010813320316,
      0.0011565165398523813
    ]
  ],
  "sigma_integral": [
    0.0005509514968583558,
    0.0008254717753222776
  ],
  "within_band": [
    [
      false,
      false
    ]
  ],
  "toy_seed": 234,
  "weights": [
    0.002068909091114713,
    0.02897074909785193,
    0.07624013627249282,
    0.07220228312256209,
    0.016069513170891236,
    0.05213521160598013,
    0.021447615168515,
    0.061808442185518835,
    0.008109589902765271,
    0.00482690816517062,
    0.09072679351463821,
    0.027442209714424345,
    0.039081638190433254,
    -0.03297335528561883,
    -0.01307190114711201,
    -0.004007043822743943,
    -0.0642212164569965,
    -0.0006432334035427496,
    0.058083544480242735,
    -0.016875908556109282,
    -0.0244083609832633,
    0.04289104823039736,
    0.013531667541989917,
    -0.029864413917912527,
    0.04745474278964396,
    -0.005058354680877241,
    0.02368488536064083,
    -0.0048748086604314305,
    -0.012692638377251755,
    0.08466507561978637,
    0.01400958785917465,
    -0.05691576816657246,
    0.06608896891837357,
    -0.011967038509419232,
    -0.012942291560316281,
    0.0057292005255510205,
    0.03388639343481455,
    -0.015946280531565056,
    -0.0389166164425653,
    -0.020639921096206,
    -0.0037736527524859175,
    -0.03328674858851944,
    0.0011706786663231452,
    0.08666866352739207,
    0.04373820922891767,
    0.0578837689790283,
    0.04761115383920943,
    0.04882494625144923,
    0.03339588779339041,
    0.007446809243093017,
    0.0039873626705601685,
    0.08939072355945127,
    0.033439984871827,
    0.011040985049800658,
    0.07512318723624783,
    -0.050257861434219314,
    0.017164784164691922,
    -0.03992391386682255,
    0.014099932475973673,
    0.031124136695222165
  ],
  "sum weights": 1.0000049999750003
}