{
  "mu_target": [
    -0.5,
    0.6000000238418579
  ],
  "mu_model": [
    [
      -0.5012898181725374,
      0.5993077116220233
    ]
  ],
  "diff": [
    [
      0.0012898181725373714,
      0.0006923122198345677
    ]
  ],
  "sigma_integral": [
    10145630.596182883,
    1533906.2196484895
  ],
  "within_band": [
    [
      true,
      true
    ]
  ],
  "toy_seed": 238,
  "weights": [
    0.024900171824734828,
    0.03517943445702951,
    0.10745865923117202,
    0.09316031694311984,
    0.022390367890676038,
    -0.00465673507823211,
    0.000558398660602742,
    0.05271288631070951,
    0.041991609342292444,
    0.010005811617520476,
    0.039368579656580256,
    0.005845286593763007,
    0.04498318907767509,
    -0.046336307963012434,
    -0.043416231006004585,
    0.007068542628225242,
    -0.03461418834539595,
    0.02429537590235782,
    0.03594544209598675,
    -0.02100325145662075,
    -0.03264827858525871,
    0.039991688613859475,
    -0.05350917479810765,
    -0.0021693014161764963,
    0.011827689230242914,
    0.05462545682942026,
    -0.006352873025593127,
    -0.004795420398379024,
    0.008805202591596818,
    0.045120047437587525,
    0.014696120915270255,
    -0.05491648695919157,
    0.02746364594158447,
    0.011480231209532694,
    -0.02954183607175267,
    0.043152626156269955,
    0.0535317055940862,
    0.016226023752298407,
    -0.009585341065768164,
    -0.016691734184107715,
    -0.015278780657966111,
    0.013358351040388907,
    0.08930516631251277,
    0.11558295654603763,
    0.004212806682584134,
    0.014878640552097793,
    0.05389273200000231,
    -0.052774003396650386,
    0.04294696208543032,
    0.01932726792128633,
    0.008965603042105563,
    0.023911218397897293,
    0.05849335387802911,
    -0.02210911208397683,
    0.04731694416524929,
    -0.035932512502098425,
    0.03512867243677116,
    0.030458145633712734,
    0.028616070665358963,
    0.027156564104096177
  ],
  "sum weights": 1.0000043969734622
}