{
  "mu_target": [
    -0.5,
    0.6000000238418579
  ],
  "mu_model": [
    [
      -0.5004222894171845,
      0.6010701849890101
    ]
  ],
  "diff": [
    [
      0.00042228941718447377,
      0.0010701611471521932
    ]
  ],
  "sigma_integral": [
    589660.2304034719,
    862938.1648961718
  ],
  "within_band": [
    [
      true,
      true
    ]
  ],
  "toy_seed": 237,
  "weights": [
    0.01775104921300299,
    0.030261988188041416,
    0.04979444636424826,
    0.0860242004480697,
    -0.019028557693165752,
    0.008142896057630881,
    0.047341302298965174,
    0.032500334691013134,
    0.02206930772792377,
    -0.021580377689376685,
    0.03330415859765816,
    0.005769640634816926,
    0.030888642996480246,
    -0.06030992886656578,
    0.003444215333656631,
    -0.010303927087087893,
    0.0014187714834532524,
    -0.020527171448505563,
    0.0321005053854037,
    -0.039879717828944394,
    -0.029569724258617928,
    -0.015223922106151656,
    -0.03649678797545154,
    0.013836955363278716,
    -0.008434303560869633,
    0.05596678012173022,
    0.06800641194641333,
    0.012743483484143944,
    -0.03347330698415573,
    0.054948813708835316,
    -0.07913140778682064,
    -0.05437383740223588,
    0.11146526629136613,
    0.04692989536002264,
    0.002155521779478209,
    -0.006115943700939766,
    0.041376602575293665,
    -0.008360365247756843,
    -0.00446827293598253,
    -0.007929908672833642,
    -0.027920010836301398,
    -0.016085996824860553,
    0.08271114658627181,
    0.05961943588278458,
    0.025403907314099198,
    -0.017188997845362434,
    0.07744482476713668,
    0.08155304801893072,
    0.024462303119284566,
    0.05468652582764062,
    0.03543524615999204,
    0.11503737575212117,
    0.07597139821392092,
    0.04016806142819799,
    0.11193527267961029,
    -0.05585507474091835,
    -0.02103019699139751,
    -0.0472092479899316,
    0.013158081776767288,
    0.03467355146087746
  ],
  "sum weights": 1.0000043825643279
}