{
  "mu_target": [
    -0.5,
    0.6000000238418579
  ],
  "mu_model": [
    [
      -0.5006003793937792,
      0.5999502084980691
    ]
  ],
  "diff": [
    [
      0.0006003793937792157,
      4.981534378878383e-05
    ]
  ],
  "sigma_integral": [
    898387.3143046943,
    1249882.9358892336
  ],
  "within_band": [
    [
      true,
      true
    ]
  ],
  "toy_seed": 179,
  "weights": [
    0.008362958925684926,
    0.0374143109495343,
    0.08972968422126176,
    0.05055841301352637,
    0.0038940031974608303,
    0.0382957150452898,
    0.028708100293199673,
    0.026220571453665877,
    0.009252672212351296,
    0.014738892883628356,
    0.08188298078464949,
    0.0011609754114259858,
    0.054025389159399535,
    -0.08475916341634376,
    0.015455741950103198,
    0.003253390526004706,
    -0.037016993849536134,
    0.023938736329982595,
    0.022801853874581845,
    -0.04982259784574242,
    -0.0018535118871245981,
    0.029938141098958856,
    -0.009321352800269848,
    -0.018732184120770014,
    0.007942004944732106,
    0.1058894786412121,
    0.005277433938275784,
    0.002531954144361848,
    -0.015724351337918663,
    0.052708725774682406,
    0.002228975872580717,
    -0.05123935307393068,
    0.07372912208546249,
    0.016642512139379614,
    0.05365277181151086,
    0.02971144151455497,
    0.01595363567240872,
    0.04252055499725803,
    -0.02797465155096012,
    -0.03718187673368881,
    -0.04177227901281474,
    0.040717757023912414,
    0.04069088568397989,
    0.09015404937688976,
    0.05785063756206542,
    -0.018483874680890043,
    0.03889838762212846,
    0.07501544998913118,
    0.0002031194712735082,
    0.039285431314710934,
    -0.061283322862371904,
    0.024291620226984424,
    0.05784270275190096,
    -0.006445190177104433,
    0.05249713786644217,
    -0.05594991963776308,
    0.0605672899464246,
    -0.04192388789735722,
    0.01793337677922322,
    0.015119905240731538
  ],
  "sum weights": 1.0000043828383411
}