{
  "mu_target": [
    -0.5,
    0.6000000238418579
  ],
  "mu_model": [
    [
      -0.49944658431880756,
      0.5986493234809649
    ]
  ],
  "diff": [
    [
      0.0005534156811924373,
      0.0013507003608930201
    ]
  ],
  "sigma_integral": [
    0.0005434418046568289,
    0.0008289796826467568
  ],
  "within_band": [
    [
      false,
      false
    ]
  ],
  "toy_seed": 12,
  "weights": [
    -0.01653656838074833,
    0.016502443090020188,
    0.024128393839550167,
    0.030235815139578716,
    0.014473820632244385,
    0.05839710083398326,
    0.03814033329831242,
    0.02127023332826555,
    0.0047162506959586015,
    -0.03158691936992137,
    0.05199439014674738,
    -0.030268232266805084,
    0.05606665282831106,
    -0.0499995254440851,
    0.02110820277108229,
    -0.0037901549708679984,
    -0.017962904493402407,
    -0.0126437909985376,
    -0.020383067621300155,
    -0.06521829356575454,
    -0.012024210705510996,
    0.014827299900817888,
    -0.04066740027465335,
    0.044219787223824775,
    0.01908776026316158,
    0.08102840212982772,
    0.018494133908007977,
    0.021413043474222845,
    -0.024007457729833894,
    0.07616549272444728,
    -0.0026935382036663296,
    -0.02866769701826848,
    0.12140231240687104,
    0.04916563448227808,
    0.022899245564544563,
    0.027900777235539652,
    0.051204714808467604,
    0.03395461654552045,
    0.0342469623508979,
    0.02243455893788635,
    -0.03443532680962993,
    -0.006190736678703844,
    0.029158069517734895,
    0.08613748596269988,
    0.027162269211293447,
    -0.010044055631897466,
    0.012641241524131923,
    0.010583189982644884,
    0.04808985539563566,
    0.024403155884194592,
    0.0017234550781288637,
    0.02693156632345622,
    0.039753828642534315,
    -0.017793637109124412,
    0.11272049629869264,
    -0.01554080124388734,
    0.0229896894235156,
    -0.03447855473020023,
    0.04692659248556575,
    0.010238598931200799
  ],
  "sum weights": 1.0000049999750003
}