{
  "mu_target": [
    -0.5,
    0.6000000238418579
  ],
  "mu_model": [
    [
      -0.5005296099596599,
      0.5998138678924032
    ]
  ],
  "diff": [
    [
      0.0005296099596598935,
      0.0001861559494547027
    ]
  ],
  "sigma_integral": [
    0.0005507012514645063,
    0.0008168910400050168
  ],
  "within_band": [
    [
      true,
      true
    ]
  ],
  "toy_seed": 287,
  "weights": [
    0.026091711990892025,
    0.023955843761703396,
    0.045937589227409904,
    0.04133702161698589,
    -0.0015550939237714654,
    0.016460629352259063,
    -0.008280746341760629,
    0.04160862390128954,
    0.05046999404667468,
    0.021091347217899202,
    0.06292029166869324,
    0.0045586705506755745,
    0.04150229715629135,
    -0.02355444620199459,
    -0.004416638332543145,
    -0.03663486905329258,
    -0.01977016994072532,
    -0.01165642409464915,
    -0.0026935154518654024,
    -0.032338893157957814,
    0.021031797434974298,
    0.05991396566117712,
    -0.022884915962973717,
    0.01996812028546177,
    0.014467163789033281,
    0.06316833836870446,
    0.05031375608736022,
    0.027928361927642534,
    -0.025868703069359893,
    0.019520527077394472,
    0.008689938229570093,
    -0.059286812403801466,
    0.029896151843009477,
    0.01935582003112044,
    0.01400143442459296,
    0.02053210872306234,
    0.033848503514024526,
    0.024882164987163124,
    0.008528732981669252,
    0.007153953085327525,
    -0.02356550758621058,
    -0.00023340884436468353,
    0.04331574775624259,
    0.08250348846538609,
    0.06563892481240373,
    0.028944658693062925,
    0.09247655840404605,
    0.01217031774912596,
    0.00877617077446002,
    0.018380821231247894,
    0.042397071708898705,
    0.04436794666940795,
    0.021876055522316848,
    0.005182311735306265,
    0.036824477742090564,
    -0.05224759387857759,
    -0.013932757651648142,
    0.007899679884904136,
    -0.001329258557342993,
    0.010365664336878182
  ],
  "sum weights": 1.0000049999750005
}