{
  "mu_target": [
    -0.5,
    0.6000000238418579
  ],
  "mu_model": [
    [
      -0.5007551386213819,
      0.6011556640069808
    ]
  ],
  "diff": [
    [
      0.0007551386213818789,
      0.0011556401651229287
    ]
  ],
  "sigma_integral": [
    0.0005527563934961358,
    0.0008337431360728861
  ],
  "within_band": [
    [
      false,
      false
    ]
  ],
  "toy_seed": 124,
  "weights": [
    0.005838192809277131,
    0.029307904835820516,
    0.04308968959923602,
    0.07456012225598431,
    -0.0007464011273369682,
    0.03749294352144879,
    0.04666105858570899,
    0.09750465224942272,
    -0.013208816500857036,
    0.015472586214059949,
    0.0674851152813399,
    0.0059548505609595785,
    0.012010364351817685,
    -0.019493806069944407,
    0.03379846067570405,
    0.012564783377336386,
    -0.06479589475528702,
    -0.007259417499349918,
    0.08187422914314287,
    -0.03178091369379293,
    0.008254332241268656,
    0.021380270169733855,
    -0.010315991458913945,
    -0.025541759742878558,
    0.036883194993085185,
    0.023168771896190796,
    0.03209218698998617,
    0.023293619956249047,
    -0.04698102791911471,
    0.03451285620104345,
    -0.008763478223886102,
    -0.011932692780372482,
    0.034936464178823734,
    -0.005751617542777385,
    0.029901248302753345,
    -0.023737683482403422,
    0.02670361555901699,
    0.009328949005600105,
    -0.0025990218812618664,
    -0.03943881555798493,
    0.0491893832506494,
    -0.00764821650080815,
    0.015882885508511184,
    0.0500539854734429,
    0.05843911351357516,
    -0.01482141525369809,
    0.08962681322492566,
    0.03959795201388154,
    0.030788698149682905,
    0.05560456466173844,
    0.0015321700439050651,
    0.03241557524144194,
    0.0024669291404167404,
    -0.0020984122797301505,
    0.07138440250285646,
    0.017630497181597406,
    -0.004025648395085318,
    -0.04912086927281054,
    0.003061617190643492,
    0.028321849861015082
  ],
  "sum weights": 1.0000049999749996
}