{
  "mu_target": [
    -0.5,
    0.6000000238418579
  ],
  "mu_model": [
    [
      -0.5005159578129962,
      0.6007808318021588
    ]
  ],
  "diff": [
    [
      0.0005159578129961817,
      0.0007808079603008888
    ]
  ],
  "sigma_integral": [
    0.0005457621196132647,
    0.0008271647403987173
  ],
  "within_band": [
    [
      true,
      true
    ]
  ],
  "toy_seed": 272,
  "weights": [
    0.05156830139005805,
    0.03745919882566039,
    0.09688638302025337,
    0.06883631317264978,
    0.0037029284185885157,
    0.04751757583924724,
    0.016501370975390724,
    0.0027404616781864974,
    0.03283008252639725,
    0.016295680491375204,
    0.09040011915796109,
    -0.0191800848163412,
    0.016174996258294976,
    -0.020531600932672752,
    0.016054399048247483,
    0.006438845613583127,
    -0.03450147790138439,
    0.011664431183457844,
    -0.01452954875094743,
    -0.042539480211620705,
    0.002110760492541047,
    0.04948591793512114,
    0.003032186340368181,
    0.03468457122899324,
    0.013546436361907716,
    0.051332770135304774,
    -0.03797838982994132,
    -0.012214780340171814,
    -0.061521744600770444,
    0.02589654292558696,
    -0.007496549956863021,
    0.007191742758535271,
    0.057624170196768396,
    0.032276727059867096,
    0.04717653159146959,
    0.07090637423784202,
    0.04710002692919754,
    -0.04766865087598914,
    0.01447542879138907,
    -0.06709361599387835,
    -0.015945917946565965,
    -0.007625178693926694,
    0.056551945707038635,
    0.12600235430370166,
    0.034243631605148143,
    -0.010271784644396056,
    0.0737178963714652,
    0.03519453324903934,
    0.007819483101393139,
    0.03792408111053335,
    -0.004259737117038903,
    0.010318780049660555,
    0.022816767659109016,
    0.016332307374448723,
    0.021470571194775825,
    -0.08479998233867772,
    0.03529949965573952,
    0.04618441748639503,
    -0.010102057124132638,
    0.002478038597626971
  ],
  "sum weights": 1.000004999975
}