{
  "mu_target": [
    -0.5,
    0.6000000238418579
  ],
  "mu_model": [
    [
      -0.5015306435738365,
      0.5993856503881213
    ]
  ],
  "diff": [
    [
      0.0015306435738364765,
      0.0006143734537366052
    ]
  ],
  "sigma_integral": [
    7020162.5567132505,
    6378253.980949003
  ],
  "within_band": [
    [
      true,
      true
    ]
  ],
  "toy_seed": 111,
  "weights": [
    0.014973677359186447,
    0.04101138814821991,
    0.0666090942476307,
    0.06391600894600907,
    -0.013161080355057586,
    0.04048556942125459,
    0.02478892856412751,
    -0.030676490474270457,
    0.032390860273467055,
    0.049451280702060355,
    0.0727321756447455,
    0.00417758773762884,
    0.03921149261626775,
    -0.03405402580944916,
    -0.030398284265485277,
    0.01496614396900556,
    0.02572460689209406,
    0.031062517358039304,
    0.02603224538138628,
    -0.039707598024661436,
    -0.005209941549035647,
    -0.023497157972238236,
    -0.010513250731369078,
    -0.038021040433544505,
    0.00923262565362457,
    0.0380388297859902,
    0.05857435386039069,
    0.04531904216651628,
    -0.024211969152655433,
    0.03550569945869987,
    -0.02412136728885138,
    -0.08804321690033963,
    0.07231076530634176,
    0.06301603012267051,
    -0.007712385289136464,
    0.034447338274188,
    -0.0005459585070890767,
    0.002171835718193894,
    -0.011276920785524672,
    -0.0029302675415448062,
    -0.0248722682627785,
    0.01594036546706887,
    0.11192571880590202,
    0.0654356782961796,
    0.03619376664800915,
    -0.016346518284983975,
    0.028924733086989864,
    0.045884129799858564,
    0.03361957071993714,
    0.04693190222460593,
    0.05552957213938614,
    -0.0024671242791532598,
    0.038116417736044926,
    -0.04036482168875913,
    0.047029693722895935,
    -0.056248480473655674,
    0.023756849594529006,
    0.025292956976970368,
    0.009902539446454675,
    0.03375059323409969
  ],
  "sum weights": 1.0000044174370872
}