{
  "mu_target": [
    -0.5,
    0.6000000238418579
  ],
  "mu_model": [
    [
      -0.5005603177622671,
      0.6000597317869334
    ]
  ],
  "diff": [
    [
      0.0005603177622670596,
      5.970794507548227e-05
    ]
  ],
  "sigma_integral": [
    0.0005508945774743665,
    0.000828444064023053
  ],
  "within_band": [
    [
      false,
      true
    ]
  ],
  "toy_seed": 77,
  "weights": [
    0.040886244333188576,
    0.01644125540152751,
    0.09238325446384581,
    0.06931703732906556,
    0.024137682963557984,
    0.029474367847157328,
    0.01912681307252192,
    0.026033957289492395,
    0.00911640118383042,
    0.005095145146407434,
    0.03772282077995506,
    0.028723626832176396,
    0.03678450454624736,
    -0.05801232055937561,
    -0.026311631757449536,
    0.030527951800825712,
    -0.025711708497515286,
    -0.014042696191520595,
    0.01496877225996316,
    -0.011260534129184272,
    -0.005980477857922535,
    -0.012280005954132056,
    -0.0027323951907696365,
    -0.05217421216234235,
    -0.0033597832522707124,
    0.048884480597002566,
    0.04239403835519577,
    0.02412962632287321,
    -0.019413790442154917,
    0.031116654823271424,
    0.03593113835889972,
    -0.05488549729325609,
    0.08631743296485857,
    0.018365964626782628,
    0.025748958990740263,
    0.028407455777803212,
    0.014996056254790948,
    -0.0005435866178488498,
    -0.023388462935389112,
    0.03354239399704834,
    -0.015679706738378995,
    -0.017146179085859806,
    0.010772966787123481,
    0.06384558592657019,
    0.020996404251493683,
    -0.010074999708574851,
    0.06144401184203247,
    0.047647558992505605,
    0.03238835337639828,
    0.040414856114019945,
    0.050524984394815856,
    0.04861141414862255,
    0.04921815098970454,
    0.042240901746024406,
    0.04031649356376484,
    -0.05122347930610941,
    0.017017733143488756,
    -0.006045852724608607,
    0.0359196373680457,
    -0.021660768583976146
  ],
  "sum weights": 1.0000049999750005
}