{
  "mu_target": [
    -0.5,
    0.6000000238418579
  ],
  "mu_model": [
    [
      -0.5002368413010124,
      0.60156735968087
    ]
  ],
  "diff": [
    [
      0.00023684130101242484,
      0.0015673358390121406
    ]
  ],
  "sigma_integral": [
    1453570.0750368675,
    3204170.6813094327
  ],
  "within_band": [
    [
      true,
      true
    ]
  ],
  "toy_seed": 244,
  "weights": [
    -0.03996608267830832,
    0.08429980569364322,
    0.07538944177185353,
    0.07430268109769095,
    0.020078308457396766,
    0.06489925051472524,
    0.0652770818177,
    0.0409045817216133,
    0.06151699795884773,
    0.057945772991192614,
    0.052233148217402124,
    0.006806220395843195,
    0.0286415832871764,
    -0.07778557517624465,
    -0.02598836621372641,
    0.0046884076448731795,
    -0.028438714824810033,
    0.014147824457001494,
    0.03544070698778261,
    0.0046671887005070465,
    -0.023075726376378003,
    0.03278880649014133,
    -0.04041476358427705,
    -0.01877517692021924,
    0.0048700838849227435,
    0.006859780395388507,
    0.05255356618620017,
    0.00979326747746905,
    -0.06435298089010504,
    0.020202861845782256,
    -0.044162866513944195,
    -0.010798178032435766,
    0.07554968329206649,
    0.02340048264345297,
    -0.00762083497721081,
    -0.01776370131835221,
    0.066578483662856,
    -0.0366875133843098,
    -0.02789028228561271,
    0.017781888913055145,
    -0.0458483757644976,
    -0.012226003667600478,
    0.07896538371423131,
    0.09824190262763112,
    0.10538775202006326,
    -0.02093580390452212,
    0.04085761084789597,
    0.05501318130241833,
    0.0438321918042218,
    0.026434420024094324,
    -0.015886839747536415,
    0.049255412669538375,
    0.03669945239923874,
    0.015369802548592017,
    0.04610238312117744,
    -0.03358245481316813,
    -0.003511760088148935,
    -0.012992482557611474,
    0.005409496095589849,
    0.005521994056155085
  ],
  "sum weights": 1.0000044060184123
}