{
  "mu_target": [
    -0.5,
    0.6000000238418579
  ],
  "mu_model": [
    [
      -0.5003127038282069,
      0.5997566310440989
    ]
  ],
  "diff": [
    [
      0.0003127038282069172,
      0.00024339279775897893
    ]
  ],
  "sigma_integral": [
    0.0005454980167123005,
    0.0008228575959123333
  ],
  "within_band": [
    [
      true,
      true
    ]
  ],
  "toy_seed": 160,
  "weights": [
    -0.03957432498742596,
    0.048327557653727274,
    0.049484116168696746,
    0.1035284573170886,
    0.010151130364774217,
    0.05391611056043011,
    0.022688179378245882,
    0.0021766227509593936,
    0.000790822174129577,
    0.013460027150768576,
    0.028960362137853076,
    -0.020566268213857486,
    0.07143210761618997,
    -0.05499863204680736,
    0.023695649289998493,
    0.0021374007914889376,
    0.0100041895577241,
    -0.02478829196361067,
    -0.016016436039263855,
    -0.007233617326802818,
    -0.02079359687199875,
    0.02622040849862716,
    -0.03988207819690012,
    0.017308214355356066,
    0.008924747030995408,
    0.04113384439433196,
    0.033663070211874556,
    0.01733389123954704,
    -0.02706164782936963,
    0.10366724485399188,
    0.00937343641906137,
    0.008326389167892165,
    0.07092225824341226,
    0.01449821245797476,
    0.018195160731526935,
    0.0351302322447447,
    0.05333522404828137,
    0.04166810169462324,
    0.028759952431527975,
    -0.03283888213002025,
    -0.03103587388365189,
    0.0011457064722291985,
    0.05949963821576871,
    0.10831943813020055,
    0.045288493626053736,
    -0.010727332886921882,
    0.03051199005345272,
    -0.0031639484964201717,
    0.029127513019851503,
    0.0102698435366783,
    0.010051566922044437,
    0.001426980097332385,
    0.008376809380832998,
    -0.0445046290603829,
    0.0831309289169096,
    -0.05051438935677988,
    0.04404730667707002,
    -0.0077708178429303654,
    0.03264562535970059,
    -0.0015791942358242877
  ],
  "sum weights": 1.0000049999750003
}