{
  "mu_target": [
    -0.5,
    0.6000000238418579
  ],
  "mu_model": [
    [
      -0.5006554159152085,
      0.6012486009035242
    ]
  ],
  "diff": [
    [
      0.0006554159152084571,
      0.0012485770616662561
    ]
  ],
  "sigma_integral": [
    0.0005504841941064826,
    0.0008267694929923459
  ],
  "within_band": [
    [
      false,
      false
    ]
  ],
  "toy_seed": 44,
  "weights": [
    0.019065957171090397,
    -0.03591595927379021,
    0.07165008489279115,
    0.07850761163061694,
    0.003770250736174506,
    0.085257319432021,
    0.034612743236931295,
    0.06833664833443502,
    0.053617069342956014,
    0.05967887815759259,
    0.05784737484617353,
    -0.027576990681686286,
    0.051264881616606875,
    -0.033673703126635875,
    0.0003483587899351503,
    0.05864494857328168,
    -0.06075917545551048,
    0.01745345885838916,
    0.032231431364435015,
    -0.009725649800573943,
    0.00778406001303799,
    0.027061862148338545,
    0.014120839030885407,
    -0.021598067248440152,
    -0.013273767053435016,
    0.05044847865407544,
    0.04820455740617223,
    0.06343109160557091,
    -0.011536807175516695,
    0.033847553681511024,
    -0.02522064759225346,
    -0.02555737822282032,
    0.03291485688575335,
    -0.008380216047962045,
    0.010912621249105569,
    -0.0038591897479679075,
    0.02190029415223691,
    -0.048167558245576635,
    0.025414491411851897,
    -0.06843326014637849,
    -0.002002514755483976,
    -0.030697445466227675,
    0.04454289835530929,
    0.06487095294513828,
    0.07524977432640956,
    0.018891215265947472,
    0.06477294630290345,
    0.021088317511706423,
    0.004988215281936088,
    -0.017272194950405235,
    0.020020148982918467,
    0.028365293682471565,
    0.020545296121947325,
    -0.008300609506066042,
    0.02683597643234288,
    -0.030164285037478582,
    0.01522146995009254,
    0.01269181252987499,
    0.017707830121264513,
    0.018000548476976592
  ],
  "sum weights": 1.000004999975
}