{
  "mu_target": [
    -0.5,
    0.6000000238418579
  ],
  "mu_model": [
    [
      -0.5017531850719181,
      0.5996043783634969
    ]
  ],
  "diff": [
    [
      0.0017531850719181286,
      0.0003956454783610175
    ]
  ],
  "sigma_integral": [
    0.0005550021448258616,
    0.0008301332194275991
  ],
  "within_band": [
    [
      false,
      true
    ]
  ],
  "toy_seed": 253,
  "weights": [
    0.008623698561232266,
    0.03623171224709536,
    0.05400719894627565,
    0.06409726398617466,
    0.012794866935728436,
    0.02415286118732379,
    0.024190797330848942,
    0.05637793944413012,
    0.03592025064048505,
    -0.017624839239682062,
    0.04193619068242955,
    0.013239618385177374,
    0.035398339962931256,
    -0.013646532001486092,
    0.013394270916136496,
    0.005632499311097476,
    -0.0397580869209984,
    -0.0023004796915969757,
    0.020036958426933864,
    -0.033203127670237906,
    -0.0039017039130242047,
    0.05166374108841429,
    -0.009349375344590174,
    -0.004388500149362382,
    -0.0025116414776000053,
    0.053060941420938035,
    0.0031757878514362607,
    0.008639557409867812,
    0.013201321507872624,
    0.04621947718764203,
    0.01095005455815297,
    -0.0435678174344223,
    0.02380413271475453,
    0.0026449887832565716,
    0.01861778294150849,
    0.0002285827821505435,
    0.04029777589495004,
    -0.014070781676468828,
    -0.013279717858100332,
    -0.010020502919156052,
    -0.032108384938564834,
    0.01679998386158128,
    0.07438258674134025,
    0.10895465631072777,
    0.08846785702175759,
    -0.00172560248144593,
    0.0620534989708562,
    -0.014312358217139212,
    0.03027680589053845,
    0.02859261909295718,
    0.05104974249582163,
    -0.021752646421236376,
    0.04170977251759696,
    0.006327272341252692,
    0.024551509762418443,
    0.01280149348407151,
    0.007830873874235098,
    -0.019057014100307794,
    0.040414804662047825,
    -0.016167975701727445
  ],
  "sum weights": 1.000004999975
}