{
  "mu_target": [
    -0.5,
    0.6000000238418579
  ],
  "mu_model": [
    [
      -0.5005209651293052,
      0.6010862023978022
    ]
  ],
  "diff": [
    [
      0.0005209651293052175,
      0.0010861785559442838
    ]
  ],
  "sigma_integral": [
    1768827.1409837846,
    2346184.618959413
  ],
  "within_band": [
    [
      true,
      true
    ]
  ],
  "toy_seed": 256,
  "weights": [
    0.01358238203730082,
    0.05892508572183023,
    0.10070020661186552,
    0.07782132895911059,
    0.014689275501881295,
    0.04420596557085352,
    0.026042976227907442,
    0.03778715350354945,
    0.043674537610808695,
    0.020667071057802473,
    0.05914126383658587,
    0.032813740075155653,
    0.032959448312695365,
    -0.06655933702906904,
    -0.0007192469651528449,
    0.030629180127390517,
    -0.012932452540539948,
    -0.015148880098397747,
    0.03569479886426781,
    -0.020135414378883526,
    -0.02939468661407357,
    0.01005455718493011,
    -0.023097670694137543,
    -0.007242219720142837,
    0.015620233421832245,
    0.05901425939015036,
    0.011185520152407594,
    0.008433673807546116,
    -0.03648638118264919,
    0.05720092293595362,
    -0.02937775072007582,
    -0.014633800768092694,
    0.0567493147014261,
    0.03497232799461451,
    0.039488164281003844,
    0.016535439817182144,
    0.0018589465046535967,
    -0.027672275877317104,
    -0.01833407116251525,
    -0.013186566006120878,
    -0.018241301370586303,
    0.028805595565554603,
    0.01618029231846922,
    0.10407750062788895,
    0.04193679783323196,
    0.018401740368765154,
    0.051798454519385195,
    -0.00028429125315856073,
    0.03358362374125503,
    0.02745163464080416,
    0.008780319179807107,
    0.023753789775092765,
    0.033789140110926985,
    0.003825750217707117,
    0.0472531807084681,
    -0.061970179263579755,
    -0.010490613564303999,
    -0.017156525353792963,
    0.030274033945459005,
    0.012708422121115207
  ],
  "sum weights": 1.0000043853220466
}