{
  "mu_target": [
    -0.5,
    0.6000000238418579
  ],
  "mu_model": [
    [
      -0.5005365350677343,
      0.6015033612890412
    ]
  ],
  "diff": [
    [
      0.0005365350677343228,
      0.0015033374471833394
    ]
  ],
  "sigma_integral": [
    0.0005497929036840286,
    0.0008238090619640753
  ],
  "within_band": [
    [
      true,
      false
    ]
  ],
  "toy_seed": 95,
  "weights": [
    -0.024156120069421357,
    0.02365016360667896,
    0.036498178430664614,
    -0.0022972399074273234,
    0.011421734875901157,
    0.048733297943672066,
    0.017968264486123174,
    0.05890660196328907,
    0.0190263665894416,
    0.0016617757561846625,
    0.05650711801252105,
    -0.034106631917617314,
    0.03508597653531413,
    -0.025875543782689633,
    -0.017041550934038578,
    -0.011628843958926683,
    -0.002341958700981255,
    0.025039828085180193,
    -0.007352021443396839,
    -0.016226942162928124,
    0.010669244754377931,
    0.03154233827972207,
    -0.01485451744030981,
    0.027730920346184205,
    0.027554960129995528,
    0.03569444589071224,
    0.05396500994239398,
    0.04321911094397756,
    -0.04228209063376541,
    0.033922392432774756,
    -0.001978545201279646,
    -0.01464987031667267,
    0.04763758580864295,
    -0.02314962929948264,
    0.026229246557873762,
    0.014991401703859271,
    0.004664045580870983,
    0.00589847287504826,
    0.013677310343089976,
    -0.03520368456782255,
    0.0012763966187162175,
    0.03451415592425929,
    0.08024946937136845,
    0.08586655711239265,
    0.032749444932642584,
    0.016370451040617212,
    0.07136324362840168,
    0.03273102989630769,
    0.0103649788374492,
    0.010629150573784121,
    0.029845955141992002,
    0.030966554340410693,
    0.05550956306145273,
    0.029529481446157635,
    0.0790642172911895,
    -0.01482540209641143,
    -0.003891018820096931,
    -0.03366695454284116,
    -0.004356420420002848,
    0.016963545099476153
  ],
  "sum weights": 1.0000049999749998
}