{
  "mu_target": [
    -0.5,
    0.6000000238418579
  ],
  "mu_model": [
    [
      -0.5009326507171245,
      0.6000077339433773
    ]
  ],
  "diff": [
    [
      0.0009326507171244502,
      7.710101519342594e-06
    ]
  ],
  "sigma_integral": [
    0.0005485810089641164,
    0.0008242193632976016
  ],
  "within_band": [
    [
      false,
      true
    ]
  ],
  "toy_seed": 136,
  "weights": [
    0.030606459590474845,
    -0.019552312391243963,
    0.07553310253376812,
    0.1175312394446144,
    0.018974387605380397,
    -2.7831956536936266e-05,
    0.012150822939235053,
    0.019434144010353236,
    -9.399118799742462e-05,
    0.015586940194682175,
    0.02751888207839501,
    0.004809853378262495,
    0.035580541065937984,
    -0.06835107423792575,
    -0.04690768042224844,
    0.013358187695763121,
    -0.012296618200421331,
    0.0035047778369178715,
    0.012958279701242843,
    -0.010485140628112694,
    0.0016473055193827885,
    0.04443852044568515,
    -0.028401494654652054,
    0.020772805608429465,
    -0.01815550646122526,
    0.028810502111890107,
    0.009445707572467288,
    0.019112932948386032,
    -0.006940451203391663,
    0.06607081727343464,
    0.01947145836158544,
    -0.0323326952374584,
    0.039339262686233036,
    0.02622513768849429,
    0.04435554572835717,
    -0.01636532714237833,
    0.04833457609850166,
    0.0346679302023674,
    -0.005949536848867614,
    0.008871145730246657,
    -0.016474142451422435,
    0.0013934667286096471,
    0.047278661659049336,
    0.09989211672671885,
    0.09005415117498299,
    0.015278329413015502,
    0.0007192577853659753,
    0.01835810387318712,
    -0.006871055666265033,
    0.0323499692339655,
    0.035921615103171954,
    0.056038755913781414,
    0.04552534558609513,
    -0.00881113759788993,
    0.05768726918123048,
    -0.05465650157468782,
    0.030498251249663075,
    0.023002060840170414,
    0.01917778470222223,
    -0.019608907383992943
  ],
  "sum weights": 1.0000049999750005
}