{
  "mu_target": [
    -0.5,
    0.6000000238418579
  ],
  "mu_model": [
    [
      -0.5003732164815986,
      0.6008524391728636
    ]
  ],
  "diff": [
    [
      0.0003732164815986039,
      0.0008524153310056626
    ]
  ],
  "sigma_integral": [
    1816352.0229173317,
    17096139.78100947
  ],
  "within_band": [
    [
      true,
      true
    ]
  ],
  "toy_seed": 25,
  "weights": [
    -0.019959715360719856,
    0.06649808907673398,
    0.06164355414305297,
    0.03925655430250483,
    0.017425865920170456,
    0.07698101191341288,
    0.022460488658451124,
    0.057012842506715455,
    0.0433168190718451,
    -0.0016219822378340607,
    0.06777563941117903,
    0.011191886470149254,
    0.0482895883259562,
    -0.0429217153971756,
    -0.025892048421229618,
    -0.022417081201194025,
    -0.0427684221336822,
    -3.2511082753416696e-05,
    0.03453632545751125,
    -0.026173979079456983,
    -0.006151347364807016,
    0.05119748418475681,
    -0.03091151502581443,
    -0.05159211725266071,
    0.014131645648935407,
    0.02920877093745332,
    0.06982928731958778,
    -0.028993708971634717,
    -0.04527833765459728,
    -0.03527372700822311,
    0.032367024257369426,
    -0.039534161895541785,
    0.0674147379064258,
    0.04350419281391129,
    0.0005351563372157964,
    0.04372532436184028,
    0.01768001932961896,
    0.003623125374233485,
    -0.0033108634569527138,
    0.021726120843000567,
    -0.0040257733320017055,
    0.008460351259226827,
    0.06313818060042212,
    0.05493861556362256,
    0.008408450396521626,
    0.01213059068856578,
    0.026919826817680646,
    0.005291606250142541,
    0.014009853556400059,
    0.05762068558111667,
    0.043019911157176356,
    0.01801300974449009,
    0.02581628355922175,
    0.03697237795953264,
    0.03396299342426564,
    -0.02663302081413792,
    0.015323176237406054,
    -0.011318135957499802,
    0.03622072243042796,
    0.06323639180436695
  ],
  "sum weights": 1.0000044179547007
}