{
  "mu_target": [
    -0.5,
    0.6000000238418579
  ],
  "mu_model": [
    [
      -0.5005009662484283,
      0.5998068332538778
    ]
  ],
  "diff": [
    [
      0.000500966248428325,
      0.00019319058798006328
    ]
  ],
  "sigma_integral": [
    0.0005524785815093776,
    0.0008293809798809884
  ],
  "within_band": [
    [
      true,
      true
    ]
  ],
  "toy_seed": 14,
  "weights": [
    0.033333386610110406,
    0.01127701013769554,
    0.07430789248617954,
    0.09198189419873062,
    0.014611174614704799,
    0.04180859265192109,
    0.008798161819410177,
    -0.004544727141622605,
    0.06556144517702643,
    -0.0038934000755429113,
    0.07258365717876014,
    -0.000557610008863083,
    0.016406155139214642,
    -0.05826340100647809,
    -0.0002860208597379197,
    -0.020011338853868976,
    -0.00185957501520113,
    0.014156803533188987,
    -0.009901615629548933,
    -0.03717844111452508,
    -0.033332453029675586,
    0.05149963826200667,
    -0.02627961263620422,
    0.010894686930751041,
    -0.002197329085912025,
    0.05352945428931677,
    0.008807430064761973,
    0.028455719051374978,
    -0.006975966520857077,
    0.03017351059600208,
    0.007829270085500085,
    -0.04689988023155637,
    0.06931689159378794,
    0.038476475612995276,
    0.04200668081269817,
    -3.9400314147743526e-05,
    0.06090742016440062,
    0.003292460247219952,
    -0.05377031729908315,
    -0.016098528756595145,
    0.004137118931645018,
    -0.005885283425353705,
    0.018858335859384977,
    0.10168846043637486,
    0.04001557663579975,
    0.03194947373626031,
    0.011842457864482422,
    0.017262353433530667,
    0.007777224392002881,
    0.09024864282390078,
    0.05588534904594371,
    0.03852352549542401,
    0.009860581682700244,
    -0.018973387846074864,
    0.04106366659255856,
    -0.040740234137465185,
    0.007912981784879392,
    -0.02976015429331592,
    0.06836115028651041,
    0.022050966997472308
  ],
  "sum weights": 1.0000049999749985
}