{
  "mu_target": [
    -0.5,
    0.6000000238418579
  ],
  "mu_model": [
    [
      -0.5007306746018282,
      0.6007028567198281
    ]
  ],
  "diff": [
    [
      0.0007306746018281851,
      0.0007028328779702386
    ]
  ],
  "sigma_integral": [
    9564449.205643727,
    2700020.1243907665
  ],
  "within_band": [
    [
      true,
      true
    ]
  ],
  "toy_seed": 61,
  "weights": [
    -0.006098520065909877,
    0.05577284427262659,
    0.097718871894194,
    0.06087874463107619,
    0.030284273373052707,
    0.07189360544126662,
    0.03723205254885525,
    0.02364648475851044,
    -0.004722621344030097,
    -0.008177543194467079,
    0.06891163609451739,
    -0.011254162171855538,
    0.019350748784799855,
    -0.03462716905635738,
    -0.03711107354176187,
    -0.011362373904446199,
    -0.05850485577310092,
    -0.002678248079244639,
    -0.019033984791767343,
    -0.058306667748905236,
    -0.06283973690135349,
    0.002158876070664472,
    -0.03585147733786087,
    -0.02062519134677161,
    -0.004572892504826111,
    0.0860521393287894,
    0.02508788778252885,
    -0.00044305832619552206,
    -0.06460149802637166,
    0.06500784232381498,
    0.0016795201216646405,
    -0.043318607531561346,
    0.078080749981976,
    -0.0029654948907650762,
    0.04018617560535856,
    0.027068043284868126,
    0.038461663163324174,
    -0.0072414948707502725,
    -0.015362246141341683,
    -0.005935852646766095,
    0.014355374698587614,
    -0.027854467517536483,
    0.1105436647440755,
    0.13001336812111267,
    0.06900061213320087,
    0.009341942594189856,
    0.03606989000329413,
    0.020727527091650703,
    -0.005677389769693535,
    0.03652439414077399,
    0.009878958945699087,
    0.07144779021316168,
    0.03991781921260796,
    0.004532061545018384,
    0.07817784910403099,
    -0.023739206417331588,
    -0.0013566669718295863,
    0.020042218816493686,
    0.037950340455142194,
    0.05627092490603246
  ],
  "sum weights": 1.000004395314159
}