{
  "mu_target": [
    -0.5,
    0.6000000238418579
  ],
  "mu_model": [
    [
      -0.5006819631310376,
      0.6009361999449114
    ]
  ],
  "diff": [
    [
      0.0006819631310376328,
      0.000936176103053521
    ]
  ],
  "sigma_integral": [
    844546.7200297852,
    4455395.053672019
  ],
  "within_band": [
    [
      true,
      true
    ]
  ],
  "toy_seed": 209,
  "weights": [
    0.020047147387150317,
    0.014211056365993228,
    0.03699077117562171,
    0.08240525332287374,
    0.00305123977763395,
    -0.021690840430607625,
    0.034267594541509724,
    0.013150207181782274,
    0.09276087079475956,
    -0.001050585263979403,
    0.0682958211555811,
    -0.05404862507427368,
    0.0587220075877819,
    -0.04099302090608591,
    0.023519026871879723,
    0.003947837534775906,
    0.07225119167235033,
    0.036576941437698435,
    0.023694248679666095,
    -0.0018958032463960988,
    -0.016971614737198274,
    -0.007846615331845257,
    -0.046237185118539754,
    -0.037319778718095546,
    0.016370878006755803,
    0.07780211837085026,
    0.03379862091736976,
    -0.026934358777401537,
    -0.025177603924405746,
    0.034866823654419656,
    -0.02674195267025601,
    -0.029411527744054835,
    0.03548835526043848,
    0.03818764173417568,
    -0.008376963720740649,
    0.014402502834439506,
    0.02601113921133734,
    -0.011035109826667753,
    -0.004327141977788609,
    0.007912106598525814,
    -0.024412186437408775,
    0.02136473589474719,
    0.12062212122479513,
    0.07063691636149286,
    0.02840619144834946,
    0.006142027436844208,
    0.06935123758472822,
    0.005451788085185128,
    0.02122450120760413,
    0.019845048707345717,
    -0.013889301569940095,
    0.06792874663852805,
    0.028300128978523898,
    -0.013526511808231726,
    0.07751353494228329,
    -0.04509425225775824,
    0.025835803082906034,
    -0.02559244277831359,
    0.026977155737894293,
    0.02424646087829598
  ],
  "sum weights": 1.0000043779649048
}