{
  "mu_target": [
    -0.5,
    0.6000000238418579
  ],
  "mu_model": [
    [
      -0.4990786973930366,
      0.5993113136228674
    ]
  ],
  "diff": [
    [
      0.0009213026069633812,
      0.0006887102189905292
    ]
  ],
  "sigma_integral": [
    0.000552339605190434,
    0.0008253913985251227
  ],
  "within_band": [
    [
      false,
      true
    ]
  ],
  "toy_seed": 182,
  "weights": [
    0.019720221845185685,
    0.05198795127997811,
    0.10340196381171746,
    0.01202922513535487,
    0.02569302212059331,
    0.0581976761960574,
    0.02797986960096651,
    0.048272245094747306,
    0.017382465367513103,
    -0.031733047034700604,
    0.02414587112220327,
    0.05037127373295535,
    0.009740807150480977,
    -0.06428605303200984,
    0.008664691434252211,
    -0.019466317070987883,
    0.005663583450388164,
    -0.006142868853358711,
    0.022052025298748886,
    -0.014064618744977343,
    -0.036644022921282104,
    0.03133913557868566,
    -0.006050042210241152,
    0.027014413321238287,
    0.00711805834444909,
    0.10125181309898447,
    0.017396098029105873,
    0.01819209768374242,
    0.028895281063605276,
    0.020485087470087794,
    0.02068904288015775,
    -0.04834260977980065,
    0.005941023982602379,
    0.026388901266837954,
    -0.005720946936248182,
    0.0213474911168458,
    0.014865042680759532,
    0.016540627704568062,
    -0.02546947050114927,
    0.014986767705304185,
    -0.0043923115206965825,
    0.00848715071458205,
    0.036930504464394956,
    0.06229982179265041,
    0.09774594447681874,
    -0.015510157759414457,
    -0.0032953302965128073,
    0.04525848823099021,
    -0.008054206886397703,
    0.0067016901748757325,
    0.03764863858189236,
    0.06075556639607425,
    0.05476802024916407,
    0.0007294043928869802,
    0.07458983242888508,
    -0.07132059767387978,
    0.01810719651082122,
    -0.01243321023048357,
    0.009037138915663576,
    0.0021176395293241584
  ],
  "sum weights": 1.0000049999750003
}