{
  "mu_target": [
    -0.5,
    0.6000000238418579
  ],
  "mu_model": [
    [
      -0.4995603739838415,
      0.5996837391155503
    ]
  ],
  "diff": [
    [
      0.00043962601615848973,
      0.00031628472630762516
    ]
  ],
  "sigma_integral": [
    0.000555474093927039,
    0.0008255658394525834
  ],
  "within_band": [
    [
      true,
      true
    ]
  ],
  "toy_seed": 74,
  "weights": [
    -0.016185507592452623,
    0.08245837204910679,
    0.07939614828655771,
    0.059818226776081646,
    0.0038811300016698713,
    0.008470839076652715,
    0.0661882001422455,
    -0.0046464376633299125,
    0.05634162553293937,
    0.02657857868466266,
    0.03342200021114096,
    0.0061930388261997125,
    0.01849777923698449,
    -0.0019098366284058578,
    0.003300800285415628,
    0.01967786692167117,
    -0.04370196296247356,
    -0.03056818322083793,
    -0.004449486842990266,
    -0.0656291134154285,
    -0.003720140587450418,
    0.04586867963862851,
    -0.013305760860498448,
    -0.010547778005103845,
    0.01744891813518582,
    0.06697308263351193,
    0.026157140729165095,
    0.04715652338903219,
    -0.004980869270505064,
    0.016277598600240178,
    -0.01641173449981221,
    -0.04820686833206254,
    0.0909439187091164,
    -0.0020596872551382254,
    0.022154847396389604,
    0.029191215621534768,
    0.06921723799303998,
    0.010518708910669902,
    0.006930571893084048,
    0.014079789283509399,
    0.0064485526725673184,
    -0.0007667932849408272,
    0.023023532592709887,
    0.0564682594083519,
    0.005736340208330177,
    0.012169052500343107,
    0.02345764129032178,
    0.018268456823934447,
    0.004068889258744548,
    0.03753896763306059,
    0.02814228924937268,
    0.021299903867976085,
    0.034534627801707365,
    0.0022045961519767776,
    0.018516769817703883,
    -0.017274048394115903,
    0.037734567238968716,
    -0.0039008073204118985,
    0.019716267109058962,
    0.011798463521393245
  ],
  "sum weights": 1.0000049999749994
}