{
  "mu_target": [
    -0.5,
    0.6000000238418579
  ],
  "mu_model": [
    [
      -0.5011946875054153,
      0.6006439017601471
    ]
  ],
  "diff": [
    [
      0.0011946875054152928,
      0.0006438779182892373
    ]
  ],
  "sigma_integral": [
    0.0005479936918910697,
    0.0008285466814032427
  ],
  "within_band": [
    [
      false,
      true
    ]
  ],
  "toy_seed": 263,
  "weights": [
    0.0050445595817730565,
    0.0181076940974426,
    0.03835608346606376,
    0.0789043204788228,
    -0.006097795216735077,
    0.036709348831371426,
    0.04303545604459961,
    0.04229260793315657,
    -0.009209911564245964,
    -0.01835170838341275,
    0.10265339379578488,
    -0.014043713636264667,
    0.05033262710984142,
    -0.039084613529928314,
    0.01937515542337427,
    0.06214591424233661,
    0.018673992459982625,
    0.022631536367029654,
    0.036231745421489193,
    -0.051912437126528835,
    -0.057688575985803715,
    0.015510409694962556,
    0.0006807998213531188,
    -0.030477891157631214,
    0.019279766278897655,
    0.09157050022991095,
    0.010541158386925317,
    -0.005982868013335853,
    0.006425334003844396,
    0.058157557931342314,
    0.003937089076675592,
    -0.021723571478132277,
    0.056058073329513944,
    0.021771233591082625,
    0.021594022964919732,
    -0.0006795749427305889,
    0.02350484329162379,
    0.023641290701788772,
    0.006767019153738484,
    -0.0546239411549467,
    -0.003376255573997231,
    -0.02206824319437005,
    0.051664385518041527,
    0.10161910172168215,
    0.06279162108533605,
    0.004471229930612629,
    0.04733066846707857,
    0.001690516026096524,
    -0.002080687861404224,
    0.04623850741782727,
    0.03748172907781336,
    0.026544124415889284,
    0.02778502353482603,
    -0.05205516740127112,
    0.055759192825238404,
    -0.047457560985359616,
    0.03107465559939745,
    -0.05727154027512745,
    0.0383613314286653,
    0.02744543669807357
  ],
  "sum weights": 1.0000049999750003
}