{
  "mu_target": [
    -0.5,
    0.6000000238418579
  ],
  "mu_model": [
    [
      -0.5000785950119545,
      0.5996234232275041
    ]
  ],
  "diff": [
    [
      7.859501195450758e-05,
      0.0003766006143538503
    ]
  ],
  "sigma_integral": [
    0.0005482161813294863,
    0.0008276026956172824
  ],
  "within_band": [
    [
      true,
      true
    ]
  ],
  "toy_seed": 133,
  "weights": [
    -0.029738977874191122,
    0.03176421059409104,
    0.0396273288241435,
    0.09681449181979429,
    0.000410699577061574,
    0.05554716945462208,
    0.02042562315625918,
    0.05603315843661504,
    0.01986356563301061,
    -0.006733086132927896,
    0.07277816638432139,
    0.002645780223772805,
    -0.010327446104619907,
    -0.023874474746692628,
    -0.021360883739330042,
    -0.022148718275930474,
    -0.01741255248072679,
    -0.040601981764270476,
    0.016806260966916283,
    -0.0243875923771317,
    -0.011705265084684136,
    0.03015119930357666,
    -0.012630086704679112,
    -0.024067754240771712,
    -0.0013354904385727334,
    0.036405820789385555,
    0.042353121396652024,
    0.052376172267908375,
    0.013912293588938866,
    0.04813460861734172,
    0.07312336381044146,
    -0.05821540595438683,
    0.06700862617697657,
    0.05724769302869113,
    0.0014511535792424623,
    -0.0017863271801253507,
    0.04296825550544184,
    0.041130692408221724,
    -0.03514525962751796,
    0.03995825989391382,
    0.023909857823234713,
    -0.0005298636951044706,
    0.032298997858339985,
    0.056454942843931384,
    0.03796020851391497,
    0.023334367382740105,
    0.03273567257508329,
    0.01824067928788731,
    0.009300993823525507,
    0.005039402826922219,
    0.05961792204349132,
    0.02392335809967927,
    0.011439750497623885,
    -0.014009054186365989,
    0.0685811256108197,
    -0.04404929967509748,
    0.03874150903194272,
    -0.0008961706243976339,
    -0.002359545948218227,
    0.002803733174266533
  ],
  "sum weights": 1.0000049999750003
}