{
  "mu_target": [
    -0.5,
    0.6000000238418579
  ],
  "mu_model": [
    [
      -0.4997227921259143,
      0.60147728930405
    ]
  ],
  "diff": [
    [
      0.00027720787408569425,
      0.0014772654621920678
    ]
  ],
  "sigma_integral": [
    0.0005475260459124438,
    0.0008174791901598605
  ],
  "within_band": [
    [
      true,
      false
    ]
  ],
  "toy_seed": 159,
  "weights": [
    0.004020459916926944,
    0.06570008250707773,
    0.03953674188618446,
    0.04344314368898622,
    -0.020529136708866566,
    0.06068191200288959,
    -0.009142972091167318,
    0.0539667995322679,
    0.04449426262748324,
    0.005129117113708028,
    0.06386884761632901,
    0.0031548065707447297,
    0.01708015367761526,
    -0.05811562247505798,
    0.029280516723407694,
    0.03470731134271446,
    -0.055848145352494924,
    -0.005218278832079975,
    0.06563996754139109,
    -0.014726079245653145,
    -0.034214561825307965,
    0.017481292082515986,
    0.0009618549450592143,
    0.01355917271912384,
    0.03563634653996145,
    0.04786115995052307,
    0.06780161802149261,
    0.01835577028380815,
    -0.038292762047810666,
    0.039487857501787876,
    0.01236288977802534,
    -0.03147824617526185,
    0.025902173171482735,
    -0.03877238860750334,
    0.028561632663490738,
    0.015948939908376012,
    0.09019897579891248,
    0.013674685437485101,
    -0.01845604023745678,
    -0.05630601494693157,
    -0.013573154922205127,
    0.0224488909370493,
    0.04854453488701943,
    0.11222816390796397,
    0.05295795285904526,
    0.007609313856079148,
    0.03363446506255178,
    0.03452202718417739,
    0.02429255200780478,
    0.020706319952086882,
    0.026068514549085566,
    0.019022884951589932,
    -0.0002450226199093431,
    0.001805172278106408,
    0.06788050694310342,
    -0.050839740326393816,
    0.003511919265631243,
    -0.02268753957715372,
    0.01902388430274727,
    0.015695111472441587
  ],
  "sum weights": 1.0000049999750003
}