{
  "mu_target": [
    -0.5,
    0.6000000238418579
  ],
  "mu_model": [
    [
      -0.5010525950934146,
      0.6005741066141546
    ]
  ],
  "diff": [
    [
      0.001052595093414599,
      0.0005740827722966468
    ]
  ],
  "sigma_integral": [
    0.0005520277486587091,
    0.000825961457096781
  ],
  "within_band": [
    [
      false,
      true
    ]
  ],
  "toy_seed": 52,
  "weights": [
    0.031771869998920024,
    0.019850424358178763,
    0.08053382307762996,
    0.04897791249873816,
    0.017027811819230125,
    0.08555448074194025,
    0.01679799998795336,
    0.04142301216952358,
    0.04823688347645445,
    -0.003478822486184992,
    0.03438849297242099,
    -0.016994908875327945,
    0.0032158670870781887,
    -0.05586547716336101,
    0.007307462504297552,
    0.001104733802106766,
    -0.07398100291999131,
    -0.006283159723238943,
    0.012286063565113092,
    -0.019029642423634842,
    -0.03548713466364077,
    -0.011424482891915182,
    -0.003133672866774786,
    -0.020351839272423414,
    0.031160353266259034,
    0.009791782327922388,
    0.03184545368421142,
    0.01453666909812851,
    9.50768628202639e-05,
    0.03093524843998446,
    0.032762770861692846,
    -0.01812550130795675,
    0.03768159959242612,
    0.046548435316871424,
    0.00459816358605553,
    0.01087934342699939,
    0.020904133466444322,
    -0.025652419057432586,
    -0.02271733439441794,
    -0.0017580675038868833,
    -0.021353589440620924,
    0.03312490664559516,
    0.06808899873893938,
    0.0977600056417,
    0.01831147727422303,
    0.00377433830826618,
    0.060186466520503766,
    -0.0034741898138572597,
    -0.016521126546741715,
    0.04677707999801002,
    0.04505395433109925,
    0.07364795718557043,
    0.029035032605366388,
    0.020933899820848773,
    0.032145449904019914,
    -0.0179431743058644,
    0.0031208912776877606,
    0.006194121246857203,
    0.05840185875289502,
    0.05680823939128853
  ],
  "sum weights": 1.0000049999750003
}