{
  "mu_target": [
    -0.5,
    0.6000000238418579
  ],
  "mu_model": [
    [
      -0.5011099425758513,
      0.6009984339587955
    ]
  ],
  "diff": [
    [
      0.001109942575851286,
      0.0009984101169375759
    ]
  ],
  "sigma_integral": [
    1932110.973887018,
    6017292.498550492
  ],
  "within_band": [
    [
      true,
      true
    ]
  ],
  "toy_seed": 282,
  "weights": [
    -0.02665695758202246,
    0.06888389800291565,
    0.11037328871990008,
    0.10017707019045406,
    -0.008894878457091799,
    0.0680301677888789,
    0.030396360994085832,
    0.004747757514602267,
    -0.0147188062074465,
    0.0275175157557927,
    0.09403873098939529,
    -0.021067396598338364,
    0.06332006690083639,
    -0.005201632827187714,
    -0.012205387697788261,
    0.023214012646926106,
    -0.05206941739333772,
    0.01635032809865139,
    0.03872004013186518,
    -0.04020148251066871,
    -0.022231296157056536,
    0.02321175126647337,
    -0.03012856563601336,
    -0.01552557578263581,
    0.036465726062336515,
    0.02626877286002533,
    -0.01622253788385738,
    -0.0007005662088526445,
    -0.07224790808112809,
    0.009382658055966893,
    0.019743280201947298,
    0.0003372886664947006,
    0.05364162296910098,
    0.027613455734398606,
    0.04417458051119322,
    0.03583694635064968,
    0.07215052898185474,
    -0.00814699067973111,
    -0.06689710791889862,
    -0.030896938058336425,
    0.026333865856370785,
    -0.009373703570579648,
    0.10200054469961123,
    0.12798801948937835,
    0.0360686091457715,
    -0.03573808128535473,
    0.05799363852926735,
    0.02705809967550393,
    0.02716751359102938,
    0.019145822215712975,
    0.029936950550537376,
    -0.004450766797721151,
    -0.015798743114457375,
    0.047693384986912085,
    0.0605316400511738,
    -0.06384104960877386,
    -0.021140410222540717,
    0.019231569212790765,
    0.0121846821010602,
    0.006430412243768363
  ],
  "sum weights": 1.0000044014638143
}