{
  "mu_target": [
    -0.5,
    0.6000000238418579
  ],
  "mu_model": [
    [
      -0.5006047984633901,
      0.6001593876487279
    ]
  ],
  "diff": [
    [
      0.0006047984633901216,
      0.0001593638068699832
    ]
  ],
  "sigma_integral": [
    12631283.691218453,
    22175711.875652052
  ],
  "within_band": [
    [
      true,
      true
    ]
  ],
  "toy_seed": 135,
  "weights": [
    0.014975769335358515,
    0.049057331360608546,
    0.06656159911499276,
    0.03723213795764016,
    -0.002356166274812744,
    0.05916600768758676,
    -0.0013845962467908116,
    0.023575847068692982,
    0.029766616363179746,
    0.021673046532679555,
    0.05623557632515601,
    -0.008556815319780078,
    0.053738861993169344,
    -0.0786378537407234,
    -0.010725808810631222,
    0.03388115352608574,
    -0.026976210742063748,
    -0.02097371103339184,
    -0.00973981166828839,
    -0.02267559025744988,
    -0.013874728830687693,
    0.01950869399803531,
    0.0048471609978594935,
    0.023668755566442216,
    -0.004965321538535546,
    0.04612487234993514,
    0.040244561919901264,
    0.029193544670989276,
    -0.04156256443668421,
    0.029443365282469238,
    -0.06686642955067951,
    -0.059820551211301635,
    0.11050646622907088,
    0.0037001402728808184,
    0.041915496934200595,
    -0.0007593501389351154,
    0.05837671351636924,
    0.010196691288581467,
    -0.014949002794669233,
    -0.0031077241423579215,
    0.008764878879746191,
    -0.010998176080225098,
    0.041559887222876825,
    0.12330487931038125,
    0.08006531944158773,
    -0.009909416023599063,
    0.05346916342774629,
    0.03251786341331706,
    0.0076191679712234745,
    0.021118988468195692,
    0.03855754235306438,
    0.054655468411037696,
    0.010418402406850278,
    0.028854008506298743,
    0.08671736886549332,
    -0.1111992639095138,
    0.027734428220429635,
    0.028989981485245616,
    0.005522107698496611,
    0.006583644041507336
  ],
  "sum weights": 1.0000044176642624
}