{
  "mu_target": [
    -0.5,
    0.6000000238418579
  ],
  "mu_model": [
    [
      -0.5001274438087355,
      0.6009678087836474
    ]
  ],
  "diff": [
    [
      0.00012744380873552785,
      0.0009677849417895068
    ]
  ],
  "sigma_integral": [
    854939.3427041413,
    1661232.2144276628
  ],
  "within_band": [
    [
      true,
      true
    ]
  ],
  "toy_seed": 233,
  "weights": [
    0.030546134317350544,
    0.047380080200762814,
    0.0634225788560205,
    0.060902620685377135,
    0.014955654559923606,
    0.029785430708329282,
    0.025620121710430994,
    0.0385950235088374,
    0.017308238127281536,
    0.019769382467844203,
    0.04946894574393322,
    0.02036734565167907,
    0.05162482018980881,
    -0.0148817622541989,
    -0.004631436288126326,
    0.031000682084336994,
    0.009633344035816636,
    -0.02318405222865854,
    0.055818430446024754,
    -0.013191784176726564,
    -0.021045434286688324,
    0.038646285130086916,
    -0.019694323646451767,
    -0.04576472232730996,
    -0.004459823512423147,
    0.0370036731534121,
    0.006644596519417799,
    0.0076162238916703835,
    -0.008239419691485799,
    -0.018863038919567532,
    -0.005596078067724602,
    -0.05458391166852875,
    0.08986124777772804,
    0.03880622049325239,
    -0.0185741481458077,
    -0.0031659947107211123,
    0.053188004848678264,
    -0.012564919576515537,
    -0.04472154296772515,
    -0.016116601812465048,
    -0.00020375924656868504,
    -0.03578510916120069,
    0.07155100309012526,
    0.08865552064555879,
    0.016792896968910755,
    0.00128567516545536,
    0.07657271078187196,
    -0.00574022246244546,
    0.018612809346484658,
    0.05116916331321648,
    0.015972089362007648,
    0.034356929246228664,
    0.021974343178057618,
    0.013643743637428728,
    0.0834722833956421,
    -0.037603526826376216,
    0.01409755793943181,
    -0.021041701488265802,
    0.03182623789559158,
    0.051709677480753995
  ],
  "sum weights": 1.0000044130887873
}