{
  "mu_target": [
    -0.5,
    0.6000000238418579
  ],
  "mu_model": [
    [
      -0.5008991328704627,
      0.6014742659314632
    ]
  ],
  "diff": [
    [
      0.0008991328704627266,
      0.0014742420896053376
    ]
  ],
  "sigma_integral": [
    0.0005515342723702143,
    0.0008272431989255364
  ],
  "within_band": [
    [
      false,
      false
    ]
  ],
  "toy_seed": 122,
  "weights": [
    -0.013968952496056484,
    0.029966691486906942,
    0.10630556121952321,
    0.05908897528063112,
    0.04859165393338179,
    0.026366997636195485,
    0.028771401672126648,
    0.04771148335537205,
    0.009482022660863777,
    0.0010167963518220465,
    0.024046890167894363,
    0.023873812929962993,
    0.03849571635737038,
    -0.03984588057710341,
    -0.018574640815533703,
    -0.01975136115028562,
    -0.00597504717219686,
    -0.030414808852352107,
    -0.009892668574432896,
    -0.0026919932100127417,
    0.028208524992948354,
    0.014617639805372515,
    -0.046200359724936864,
    -0.02893425658061281,
    0.0078105509518998995,
    0.023610789094541017,
    0.020650727738542197,
    0.026747837013442567,
    -0.03163828370485336,
    0.022441958115838014,
    -0.01134975733962891,
    0.007824860774109835,
    0.04548110535966169,
    0.016888063251399587,
    0.0595289791607485,
    0.02580534163161934,
    0.05409553563203647,
    0.01578113100636843,
    -0.05405963070761252,
    0.02197648936712679,
    0.02780243274068188,
    0.017543863196888814,
    0.07144397746131376,
    0.0570053132138052,
    0.05586651460714449,
    -0.03397282915417964,
    0.0356356139481319,
    0.018649155042488524,
    -0.029086318928125326,
    0.03849021789380902,
    0.07028160280112711,
    0.03803858647726638,
    0.030005915935233878,
    0.04506710144378407,
    0.02714282626803942,
    -0.07290224734109925,
    0.011968334745317907,
    0.008965751734373846,
    0.04080842806433904,
    0.019360863782571465
  ],
  "sum weights": 1.0000049999750003
}