{
  "mu_target": [
    -0.5,
    0.6000000238418579
  ],
  "mu_model": [
    [
      -0.4998354935941071,
      0.601146586871556
    ]
  ],
  "diff": [
    [
      0.00016450640589288357,
      0.0011465630296980667
    ]
  ],
  "sigma_integral": [
    6369170.769186088,
    11817838.573700078
  ],
  "within_band": [
    [
      true,
      true
    ]
  ],
  "toy_seed": 227,
  "weights": [
    -0.0014863559457674055,
    0.08857918135048065,
    0.041726319376967975,
    0.07674349918851109,
    0.0031234332067105147,
    0.003586005556505675,
    0.02005864220282167,
    -0.0034311365830826195,
    0.03673611882249263,
    -0.005783207174205264,
    0.03934278810630132,
    -0.018324489738910463,
    0.031080260525374687,
    -0.016631353487732235,
    -0.003534298667872139,
    -0.031123219513951174,
    -0.008427530453115806,
    -0.022599750239308006,
    -0.029779060994676917,
    -0.020164994899230224,
    -0.04705390822479869,
    0.0390658708195608,
    -0.014504570714959789,
    0.02302055331493015,
    -0.005129692123628626,
    0.0350801179040372,
    0.04165856397446202,
    0.027178467751913814,
    -0.002208647849125504,
    0.03747989362575612,
    -0.020816257070027388,
    -0.015790490167167107,
    0.09728297114215158,
    0.051008016260632304,
    0.052073250626212764,
    0.023199913790030568,
    0.057033188689616765,
    0.012143516721432407,
    -0.05429710037180545,
    -0.04434111820850412,
    -0.015799614433235323,
    -0.024166955415284623,
    0.08506334075848579,
    0.12062632875226624,
    0.020478477938924433,
    -0.011667346216253016,
    0.07760841885237169,
    0.0339387969562177,
    0.0321812646920597,
    -0.013276395503757199,
    0.030856795770297724,
    0.09976534296802488,
    0.03512899348395225,
    0.039087282045855515,
    0.03953060638809043,
    -0.07839677395466278,
    0.009749846578396849,
    0.030717155253231224,
    -0.003519401140705792,
    0.02032484908593348
  ],
  "sum weights": 1.000004403389243
}