{
  "mu_target": [
    -0.5,
    0.6000000238418579
  ],
  "mu_model": [
    [
      -0.5001840604393025,
      0.601445834545877
    ]
  ],
  "diff": [
    [
      0.0001840604393025247,
      0.001445810704019057
    ]
  ],
  "sigma_integral": [
    6532026.01954052,
    3151890.4752108348
  ],
  "within_band": [
    [
      true,
      true
    ]
  ],
  "toy_seed": 146,
  "weights": [
    -0.0535730338142688,
    0.002811414002887045,
    0.091878552121835,
    0.1056170875589421,
    -0.011063721090213327,
    0.0027700724526257365,
    -0.016490025565615175,
    0.01969950978378542,
    -0.002334607949239647,
    0.02324860444154941,
    0.05925724981955828,
    -0.005464660666822434,
    0.005877783247828928,
    -0.05173457501807917,
    -0.07817235078452743,
    0.030965576103502562,
    -0.03457508173739675,
    0.023240611966980917,
    0.028138393410002165,
    -0.0459749306469311,
    -0.011581026116075773,
    0.010768228512164956,
    -0.029681424598547217,
    0.03160635330481213,
    0.011071203163463394,
    0.03762638932920917,
    0.06761679721681646,
    0.004003810472903594,
    0.005992544455146507,
    0.08578464581692162,
    -0.004469168894363248,
    -0.08684381469522148,
    0.0640579689915148,
    0.01662604956733449,
    0.06608377748061535,
    0.010388117385264397,
    0.059102820895245566,
    0.039269325377292316,
    0.025879141479567987,
    -0.004227575729051759,
    -0.0019891696911175775,
    0.02384425662172196,
    0.04569517488399602,
    0.09803832941694603,
    0.04412679714255324,
    0.037755859434777245,
    0.041591593508956644,
    -0.006307488621158867,
    0.0002158578445729328,
    0.04049153649227693,
    0.038836938663610425,
    0.07134904081000422,
    0.04537379290801913,
    0.014741965726000426,
    0.036964467986089496,
    -0.02943423323065239,
    -0.014278668290484381,
    -0.030293045955109045,
    0.043393864858582015,
    0.006691514822678578
  ],
  "sum weights": 1.0000044163836799
}