{
  "mu_target": [
    -0.5,
    0.6000000238418579
  ],
  "mu_model": [
    [
      -0.5000568270417712,
      0.6003398681573346
    ]
  ],
  "diff": [
    [
      5.6827041771234654e-05,
      0.0003398443154767339
    ]
  ],
  "sigma_integral": [
    1471354.4723330464,
    3380137.0512668737
  ],
  "within_band": [
    [
      true,
      true
    ]
  ],
  "toy_seed": 139,
  "weights": [
    0.0020331919351750105,
    0.04817139989909794,
    0.07957556164517375,
    0.062022569938627425,
    0.0041818036765212795,
    0.03007257600447553,
    0.005387868404657897,
    -0.03130787729693686,
    0.012191459204366694,
    0.010098919564194028,
    0.09752176027321145,
    -0.02142679104978564,
    0.04891532827477474,
    -0.021472797569353757,
    0.0038157044173678383,
    -0.03427353625874431,
    -0.02282484857547584,
    -0.024041316492654247,
    0.03997656940006331,
    0.018041038593888864,
    -0.05494435880838097,
    0.012445690397109766,
    -0.015984817483751815,
    -0.00946501678837788,
    0.012319157408765796,
    0.06111431063458746,
    0.030650059609531235,
    -0.02709206333788529,
    -0.017969199737571693,
    0.05573730479358641,
    0.022467769155468807,
    -0.06374157310757685,
    0.08926900496222906,
    0.04199241743423795,
    0.005626012498718838,
    0.029665673829053302,
    0.040706537730455294,
    0.021649424990759936,
    -0.07865870650393299,
    -0.013064274268936697,
    0.01880494603963155,
    0.010527788232836505,
    0.07178784506866522,
    0.12709744795952896,
    -0.029123933796415237,
    0.01837880954497955,
    0.07791817155360918,
    0.029282720372347956,
    0.005153336376683342,
    -0.016614382610535175,
    0.07498336636630848,
    0.04557084902488594,
    0.03515424889573024,
    0.007444888341510707,
    0.06563794962575573,
    -0.10481932318907454,
    0.038899743083158286,
    0.013021629833423207,
    0.0060611076986849775,
    0.05545526225287181
  ],
  "sum weights": 1.0000044080713215
}