{
  "mu_target": [
    -0.5,
    0.6000000238418579
  ],
  "mu_model": [
    [
      -0.5000771009574898,
      0.5997035539598299
    ]
  ],
  "diff": [
    [
      7.710095748980628e-05,
      0.0002964698820280276
    ]
  ],
  "sigma_integral": [
    0.0005538310229015317,
    0.0008321758042856695
  ],
  "within_band": [
    [
      true,
      true
    ]
  ],
  "toy_seed": 36,
  "weights": [
    0.011343294640597343,
    0.035710876870386335,
    0.024593591213951473,
    0.051155429007166305,
    -0.026677086917262255,
    0.09566527144529806,
    0.01791061993202426,
    0.04400294106827544,
    0.020628724655096964,
    -0.020259401463038625,
    0.04107343002883455,
    -0.0016476724997909246,
    0.01749566342387182,
    -0.003345360479754513,
    0.054657501744886386,
    -0.012288030421955821,
    -0.036580039587677755,
    0.010909528786781652,
    0.08189727961268511,
    0.011408001533217872,
    -0.028609344327532208,
    0.06351477676661817,
    0.015063513117176505,
    0.009543356908656205,
    -0.019262141217104675,
    0.07832331581524188,
    -0.03547162211132613,
    -0.015069906756942761,
    -0.03482458819769334,
    0.03374028592153837,
    0.05130959710597783,
    -0.031799292345770974,
    0.018852765173589088,
    -0.01808148510097238,
    0.008641274380955686,
    0.016605757299967813,
    0.012141858475351234,
    0.002630891228994899,
    -0.022188706744313204,
    -0.037251403693102765,
    -0.0007859603655030873,
    0.025244413665120282,
    0.07530774328734105,
    0.09141180787684557,
    0.029797427207698124,
    0.02538511391245001,
    0.06701802526230123,
    0.01471224675004949,
    0.06924073993107409,
    0.024805140248851672,
    0.02814515418458973,
    -0.002987803115016473,
    0.04396371596133254,
    0.020556191440857435,
    0.051749384883444126,
    -0.05196983500075941,
    0.01978627291850316,
    -0.00535964453211741,
    -0.039417927131992325,
    0.027939328297027503
  ],
  "sum weights": 1.0000049999750003
}