{
  "mu_target": [
    -0.5,
    0.6000000238418579
  ],
  "mu_model": [
    [
      -0.5008072142461192,
      0.6008894145708172
    ]
  ],
  "diff": [
    [
      0.0008072142461191811,
      0.0008893907289593272
    ]
  ],
  "sigma_integral": [
    3521552.5966728884,
    1765775.613856694
  ],
  "within_band": [
    [
      true,
      true
    ]
  ],
  "toy_seed": 246,
  "weights": [
    -0.023040538518467647,
    0.014727342441390632,
    0.08882830365869437,
    0.0757563923415752,
    0.010858829648971542,
    0.009265962076685546,
    0.020283660070025626,
    0.04751878189745174,
    0.014913987811615986,
    0.0007202439115671518,
    0.057733982799112855,
    0.019045559113275132,
    0.045636131844864467,
    -0.044140032094993495,
    -0.038422187827399784,
    -0.002433596594670043,
    -0.014328062413786003,
    0.008266502967273694,
    0.009970692383872434,
    -0.029198513465006314,
    -0.03636284692575355,
    0.0040830551436834405,
    -0.046387617431502694,
    -0.02936578960625935,
    0.029865462586012744,
    0.03188971238484835,
    0.03882442451969681,
    0.030542444719319887,
    -0.02442204401286322,
    0.051712452373059783,
    0.007534508170878813,
    -0.07499454998412612,
    0.09779752307705024,
    0.0451024289609721,
    0.042335890807655,
    -0.007187769784295691,
    0.06807904170858872,
    0.029390913490408257,
    -0.022305774989232082,
    0.013870635554034323,
    -0.014163440541525883,
    -0.010741277660617013,
    0.027494912111775627,
    0.12512145854962786,
    0.07977802840028918,
    -0.0034765093428647865,
    0.04673346816124391,
    0.016287078234310203,
    0.02500147296294272,
    0.04219980486306695,
    0.04573797017886939,
    0.015880294165842575,
    0.02614632329656989,
    -0.035775364935020273,
    0.09741315101243678,
    -0.019841529481764295,
    0.021008884681640378,
    -0.025250497671382245,
    0.03704715235857924,
    -0.018562513808486142
  ],
  "sum weights": 1.000004408349763
}