{
  "mu_target": [
    -0.5,
    0.6000000238418579
  ],
  "mu_model": [
    [
      -0.4995266653995429,
      0.6000647665276136
    ]
  ],
  "diff": [
    [
      0.0004733346004571204,
      6.47426857557365e-05
    ]
  ],
  "sigma_integral": [
    4351406.017941439,
    6552329.034712981
  ],
  "within_band": [
    [
      true,
      true
    ]
  ],
  "toy_seed": 137,
  "weights": [
    -0.009721547652239843,
    0.04802045751524744,
    0.10269701287641662,
    0.05580461291328444,
    0.016607194045069287,
    0.08983619110293067,
    0.037469555024005965,
    0.02420323544410989,
    -0.02335951050603802,
    0.03128060953075124,
    0.05687394196938207,
    0.03823570424934759,
    0.056767077644411953,
    -0.011917435344662825,
    -0.06286668442871951,
    -0.008078200608680657,
    -0.011829597104902768,
    -0.0055211351742793955,
    0.00411872841929381,
    -0.014163122239270052,
    -0.03600677686722799,
    -0.012120749084751704,
    0.0038457980136922475,
    -0.016708509689561526,
    0.03916991968739426,
    0.06659354950637755,
    0.011376724049010535,
    0.0030155209241184066,
    -0.026142899580760638,
    0.03277696028615393,
    -0.022035318904769702,
    -0.04684892698900145,
    0.05653431817718775,
    0.03987098808626208,
    -0.01723716287776382,
    0.032369855817666146,
    0.025175297811404845,
    -0.04919087220742302,
    0.013964176621954243,
    -0.01286996182189889,
    -0.04444581421703763,
    0.013002731639078235,
    0.034245973619550174,
    0.10929429595974188,
    0.03677336081656162,
    -0.010285405988419167,
    0.04219089973529192,
    0.07398201759845857,
    0.03506365138557241,
    0.01695018843441166,
    0.050253464356375475,
    0.05244361015675959,
    0.0330876876225728,
    0.014884565792108692,
    0.0927810110375744,
    -0.15457307751216423,
    0.02290971049582908,
    0.008232030728968547,
    0.055673983478006964,
    0.017550513333997892
  ],
  "sum weights": 1.00000441710676
}