{
  "mu_target": [
    -0.5,
    0.6000000238418579
  ],
  "mu_model": [
    [
      -0.49948874823953515,
      0.599803548893039
    ]
  ],
  "diff": [
    [
      0.0005112517604648481,
      0.00019647494881891436
    ]
  ],
  "sigma_integral": [
    791278.8129981306,
    2405541.252908873
  ],
  "within_band": [
    [
      true,
      true
    ]
  ],
  "toy_seed": 55,
  "weights": [
    -0.03308208064972742,
    0.028956981800229403,
    0.08715679002016699,
    0.07610220139316672,
    0.006686899855452874,
    0.032982184546745744,
    0.023219818630672986,
    -0.007988520497338046,
    0.004217562383497691,
    0.010531670185906774,
    0.045468330256289734,
    0.008519937493587584,
    0.013401309959058232,
    -0.014971486308139268,
    0.014916418154518099,
    -0.01034694860924051,
    -0.020093107672328924,
    0.0008803387837271869,
    0.014593038273941643,
    -0.016268297886660194,
    0.010800965148581384,
    0.03623632398165283,
    -0.0288767171963942,
    0.02496483364973868,
    0.019292679550596832,
    0.10143626074840524,
    0.022088588164828258,
    0.04721742139485117,
    0.017370024706101085,
    0.05483426227731202,
    0.020243142913559553,
    -0.030614888029951076,
    0.04727555055546185,
    0.038458088271975395,
    0.02212846633426261,
    0.01610560226022956,
    0.03923175178602573,
    0.012288179970908248,
    -0.02832852082036088,
    -0.03402719776995834,
    -0.01937041861331659,
    -0.0013144784278879941,
    0.0616943339565796,
    0.07602216448970082,
    0.013644131251875339,
    -0.008286816873500967,
    0.031931771816502676,
    0.04484223680929454,
    0.045890691835386674,
    0.014708103321376205,
    0.001889868505972758,
    0.021569744453592592,
    0.040413580610927605,
    -0.020353431912354465,
    0.020359413312908418,
    -0.08302211650663631,
    0.06038595374006266,
    -0.011275652279522739,
    0.03830252125282843,
    -0.0010350755242913734
  ],
  "sum weights": 1.0000043832308512
}