{
  "mu_target": [
    -0.5,
    0.6000000238418579
  ],
  "mu_model": [
    [
      -0.49982026310852984,
      0.6014646196082919
    ]
  ],
  "diff": [
    [
      0.00017973689147016136,
      0.0014645957664339848
    ]
  ],
  "sigma_integral": [
    0.0005487748358270711,
    0.0008262975173907971
  ],
  "within_band": [
    [
      true,
      false
    ]
  ],
  "toy_seed": 295,
  "weights": [
    0.02564013902518808,
    0.0710734773683425,
    0.09245664453869104,
    0.03828115968657978,
    0.04447094925133648,
    0.010228746468193536,
    0.03409084269050557,
    0.051404177767884696,
    0.025365488159720593,
    0.042761005465356904,
    0.05474729331627068,
    0.015137143591462676,
    0.031803650079148565,
    -0.007329142760919857,
    -0.021920723590152298,
    -0.016346420206063403,
    -0.016533016009030087,
    -0.00920327769593172,
    0.011862292106161463,
    -0.007392836933164587,
    -0.022448200029655318,
    0.007040308845353115,
    -0.011518132646376425,
    -0.010603796221173713,
    0.019482476852639815,
    0.04341373042353763,
    0.00907561009371095,
    0.00772748146671347,
    -0.03215651873566788,
    0.03823259192819746,
    -0.01311191804612633,
    -0.020887008091085003,
    0.02356267270924469,
    0.04230312010970823,
    0.03975497757671808,
    0.021551706248142892,
    0.03393866864125592,
    0.006903666674438704,
    -0.06949293164278712,
    -0.01119356495670585,
    0.0012709846851727258,
    0.022726807467536192,
    0.03127147196831993,
    0.11086992409349863,
    0.06865921660074732,
    -0.03666946942129818,
    0.0590021029049364,
    0.045672068085471224,
    -0.015190708935698318,
    0.00564276896859481,
    0.048518576256768,
    0.0522060314915798,
    0.04521591433573898,
    -0.021443281582620898,
    0.05275853243112534,
    -0.0508353638773308,
    0.031959200014870334,
    0.011738425077508715,
    -0.03284852662820509,
    -0.0026922074813789383
  ],
  "sum weights": 1.000004999975
}