{
  "mu_target": [
    -0.5,
    0.6000000238418579
  ],
  "mu_model": [
    [
      -0.5009371150233828,
      0.6002986299559624
    ]
  ],
  "diff": [
    [
      0.0009371150233827841,
      0.0002986061141044827
    ]
  ],
  "sigma_integral": [
    0.0005484366671661938,
    0.0008262086345521935
  ],
  "within_band": [
    [
      false,
      true
    ]
  ],
  "toy_seed": 49,
  "weights": [
    0.0001985027667967109,
    0.029213633940985924,
    0.09016151669524645,
    0.01605674856525087,
    0.026767448921513972,
    0.04802652482021495,
    0.023859436124577672,
    0.07132118229136887,
    -0.00738156398361947,
    0.034107300567476996,
    0.05281828980533281,
    -0.0025845835585054976,
    0.0004819237367960703,
    0.011048928191493449,
    0.015291100796744655,
    0.045960287391146305,
    -0.04231985420618293,
    0.009951744390840477,
    0.008521654300756947,
    -0.050699924600101746,
    0.03833469866805108,
    0.03670070006805451,
    -0.002132306182533563,
    0.016993505286844342,
    0.01974435893611509,
    0.013091445232334851,
    0.010234363554716408,
    0.017414942086003988,
    -0.017157764907073554,
    0.09463027940932443,
    -0.000352037177772763,
    -0.006018758226757974,
    0.05740711667486208,
    -0.012137059661558276,
    0.03247167712455053,
    0.010441192105992763,
    0.029110708773097342,
    -0.022251693095339004,
    0.027789026954242922,
    -0.07603818291647985,
    8.132428829385454e-05,
    -0.017092695136147664,
    0.035050413660977754,
    0.08356635190333384,
    0.058307248256525585,
    -0.01730471736492787,
    -0.008697351283386513,
    0.04644110268900755,
    -0.02410105141884942,
    0.0673093693820352,
    0.056287630437749925,
    0.017376669334551984,
    -0.009823525757500668,
    -0.03725885659995925,
    0.04128548023236125,
    -0.02284781558105029,
    0.02130144954749341,
    -0.01133732497229773,
    0.03419757163696306,
    0.038187217055017215
  ],
  "sum weights": 1.0000049999750003
}