{
  "mu_target": [
    -0.5,
    0.6000000238418579
  ],
  "mu_model": [
    [
      -0.5001929984158957,
      0.599843974327007
    ]
  ],
  "diff": [
    [
      0.00019299841589570654,
      0.0001560495148509311
    ]
  ],
  "sigma_integral": [
    1723394.1474499258,
    1337654.3299842644
  ],
  "within_band": [
    [
      true,
      true
    ]
  ],
  "toy_seed": 13,
  "weights": [
    0.0030319879517918522,
    0.052910900786527056,
    0.09563507910969142,
    0.07898177273154319,
    0.025962634107997287,
    0.019715189733254326,
    0.019257435389555065,
    0.054486634363644475,
    0.05387060783153237,
    0.033568980818919604,
    0.07113343695238705,
    -0.0253619275549353,
    0.04581752137016244,
    -0.06222925284591714,
    0.010764718736158207,
    0.010956563815721786,
    -0.05395038946816793,
    0.010699918075624572,
    0.00825568905049379,
    -0.045054575413182966,
    -0.02019245772654474,
    0.030670057765770465,
    -0.027385939236417887,
    0.07066829712473763,
    0.006310297345356359,
    0.07673134722322333,
    -0.03594312788401078,
    0.0319385322604072,
    -0.03615127999985413,
    0.06602933537953783,
    -0.040720424159146104,
    -0.08483576773089145,
    0.08193228434487414,
    0.03812352095872955,
    0.05953357298052953,
    0.03965103947311589,
    0.04360392347352493,
    -0.0033393056897223156,
    0.0036115088123214512,
    -0.07134663029164241,
    -0.019134862830060936,
    -0.006163771155924731,
    0.05227447447496131,
    0.09559925343921376,
    0.04408203476076297,
    0.012787180588128229,
    0.03010286517503326,
    0.03914264240464167,
    0.014703652033654412,
    0.06467163857779132,
    0.006688929839814734,
    0.10232926568563347,
    0.026843245110927356,
    0.010500353491237775,
    0.02371358853710249,
    -0.06199861795937256,
    -0.001693720345721558,
    -0.08918951266867348,
    0.02293128144520466,
    -0.005527218820957049
  ],
  "sum weights": 1.0000044117500968
}