{
  "mu_target": [
    -0.5,
    0.6000000238418579
  ],
  "mu_model": [
    [
      -0.5016017594601225,
      0.60077556826131
    ]
  ],
  "diff": [
    [
      0.0016017594601225316,
      0.0007755444194520456
    ]
  ],
  "sigma_integral": [
    1664236.9342183052,
    3202691.323620238
  ],
  "within_band": [
    [
      true,
      true
    ]
  ],
  "toy_seed": 67,
  "weights": [
    0.0021492311381861367,
    0.04854001024852207,
    0.03772064279015429,
    0.12936386513758635,
    -1.2456305442047249e-05,
    0.032039196874520386,
    0.038952769885543304,
    0.017885634206845538,
    0.002601686060379338,
    0.041570194698174634,
    0.0666867467756791,
    -0.0274605007989505,
    -0.016541734294095188,
    -0.04053822948502711,
    0.010237489956898415,
    0.00776598255536491,
    -0.05172487736119346,
    0.0059313078456789846,
    0.021273547546050237,
    -0.037680667757393746,
    -0.05020375636866536,
    0.08999098564195572,
    -0.06040132728562998,
    -0.046561783886416866,
    0.009245261656211262,
    0.025434220952896932,
    -0.011147689722004651,
    0.026320221648429242,
    -0.033050409017274844,
    0.031078825516425896,
    0.04460815802751516,
    -0.04710034233505718,
    0.13133410905483567,
    0.04092331991190777,
    0.07871530717890005,
    0.01043909436910155,
    0.060335666829454696,
    -0.0047793472555023924,
    -0.06791782281204237,
    -0.020460358310891963,
    -0.029040624625778968,
    -0.0027256305388414777,
    0.05733608484956678,
    0.1163818446229719,
    -0.014244443447001714,
    0.0407954363609866,
    0.043671432473045654,
    0.006603423151808689,
    0.04877484191844247,
    0.06605227700752712,
    0.0680034074231353,
    0.002050615523957888,
    -0.02597609717589233,
    0.01629533664597418,
    0.10839460802099984,
    -0.03792210990170901,
    0.020128477913908042,
    -0.020266594482800354,
    0.007580923267689982,
    0.03254900466052768
  ],
  "sum weights": 1.000004387180148
}