{
  "mu_target": [
    -0.5,
    0.6000000238418579
  ],
  "mu_model": [
    [
      -0.5009626311246659,
      0.6007950932585029
    ]
  ],
  "diff": [
    [
      0.0009626311246658803,
      0.0007950694166449779
    ]
  ],
  "sigma_integral": [
    883636.3951492964,
    5842074.746632971
  ],
  "within_band": [
    [
      true,
      true
    ]
  ],
  "toy_seed": 274,
  "weights": [
    0.02688217163893715,
    0.06673359997411957,
    0.056460433296555625,
    0.06697063283718477,
    -0.00016464642320503307,
    0.07457226971701235,
    0.03749237715413736,
    -0.0004456199179392402,
    0.04110620008680991,
    -0.005795692121525951,
    0.035690335866724036,
    0.02041572055766096,
    0.044637204114696905,
    -0.08197643923391168,
    -0.00946926386897211,
    -0.019757443566341158,
    -0.042142728854723005,
    -0.006900838812539632,
    -1.421377275916343e-05,
    -0.04477778387499658,
    -0.049150493903285804,
    0.07760795959875942,
    -0.030917993492166566,
    0.05848214071233872,
    -0.012579114287798742,
    0.09744209948894317,
    0.027888888325078205,
    0.01270542058476629,
    -0.01796366918813276,
    -0.006677822728962893,
    0.03865342903504937,
    0.0015793774524575685,
    0.0839602827188702,
    0.011980657346290871,
    -0.0008209096845517497,
    0.04994112064378826,
    0.02920960822868492,
    -0.023636029249725014,
    0.019826407292883135,
    -0.02057628483819458,
    -0.048523818545561676,
    0.02545918930349876,
    0.09419801538734963,
    0.08679050894869778,
    0.04810623329369942,
    0.0028168137689172125,
    0.03901925133302641,
    0.0235948817837272,
    0.03518821155343078,
    0.0745822946292995,
    -0.004327628593203553,
    0.013713125189008529,
    0.06919927495698285,
    -0.015576449954242507,
    0.05373678553780755,
    -0.07355072704155118,
    0.0063621854598917655,
    -0.04072525704482567,
    -0.006876857067800481,
    0.0103470178788949
  ],
  "sum weights": 1.0000043996290644
}