{
  "mu_target": [
    -0.5,
    0.6000000238418579
  ],
  "mu_model": [
    [
      -0.5010979695715599,
      0.5987503862600259
    ]
  ],
  "diff": [
    [
      0.0010979695715599425,
      0.0012496375818320526
    ]
  ],
  "sigma_integral": [
    5922905.903040498,
    1630528.783804167
  ],
  "within_band": [
    [
      true,
      true
    ]
  ],
  "toy_seed": 152,
  "weights": [
    0.013177499231528481,
    0.04379337199672289,
    0.04081881857407019,
    0.13090952426402916,
    -0.008902406175565742,
    0.02963241595735128,
    -0.0030783251047780545,
    -0.020916204489005066,
    0.010233549554300858,
    0.040055974315765186,
    0.09951343768832906,
    -0.03295373160996297,
    0.030767777847798005,
    -0.023498144538851226,
    -0.029737956994922706,
    -0.010808705155392319,
    0.003508915287126508,
    0.009622073676434367,
    0.029851079063103438,
    -0.04717304214226065,
    -0.03419887255283933,
    0.05562661976889604,
    -0.06597575185392186,
    0.023978150383767268,
    0.01082317885770061,
    0.029778916393935557,
    0.031244518332879535,
    0.023892092778717705,
    -0.05668831010925741,
    0.08912415309099199,
    -0.014513289722545472,
    -0.07293191921966402,
    0.08200954476340568,
    0.004700768981072454,
    0.026785647057162038,
    0.08290678467878601,
    0.0398203045383044,
    0.017661727215094347,
    -0.009126438002313716,
    -0.006186128459631857,
    -0.035526279639875744,
    0.025895104918240222,
    0.030347586008957306,
    0.09623493490972104,
    0.1016291830802036,
    0.01816350614967594,
    0.00681158240718865,
    0.04051060647160973,
    0.032376896777864775,
    0.04004201160004404,
    0.005725086698161832,
    0.03101475697712637,
    0.011212047214743191,
    -0.021276725567864155,
    0.059698316549906406,
    -0.04804959690625356,
    -0.02597874885844684,
    -0.03857431457297148,
    0.044379398329271624,
    0.061821425816435016
  ],
  "sum weights": 1.0000043965300986
}