{
  "mu_target": [
    -0.5,
    0.6000000238418579
  ],
  "mu_model": [
    [
      -0.5002457639727617,
      0.6016657290362906
    ]
  ],
  "diff": [
    [
      0.00024576397276165896,
      0.001665705194432654
    ]
  ],
  "sigma_integral": [
    0.0005497363042494483,
    0.000831584745833206
  ],
  "within_band": [
    [
      true,
      false
    ]
  ],
  "toy_seed": 222,
  "weights": [
    0.054943601814775145,
    -0.015118659333976528,
    0.08766378579062262,
    0.047037969040792174,
    -0.007149055983294054,
    0.06842077886247973,
    0.010694233152071901,
    0.012273714582115269,
    0.006365601863378493,
    0.016602928070325325,
    0.08828392138219571,
    0.0098528993595644,
    0.014921617099786245,
    -0.003758675566578576,
    -0.010494234879359028,
    -0.014074147076804088,
    -0.037837801254401136,
    0.00442528243163861,
    0.052856551210729824,
    -0.04709390130025752,
    -0.06099229252265372,
    0.0679957195215315,
    0.002677630244703211,
    0.018835559202669137,
    0.009039279697851715,
    0.07721564323434853,
    0.04475553785363343,
    0.014359887502126125,
    -0.041964448651388264,
    0.053629652973626735,
    0.005219416262089306,
    -0.019948156202360155,
    0.08037653441627483,
    0.01790407595760542,
    -0.0028941119320164163,
    -0.007680958879958626,
    0.057378526766305366,
    -0.01225008161870815,
    0.011995949408619255,
    -0.05034694762547484,
    -0.0013738594215263237,
    -0.005803531420996747,
    0.01822816276841004,
    0.09423748559981394,
    0.05448150076904489,
    0.03204296109104297,
    0.08656323377758851,
    0.05623180888273782,
    0.0025051553032309336,
    0.03235689158245749,
    -0.010108106240993599,
    0.023356270282008835,
    0.04083030600986549,
    0.011067482894721717,
    0.03437044648270431,
    -0.05708169904490196,
    0.04116701000888827,
    -0.06197929114541572,
    -0.0030390917064324783,
    0.007829038628123043
  ],
  "sum weights": 1.0000049999750005
}