{
  "mu_target": [
    -0.5,
    0.6000000238418579
  ],
  "mu_model": [
    [
      -0.49965197182322496,
      0.5997671351837934
    ]
  ],
  "diff": [
    [
      0.0003480281767750393,
      0.00023288865806447845
    ]
  ],
  "sigma_integral": [
    0.0005501987747520983,
    0.0008268653353673396
  ],
  "within_band": [
    [
      true,
      true
    ]
  ],
  "toy_seed": 97,
  "weights": [
    0.009512013404620982,
    0.023841185465540763,
    0.05576471463207737,
    0.05360012852477997,
    -0.037393237783795726,
    0.06514117940801768,
    0.032719395328291725,
    0.06043643691545831,
    0.02408770033398337,
    0.014598257454875823,
    0.04242882091903289,
    0.033649625520983883,
    0.008163744025081692,
    -0.026328445477303477,
    -0.008223779619710676,
    0.03911404360411468,
    -0.03805556445879153,
    0.0021655552788428286,
    0.056506227196200916,
    0.010064845279803425,
    -0.01089722273515701,
    0.055245119189830855,
    0.028522658103655948,
    0.004242429437730749,
    -0.007919293072227886,
    0.05589327861578071,
    -0.007336843238322948,
    0.03498963688477913,
    -0.002365754669431397,
    0.049785189395346374,
    0.03250136816463517,
    -0.05016141822749645,
    0.08335772298623695,
    -0.002127766284776095,
    0.010751397630928973,
    0.006307842823157337,
    0.04289621737070085,
    0.02823913865613237,
    -0.04299243546725991,
    0.010566649439746603,
    0.008510907090248146,
    -0.008313591906304214,
    0.005407097231721133,
    0.07111582842573384,
    0.06093722522241825,
    0.012243932733225611,
    0.023739469943942673,
    0.03172680137057676,
    0.018652766117907334,
    0.05123723104772187,
    -0.02808170329080005,
    0.013288516679998332,
    0.03681855068809924,
    -0.00810435244406792,
    0.047771173214073294,
    -0.058602992722307456,
    0.0030580330511710933,
    -0.00887081236057383,
    -0.026287492097307227,
    0.012467651023428002
  ],
  "sum weights": 1.0000049999750003
}