{
  "mu_target": [
    -0.5,
    0.6000000238418579
  ],
  "mu_model": [
    [
      -0.4996989772794097,
      0.6010772652354084
    ]
  ],
  "diff": [
    [
      0.0003010227205902938,
      0.0010772413935504765
    ]
  ],
  "sigma_integral": [
    0.0005482263893901281,
    0.0008201325400034654
  ],
  "within_band": [
    [
      true,
      false
    ]
  ],
  "toy_seed": 200,
  "weights": [
    -0.013506814761182321,
    0.03855365396818617,
    0.0661556851834341,
    0.022995782655440757,
    0.002061187966582555,
    0.03651832621492518,
    -0.0035872906398192825,
    0.06513335993657436,
    0.03132466593102373,
    0.002197456975025559,
    0.030965614880015303,
    0.018021507286473972,
    0.04085866969789009,
    -0.03662997594725265,
    -0.006437209293750248,
    0.01231291997312364,
    -0.04325041336847026,
    -0.0405528597471433,
    0.022243451047952483,
    -0.017650088369159867,
    -0.006366488543934737,
    -0.004006083911253446,
    -0.029197070252954795,
    0.0029285150067019663,
    -0.01636852676680317,
    0.053602253032488716,
    0.09288134485933465,
    0.02641385844200819,
    -0.005409041171573332,
    0.06352879581663719,
    -0.0007430229630059164,
    -0.04377717977844242,
    0.06302464095110352,
    0.020963083377775422,
    0.044221669395027065,
    0.03005165913860336,
    0.046265243962100924,
    0.0123720990892372,
    -0.029488359600303514,
    0.036154150405167146,
    -0.002991634841599723,
    -0.01611483489004967,
    0.03916564095972393,
    0.03921287603787789,
    0.049212527050890756,
    -0.011284118960766842,
    0.031206918687280594,
    0.015899720596948275,
    0.011595750929696105,
    0.05324852404196032,
    0.039893083179977855,
    0.08227263404136687,
    0.019563537702421363,
    -0.007799470273999169,
    0.07166112604346979,
    -0.021992183679255307,
    0.011746876533187392,
    -0.04197837520750708,
    0.025505183330799437,
    0.027202048614793372
  ],
  "sum weights": 1.0000049999750003
}