{
  "mu_target": [
    -0.5,
    0.6000000238418579
  ],
  "mu_model": [
    [
      -0.5005228540821484,
      0.6009467231435629
    ]
  ],
  "diff": [
    [
      0.0005228540821483607,
      0.0009466993017049896
    ]
  ],
  "sigma_integral": [
    25400759.91712234,
    37269547.71873246
  ],
  "within_band": [
    [
      true,
      true
    ]
  ],
  "toy_seed": 294,
  "weights": [
    0.012854244243601301,
    -0.004279921464654704,
    0.05056091113880032,
    0.06857675978387794,
    0.0019706983322841163,
    0.030666302267525678,
    0.037303730496587195,
    -0.004946514207794572,
    -0.013855594465523386,
    -0.01582618092149429,
    0.05892682385526641,
    0.0031443156377531753,
    0.02267560382034433,
    -0.06000189356742988,
    -0.007118489319476181,
    -0.01902008061660015,
    -0.0217164852922685,
    -0.0011550055368693348,
    -0.004141499590992415,
    -0.058826103767621596,
    -0.00893479764496064,
    0.05790935038461807,
    -0.03481494821334091,
    0.009944630036283581,
    0.01610187015147829,
    0.06344014999789949,
    0.06611294164584335,
    0.04512879846642336,
    0.012926099704846301,
    0.044549174284789,
    0.01657501796410058,
    -0.06784524623725441,
    0.03509788110905582,
    0.03788740650851629,
    0.04364902540865926,
    0.017264527661004066,
    0.05090173789877316,
    0.0009503898321632486,
    -0.008611185568600502,
    0.022218089464106392,
    -0.03146143892155504,
    0.001447443064046044,
    0.02372461924201457,
    0.10095512826359399,
    0.07107411285716472,
    -0.001970044091277189,
    0.0407432445337076,
    0.043433011970278254,
    -0.010241890268499114,
    0.05553234300390202,
    0.05867174089899629,
    0.07153753334983583,
    0.020319975961833926,
    0.047962768644818854,
    0.09548090733524442,
    -0.09502560753562594,
    0.0063640962357296585,
    -0.00988083118092973,
    -0.019641006781743582,
    0.03473577848306421
  ],
  "sum weights": 1.0000044187443191
}