{
  "mu_target": [
    -0.5,
    0.6000000238418579
  ],
  "mu_model": [
    [
      -0.4998664301741235,
      0.6008734305902104
    ]
  ],
  "diff": [
    [
      0.00013356982587647837,
      0.0008734067483524566
    ]
  ],
  "sigma_integral": [
    0.0005518658218782493,
    0.0008286558725355695
  ],
  "within_band": [
    [
      true,
      false
    ]
  ],
  "toy_seed": 57,
  "weights": [
    -0.04240935202124601,
    0.05890448411687896,
    0.08078827898970886,
    0.08860133672519119,
    0.014444057861106686,
    0.040451331424612394,
    0.005953380027230181,
    0.08977152722550669,
    0.013504717259386637,
    0.020428916292202864,
    0.02481601069295539,
    0.0617418809730607,
    0.033247220160561586,
    -0.04457726142249081,
    -0.03759379526472204,
    0.014459092388067165,
    -0.02565032365780984,
    -0.0007275316831641178,
    0.04103686257520432,
    -0.0078069815643980345,
    -0.01497447157623744,
    0.03523150338764685,
    -0.036939034737473786,
    -0.043275750254583904,
    0.012498080684712977,
    0.009993741722904551,
    -0.0042406261414755266,
    0.022616118818593125,
    -0.020202878364600434,
    0.03107451899043663,
    0.004301438699454399,
    -0.015132081895896512,
    0.04646476142472701,
    0.043819581167721985,
    0.017845321659301364,
    0.03343429050150757,
    0.0315616231433473,
    -0.024130192790079143,
    -0.0041496791429549,
    0.005665639765537005,
    -0.023414092227159403,
    -0.02996632319663481,
    0.007933738472970214,
    0.08269609945574988,
    0.08158970011761132,
    -0.02875729158497315,
    0.05350088928291977,
    0.03442284794756646,
    0.029294881409771382,
    0.04117174416517022,
    0.03693164363372931,
    0.04527765691528909,
    0.048508073557150685,
    0.004091239593455188,
    0.04164435651675262,
    0.01054825613282548,
    0.0007487369700726731,
    -0.007416056328853172,
    0.002472700989531647,
    0.007880441991622867
  ],
  "sum weights": 1.0000049999750003
}