{
  "mu_target": [
    -0.5,
    0.6000000238418579
  ],
  "mu_model": [
    [
      -0.500550804064609,
      0.6000936354687588
    ]
  ],
  "diff": [
    [
      0.0005508040646089452,
      9.361162690091351e-05
    ]
  ],
  "sigma_integral": [
    0.0005521647018120426,
    0.000826524052070237
  ],
  "within_band": [
    [
      true,
      true
    ]
  ],
  "toy_seed": 35,
  "weights": [
    0.015761030234519347,
    0.014396211387886998,
    0.0674757321242197,
    0.08591038181952443,
    0.01646206934439099,
    0.023334421225435813,
    0.014484452264572227,
    0.024449957733420194,
    0.02062934563041303,
    -0.004044417780625103,
    0.0262057493375895,
    0.0126113549411391,
    0.06176837737099619,
    0.008158037791194336,
    -0.011489621859928151,
    0.0661476031805177,
    -0.05912698694160116,
    0.0031903326788187093,
    0.03555497889119291,
    -0.03598748438227626,
    0.006084386127247046,
    0.06364072752830288,
    0.003204864289550859,
    -0.017691302255990332,
    -0.011861502389381714,
    0.037140033315758936,
    0.03488282363708874,
    -0.01684730640821189,
    -0.017122668791091075,
    0.08736912447352695,
    0.02842191194108692,
    -0.034662618297533344,
    0.03425078407776559,
    -5.678783640808225e-05,
    -0.0027683591166824126,
    0.045611831496320976,
    0.024486322369816377,
    -0.026681253234623552,
    0.04034268074349126,
    -0.03641116429819403,
    0.020926917029527096,
    -0.00013637013491921648,
    0.049652542412795785,
    0.10298714329721112,
    0.03801483290855588,
    -0.009013351220930638,
    0.05274097724906948,
    0.013563767883015108,
    0.02365579784807975,
    0.04049994173521046,
    0.03580594264795665,
    0.019899469305350387,
    0.0017530866510569467,
    0.005512780128532791,
    0.0427173911569213,
    -0.11030690684273803,
    0.027642627253435966,
    0.011572477843183784,
    0.006048698988786117,
    -0.0007568185283410717
  ],
  "sum weights": 1.0000049999750003
}