{
  "mu_target": [
    -0.5,
    0.6000000238418579
  ],
  "mu_model": [
    [
      -0.5003389527404313,
      0.6006175265861848
    ]
  ],
  "diff": [
    [
      0.0003389527404312753,
      0.0006175027443269254
    ]
  ],
  "sigma_integral": [
    0.000547795941189639,
    0.00082073806820946
  ],
  "within_band": [
    [
      true,
      true
    ]
  ],
  "toy_seed": 211,
  "weights": [
    0.04184533047160655,
    0.06443242239931835,
    0.0633942907464262,
    0.053514126857669986,
    0.014194361608680199,
    0.05229460274196967,
    0.030648705120816768,
    0.0008305732187088694,
    0.05111669661528062,
    0.008577813380628964,
    0.0962870602689008,
    -0.0030854726026193777,
    0.041383276191322406,
    -0.02056302364769091,
    -0.014004931154401556,
    -0.0003839008054615453,
    -0.0038910667325563076,
    0.009089511830296448,
    0.006760797988964166,
    -0.009836220112101638,
    -0.051023981507088874,
    0.003936750541511678,
    0.01923974346430391,
    0.04532009216371233,
    0.003281635607260048,
    0.04284840905717261,
    -0.02531381735668657,
    -0.01066676552636933,
    -0.0003499718209324645,
    0.0056205535770700145,
    0.00015646058139780298,
    -0.035725273842492515,
    0.018784198674263414,
    0.0015391014612330224,
    0.06325163329620445,
    0.04362279025494784,
    0.007113618419184705,
    0.003680476269727521,
    -0.07365459554166201,
    0.027226336566161177,
    0.013965542038777961,
    -0.00929322843150429,
    0.04711601887120846,
    0.11283607889272994,
    0.06648171834600003,
    -0.003680772999115237,
    0.008624888695243202,
    0.03385986146444584,
    -0.020631817200472042,
    0.016311744355923766,
    0.06273683964901881,
    0.034341347479221504,
    0.047779594266249295,
    -0.00565299823300327,
    0.020569640546890526,
    -0.02445948590865441,
    0.03447246962099024,
    0.012600427052395221,
    0.002051283701779901,
    -0.021516500957802585
  ],
  "sum weights": 1.0000049999750003
}