{
  "mu_target": [
    -0.5,
    0.6000000238418579
  ],
  "mu_model": [
    [
      -0.501078649434058,
      0.5992357144951084
    ]
  ],
  "diff": [
    [
      0.0010786494340579988,
      0.0007643093467495365
    ]
  ],
  "sigma_integral": [
    0.0005488418736575484,
    0.0008261378097083882
  ],
  "within_band": [
    [
      false,
      true
    ]
  ],
  "toy_seed": 242,
  "weights": [
    0.05152248157816947,
    0.02346669995433341,
    0.07023840575337698,
    0.08547040927012602,
    -0.004245298709272428,
    0.023729674929150252,
    0.012698025756921768,
    -0.0015233850865659336,
    0.02113897641183055,
    -0.003675923185718262,
    0.05173619085721377,
    0.01663294184075545,
    0.015446003037735079,
    0.034399840430372294,
    -0.0052056958367792585,
    -0.0005865237172814485,
    0.006150902093014272,
    0.00811089872179509,
    0.00437180696784794,
    -0.038862542094248116,
    -0.05167390034012542,
    0.012334030247662674,
    -0.035707499711662614,
    -0.01560045488479936,
    -0.011032199478828358,
    0.06687977370026421,
    0.057622609367695726,
    -0.009092281647218486,
    -0.019200896467882568,
    0.04513013133313615,
    0.002743172575719974,
    -0.013065863987088599,
    0.06389154053154564,
    0.02598499872223091,
    -0.010256182689933687,
    0.019948756752469335,
    0.05542148731398869,
    0.011799236943977427,
    -0.0264674133676086,
    0.0021062246678217713,
    -0.03917961226766009,
    0.023915303274691678,
    0.047450974056947405,
    0.07868974744207538,
    0.06778406274881665,
    0.009671865035218453,
    0.043209671819135397,
    -0.003372533875272544,
    0.03503209392467393,
    0.014419614678870377,
    0.015343607857819509,
    0.04769557499076809,
    0.062163882571466586,
    -0.033300832560416785,
    0.026673561845965022,
    -0.01791115955856206,
    -0.005301249538402465,
    -0.027628395054472087,
    0.06758010367268834,
    0.044289560356507746
  ],
  "sum weights": 1.0000049999750003
}