{
  "mu_target": [
    -0.5,
    0.6000000238418579
  ],
  "mu_model": [
    [
      -0.5003919208934727,
      0.6010946604267611
    ]
  ],
  "diff": [
    [
      0.0003919208934727303,
      0.0010946365849031636
    ]
  ],
  "sigma_integral": [
    784696.8809835777,
    4420995.3724626
  ],
  "within_band": [
    [
      true,
      true
    ]
  ],
  "toy_seed": 217,
  "weights": [
    -0.015408535437479073,
    0.07480520001420363,
    0.08824084448072042,
    0.07795868001001971,
    0.04179038195923624,
    0.07278800629059767,
    0.0407777429468417,
    0.0010476374463920398,
    0.005852612181868365,
    0.01838386922544892,
    0.08426200409929517,
    0.014203872872921224,
    0.0029403339388286397,
    -0.06621742044660171,
    -0.029872478703337813,
    -0.0013619569340434462,
    -0.02346554811504998,
    0.01099286036397351,
    0.03369533681283282,
    -0.041674556291378125,
    -0.04265722053017003,
    0.02066297229740836,
    -0.0024217591300511833,
    -0.014671851135647418,
    0.017697731238970716,
    0.005706043340744949,
    -0.00865397402983274,
    0.031465167917326786,
    -0.03745164918595881,
    0.03239042426619608,
    -0.0009190475180538735,
    -0.05362552347230428,
    0.048664275495536216,
    0.017586836405594566,
    0.02683625647801509,
    0.026119075095987175,
    0.016351231247615897,
    0.004033077395320574,
    -0.01350361118698971,
    0.0011440187410852848,
    -0.033177887562695255,
    -0.0029953931820043598,
    0.08145165603520102,
    0.07445285645812667,
    0.059795662400124634,
    -0.017356287002540875,
    0.03412685544397915,
    0.06194757206474955,
    0.023799461646730177,
    0.007054306006070594,
    0.06662346574784613,
    0.04617454591750863,
    0.04691912397347374,
    0.013688135245522749,
    0.06582964739876211,
    0.0009134916962241201,
    0.017941393050407997,
    0.005370070997069101,
    -0.011012793183166373,
    -0.006032829306224759
  ],
  "sum weights": 1.0000044142912483
}