{
  "num": 40821.0234375,
  "den": 30161.970703125,
  "test": 10659.052734375
}