{
  "mu_target": [
    -0.5,
    0.6000000238418579
  ],
  "mu_model": [
    [
      -0.49980796967768687,
      0.6001632462681948
    ]
  ],
  "diff": [
    [
      0.00019203032231313033,
      0.00016322242633692863
    ]
  ],
  "sigma_integral": [
    0.0005084528186735442,
    0.0008146497210555796
  ],
  "within_band": [
    [
      true,
      true
    ]
  ],
  "toy_seed": 201,
  "weights": [
    0.04694087325587973,
    -0.035378326101313196,
    -0.010528939826555984,
    0.013007112800887033,
    0.0349856679579815,
    0.012695403227816062,
    0.008120022103841149,
    0.0841503723549336,
    0.022986875216366682,
    -0.03028015848891241,
    -0.01605654226762116,
    -0.01662301634307889,
    0.026191469534766632,
    0.07209396593838766,
    0.07767703393874348,
    0.00912595286296018,
    -0.014708134105942038,
    -0.05449055554457696,
    0.02357280153217795,
    0.00520698797726031,
    -0.0038981951840230677,
    -0.030732688957124037,
    0.003707022886366008,
    -0.004249371795994623,
    0.01862561921504257,
    0.05961257452442807,
    0.0062815708392027865,
    0.05492787397383926,
    0.054206540560548855,
    0.01377984992364715,
    0.020504825019882093,
    0.011545857122099594,
    -0.0018343498872648363,
    0.042721799190205,
    0.1076966412273542,
    0.041250416433474824,
    -0.04045898335336332,
    -0.0022972969858258085,
    0.06431586846803201,
    0.01285448596843661,
    0.014536326736372236,
    -0.0256585735627171,
    -0.05068470418802131,
    0.12385785222823356,
    0.002300016729145299,
    0.030144924672703483,
    0.002581197641661695,
    -0.0063926401189690245,
    -0.004385278229564429,
    0.05520398441702928,
    0.02703142043273954,
    0.03250464583702929,
    -0.001182960954271748,
    0.04260397143187085,
    -0.025346216095990803,
    0.020603364197485617,
    0.024107275718124793,
    -0.0001702118403432271,
    0.020695851751611892,
    0.030405827957578596
  ],
  "sum weights": 1.0000049999746732
}