{
  "mu_target": [
    -0.5,
    0.6000000238418579
  ],
  "mu_model": [
    [
      -0.49899336372775466,
      0.6007686440663804
    ]
  ],
  "diff": [
    [
      0.0010066362722453426,
      0.0007686202245225093
    ]
  ],
  "sigma_integral": [
    0.0005063946639996337,
    0.0008145269413645184
  ],
  "within_band": [
    [
      false,
      true
    ]
  ],
  "toy_seed": 168,
  "weights": [
    0.0365683604136275,
    -0.016315635723219295,
    0.015524969122874545,
    -0.01643947153951648,
    0.05277781074920355,
    -0.03958274167486784,
    0.05438490740055704,
    0.06023113499975869,
    0.023116535147600727,
    -0.032164839778981005,
    -0.022088170501070616,
    0.011897196951940404,
    0.028283267012085965,
    0.04879219495089859,
    0.04407657784016436,
    0.04981876092672193,
    0.0016161232681480005,
    -0.053855070938585214,
    0.01654785885932882,
    0.004108164646923655,
    0.011087411355410382,
    -0.04442410196327059,
    0.019522026887158032,
    0.02408637624748526,
    -0.00392674961373202,
    0.03471538891855398,
    0.01835140881180171,
    0.01546002605305398,
    0.0466910902929121,
    0.010962679109488588,
    0.03633005046721705,
    0.02090234866438689,
    0.061754922703820006,
    -0.012246561539027824,
    0.1273579679763789,
    0.034829330772545436,
    -0.028254795890960634,
    0.0020542201532103605,
    0.07684604484524388,
    -0.03387237775980483,
    0.08067073078587202,
    -0.039248929978505015,
    -0.01954546998601481,
    0.10385467567018115,
    -0.01749322314935674,
    -0.014797212744830332,
    0.03757946350582322,
    0.0006881233004914904,
    -0.007583376847628987,
    0.041378004918580326,
    -0.002670167030810407,
    0.04570366749593084,
    -0.011434897188216742,
    0.02242288179346209,
    -0.007971275717905632,
    0.024193100070463543,
    -0.01803751632828632,
    0.017271360669103404,
    0.02046323876120854,
    0.0590371833496605
  ],
  "sum weights": 1.0000049999746863
}