{
  "mu_target": [
    -0.5,
    0.6000000238418579
  ],
  "mu_model": [
    [
      -0.49981536168443275,
      0.6000856227999091
    ]
  ],
  "diff": [
    [
      0.00018463831556725374,
      8.559895805115847e-05
    ]
  ],
  "sigma_integral": [
    0.00050928456978812,
    0.0008165299834203181
  ],
  "within_band": [
    [
      true,
      true
    ]
  ],
  "toy_seed": 181,
  "weights": [
    0.07268603219119868,
    -0.02036851330500404,
    -0.0016058633016838748,
    0.04676619264412052,
    0.03382999375114084,
    0.009611178379531784,
    0.011617070788067767,
    0.07666427690730393,
    0.01897278441850038,
    0.0012465801266141213,
    -0.01831497681464274,
    0.015970250720940878,
    -0.010252389198514136,
    0.09938391644569736,
    0.06278842901111267,
    -0.005091094884054834,
    -0.014315703345986287,
    -0.015689523802995188,
    0.0044574189413276715,
    -0.048153070044636405,
    -0.0178245459698197,
    -0.04237761849231889,
    0.0032465821747514534,
    0.009138317650410526,
    0.012693740127198011,
    0.025474728041853228,
    0.024363878767353755,
    0.07610714888288683,
    0.05594784194246808,
    -0.0023980914536257517,
    0.06540584451251433,
    0.0008590542840982134,
    -0.017328391395359834,
    0.015511036389477697,
    0.09240832121401285,
    0.014025302748667324,
    -0.003256966523351428,
    -0.004580485154011297,
    0.061852419265943884,
    -0.011111900299197007,
    0.036378949751859194,
    -0.06400320395480057,
    0.003123550183044939,
    0.11440477935565366,
    0.0038122988046086197,
    0.013477263561981583,
    0.017656866884320697,
    0.01364483717743849,
    -0.003275747001253039,
    0.03689373027442546,
    0.06866830148386274,
    0.014488406458989427,
    -0.03759325318162057,
    -0.014957247074162627,
    0.002596270698725684,
    0.019829185764940097,
    0.0007703434216196634,
    0.011766469716102075,
    0.030550079937622265,
    0.053413911369365304
  ],
  "sum weights": 1.0000049999747145
}