{
  "mu_target": [
    -0.5,
    0.6000000238418579
  ],
  "mu_model": [
    [
      -0.4992618155521209,
      0.5996154897381903
    ]
  ],
  "diff": [
    [
      0.0007381844478790978,
      0.00038453410366756646
    ]
  ],
  "sigma_integral": [
    0.0005078285567531757,
    0.0008145053781801052
  ],
  "within_band": [
    [
      false,
      true
    ]
  ],
  "toy_seed": 103,
  "weights": [
    0.060826760362540234,
    -0.04527665610753131,
    0.008549422363873349,
    0.012807486152831284,
    0.03317771586630743,
    0.005931563683355771,
    -0.00904008223688946,
    0.04195783531515471,
    0.054353025474263454,
    -0.021746090397861257,
    -0.04013320000063038,
    -0.032571497337104835,
    0.011760897863958671,
    0.10551836671030419,
    0.07975435665248108,
    0.020317100726730524,
    -0.023263542712893152,
    -0.014743842087639243,
    0.04422438879921119,
    -0.0007112602033295236,
    -0.024350988975021776,
    -0.003558999267489291,
    -0.004701962682330324,
    0.001167872769530093,
    0.024936726202246372,
    0.020986403131027044,
    0.026138789724824352,
    0.03156053327452436,
    0.0635907454948448,
    0.061026354466727495,
    0.05221721134765684,
    0.0067754888529426545,
    0.0004473781491899713,
    0.02550178548799355,
    0.10851707340523382,
    0.06295504556455206,
    0.006934473628703423,
    -0.030817694589039855,
    0.05827534006903022,
    0.0038701603817525394,
    0.02088782777930703,
    -0.031296784729577865,
    -0.07101864164634038,
    0.11564953834728799,
    0.008905934906504511,
    -0.019554381964047213,
    0.005590942402627073,
    0.013578056042412858,
    -0.01401417910843964,
    0.04048181811557351,
    0.018193698301349998,
    0.020438404693501597,
    -0.01725552145464382,
    0.043718495542737004,
    -0.018382047119990804,
    0.019546502145451713,
    0.006053385200699491,
    0.004382506955275616,
    0.025345472875602994,
    0.04558948736537743
  ],
  "sum weights": 1.0000049999747
}