{
  "mu_target": [
    -0.5,
    0.6000000238418579
  ],
  "mu_model": [
    [
      -0.4997206171339489,
      0.6001091176059139
    ]
  ],
  "diff": [
    [
      0.0002793828660511144,
      0.0001090937640559897
    ]
  ],
  "sigma_integral": [
    0.0005061398109627383,
    0.0008151510165790639
  ],
  "within_band": [
    [
      true,
      true
    ]
  ],
  "toy_seed": 151,
  "weights": [
    0.09977811066709708,
    -0.012269113526206618,
    -0.002170987585064578,
    0.018669549634658163,
    0.007408326343548733,
    -0.013789188346191798,
    -0.009425126608747466,
    0.05268327367945142,
    0.03541715880401164,
    -0.02374429898482195,
    -0.03624484457444951,
    -0.0014708675535855685,
    0.011733704146250717,
    0.12830031099985995,
    0.05996136157177182,
    0.029970991281481507,
    -0.005379966358977361,
    -0.03616069013001185,
    0.037136093197118046,
    0.011527783846032572,
    0.003542457647602042,
    -0.03329755149677509,
    0.042631315093532116,
    -0.007091343394824035,
    0.04338671527185049,
    0.013545574725081494,
    0.017075247969599073,
    0.052704800843576774,
    0.046084858406473785,
    0.029298169547685278,
    0.07389095282270727,
    0.002335014308673773,
    0.037367668910421065,
    0.04764068345665393,
    0.10567985621503308,
    0.01747686854727553,
    -0.012370078769187397,
    -0.00289113103754771,
    0.04246733340696271,
    0.00023193185618282936,
    0.04411118279071736,
    -0.05093617221457147,
    -0.04088098776616382,
    0.08767433687559403,
    0.031764580665740484,
    -0.03467360409415757,
    0.007469631270687731,
    -0.018126431797375758,
    -0.02577425222580863,
    0.014751573727991248,
    0.03360299385951586,
    0.004872322483078057,
    -0.004004289876595508,
    0.03235907742043261,
    -0.015685832657799378,
    0.004704396373226232,
    0.0029211315447938754,
    0.002023157130076826,
    0.01231124541072448,
    0.03988001622038776
  ],
  "sum weights": 1.0000049999746963
}