{
  "mu_target": [
    -0.5,
    0.6000000238418579
  ],
  "mu_model": [
    [
      -0.49961313288628356,
      0.5979898258651585
    ]
  ],
  "diff": [
    [
      0.0003868671137164381,
      0.002010197976699435
    ]
  ],
  "sigma_integral": [
    0.0005069439352954328,
    0.0008143724232039266
  ],
  "within_band": [
    [
      true,
      false
    ]
  ],
  "toy_seed": 12,
  "weights": [
    0.03914020835071977,
    -0.015623841092574899,
    0.0021743137972315965,
    0.03728632015930913,
    0.030454415961866377,
    0.002765175466056984,
    0.008344217378964664,
    0.051822109085882154,
    0.026503149820658094,
    -0.015185879879064291,
    -0.026277517551803842,
    -0.02047367984617956,
    0.04483823452846579,
    0.07718786783459294,
    0.08010956101965534,
    0.03424733949853919,
    -0.030002182813493396,
    -0.026576894225379132,
    -0.0045830391145535625,
    0.04495246211599175,
    0.014545367035261823,
    -0.025378862997081687,
    0.022654339718428396,
    0.009959410381910606,
    0.01174970630591912,
    0.04489246312766487,
    0.0015541903137204442,
    0.03498798490386198,
    0.04802823879700014,
    -0.012394975348855437,
    0.05831211387523693,
    0.006072046007851944,
    0.043251422066992604,
    0.016264919890733184,
    0.0867917353902109,
    0.03193436709265003,
    -0.017229103281067575,
    -0.0014960103372774964,
    0.059405066087808295,
    -0.01958609510639264,
    0.052857955958843406,
    -0.04690203616577341,
    -0.02395371806357489,
    0.11015012353173304,
    0.007076615066477074,
    -0.029603360130956102,
    -0.0024775994128428706,
    0.032860998944676575,
    0.02323066213706619,
    0.053182096641613746,
    0.00745496298265141,
    -0.012309453944712452,
    -0.007940528779415867,
    -0.0030499613175847214,
    -0.004288046610247176,
    0.003063846057712112,
    0.008713048082571789,
    0.0013677689151410724,
    0.02376236088085349,
    0.051388600781010055
  ],
  "sum weights": 1.000004999974704
}