{
  "mu_target": [
    -0.5,
    0.6000000238418579
  ],
  "mu_model": [
    [
      -0.4998642614816732,
      0.5982552413253975
    ]
  ],
  "diff": [
    [
      0.00013573851832682227,
      0.0017447825164603747
    ]
  ],
  "sigma_integral": [
    0.0005065674631734068,
    0.0008120717293912791
  ],
  "within_band": [
    [
      true,
      false
    ]
  ],
  "toy_seed": 129,
  "weights": [
    0.0863383517551973,
    -0.005260449045465722,
    -0.0100969216872124,
    0.01171998316192369,
    0.022577492665478344,
    -0.01914906882193754,
    0.041656603116551574,
    0.034614220599932514,
    0.07019225090546481,
    -0.007608674281176908,
    -0.031835640344621295,
    -0.013962045709486354,
    0.03925527409323008,
    0.08644513830752522,
    0.09392463749208775,
    0.02306716049079522,
    0.0017123485147100596,
    -0.009724337420832932,
    0.005920563042581746,
    -0.0011006536999607767,
    -4.481970157177838e-05,
    -0.03893132917253371,
    0.015835979202697255,
    0.027312952797913116,
    0.015850833408882836,
    0.025092102241752193,
    -0.009945490152454505,
    0.08047621529566955,
    0.06567259934050475,
    -0.014363789111771018,
    0.04825212519387012,
    -0.011457303899794333,
    0.0313791982455427,
    -0.000727083348490129,
    0.093539844194801,
    0.047119423794197104,
    -0.044288294346454225,
    -0.016581384393043647,
    0.07097107199666078,
    -0.01048470402466711,
    0.030660724691759015,
    -0.041414045125599465,
    -0.03430853931028641,
    0.1535063553514914,
    0.006634895383198466,
    -0.0011422395775279412,
    -5.397637414883665e-05,
    -0.004227273151632419,
    -0.005715726606447031,
    0.03986184722638996,
    0.015437374121484503,
    0.0198809261881226,
    -0.01940361265005191,
    0.012376140364864658,
    -0.007719623966188328,
    0.010900206755763711,
    -0.008272497560268387,
    -0.025371016994543593,
    0.02025758124580255,
    0.04475311926601045
  ],
  "sum weights": 1.0000049999746883
}