{
  "mu_target": [
    -0.5,
    0.6000000238418579
  ],
  "mu_model": [
    [
      -0.49929012986043714,
      0.6000484569659028
    ]
  ],
  "diff": [
    [
      0.0007098701395628626,
      4.8433124044899856e-05
    ]
  ],
  "sigma_integral": [
    0.0005008593438448354,
    0.0008149791883549922
  ],
  "within_band": [
    [
      false,
      true
    ]
  ],
  "toy_seed": 97,
  "weights": [
    0.03712473891768664,
    -0.01977102030274802,
    -0.009923810704348252,
    0.022886058244804535,
    0.04480939708197802,
    -0.047416724248216795,
    0.026169723354453733,
    0.09405586310112661,
    0.04198163457432329,
    -0.02897841065800659,
    -0.03143776343898607,
    -0.020419167088070005,
    0.034409924681916615,
    0.10093834537942784,
    0.06092984501345152,
    0.010496694068237335,
    0.007038375858852373,
    -0.03863681017482746,
    0.02754965291588125,
    0.021905416525086426,
    0.01939695465570004,
    -0.04813202141054527,
    0.00940466647874678,
    -0.006477516174699354,
    0.0324522665256841,
    0.07102859584492867,
    -0.010427944285386844,
    0.047358577769114917,
    0.055605742945723034,
    0.04091205895809729,
    0.04984392364744142,
    0.007409730551424431,
    0.017312708781704447,
    -0.014941568822515322,
    0.11783176616471744,
    0.014519554303494777,
    -0.0054788838856525135,
    -0.0023625367742468877,
    0.06693946510220347,
    -0.028435127690763142,
    0.03100615240848237,
    -0.05181166509551214,
    -0.049990446511046005,
    0.1258177582995424,
    0.003924601992449534,
    0.00829014752147227,
    0.009806078205110515,
    0.01142345200534192,
    0.0036088958763124137,
    0.02228761916241244,
    -0.009995177896249343,
    0.016127040598684982,
    -0.005883379454435697,
    0.03894883052210261,
    -0.015967020913653297,
    0.025120733303084716,
    -0.011245673509718224,
    0.02440182748744835,
    0.0005152649308253612,
    0.05614758525482171
  ],
  "sum weights": 1.0000049999746714
}