{
  "mu_target": [
    -0.5,
    0.6000000238418579
  ],
  "mu_model": [
    [
      -0.49974539127973905,
      0.6002901615264813
    ]
  ],
  "diff": [
    [
      0.0002546087202609515,
      0.00029013768462338163
    ]
  ],
  "sigma_integral": [
    0.0005037334751283551,
    0.0008084331812917844
  ],
  "within_band": [
    [
      true,
      true
    ]
  ],
  "toy_seed": 273,
  "weights": [
    0.05424092192664187,
    -0.012251412324200635,
    0.0004491156441167409,
    0.05896589281689778,
    -0.013719336000943064,
    -0.015562753196276195,
    -0.028563148261916544,
    0.08685995904460378,
    0.034162442494251585,
    -0.013466549243199077,
    -0.023686443429370353,
    0.002154971887154564,
    -0.027099306030936736,
    0.07250579214806355,
    0.10038495532594037,
    -0.009013391904305154,
    -0.002792390509686457,
    -0.05967758483301484,
    -0.009861743190138836,
    0.0666104793974568,
    0.003718133592586498,
    -0.04585549386120856,
    0.06458971299121333,
    -0.01402649191446357,
    0.05825119931060955,
    0.047316140859073125,
    0.00832082304778191,
    0.0009626830422153078,
    0.057424959931182754,
    0.04610157242588388,
    0.00854076821275117,
    0.01296503465284684,
    0.044474665624996655,
    0.012382920411320362,
    0.10899675124537506,
    0.011165332185141598,
    -0.0027802298361498516,
    -0.0205132580225638,
    0.05465754089500305,
    -0.00898823408099463,
    0.0452764731612262,
    -0.02959052996110685,
    -0.08572025498818293,
    0.13968853065297104,
    0.006482790424077583,
    -0.031743206505799,
    0.02645903402416318,
    0.02793629477013772,
    0.008143908886983704,
    0.05211655524253065,
    0.04304011852741058,
    0.011604006260247383,
    -0.01582564555074573,
    0.009889737303039825,
    0.0092078238247675,
    0.02262088043331506,
    0.005388617076531658,
    -0.01109444380364279,
    0.019041625327369815,
    0.03873768239561344
  ],
  "sum weights": 1.0000049999746479
}