{
  "mu_target": [
    -0.5,
    0.6000000238418579
  ],
  "mu_model": [
    [
      -0.4993591917209125,
      0.6005709647761996
    ]
  ],
  "diff": [
    [
      0.0006408082790875236,
      0.0005709409343417349
    ]
  ],
  "sigma_integral": [
    0.0005070312566849738,
    0.0008175204729494076
  ],
  "within_band": [
    [
      false,
      true
    ]
  ],
  "toy_seed": 26,
  "weights": [
    0.0627980603104975,
    -0.005013837737750651,
    0.01797561016071984,
    0.006763460436817681,
    0.0164926299004991,
    -0.03814177354108974,
    0.02227379679205983,
    0.08269469072006075,
    0.034086606814798644,
    -0.01740242453480897,
    -0.012805432587047905,
    -0.00048752833546816777,
    0.02538490310128551,
    0.07011066556172826,
    0.06917723799426936,
    0.0015029477355170975,
    -0.005375475385058104,
    -0.05661309804302322,
    -0.02307246794421456,
    0.0406189643476724,
    -0.004873218986766935,
    -0.04186193646404185,
    0.05528129229740654,
    -0.015103426046233197,
    0.028733993991185366,
    0.011484236259602432,
    0.0498279872427084,
    0.03258974982225174,
    0.05634170370180467,
    0.019803807632694133,
    0.0282962242678351,
    0.018983717019370787,
    0.015088910522226986,
    0.012633494540754311,
    0.026945996397598447,
    -0.003076152352318137,
    -0.015582212934352614,
    0.018596670145934153,
    0.08560286618709442,
    -0.014853512945103316,
    0.07139289781331032,
    -0.057370839024836716,
    -0.03916888337313716,
    0.10888309718687762,
    0.0024868533715278066,
    -0.030842393427764937,
    0.04891756727596658,
    -0.006638521497375828,
    0.012784758402430211,
    0.04963870642601944,
    0.03621877547431538,
    0.04742212548602194,
    0.008006402804811302,
    0.06387013865084823,
    0.016556838437959673,
    0.02741100030377948,
    -0.02149237194537461,
    0.016398795325085317,
    -0.0030809748686557656,
    -0.007216698914239099
  ],
  "sum weights": 1.0000049999746854
}