{
  "mu_target": [
    -0.5,
    0.6000000238418579
  ],
  "mu_model": [
    [
      -0.49973394144995803,
      0.5996581726097007
    ]
  ],
  "diff": [
    [
      0.0002660585500419699,
      0.000341851232157242
    ]
  ],
  "sigma_integral": [
    0.0005069600754499538,
    0.0008127281406572957
  ],
  "within_band": [
    [
      true,
      true
    ]
  ],
  "toy_seed": 81,
  "weights": [
    0.0428351213917057,
    0.0064807119803520045,
    0.0015407891809307705,
    0.015704356701634427,
    0.007547388474319848,
    -0.028047823665516083,
    -0.009220901563080973,
    0.043299139469320985,
    0.03579712367725085,
    -0.021042462329525884,
    -0.030862568992359573,
    0.006663158358382384,
    0.020942779701993857,
    0.09341167491548799,
    0.07547513850018812,
    0.02345593709799581,
    0.0009648484211507807,
    -0.018534673143904726,
    -0.0022960986689425887,
    0.03515236522815128,
    -0.02099867587846606,
    -0.01779140012097303,
    0.02763532718859577,
    -0.02688698411838879,
    0.01961987571419149,
    0.0513606526896325,
    0.017637412827290495,
    0.028643650496298467,
    0.08543940376885945,
    0.012133598398461036,
    0.04699920316136102,
    0.01014523108519587,
    0.010787660654104393,
    0.018779177433028853,
    0.0844166750812393,
    0.04397460129825552,
    -0.017529612660135554,
    -0.005375919437894362,
    0.08213278238971626,
    -0.026854548394971502,
    0.030421899340720242,
    -0.03606970856087506,
    -0.046441255126394035,
    0.13786050773557207,
    0.0024414909313995995,
    0.022176978562995584,
    0.013362336741781361,
    0.02648699918977254,
    0.01254443946101057,
    0.01968514495232943,
    0.000142098727426075,
    0.049572621443083054,
    -0.019431684775283665,
    0.013582977906368587,
    -0.012777969450728018,
    -0.0014520223366847492,
    -0.007905349991740921,
    0.014289277478392204,
    0.012714369073299196,
    0.045267732361286825
  ],
  "sum weights": 1.000004999974667
}