{
  "mu_target": [
    -0.5,
    0.6000000238418579
  ],
  "mu_model": [
    [
      -0.4999970705611591,
      0.601254370325074
    ]
  ],
  "diff": [
    [
      2.9294388408929173e-06,
      0.0012543464832160955
    ]
  ],
  "sigma_integral": [
    0.0005081517087983854,
    0.0008162308844965523
  ],
  "within_band": [
    [
      true,
      false
    ]
  ],
  "toy_seed": 95,
  "weights": [
    0.056723640902937876,
    -0.03093794195069526,
    0.026067361489586997,
    0.016433701061466487,
    0.03616835984755026,
    -0.011048448153445885,
    0.03527573821868595,
    0.08900433271810702,
    0.07262823689260219,
    -0.005305924926884262,
    -0.02525771999343928,
    -0.042274716784443,
    0.009416493388453224,
    0.07959412630722805,
    0.051675228328383636,
    0.0002660443821268357,
    0.003781555028106787,
    -0.07176041180050642,
    0.004464133430884386,
    0.00013026653268829224,
    -0.03979002850848728,
    -0.022759164499242687,
    0.0734798436932486,
    -0.006078480470155826,
    0.03974733107415384,
    0.05719298564735342,
    0.016901045951386893,
    0.03604959860617563,
    0.01162453627704316,
    0.04799494061540146,
    0.033869175397091555,
    0.006265319169762819,
    -0.006676278789929559,
    -0.006259048446236137,
    0.07316243582992772,
    -0.008287424608962228,
    0.0032609000943489425,
    0.03151449906550621,
    0.02257229530813994,
    0.045057025535141626,
    0.03927449454988786,
    -0.05741556776744192,
    0.007302517244522241,
    0.08072113486308057,
    0.006694733003325647,
    -0.02869193251332669,
    0.009047357655391842,
    0.012242651975150665,
    -0.0007513444108980955,
    0.032373607958962394,
    0.045536780287925266,
    0.02920136079493795,
    -0.008938573779941828,
    0.036993540351672335,
    -0.000702491521168453,
    0.0002527484468912112,
    0.012610776844415776,
    0.019843073411399622,
    0.0010618236807148147,
    0.05946274703815128
  ],
  "sum weights": 1.0000049999747145
}