{
  "mu_target": [
    -0.5,
    0.6000000238418579
  ],
  "mu_model": [
    [
      -0.5005865241356552,
      0.5994791156441908
    ]
  ],
  "diff": [
    [
      0.0005865241356551865,
      0.000520908197667147
    ]
  ],
  "sigma_integral": [
    0.0005065919543426581,
    0.0008144231292713901
  ],
  "within_band": [
    [
      false,
      true
    ]
  ],
  "toy_seed": 124,
  "weights": [
    0.05963724270556726,
    -0.0068803523681348145,
    -0.009522795089079134,
    -0.013187207926774159,
    0.012501927064713961,
    0.003770440859640965,
    0.06584504206101828,
    0.07167946108421465,
    0.028188159841623824,
    0.0031672510580314796,
    -0.008393523163700147,
    -0.03717826498229253,
    -0.0005654489280057609,
    0.09349235895678083,
    0.06256758898254464,
    0.03627723675736351,
    -0.03723146067123114,
    -0.06404661339214497,
    0.01487601605229628,
    -0.015428598412738859,
    0.048804913276283356,
    -0.03435196250380965,
    0.0010707075226479908,
    0.04432766825394321,
    0.04004273756734825,
    0.029526894148658018,
    0.03160657926839368,
    0.022914317070819836,
    0.07838133611373482,
    -0.03797125290336532,
    0.03923785086397967,
    0.008823061342774262,
    0.04038763368937031,
    0.004939353980299837,
    0.11695665097186321,
    0.013976559188344591,
    -0.011747149826191502,
    -0.005949457639571172,
    0.05975376794985391,
    -0.04546368467904227,
    0.006194711766550462,
    -0.0319241790562952,
    -0.026186128155749288,
    0.1163185214335358,
    0.009599139686661064,
    0.017558385836334355,
    0.00554340354030728,
    0.015493706134774646,
    -0.005981597771296773,
    0.01142313096364084,
    0.044376172850763625,
    0.007854738800393616,
    -0.03163128436294212,
    0.03557206233209546,
    0.0030110741053975634,
    -0.00026489395176896994,
    0.029132117683300766,
    0.01774284267401391,
    0.014034478552103245,
    0.05730361276682317
  ],
  "sum weights": 1.0000049999746725
}