{
  "mu_target": [
    -0.5,
    0.6000000238418579
  ],
  "mu_model": [
    [
      -0.5003277716044552,
      0.6002767847212458
    ]
  ],
  "diff": [
    [
      0.00032777160445518483,
      0.00027676087938788285
    ]
  ],
  "sigma_integral": [
    0.0005046393811309741,
    0.0008141589615597236
  ],
  "within_band": [
    [
      true,
      true
    ]
  ],
  "toy_seed": 58,
  "weights": [
    0.07623782391824999,
    -0.008198761652229854,
    -0.0013898682082214152,
    0.0138259262947677,
    0.012905702201477496,
    0.013628921873864273,
    -0.01528639399667586,
    0.0734555233687676,
    0.02422048538847557,
    -0.014798305412155535,
    -0.04405322185286466,
    0.004067283068047551,
    0.000747566728335069,
    0.08538488480997228,
    0.06193169454758916,
    0.02302686326325253,
    -0.010334759706787934,
    -0.04811520089104415,
    -0.0008172162419773847,
    0.04007238988993601,
    -0.0035715860815732216,
    -0.04862067674066999,
    0.04913350438691793,
    -0.02507704743457306,
    0.036761895284076175,
    0.019346467324050896,
    0.032868676937216866,
    0.07574271613583591,
    0.07273140926553928,
    0.013024277685207942,
    0.05465279437110973,
    0.0008831989740814071,
    0.03603594939174285,
    -0.0072229610828574925,
    0.10070905161773448,
    0.00588403444463205,
    -0.04272964331196268,
    0.002534325964825801,
    0.0814643360590632,
    0.009789628065023627,
    0.04100295176068403,
    -0.05578939940311224,
    -0.03365025358320603,
    0.12309621342894327,
    0.02256374216126294,
    -0.006378406549571413,
    0.01540731613386368,
    -0.018548930046515595,
    -0.023519938349862077,
    0.05525749210268815,
    0.04070658269446792,
    0.0007247240917996084,
    -0.014426915045571722,
    0.028037464396478463,
    -0.018638391462045763,
    0.00793441136280762,
    0.026497263090126007,
    -0.005113434327668704,
    0.033029945143012315,
    0.03096087372991222
  ],
  "sum weights": 1.0000049999746927
}