{
  "mu_target": [
    -0.5,
    0.6000000238418579
  ],
  "mu_model": [
    [
      -0.4990629127990012,
      0.5999494616535025
    ]
  ],
  "diff": [
    [
      0.0009370872009987763,
      5.056218835541859e-05
    ]
  ],
  "sigma_integral": [
    0.0005083028852510388,
    0.0008157575275161456
  ],
  "within_band": [
    [
      false,
      true
    ]
  ],
  "toy_seed": 109,
  "weights": [
    0.07095085261235189,
    -0.017126418728170605,
    -0.004181627425549885,
    0.013284679972933817,
    -0.02224844641553486,
    -0.002570335045054856,
    0.027805721877052502,
    0.03800572700435067,
    0.046443434116552884,
    -0.0013600005198547913,
    -0.0248455574909105,
    0.01087562942218877,
    0.038495252670148576,
    0.10913194971269846,
    0.07711596333804928,
    0.05479656329953224,
    0.002031102493988453,
    -0.01963489831904867,
    0.02309842391833795,
    0.0020135998027932486,
    0.008763684847280245,
    -0.0137521022146786,
    -0.005317596457496053,
    0.025441826967521057,
    0.04787273959234145,
    0.029433215776880094,
    -0.005449857265362294,
    0.0038275522097523827,
    0.04717523492312596,
    0.0020084427035752,
    0.05562057827739567,
    0.020159113087022274,
    0.028558709803685255,
    0.017869363288037933,
    0.11002900232663809,
    0.02983071323755336,
    -0.012759692628750107,
    -0.0225514853186635,
    0.03416761236733606,
    -0.002114578273715497,
    -0.018592134121730417,
    0.0012730013354862275,
    -0.03436242809440528,
    0.12125443949507594,
    -0.0019100184966704065,
    -0.01996597196902768,
    0.014077721893683098,
    0.01126761935117801,
    -0.014691017845126941,
    0.025594298748993074,
    -0.014690433229818571,
    0.008387061532058942,
    -0.00828426368413216,
    0.02163296017602229,
    0.01752999254873435,
    0.011920480627608341,
    0.0035382620572509287,
    0.01497818175168675,
    0.010128753232646717,
    0.030024401118876623
  ],
  "sum weights": 1.0000049999747234
}