{
  "mu_target": [
    -0.5,
    0.6000000238418579
  ],
  "mu_model": [
    [
      -0.5001339012163796,
      0.6001434176065178
    ]
  ],
  "diff": [
    [
      0.00013390121637957275,
      0.00014339376465988263
    ]
  ],
  "sigma_integral": [
    0.0005082776318425057,
    0.0008159200133158212
  ],
  "within_band": [
    [
      true,
      true
    ]
  ],
  "toy_seed": 236,
  "weights": [
    0.07758524724404883,
    -0.01924328354618041,
    0.023412692958332877,
    -0.011377394911362117,
    0.042365611004583775,
    -0.02414406221840456,
    -0.0386495276495035,
    0.083625135195637,
    0.01834657163818489,
    -0.014585541092340382,
    0.006804054787585314,
    -0.027416552551401373,
    0.01596398019870563,
    0.08462122474719236,
    0.04170844792222626,
    0.000916034183427418,
    -0.03195285146115272,
    -0.03856420042247531,
    -0.009240551846506597,
    -0.008252702715954097,
    -0.005332979688869974,
    -0.026845426047488276,
    0.009424842542176813,
    0.002637582782503296,
    0.013403366714674588,
    0.06246134989104203,
    0.0015071106058250987,
    0.03707896946018506,
    0.06287595377740765,
    0.01861924275604169,
    0.0026997225667848342,
    0.006356032166367692,
    0.007773981168953124,
    0.036028841866386455,
    0.12085283636392946,
    0.019545045976632015,
    -0.04609782952229251,
    -0.0015916901088668248,
    0.09855132681348956,
    0.03095091595728427,
    0.09388099499944612,
    -0.05192107311693135,
    -0.03407831910273826,
    0.10136722043431064,
    0.0170804136725668,
    -0.007646330492786034,
    0.03633448895252187,
    0.02072713295580979,
    -0.017308483701068418,
    0.048452892763074316,
    0.038790640345411374,
    0.04233233829328802,
    -0.044618977082305764,
    0.013007959234405845,
    -0.008304408406183515,
    0.013599981772947101,
    0.027704501170079495,
    0.021795696243225603,
    0.010246159400880282,
    0.05574064413191431
  ],
  "sum weights": 1.0000049999746774
}