{
  "mu_target": [
    -0.5,
    0.6000000238418579
  ],
  "mu_model": [
    [
      -0.5004300850000646,
      0.6000900890369151
    ]
  ],
  "diff": [
    [
      0.00043008500006458394,
      9.006519505716515e-05
    ]
  ],
  "sigma_integral": [
    0.0005039042583761139,
    0.0008117948138681971
  ],
  "within_band": [
    [
      true,
      true
    ]
  ],
  "toy_seed": 116,
  "weights": [
    0.01305241136887745,
    -0.008820273138308979,
    -0.012383518239684897,
    0.001211520619785065,
    0.06131677068510602,
    -0.005732052911195087,
    -0.001544351973812504,
    0.11557320489736293,
    -0.006375820256195815,
    0.018957610558714255,
    -0.024297483502622445,
    -0.01134771693674412,
    0.02572321037424815,
    0.04839719042230422,
    0.04841142231298942,
    0.029156372061228147,
    -0.010376820855828861,
    -0.0656981267131413,
    -0.011024263576778671,
    0.04757307408220334,
    0.03959297765008574,
    -0.05114377050833896,
    0.048943983095839166,
    0.012182572641762701,
    0.062406929852378806,
    0.040959940262538984,
    0.030526082267065827,
    0.046389027658293114,
    0.05619192758414987,
    0.005977870445142593,
    0.054795508242942874,
    0.0190457278172425,
    0.03734125708587299,
    0.03725912070393671,
    0.12516774298980987,
    -0.009080515991355299,
    -0.028129271053588832,
    -0.02877249399631501,
    0.05664875649534322,
    -0.02185249352256726,
    0.029761849395975128,
    -0.024292536632268054,
    -0.04424506590694944,
    0.0898690489845128,
    0.03174014363502435,
    -0.04397024499970234,
    -0.006341281568956689,
    -0.008077351304494577,
    -0.00586924200907626,
    0.04055758823891797,
    0.005403463416471452,
    0.016811914087973966,
    0.02875256529661917,
    0.0014049648567470011,
    0.010863250491933835,
    0.019765078361131293,
    -0.020082691507794265,
    0.020300171586060844,
    0.02691611291363796,
    0.04451402364018132
  ],
  "sum weights": 1.0000049999746914
}