{
  "mu_target": [
    -0.5,
    0.6000000238418579
  ],
  "mu_model": [
    [
      -0.500303417918046,
      0.5998882249864016
    ]
  ],
  "diff": [
    [
      0.0003034179180460006,
      0.00011179885545631318
    ]
  ],
  "sigma_integral": [
    0.0005047164271267268,
    0.0008163678656812091
  ],
  "within_band": [
    [
      true,
      true
    ]
  ],
  "toy_seed": 277,
  "weights": [
    0.02015159013089771,
    -0.009258358009062124,
    0.03280995761870884,
    0.004973179169661676,
    0.032383769493639476,
    0.01000536520680746,
    0.021448600298305406,
    0.022536220552356077,
    0.07455702026872542,
    -0.03616870836477589,
    -0.023566077374697045,
    -0.012517946093407624,
    0.026722422615009355,
    0.061958395806763045,
    0.055647768005256344,
    0.0008874044985844591,
    -0.03553750485947304,
    -0.01337186971132944,
    0.020441491442827312,
    0.042304740332784384,
    0.008120149081501406,
    -0.05937100563079352,
    0.02734623245245198,
    -0.014759308696496973,
    0.017975338295441935,
    0.04511869796275644,
    -0.01022842501015188,
    0.04486386618454441,
    0.04956114244226011,
    -0.0032872404831436716,
    0.044368570335617294,
    0.005416725282068902,
    0.060091976015011504,
    0.04628549596200673,
    0.13870122791668343,
    0.028981767353793018,
    -0.0189506526661428,
    0.0002878115173084951,
    0.04935102149018479,
    -0.0005946091061195945,
    0.008945551178878502,
    -0.013455226880383394,
    -0.04338404601850413,
    0.10279813166148667,
    0.01994021461922606,
    -0.0348141064206464,
    0.012450324282236656,
    0.014908751238599232,
    0.001643226050924113,
    0.03772184579284905,
    0.015857262187941982,
    0.0273989742091673,
    -0.03650082489504055,
    0.040456535466567474,
    -0.009457687035612512,
    0.0101005702414955,
    0.014928076155028829,
    0.010405769511786385,
    0.024758585986455604,
    0.03961683091587302
  ],
  "sum weights": 1.0000049999746932
}