{
  "mu_target": [
    -0.5,
    0.6000000238418579
  ],
  "mu_model": [
    [
      -0.49986693709044244,
      0.6006695883099715
    ]
  ],
  "diff": [
    [
      0.0001330629095575575,
      0.0006695644681136148
    ]
  ],
  "sigma_integral": [
    0.000504644973320281,
    0.0008145278773554684
  ],
  "within_band": [
    [
      true,
      true
    ]
  ],
  "toy_seed": 281,
  "weights": [
    0.08766535204934527,
    -0.022116262899167644,
    -0.016661583613988045,
    0.013015433699504031,
    0.004493675124931187,
    -0.023581459707536185,
    0.01865689809044978,
    0.08276370763614241,
    0.027325875114500627,
    -0.0050761095112420935,
    -0.007563085488389872,
    0.013014423496823614,
    0.03272709712581402,
    0.11645039540578088,
    0.07049913846994033,
    0.024061543284676398,
    -0.022006693579338068,
    -0.036599063677675875,
    0.015183749251949492,
    0.02708333851424784,
    0.0018220445858766823,
    -0.0373674359619,
    0.01700375685991495,
    0.0053171829454934545,
    0.023748997116233544,
    0.03866481238157615,
    0.022561028410702656,
    0.02577632482326917,
    0.053076553248444056,
    0.01522332018575112,
    0.03054176191967744,
    0.022858036962031314,
    0.010935724280798384,
    0.03832332208323291,
    0.06459336881744254,
    0.02916278746449643,
    -0.015571542503306147,
    -0.02695709165387873,
    0.06518071544573202,
    -0.022881542595797773,
    0.04012029157328024,
    -0.040261419613510756,
    -0.033503571704310786,
    0.12421035799678681,
    0.02052365327115887,
    -0.040508714118311404,
    -0.0035085781747825596,
    -0.004050559220829328,
    -0.007712254332401715,
    0.028600197955943565,
    0.010949694248926663,
    0.03162634794857397,
    -0.005762732539666335,
    0.024154110692124652,
    0.0049883505786156085,
    -0.004030667186086429,
    -0.005141121021049745,
    0.0342836909958687,
    0.030583032885584324,
    0.033096396136232616
  ],
  "sum weights": 1.0000049999747052
}