{
  "mu_target": [
    -0.5,
    0.6000000238418579
  ],
  "mu_model": [
    [
      -0.4994047637109409,
      0.5998127735472016
    ]
  ],
  "diff": [
    [
      0.000595236289059109,
      0.00018725029465627152
    ]
  ],
  "sigma_integral": [
    0.0005061409966344157,
    0.0008196638177258764
  ],
  "within_band": [
    [
      false,
      true
    ]
  ],
  "toy_seed": 55,
  "weights": [
    0.062061029727521574,
    -0.010919351027565808,
    0.023729449806072986,
    -0.004216430526434724,
    0.035389611494273644,
    0.005156885804490013,
    -0.007978060531487866,
    0.0694175062858183,
    0.03510242275180114,
    0.03812595710091396,
    -0.03929511600546106,
    -0.008036902295667605,
    -0.0074566983995520185,
    0.05511936257241273,
    0.030584063761936158,
    0.013221630248220416,
    -0.02937748942527607,
    -0.0010428809381831732,
    0.007771438131879747,
    -0.02900920917248651,
    0.03698964664592373,
    -0.04034484589919525,
    -0.009675951903127943,
    -0.008862576264756639,
    0.03350949841258753,
    0.04284612109627402,
    -0.0012592859556158757,
    0.05284110114427712,
    0.02325897549357404,
    0.05231546061902113,
    0.08517015485248741,
    0.03528738359764768,
    0.002356152450853634,
    0.03352886593113418,
    0.1138532974069172,
    0.026349946510749466,
    -0.022446000748563115,
    -0.016972227841520075,
    0.07549170795009784,
    -0.0024794056217486596,
    0.01761991601376037,
    -0.03410303283003715,
    0.015282998320805949,
    0.09895152525010956,
    0.039164732814825985,
    -0.016684472138409987,
    0.0011027340544440326,
    0.0020550108172345317,
    0.026460826307661296,
    0.02962868634237326,
    0.014196736591569673,
    0.0008089247236573944,
    -0.014881056878408488,
    0.03982627850148336,
    -0.04511267700330351,
    0.017160987720061697,
    0.008146409533837466,
    0.006118121564619694,
    -0.005969603619883193,
    0.0501267166480579
  ],
  "sum weights": 1.000004999974703
}