{
  "mu_target": [
    -0.5,
    0.6000000238418579
  ],
  "mu_model": [
    [
      -0.4995498935219009,
      0.601017953642485
    ]
  ],
  "diff": [
    [
      0.0004501064780991215,
      0.0010179298006270932
    ]
  ],
  "sigma_integral": [
    0.0005053346124218694,
    0.0008112179966448472
  ],
  "within_band": [
    [
      true,
      false
    ]
  ],
  "toy_seed": 118,
  "weights": [
    0.05047202541559718,
    -0.03163010507637408,
    -0.020143431330367455,
    -0.0032974375393737343,
    0.04110853916829632,
    0.01158747840552996,
    0.06598638225482174,
    0.11217892161990217,
    0.016215291059617047,
    0.013385396899654015,
    -0.009136234244517831,
    0.020537990658527357,
    0.016306733738261647,
    0.06318341585864999,
    0.059306141324942496,
    0.0393890092717065,
    -0.03102670940595366,
    -0.04482071696463373,
    0.003926008046860156,
    0.010897318271231424,
    -0.019822274912973153,
    -0.015920501848304527,
    0.03735599204061599,
    -0.00118359451092286,
    0.05928489791632986,
    0.024533812679862405,
    0.03437763740799676,
    0.04022507952780205,
    0.035123729286049836,
    0.009582696605338389,
    -0.00815589151792968,
    0.01861634395814486,
    0.02172687106190208,
    0.014671271834052747,
    0.06631679040922046,
    0.02898403467772115,
    -0.03885642148693328,
    -0.0214749098565371,
    0.05991140606190533,
    -0.0035946580666609113,
    0.009797550409114395,
    -0.04462909153549892,
    -0.010566830304638862,
    0.11413615981845195,
    -0.015438036741692744,
    -0.0038682055748457548,
    0.01688914177788303,
    0.00019616309311993292,
    -0.0055116806568113125,
    0.041640210352288466,
    0.04627169969287534,
    0.005831571298749293,
    -0.010926750241246633,
    0.01987060359221858,
    0.00916300690596852,
    0.020057550201148668,
    0.044842219599931114,
    0.000404773480041131,
    -0.0070404275163296545,
    0.04275704362490305
  ],
  "sum weights": 1.0000049999746876
}