{
  "mu_target": [
    -0.5,
    0.6000000238418579
  ],
  "mu_model": [
    [
      -0.5000116028590141,
      0.5998064690275556
    ]
  ],
  "diff": [
    [
      1.1602859014137046e-05,
      0.00019355481430227695
    ]
  ],
  "sigma_integral": [
    0.0005075340564068123,
    0.0008169853636480905
  ],
  "within_band": [
    [
      true,
      true
    ]
  ],
  "toy_seed": 153,
  "weights": [
    0.06387716951901953,
    -0.02510584780139398,
    0.024650798680604647,
    0.036708406967679956,
    0.008458769199673734,
    -0.0022137256057843937,
    -0.04621401835188916,
    0.04739601928828242,
    0.041146571852076104,
    0.029082079181957838,
    -0.03650630011227171,
    -0.009826960467969471,
    0.02312909642024057,
    0.10780496697587706,
    0.05359871888420084,
    0.014723717025445957,
    -0.01653617363438638,
    -0.01681393222899918,
    0.050817685299691974,
    0.03168207632954901,
    0.014497131867143171,
    -0.024132565153325784,
    0.023407954015636154,
    0.042538702915655306,
    0.006145951695038775,
    0.035619182047475044,
    0.008267766675897287,
    0.03592433188407611,
    0.05148130456745273,
    -0.004375616253660531,
    0.0422645659248884,
    0.016827909444098413,
    0.009711150579278903,
    -1.9018268051256118e-05,
    0.1029835878456269,
    0.03277374235963643,
    -0.050970756539422506,
    -0.03720505719147936,
    0.043442129344689474,
    0.010969101082031118,
    0.03207498696162764,
    -0.039160953772158294,
    -0.030935950472088806,
    0.12190606257941305,
    0.0019154941243073383,
    -0.014134175726306597,
    0.015862942959134502,
    -0.03700888647334871,
    0.0027964436340624822,
    0.05161873605125682,
    0.02297218813339624,
    0.008914352147955423,
    -0.05485421602095925,
    0.05173144729361366,
    -0.013391039462421058,
    0.05046173175816973,
    0.030303278850306346,
    0.009972145161696769,
    0.005977481097724049,
    0.0429723148850289
  ],
  "sum weights": 1.0000049999747003
}