{
  "mu_target": [
    -0.5,
    0.6000000238418579
  ],
  "mu_model": [
    [
      -0.4996915107825743,
      0.6001348039353733
    ]
  ],
  "diff": [
    [
      0.00030848921742571145,
      0.00013478009351541864
    ]
  ],
  "sigma_integral": [
    0.0005039554863035783,
    0.0008125737973880174
  ],
  "within_band": [
    [
      true,
      true
    ]
  ],
  "toy_seed": 223,
  "weights": [
    0.09071711672023507,
    0.004595324010301405,
    -0.01835230979656567,
    -0.023783096416526275,
    0.005050620717448243,
    -0.013413279525571904,
    0.006085834162586523,
    0.0863129586786932,
    0.04157151904213885,
    -0.02083485785849608,
    -0.02332620476186592,
    0.0019900906530877695,
    0.03199913689027351,
    0.08887444083509803,
    0.08571412291835462,
    0.025668432356480655,
    0.02440019701479507,
    -0.05101970231690894,
    0.002728141026143611,
    0.011907567019949742,
    0.02423475110700405,
    -0.04329236068856321,
    -0.004805727037127018,
    0.026498376014400946,
    0.03732068994208053,
    0.03293784754356873,
    0.04239643033549781,
    0.007049005568531516,
    0.060240929061196866,
    0.005894231758067998,
    0.05676212329056305,
    0.006104826307929644,
    0.06360168074212096,
    -0.028472707746677522,
    0.08091733208809429,
    -0.005829987311310507,
    -0.015661461091816598,
    0.009070073903376396,
    0.021047500456953885,
    0.010237147497917815,
    0.05327084860695996,
    -0.04373188648114944,
    -0.05219911228033669,
    0.08931599880280977,
    -0.026340672212279523,
    0.02008262003671092,
    0.007747126548625634,
    0.004584335849540693,
    -0.017767663460320823,
    0.030156070357674133,
    0.022999591318351865,
    0.031499910155424846,
    -0.007057540925228206,
    0.05621045898534676,
    0.012472723823375621,
    -0.0026438992132772334,
    -0.010876105129940961,
    0.007251654050375391,
    0.02711773096382467,
    0.0547760570667384
  ],
  "sum weights": 1.000004999974687
}