{
  "mu_target": [
    -0.5,
    0.6000000238418579
  ],
  "mu_model": [
    [
      -0.4993790483816926,
      0.6008664895845376
    ]
  ],
  "diff": [
    [
      0.000620951618307386,
      0.0008664657426796785
    ]
  ],
  "sigma_integral": [
    0.0005048006440323078,
    0.000815464107585184
  ],
  "within_band": [
    [
      false,
      false
    ]
  ],
  "toy_seed": 127,
  "weights": [
    0.026288348440697173,
    -0.0021513000344799624,
    0.0024736327512948674,
    0.004865333822124822,
    0.013501850762636342,
    -0.0048255894694793945,
    0.027034491301862217,
    0.03333812659467529,
    0.048653133599480806,
    -0.03630528185130181,
    -0.027265938407073264,
    0.01033449151513377,
    -0.0006156606998522437,
    0.08577750512465084,
    0.11636414595657656,
    0.04270455549457103,
    -0.015940594357381932,
    -0.015694219897986646,
    0.02559568375522573,
    0.021033250715525705,
    0.026350002590797672,
    -0.03490941385915896,
    0.029964493303821952,
    0.030516827808090445,
    0.02389196595124845,
    0.04676353357457348,
    0.012038922723118416,
    0.02008522472815895,
    0.06545337683853704,
    -0.0036651824517668196,
    0.036938722540903864,
    0.03927164161233298,
    0.059938136684307065,
    0.020944621880452506,
    0.12923916075695266,
    0.058311045944726726,
    -0.03642514208126181,
    0.014145924110502675,
    0.011783429883917122,
    -0.010259730191521675,
    0.006202418702311129,
    -0.030483245093781516,
    -0.05443660557105751,
    0.08787244370172936,
    -0.0011044287855366966,
    0.007033933490614702,
    0.045965071878782696,
    0.007447118735933368,
    0.007633732123892643,
    0.02441388370496641,
    -0.0028645791695090877,
    0.0241986694239073,
    -0.013814150494864027,
    0.014755235795079013,
    0.018545398732254248,
    -0.010262693605082621,
    -0.030167693792628826,
    -0.041771135968726225,
    0.0027848632951665603,
    0.042513235405621366
  ],
  "sum weights": 1.000004999974705
}