{
  "mu_target": [
    -0.5,
    0.6000000238418579
  ],
  "mu_model": [
    [
      -0.5003305689076435,
      0.5994289519515646
    ]
  ],
  "diff": [
    [
      0.00033056890764349145,
      0.0005710718902932621
    ]
  ],
  "sigma_integral": [
    0.0005081887907099436,
    0.0008132033750566587
  ],
  "within_band": [
    [
      true,
      true
    ]
  ],
  "toy_seed": 290,
  "weights": [
    0.0420149653455518,
    -0.006197487911618438,
    -0.004701494354714317,
    0.02396265030876737,
    0.0197215317704212,
    2.894256458476918e-05,
    0.001958917814320441,
    0.056931963956401876,
    0.019038017061858883,
    -0.023170715080732627,
    0.002117027129732631,
    -0.022351134140957348,
    -0.00983958464480821,
    0.08460853131855664,
    0.06994478463549297,
    0.015739964702403617,
    0.008954494447478051,
    -0.028649903803364067,
    -0.020718387899284325,
    -0.013625579374023263,
    0.006013322435771066,
    -0.05306078745015163,
    0.0469727819434277,
    -0.035729414362513756,
    0.02701468529845147,
    0.048824825529933766,
    0.004900539775493375,
    0.028163227513105165,
    0.06321043265987647,
    0.022563672701629747,
    0.02602816233071987,
    0.001127855988902318,
    0.01872684180019093,
    0.04980370909186994,
    0.1140056561183402,
    0.03276016017528168,
    -0.03049461741712664,
    -0.0012986304958472676,
    0.06320871353567932,
    0.004193067152452511,
    0.026026664385125933,
    -0.03266204943615385,
    -0.018985612926039425,
    0.10817112636245368,
    0.02394570026041435,
    0.0049759898782571225,
    0.03780249111891898,
    0.009385266196166867,
    0.0019494072313152129,
    0.035990114836312516,
    0.028598674097791085,
    0.038656046752245966,
    -0.02636689359429351,
    0.030026163350342895,
    -0.026212018567953337,
    -0.001751925112855903,
    0.030907438338903862,
    0.03421985761366111,
    0.024452067735537826,
    0.018174783282988383
  ],
  "sum weights": 1.0000049999746938
}