{
  "mu_target": [
    -0.5,
    0.6000000238418579
  ],
  "mu_model": [
    [
      -0.4986508537773101,
      0.6003317319840134
    ]
  ],
  "diff": [
    [
      0.0013491462226898898,
      0.0003317081421554402
    ]
  ],
  "sigma_integral": [
    0.0005046738666151997,
    0.0008176016368758585
  ],
  "within_band": [
    [
      false,
      true
    ]
  ],
  "toy_seed": 279,
  "weights": [
    0.03095845257290605,
    0.004020421362096528,
    0.014560823103976678,
    0.04048260355522438,
    0.015508547527574218,
    -0.009767026005371717,
    0.004967914941372597,
    0.07674454961486105,
    0.02401714852808533,
    -0.025155966001423186,
    -0.012989671586128812,
    -0.0327624296204549,
    0.05913361241673337,
    0.10430798222015239,
    0.08129319186117467,
    0.019255566853724055,
    -0.03852580303425014,
    -0.04862710721988698,
    0.020739222809461937,
    0.009615361221280668,
    0.013591350962183859,
    -0.01997715821850357,
    0.0018918095614796388,
    -0.0026306237083816414,
    0.03593261283927724,
    0.052256701568338754,
    0.03861275228687573,
    0.024885297397250938,
    0.05931355277432481,
    -0.0057988506926314794,
    0.04490419980455846,
    -0.00403491544954596,
    -0.013390791828786249,
    0.05800296907758177,
    0.07922971493995858,
    0.010425430797336559,
    -0.00994846643805864,
    -0.013292468601205379,
    0.08584194482287745,
    0.019030116677787434,
    0.06414689344282883,
    -0.04386919864246941,
    -0.03021161715457041,
    0.07303365270974542,
    -0.0375674503779452,
    -0.06252925310354002,
    0.019520577308912223,
    -0.00436995436809628,
    0.025760932938743628,
    0.026251056951663142,
    0.045822118989398204,
    0.02340128844174669,
    -0.029281054697362963,
    0.020104285911924178,
    0.013602612922105923,
    0.026692449835959395,
    -0.013298237971309749,
    0.03642410606555897,
    0.0042393487785161565,
    0.049509868299025
  ],
  "sum weights": 1.00000499997466
}