{
  "mu_target": [
    -0.5,
    0.6000000238418579
  ],
  "mu_model": [
    [
      -0.500132325717064,
      0.5998685761605047
    ]
  ],
  "diff": [
    [
      0.00013232571706400797,
      0.00013144768135320284
    ]
  ],
  "sigma_integral": [
    0.0005074760622936365,
    0.0008162998378705074
  ],
  "within_band": [
    [
      true,
      true
    ]
  ],
  "toy_seed": 16,
  "weights": [
    0.06596227747662516,
    -0.023361067143847697,
    -0.01619392805294578,
    0.031369193356398865,
    0.05355771831409595,
    -0.027059957238270944,
    -0.000701245946927938,
    0.04285984138952535,
    0.029366050245863543,
    0.010918756962631922,
    -0.03400569307402014,
    0.02069436800674918,
    -0.00183380211072929,
    0.10685371091883113,
    0.08207643442332128,
    0.039813986065431455,
    0.02753773107339665,
    0.0026638138676465034,
    0.022864936686880815,
    0.0133805577999842,
    0.0066275740044635005,
    -0.008043834296450428,
    0.00028622387603467227,
    -0.004970616994253136,
    -0.03136897038086737,
    0.02139053045295928,
    0.029981733612466872,
    0.07428870073865336,
    0.03458498323465586,
    0.012489921300586118,
    0.057278561160357636,
    0.01280781149340105,
    0.037586111518671944,
    0.0018713546783638542,
    0.12280729340128455,
    0.06953177355589835,
    -0.02830243053998553,
    -0.009374756931771437,
    0.007218408988026938,
    0.004706193569508669,
    0.005777538495298023,
    -0.050643214089593436,
    -0.03917484248415422,
    0.10193794925723042,
    -0.00015014764599698247,
    -0.014335784517102866,
    0.03208205033188377,
    -0.009053056295074576,
    -0.0015759893526575653,
    0.020733940279843,
    0.0016968425063572685,
    0.042695632704099686,
    -0.010903218734480365,
    0.032142302176805984,
    -0.02127988750990148,
    -0.005438642916381305,
    -0.007753439562381767,
    0.027717920144811274,
    0.0020504401464050753,
    0.03531835757704625
  ],
  "sum weights": 1.0000049999747012
}