{
  "mu_target": [
    -0.5,
    0.6000000238418579
  ],
  "mu_model": [
    [
      -0.49909429826011026,
      0.599494413124207
    ]
  ],
  "diff": [
    [
      0.0009057017398897416,
      0.0005056107176508728
    ]
  ],
  "sigma_integral": [
    0.0005038313774031782,
    0.0008112572893829518
  ],
  "within_band": [
    [
      false,
      true
    ]
  ],
  "toy_seed": 88,
  "weights": [
    0.03246336230449946,
    -0.0175113840043981,
    -0.017214284030027723,
    0.026316230737533315,
    0.01774701409748031,
    -0.00155339644569181,
    -0.01293616940369249,
    0.0833187120624822,
    0.028955729534172806,
    -0.024528990530057655,
    -0.03441083278123996,
    -0.004807130096277237,
    0.05299871380823051,
    0.06437983615507978,
    0.09880421283289018,
    0.030853378508867504,
    0.01023078302500707,
    -0.03572909753862752,
    0.012821883530228418,
    0.035628960621588504,
    0.0033684360374514897,
    -0.02574829414208561,
    -0.012361628705499807,
    -0.000872029274497284,
    0.0534772282522045,
    0.019389384932578895,
    0.019373770579826834,
    0.029229112773880662,
    0.04536219380028454,
    0.0008807990224582707,
    0.050102461416102737,
    0.053026545321198625,
    0.05854802296655084,
    0.02425843021696627,
    0.09264319559128113,
    0.05996746334746274,
    -0.05452160040852946,
    -0.004516459299414789,
    0.05388988622670463,
    -0.017469074130599383,
    0.04171548823589349,
    -0.02760932892472407,
    -0.06423871577937267,
    0.10712930472626961,
    -0.009167562464116787,
    -0.033401683219805814,
    0.018604936871345394,
    0.014239693731488274,
    -0.010661042321758256,
    0.03438942930524841,
    0.03240898728059326,
    0.015049238198172851,
    -0.010747999942383254,
    0.044337638957878615,
    0.00517885998167966,
    0.002026795712484504,
    -0.003444285893892034,
    -0.0027077132679162313,
    -0.0044677117751777,
    0.05751529365041381
  ],
  "sum weights": 1.0000049999746945
}