{
  "mu_target": [
    -0.5,
    0.6000000238418579
  ],
  "mu_model": [
    [
      -0.49938692678271784,
      0.6000247357374201
    ]
  ],
  "diff": [
    [
      0.0006130732172821562,
      2.4711895562190556e-05
    ]
  ],
  "sigma_integral": [
    0.0005075061313057332,
    0.0008146486359646664
  ],
  "within_band": [
    [
      false,
      true
    ]
  ],
  "toy_seed": 268,
  "weights": [
    0.04501186668029158,
    -0.023953583507503644,
    0.008953131872174142,
    0.004847730359668422,
    0.02268464344405579,
    0.026128003950959273,
    0.025969493325495786,
    0.06029971761231524,
    0.07130663213164426,
    0.0013351529845412524,
    -0.01695131017107548,
    -0.007953272668869948,
    0.025489700346754438,
    0.0854043616819684,
    0.0428449460152383,
    0.05740345949839535,
    -0.01995026877625182,
    -0.05890516605019426,
    0.020603223340794917,
    -0.017054327945264333,
    -0.008640205633960793,
    -0.03503497717857745,
    0.017591592658703123,
    -0.0008901369576984445,
    0.0019564205010326355,
    0.04432881475694552,
    0.02824269996376459,
    0.040372676260941404,
    0.03532432085593749,
    0.034067335504401976,
    0.04496994919815872,
    0.01926921906586953,
    0.02260278158842363,
    0.030964379177278505,
    0.09493989101888346,
    0.04508931476128239,
    -0.06434307657269407,
    -0.013268220227800413,
    0.07953982413210813,
    0.0031107664880216635,
    0.018586393897506402,
    -0.02936651278335679,
    -0.04391505051322564,
    0.08203701732669408,
    0.0147497407705384,
    -0.01879494423613319,
    0.023526799616919804,
    -0.02437718764547365,
    0.0031206565999129694,
    0.041675152611037124,
    0.023074973971811685,
    0.03719792297583807,
    -0.0021405792236317907,
    0.04054248230097935,
    0.012088787427549291,
    0.020617278347763324,
    -0.01799365597101025,
    0.005742088516922156,
    0.013681662878610243,
    0.02624446961927549
  ],
  "sum weights": 1.0000049999746863
}