{
  "num": -48694.6796875,
  "den": -48694.88671875,
  "test": 0.20703125
}