{
  "num": 40882.01171875,
  "den": 30197.2734375,
  "test": 10684.73828125
}