{
  "mu_target": [
    -0.5,
    0.6000000238418579
  ],
  "mu_model": [
    [
      -0.5002893327363448,
      0.5992928134234158
    ]
  ],
  "diff": [
    [
      0.00028933273634479395,
      0.000707210418442128
    ]
  ],
  "sigma_integral": [
    0.0006886687876901842,
    0.0010989186130090625
  ],
  "within_band": [
    [
      true,
      true
    ]
  ],
  "toy_seed": 21,
  "weights": [
    0.05498801629276584,
    -0.014361696919102622,
    0.000124318037242681,
    0.03333882135237319,
    0.05933006247678038,
    -0.05890758984896938,
    0.012319886865601216,
    0.09237563960498614,
    0.06360896692523832,
    0.05200077546492514,
    -0.034529925738005694,
    0.031117059306914517,
    -0.029851851253407977,
    0.06399036148458644,
    0.07537162096561481,
    -0.0017312876612733822,
    -0.024712888849342425,
    -0.0458426242142219,
    -0.0563327733320742,
    -0.02139635475524232,
    0.02385164178628759,
    -0.019158922180039836,
    0.02426686921568582,
    0.025992826875647045,
    0.035862442102320854,
    0.018687799899167256,
    0.016550499523341432,
    0.08008945630250025,
    0.031225484187172692,
    0.01092134178846205,
    0.050581267420489434,
    0.00809971103918744,
    0.030844757742496873,
    0.014327540699839277,
    0.13259987885237967,
    0.03530575217228475,
    -0.015542453508326018,
    -0.07168605340678497,
    0.0414873136157851,
    0.02425960692753257,
    0.05446666036258481,
    -0.008352478593841584,
    -0.01227730878724254,
    0.1169869187100572,
    0.024527699290596935,
    0.03290652505180778,
    0.006530835728013252,
    0.012851730779277008,
    -0.0459055026034707,
    0.06802818908861326,
    0.010277345199618678,
    0.03131528960918273,
    -0.03716444798340267,
    -0.008376903042770462,
    -0.02274279570438357,
    -0.01693611865013547,
    0.027929773372495095,
    -0.01855731182124463,
    0.02677189181588135,
    0.00825465590864234
  ],
  "sum weights": 0.9999999449910969
}