{
  "mu_target": [
    -0.5,
    0.6000000238418579
  ],
  "mu_model": [
    [
      -0.4990084185383309,
      0.6011489801587777
    ]
  ],
  "diff": [
    [
      0.000991581461669111,
      0.0011489563169198025
    ]
  ],
  "sigma_integral": [
    0.0006891281760869411,
    0.001096473209470318
  ],
  "within_band": [
    [
      false,
      false
    ]
  ],
  "toy_seed": 221,
  "weights": [
    0.03438075132850807,
    -0.009994278001968204,
    -0.05333799180180146,
    0.03289154654131227,
    0.029606306043650187,
    0.030896867537045236,
    0.015141916381606784,
    0.07912945518771705,
    0.089624904786465,
    0.0010495605387049064,
    -0.029502829525839668,
    0.012606200711264346,
    -0.04433217150750707,
    0.12667652487992465,
    0.051023612437635556,
    -0.019969625830831682,
    -0.050999899743204166,
    -0.007577972429390497,
    0.03141688318790646,
    0.007242116715383428,
    0.008606841969545823,
    -0.04294974361596831,
    -0.015219069485330998,
    0.0009952082577276663,
    -0.0062652789216164064,
    0.027648268010929972,
    0.04599958299229293,
    0.06831321977532379,
    0.03753263562218562,
    0.021323761111242276,
    0.03685512435294003,
    0.016661592759495213,
    0.08529732869343118,
    0.060290208243842125,
    0.07440758754167417,
    -0.010749898690601544,
    -0.03177565439337092,
    -0.06713218399539288,
    0.03548377090549853,
    0.022878917328465583,
    0.06150624623189349,
    -0.024067781668675327,
    -0.05608914501552606,
    0.1330299298626801,
    0.05081118865192797,
    -0.035822555625527615,
    -0.024423658924766445,
    0.020923353802543364,
    0.05635896268884082,
    0.005323962516659938,
    0.022922626439347258,
    0.013637609955144885,
    -0.005925854536650922,
    0.009536556506600926,
    -0.005297087856078975,
    0.014356662834402944,
    0.003049329497854335,
    0.0049823003073350145,
    0.02414332434225414,
    0.03686987672856617
  ],
  "sum weights": 0.9999999426377211
}