{
  "mu_target": [
    -0.5,
    0.6000000238418579
  ],
  "mu_model": [
    [
      -0.5001563952205273,
      0.5996438054114316
    ]
  ],
  "diff": [
    [
      0.00015639522052735,
      0.00035621843042632495
    ]
  ],
  "sigma_integral": [
    0.000680937196778366,
    0.0010983907639411246
  ],
  "within_band": [
    [
      true,
      true
    ]
  ],
  "toy_seed": 270,
  "weights": [
    0.12451492070543099,
    -0.028205854759449946,
    0.017851113280803663,
    -0.01761525889700126,
    0.011945298560547064,
    -0.011449551032382835,
    -0.017592623268099978,
    0.0767010028515755,
    0.059564553726531355,
    0.015521942823465945,
    -0.02565820826489949,
    0.02669249134939784,
    0.03828120199052125,
    0.06994277968789157,
    0.0926179282668473,
    0.03689837703880407,
    -0.04669641088548675,
    -0.02540553862185136,
    0.015891687372143817,
    -0.01018841914264242,
    -0.01363031975534523,
    -0.04377199963885156,
    -0.020677961223915138,
    0.027731657256182932,
    -0.0020566583615609403,
    0.0001757917501123476,
    0.03756343004358047,
    0.08596690204438574,
    0.08406570613234582,
    0.04543691006570676,
    0.10995793477371703,
    0.011108571483497672,
    0.002337828383625462,
    0.014457473187885364,
    0.031023608013801305,
    0.07982001183660142,
    -0.02625207177327073,
    -0.013867565519809527,
    0.06508397617433695,
    -0.009971518577652818,
    0.005370973621058026,
    -0.05555932799596582,
    -0.012843704725043464,
    0.15033367064276468,
    0.012931914672273137,
    0.05150983268634829,
    0.026583831978723393,
    -0.06326904233439934,
    -0.0014688953320793727,
    0.014448503721609557,
    0.0060197820994535205,
    0.04745864413272653,
    -0.045563673454032436,
    -0.007003911468610252,
    -0.016715151376334805,
    -0.0019256578151325581,
    0.01527561671565423,
    -0.02860440739898045,
    0.007494308073809862,
    0.027413489731410556
  ],
  "sum weights": 0.9999999352527729
}