{
  "mu_target": [
    -0.5,
    0.6000000238418579
  ],
  "mu_model": [
    [
      -0.4998431415620385,
      0.5996618425423746
    ]
  ],
  "diff": [
    [
      0.00015685843796148236,
      0.0003381812994832645
    ]
  ],
  "sigma_integral": [
    0.0006819262628464976,
    0.0011004082165271937
  ],
  "within_band": [
    [
      true,
      true
    ]
  ],
  "toy_seed": 267,
  "weights": [
    0.05682431651481741,
    0.01207201095882685,
    0.03906130776028421,
    0.026736594000710805,
    0.05231921858858939,
    0.030721315802372348,
    0.0034502158248585534,
    0.05114413894604066,
    0.04768495342815092,
    0.013592390425785304,
    0.0027013465008179104,
    -0.004907003750212312,
    0.002225838281483575,
    0.07875515861677009,
    0.057743411642383974,
    0.0223797272096418,
    -0.026615875678115266,
    -0.008287169104256427,
    -0.0033185053130058615,
    0.02929449868709801,
    -0.03326167988752235,
    -0.007451939737973689,
    0.06152046186876233,
    0.004995497308486577,
    -0.006784476980085337,
    0.07988781680033684,
    0.003014432001540424,
    0.021052649332898545,
    0.04672116590929382,
    0.031444640815548694,
    0.07364952851836293,
    -0.01401639700036438,
    -0.05444529711172706,
    0.012066541433742865,
    0.09195531064881031,
    -0.032749583187580436,
    -0.00020022042145392217,
    -0.04684275966219519,
    0.055827331118245456,
    0.03883331006119767,
    0.04125385822683345,
    -0.05890071753861211,
    0.0021006461964118294,
    0.050660660471134905,
    0.005157595537005192,
    -0.001319185547203894,
    0.022219194821781914,
    -0.04861640176690599,
    -0.01874906819649466,
    0.08904353028322509,
    0.03935096416877389,
    0.03433838427299407,
    -0.04856157278736095,
    0.00955871276577862,
    -0.0031427864015844244,
    -0.007477378007395129,
    0.03754451171185257,
    -0.012188425845079008,
    0.015668646505833758,
    0.043264550861863475
  ],
  "sum weights": 0.9999999409042186
}