{
  "mu_target": [
    -0.5,
    0.6000000238418579
  ],
  "mu_model": [
    [
      -0.49866999258081224,
      0.5993320229193416
    ]
  ],
  "diff": [
    [
      0.001330007419187762,
      0.0006680009225162875
    ]
  ],
  "sigma_integral": [
    0.0006883017527625093,
    0.0011011430173391988
  ],
  "within_band": [
    [
      false,
      true
    ]
  ],
  "toy_seed": 157,
  "weights": [
    0.08131116133977062,
    -0.01054233736600634,
    0.03495283612593492,
    0.07187971708874111,
    0.014222023063428166,
    0.0011388926835382254,
    -0.02294985322186138,
    0.08300852865194866,
    0.06874364158966433,
    -0.026364001524362864,
    -0.044750260442417956,
    0.02733248035389491,
    0.017002009702589773,
    0.04705011767194744,
    0.008563710490558745,
    -0.03237015420967617,
    -0.028768337341665385,
    -0.03680962189762961,
    -0.005199155145548895,
    0.051135488663461084,
    0.027010396116489862,
    -0.02345275377076125,
    -0.029889094407175014,
    0.013766820266367144,
    0.04822262365679204,
    0.05201870634876345,
    0.007574844411371125,
    0.05099014642744641,
    0.08041626286998219,
    0.029644850228247206,
    0.08303852237433601,
    0.02518392444384858,
    -0.017525016748054633,
    0.06800397054262575,
    0.07489267187644252,
    0.07167379335081299,
    -0.043078303993415154,
    -0.024218300126512226,
    0.07848631412642107,
    0.027791900777302148,
    0.09175631531411338,
    -0.007097582942862833,
    -0.08224578797204414,
    0.13269044432563146,
    -0.015406529014341551,
    -0.08304810745974033,
    -0.0019962222619646073,
    0.024635694639742235,
    -0.0043501468444028,
    0.0011953786837735954,
    0.02838645521156713,
    -0.00016153317981896565,
    -0.033598993165266,
    0.048221443918069186,
    -0.017809455008318143,
    0.014562098923968774,
    -0.01194533717467488,
    0.0007192429016613298,
    -0.01669267788717354,
    0.03304607393026094
  ],
  "sum weights": 0.9999999399858197
}