{
  "mu_target": [
    -0.5,
    0.6000000238418579
  ],
  "mu_model": [
    [
      -0.500384215479165,
      0.5988624862821064
    ]
  ],
  "diff": [
    [
      0.00038421547916500653,
      0.0011375375597515447
    ]
  ],
  "sigma_integral": [
    0.0006784860164444755,
    0.0010936092457316934
  ],
  "within_band": [
    [
      true,
      false
    ]
  ],
  "toy_seed": 272,
  "weights": [
    0.007528502222213416,
    0.0221225356921352,
    -0.05997719311315105,
    0.019823359057106443,
    0.008333123875525317,
    -0.014270007098824845,
    -0.03679326583016037,
    0.036080439420685256,
    0.052768238938566324,
    0.021159336126087887,
    -0.02808036851863394,
    -0.036176508267682046,
    0.02357484272648429,
    0.08532821669974085,
    0.10701255102178489,
    0.0432411906819064,
    0.00022763087552472047,
    -0.009220308611433917,
    0.005572923236892391,
    0.02104029094992393,
    -0.0034075499072306367,
    -0.02690094208765605,
    0.04299212203230101,
    0.006360041942310301,
    0.023552410507529858,
    0.038278092418870466,
    0.010930694438090813,
    0.03150914052757118,
    0.06724462203858403,
    -0.009389962345135056,
    0.11083524283978852,
    0.017197045428912427,
    0.07346439165812788,
    -0.01626316063530475,
    0.08604252369863788,
    -0.01312507485553238,
    -0.03121320807857952,
    0.038723477912891185,
    0.026933202526662633,
    0.001281857573726046,
    0.030774634343621963,
    -0.06164525889475214,
    -0.039585498225160165,
    0.08713658192133447,
    -0.0078385178399122,
    0.022984402726750185,
    0.0008082397912730946,
    -0.0029777780173338847,
    0.0023375084910738715,
    0.0368451176471847,
    0.0220624470779577,
    0.07012744731344273,
    -0.005018623710282756,
    0.005317837448034753,
    0.005768675070603049,
    0.00037067198484846975,
    0.021982590566570925,
    0.01393747951381186,
    0.020910893885685417,
    0.03136059088553219
  ],
  "sum weights": 0.9999999396995412
}