{
  "mu_target": [
    -0.5,
    0.6000000238418579
  ],
  "mu_model": [
    [
      -0.4989437393432475,
      0.5991769218480903
    ]
  ],
  "diff": [
    [
      0.0010562606567525168,
      0.000823101993767561
    ]
  ],
  "sigma_integral": [
    0.000681906803906769,
    0.001099777025324986
  ],
  "within_band": [
    [
      false,
      true
    ]
  ],
  "toy_seed": 278,
  "weights": [
    0.05804494078320687,
    -0.005205097224934753,
    -0.010344912481166889,
    0.03611166893459321,
    0.01810858330255658,
    -0.002568630963614554,
    -0.06947086170851424,
    0.11387094191819487,
    -0.023151659969687648,
    -0.06225941390744885,
    -0.04398407386459021,
    -0.02387600070016125,
    0.07963285473348722,
    0.13112688417329846,
    0.07496960487179007,
    0.020250526148943255,
    -0.03558181135101939,
    -0.09452284545690312,
    0.019883719916669436,
    0.055650750502957355,
    0.0015686403805875982,
    -0.03819424866800707,
    0.04137170508846889,
    -0.03047585237319725,
    0.06377620485696378,
    0.06046301055053503,
    -0.0047213538706698446,
    0.01658617812106247,
    0.12536559107644096,
    0.03545025030108829,
    0.05216078444192706,
    -0.02396471237369771,
    -0.010010478633520956,
    0.027619088867888244,
    0.076739723233623,
    0.01274684139565065,
    -0.01965605828665139,
    -0.01669304649685635,
    0.05794890884095747,
    0.006663576429974395,
    0.08731358757291248,
    -0.06420952698841435,
    -0.0519506531676945,
    0.11353132356972839,
    -0.008026573265813117,
    -0.04450930898879835,
    0.011295606008487889,
    0.037340154249590626,
    0.009580010533323344,
    0.059539585468878733,
    0.040730082613072406,
    -0.016379637633290912,
    -0.05587188377422883,
    0.051459544828502436,
    0.013289705424638244,
    0.03459871914719357,
    0.022004933983919988,
    0.005751065218039722,
    0.017576274006991972,
    0.0655070103836545
  ],
  "sum weights": 0.9999999397309179
}