{
  "mu_target": [
    -0.5,
    0.6000000238418579
  ],
  "mu_model": [
    [
      -0.4997389235276047,
      0.597469225763649
    ]
  ],
  "diff": [
    [
      0.0002610764723953163,
      0.0025307980782088846
    ]
  ],
  "sigma_integral": [
    0.0006835433171696506,
    0.0010928261454508051
  ],
  "within_band": [
    [
      true,
      false
    ]
  ],
  "toy_seed": 288,
  "weights": [
    0.01975914525181947,
    -0.009958366725279538,
    0.004231000400832315,
    0.03922088800782753,
    0.004041545739791953,
    0.006061239565347169,
    0.023385544415567394,
    0.09123011399184083,
    -0.005050640752639316,
    -0.023565834333552967,
    -0.0703639212617359,
    -0.0021833199773018397,
    -0.004675231093807062,
    0.10521087414915477,
    0.0691405965959634,
    0.044590463023140854,
    -0.0040362034943697556,
    0.013807700233385983,
    -0.017332906364370432,
    -0.023982841855691533,
    0.020963134100746895,
    -0.022297368665394147,
    -0.01486078255832556,
    0.01882997201584578,
    0.05271222337598028,
    0.05010252002168304,
    0.030676229723228386,
    0.05798474311516706,
    0.0315955640120168,
    -0.007654004423399415,
    0.07543402808900687,
    -0.003061180091513685,
    0.028358221005780008,
    0.00301104091003442,
    0.08540866931098483,
    -0.002686363268330507,
    -0.024311666641150996,
    -0.02878872548174,
    0.037267517431661276,
    0.003743999932441489,
    0.04765124883017493,
    -0.021820091576187476,
    0.0010020384916978073,
    0.09683915058455354,
    -0.0013997245621146144,
    0.019732126376993717,
    -0.00925479884735774,
    0.030716809871521745,
    -0.000430953745693368,
    0.02718278065254745,
    0.03463818405084432,
    -0.02057679808373282,
    -0.01361179184669188,
    0.02542396008172493,
    -0.007121981295547763,
    0.02405719314860166,
    0.019497823513460907,
    0.046722704063918874,
    0.0011675396173197678,
    0.04762690614506657
  ],
  "sum weights": 0.9999999429017468
}