{
  "mu_target": [
    -0.5,
    0.6000000238418579
  ],
  "mu_model": [
    [
      -0.500028690267109,
      0.5996524934010619
    ]
  ],
  "diff": [
    [
      2.869026710905498e-05,
      0.0003475304407960511
    ]
  ],
  "sigma_integral": [
    0.0006798599908655903,
    0.0010964667794706217
  ],
  "within_band": [
    [
      true,
      true
    ]
  ],
  "toy_seed": 273,
  "weights": [
    0.04358356426521866,
    -0.018369793360851566,
    0.023465583655482954,
    0.048980833379165846,
    0.00569444050530304,
    0.0028938988649209554,
    -0.010368749958448869,
    0.10719454002329816,
    0.04388816137424194,
    0.025567966681194834,
    -0.04100193276791056,
    -0.06312794358356126,
    -0.021270444305805398,
    0.13054363596184382,
    0.07624367745613578,
    -0.011397537555876932,
    -0.011595098425187432,
    -0.03244200976970002,
    -0.025762432942593533,
    -0.0021667492328736756,
    -0.01362509003294984,
    -0.023825113980360337,
    0.007197786684079984,
    -0.04362677479210267,
    0.0012618876363778215,
    0.050980840478393866,
    0.000963798692905079,
    0.05485133722171122,
    0.10963886490648256,
    0.04210658412678206,
    0.05694552649164391,
    -0.004334736094577586,
    0.04254382388598004,
    0.024767294659486756,
    0.10507112967215829,
    0.012353924351747056,
    -0.037288191467189286,
    -0.0025507578295592666,
    0.02843450598897597,
    -0.030991357345750585,
    0.07603033220454493,
    -0.05556119269645977,
    -0.0014872426117270637,
    0.12978955524452462,
    0.02777938274549931,
    -0.09716300345462882,
    0.04478575715382545,
    0.016447416549401853,
    -0.010634705889721771,
    0.03785908023199845,
    0.048752736545023954,
    -0.004908496039297422,
    -0.007828352164111234,
    -0.010029972428516214,
    -0.0006188647572363073,
    0.027569268726783006,
    0.004926897741921238,
    0.06060048566911677,
    0.012693544759085016,
    0.04956841868501207
  ],
  "sum weights": 0.99999993973327
}