{
  "mu_target": [
    -0.5,
    0.6000000238418579
  ],
  "mu_model": [
    [
      -0.5001390008916304,
      0.5992922362049091
    ]
  ],
  "diff": [
    [
      0.00013900089163043639,
      0.0007077876369487868
    ]
  ],
  "sigma_integral": [
    0.0006891334491726496,
    0.0011028693149643545
  ],
  "within_band": [
    [
      true,
      true
    ]
  ],
  "toy_seed": 107,
  "weights": [
    0.017545527591559786,
    -0.01899251723575675,
    0.00020399570258088163,
    0.03783280734229293,
    0.046718546647916394,
    0.023025099694675893,
    0.06034492071596944,
    0.07640172974275845,
    0.045371637494710786,
    0.040455734717434286,
    -0.03862635341076033,
    -0.022949458780548736,
    -0.07970372701381256,
    0.059825409502716434,
    0.03282649463516584,
    0.014558874804451187,
    -0.02276392607049283,
    -0.05030766041842738,
    0.015435150226101325,
    0.0034035788413936115,
    0.034661540352200614,
    -0.03522645609476904,
    -0.020157030603606834,
    0.02708691488248326,
    0.03921893534333489,
    0.03701337315158404,
    0.008984712473840657,
    0.082637235563648,
    0.05437895532558465,
    0.05271394815126467,
    0.04665827798404442,
    0.020560091167961925,
    0.005158179312033018,
    0.008581473724146745,
    0.055307295772818024,
    0.009730816675226642,
    -0.04764918598927462,
    -0.03734023091237164,
    0.08187490291270842,
    0.028547919744733394,
    0.09035813007701489,
    -0.026369503387389685,
    -0.051583820934941446,
    0.14157513071407854,
    0.031164223187157638,
    -0.00711178498519592,
    0.016572828179859632,
    0.012946485590580831,
    0.013939470311832229,
    -0.019722110192731703,
    0.03325241870854291,
    -0.014725203036829282,
    0.005034460713094769,
    0.03312014135183747,
    -0.03192107896180584,
    0.01877881344387705,
    -0.0010034133972346598,
    0.01561887238105274,
    -0.013188846874367678,
    0.059917198077979704
  ],
  "sum weights": 0.999999944633932
}