{
  "mu_target": [
    -0.5,
    0.6000000238418579
  ],
  "mu_model": [
    [
      -0.49936966298033303,
      0.6003079167306509
    ]
  ],
  "diff": [
    [
      0.0006303370196669711,
      0.00030789288879295995
    ]
  ],
  "sigma_integral": [
    0.0006823735440537923,
    0.0010915598893770175
  ],
  "within_band": [
    [
      true,
      true
    ]
  ],
  "toy_seed": 202,
  "weights": [
    0.014912159036918098,
    0.005165958542225633,
    0.04453098124933995,
    0.03198112150547226,
    0.045782596791271474,
    0.009706432671556683,
    0.047854158872232294,
    0.034648752892010026,
    0.05083178464014565,
    -0.04363748048227279,
    -0.02495174799029546,
    -0.004599879972548448,
    0.027531894342375834,
    0.10143429075974271,
    0.07253545296474018,
    0.06114647668305725,
    -0.0024328042116340816,
    -0.02095653779375779,
    0.036107970683387905,
    0.02508436961112806,
    -7.946419829784308e-05,
    -0.04991592838236199,
    0.04158067405819272,
    0.07339263294006065,
    0.034512146857090156,
    0.03634406063462244,
    0.050561378265087685,
    0.05263679259189096,
    0.08753905925596525,
    -0.053257906289193815,
    0.06459001796838607,
    -0.012835422455079659,
    0.0430871802964516,
    0.03132986133066702,
    0.092741340413012,
    0.013074321193236156,
    -0.06330834232846085,
    0.030779411573072665,
    0.03300836301590875,
    -0.004063546327128491,
    -0.002399277171768816,
    -0.024849772775596805,
    -0.02185552046119616,
    0.1192677791351113,
    -0.052651620690747546,
    -0.006911678168151043,
    -0.009867508693893173,
    -0.034639251438909384,
    -0.004340337883500922,
    -0.03685458392321753,
    0.003710476053690619,
    0.0010374636332245739,
    -0.012270713907559334,
    0.03291237084000896,
    -0.02627383246971901,
    0.03860967196684923,
    0.00011092438506374891,
    -0.0007541716042466231,
    -0.0035565167883215205,
    0.027183455702064874
  ],
  "sum weights": 0.9999999369474024
}