{
  "num": 40998.22265625,
  "den": 30333.720703125,
  "test": 10664.501953125
}