{
  "num": -49938.18359375,
  "den": -49874.18359375,
  "test": -64.0
}