{
  "mu_target": [
    -0.5,
    0.6000000238418579
  ],
  "mu_model": [
    [
      -0.5008148002861647,
      0.5999705889051042
    ]
  ],
  "diff": [
    [
      0.0008148002861646519,
      2.9434936753669483e-05
    ]
  ],
  "sigma_integral": [
    0.00047818969809723926,
    0.000715836608457165
  ],
  "within_band": [
    [
      false,
      true
    ]
  ],
  "toy_seed": 15,
  "weights": [
    0.046947099372150476,
    0.051985515759625435,
    0.04489141608190141,
    0.030729312080360532,
    0.008778929805000363,
    0.03489107071425837,
    0.021078965056179084,
    0.03465719231372228,
    0.016378487193251478,
    0.023918240765464067,
    0.030503057835677253,
    0.0007925517521861787,
    0.041742710083956636,
    -0.052507820317879636,
    -0.0008832728379989,
    0.0014800175482722064,
    0.00500414268871199,
    0.006255168135450143,
    0.013390128113762412,
    0.008494430501715588,
    -0.025640093250595193,
    0.023567250518984232,
    -0.027279348357558523,
    -0.00897397311477993,
    -0.005404648874930571,
    0.05558659890067301,
    0.04216736451413116,
    -0.018454391621360363,
    0.007901339359397571,
    0.0233481905042269,
    0.01180117080436295,
    -0.003298553632565839,
    0.04413991521469088,
    0.029236756320561393,
    0.018215191274845645,
    0.055970544013981126,
    -0.005823777672545795,
    -0.00759185095124841,
    -0.020918127628690903,
    -0.00016429193723795018,
    -0.004060425705977658,
    0.016395810333552734,
    0.05134092350646225,
    0.06681440406117045,
    0.04577762234021843,
    -0.029699349998372933,
    0.034312118149566126,
    0.016182371530624486,
    0.015598193844497,
    0.024856969503727615,
    0.06630383081569169,
    0.03673023104370052,
    0.05335430707110925,
    -0.00023602958952004377,
    0.05798810649911314,
    -0.04986899113160422,
    0.04247397956997638,
    0.008724586394160438,
    -0.01330355233262427,
    0.0034022870587119914
  ],
  "sum weights": 0.9999999999942921
}