{
  "mu_target": [
    -0.5,
    0.6000000238418579
  ],
  "mu_model": [
    [
      -0.5004407101397194,
      0.6004705012048416
    ]
  ],
  "diff": [
    [
      0.000440710139719358,
      0.0004704773629836678
    ]
  ],
  "sigma_integral": [
    0.0004838639213832724,
    0.0007250212680132124
  ],
  "within_band": [
    [
      true,
      true
    ]
  ],
  "toy_seed": 84,
  "weights": [
    0.032754721023509605,
    0.05649748899660529,
    0.05194285023545693,
    0.11227829744245721,
    -0.001926116904667612,
    0.008210698971514278,
    0.016003567860003863,
    0.019700825373482403,
    0.04031871207334364,
    -0.0014142955800832701,
    0.0882823712373756,
    -0.0033168458271502005,
    0.024242944626095872,
    -0.011575783954852035,
    -0.010700575753317476,
    0.009985255603144864,
    -0.0008301561031804028,
    -0.0024626249491818135,
    0.051169222190939445,
    -0.01356916364131066,
    -0.05976791541189543,
    0.057996950840848036,
    -0.03510506381097261,
    0.006536340493237789,
    -0.022807537309871225,
    0.07031283285173102,
    0.03831517131836471,
    0.008128282134828628,
    -0.051240925687446676,
    0.04706903213485363,
    -0.021777783341010923,
    -0.013608904697649313,
    0.07346085830582405,
    0.03610340132000428,
    0.015185203550389147,
    0.028549694796354528,
    0.055415183666816206,
    -0.006753371011100894,
    -0.02885359195432977,
    -0.019384371586086607,
    -0.012820051981874513,
    0.0009716349950149791,
    0.05190201055809566,
    0.07450170099656361,
    0.01289306023424097,
    0.0032313616639949604,
    0.05646371138565383,
    0.012720831550594967,
    0.07542205451771701,
    0.05165254582788416,
    0.00892486175608175,
    0.0005302543029673452,
    0.021951182763807982,
    -0.022729448489655954,
    0.06392684585981626,
    -0.08559113090360662,
    0.02381167026618347,
    0.012758039629620039,
    0.019726071478967825,
    -0.013627085941451636
  ],
  "sum weights": 0.9999849999936903
}