{
  "mu_target": [
    -0.5,
    0.6000000238418579
  ],
  "mu_model": [
    [
      -0.5007070469202388,
      0.5988216336061385
    ]
  ],
  "diff": [
    [
      0.0007070469202388185,
      0.0011783902357194176
    ]
  ],
  "sigma_integral": [
    0.0004761779169963599,
    0.0007174731083869835
  ],
  "within_band": [
    [
      false,
      false
    ]
  ],
  "toy_seed": 46,
  "weights": [
    -0.0041225286760527705,
    0.006110009772519255,
    0.07491070159555231,
    0.09385413549843137,
    -0.007396894858932929,
    0.03953318492439356,
    0.03882312760138416,
    0.04989182179934584,
    0.005419773097239501,
    0.018922769515454792,
    0.07783327507251467,
    0.009501207011689947,
    0.017306408409384265,
    -0.033598073989516634,
    0.025489452268462612,
    0.01652057887640948,
    -0.03545840149635036,
    -0.032939724908696365,
    0.010321382577700136,
    0.0015788758206489702,
    -0.033216417999971624,
    0.03877604867760226,
    -0.02097967052580461,
    -0.017635226073390343,
    0.012566303750249544,
    0.07090735260031192,
    0.029860878749856754,
    -0.0011082838354721932,
    0.003318281969544832,
    0.0443798287294005,
    0.020236690367568373,
    -0.04867653169102376,
    0.048335981996987,
    0.0032655897162696397,
    0.005459318491881448,
    0.0009803886156134081,
    0.007129576432630056,
    -0.012782968651626201,
    -7.230758061472622e-05,
    0.02748922769100548,
    0.008553068625920137,
    -0.02943921630020979,
    0.05999237018201284,
    0.06657578098034758,
    0.04183235223116471,
    -0.008755830731863446,
    0.05862379836740952,
    0.02900570831698427,
    0.04766758176241101,
    0.020603384455792507,
    0.01175678471472518,
    0.05805756628107719,
    0.02337593036476787,
    -0.0025629038767709593,
    0.06304001320933984,
    -0.044468089157258,
    0.0018519326628147746,
    0.014667225657704444,
    -0.0003120830569629133,
    0.02919948396167198
  ],
  "sum weights": 0.9999999999936783
}