{
  "mu_target": [
    -0.5,
    0.6000000238418579
  ],
  "mu_model": [
    [
      -0.4995963643503701,
      0.598734811959522
    ]
  ],
  "diff": [
    [
      0.0004036356496299187,
      0.0012652118823358594
    ]
  ],
  "sigma_integral": [
    0.0005756994543742683,
    0.0007266512111187417
  ],
  "within_band": [
    [
      true,
      false
    ]
  ],
  "toy_seed": 13,
  "weights": [
    0.012665959138924087,
    0.049091913954819016,
    0.012192562169253861,
    0.07776480341895507,
    0.003531643055065585,
    0.04771160217089456,
    0.013042976148836583,
    0.010347159101960534,
    0.027629960145923317,
    0.012542525070103524,
    0.04432479364027158,
    -0.013870950690655793,
    0.023608610938663694,
    -0.032420653042522014,
    0.0032584938811143966,
    -0.001095560350068043,
    -0.006858228928679678,
    0.0008503680962830849,
    0.01789624841113578,
    -0.03373306923787514,
    -0.053019119452051996,
    0.05547893190888915,
    -0.03976282799023336,
    0.007356692879168408,
    0.007493690112819043,
    0.059904618427535174,
    0.0059220246155429245,
    0.01216691414019957,
    -0.02128987267951237,
    0.06725417082969776,
    -0.006719992167723525,
    -0.07800267813942838,
    0.07095459754533215,
    0.020377955193779444,
    0.011605908288958244,
    0.061150347992572664,
    0.04272614053955124,
    0.04262339442180207,
    -0.023205093801238592,
    -0.024571966094407954,
    -0.0048893885903188135,
    9.508864082632248e-05,
    0.05782226971680242,
    0.08882092517611498,
    0.04682522507687193,
    0.03194422206641021,
    0.025616472144212223,
    0.006678387676097437,
    0.02816617479909292,
    0.0515673348745656,
    0.014493026384864811,
    0.034170471602817144,
    0.038752425169538904,
    0.010475182284092178,
    0.05547526067817921,
    -0.04243573679517747,
    0.04351244317340559,
    -0.0002092106881280615,
    0.01742282626650269,
    0.008766606673354558
  ],
  "sum weights": 0.9999949999937804
}