{
  "mu_target": [
    -0.5,
    0.6000000238418579
  ],
  "mu_model": [
    [
      -0.49978707536997513,
      0.5995854128419079
    ]
  ],
  "diff": [
    [
      0.00021292463002486883,
      0.0004146109999499936
    ]
  ],
  "sigma_integral": [
    0.0004765385813283839,
    0.0007130725816001847
  ],
  "within_band": [
    [
      true,
      true
    ]
  ],
  "toy_seed": 22,
  "weights": [
    0.011170777096672295,
    0.02853593924469144,
    0.05872674554874187,
    0.04593304327793573,
    0.00787674281840475,
    0.036247584536445346,
    0.02202321552091142,
    0.048095470691650766,
    0.0530443530817527,
    0.032130648249549865,
    0.06555991631948402,
    0.019135153762689126,
    0.028998210982462892,
    -0.03327908479260606,
    0.001154121335861034,
    -0.009244729614617255,
    0.001988826074547765,
    -0.0070378200724627695,
    0.017467111267918833,
    0.006163831927465195,
    -0.014809750833345969,
    0.008281908536924218,
    -0.05567228164628449,
    -0.008481063249922677,
    0.0163162845718252,
    0.035348279816212975,
    0.03396331746261764,
    -0.0020828942360077733,
    -0.035539951773641075,
    0.028465266912960176,
    0.025388108789960506,
    -0.06065870132254712,
    0.04587916308964983,
    0.026317059614312747,
    0.006936065063120497,
    0.04785767641036525,
    0.04587493310827195,
    0.014358851719141757,
    -0.02478802673515035,
    0.017311662264371995,
    -0.009525527160082531,
    0.014979897642461753,
    0.055483530928733316,
    0.10200910372367258,
    0.06471487227968017,
    -0.006166220927177929,
    0.030243048806273178,
    0.005284295843274303,
    0.006651017295227807,
    0.017563459922748104,
    0.024432150667397484,
    0.04442883873854869,
    0.023848836249154834,
    0.042034198632122516,
    0.06185119072181301,
    -0.05546935863836646,
    -0.007545848149554475,
    -0.03581673942968804,
    0.041036409359846135,
    -0.004993121472847926
  ],
  "sum weights": 0.9999999998535708
}