{
  "mu_target": [
    -0.5,
    0.6000000238418579
  ],
  "mu_model": [
    [
      -0.499936913382137,
      0.6008642265513923
    ]
  ],
  "diff": [
    [
      6.308661786297298e-05,
      0.0008642027095343563
    ]
  ],
  "sigma_integral": [
    0.00047413396990778734,
    0.0007133934672918968
  ],
  "within_band": [
    [
      true,
      false
    ]
  ],
  "toy_seed": 59,
  "weights": [
    -0.006090892186702665,
    0.04224091873499823,
    0.10258511904248013,
    0.046988286673486486,
    0.05417797306113447,
    0.03904340142475516,
    0.01898220793877961,
    0.016828414370515674,
    0.019558246347864666,
    -0.006406022679427671,
    0.027250255200591985,
    0.006213434071923668,
    0.05029916464217138,
    -0.06826790229683381,
    0.016652342075461023,
    -0.011129139387421988,
    0.000944818942805796,
    0.008303174590069299,
    0.050347689540351286,
    -0.018747789430333006,
    -0.007873059297036489,
    0.024020244060996447,
    -0.033904931972971314,
    0.03354507186118431,
    -0.016204829818727225,
    0.016045429767275493,
    0.006009611029264912,
    0.004612420468978174,
    -0.0006178140643480802,
    0.04457588119174229,
    0.015980862066014248,
    -0.055457948911498876,
    0.0626914129282652,
    0.028315613503933582,
    0.011132785400859232,
    0.0201472181027218,
    0.02537329142519705,
    0.01057952123794204,
    -0.015252705205933727,
    0.0020134081022492468,
    -0.019809048349107107,
    0.0011591248832073901,
    0.03953609702396589,
    0.10354099555265803,
    0.07655304255252478,
    0.00550256754034227,
    0.047044173623203685,
    -0.023583663951007614,
    0.00042959829645670646,
    -0.00952342243587515,
    0.029288804525744398,
    0.057315456028485874,
    0.029243036186900787,
    0.013046330583390619,
    0.05229814161998701,
    -0.0035144561071428107,
    0.02483984553909916,
    -0.01823472215467156,
    0.01726606907739056,
    0.01209684740519611
  ],
  "sum weights": 0.9999999999935272
}