{
  "mu_target": [
    -0.5,
    0.6000000238418579
  ],
  "mu_model": [
    [
      -0.4996551934018533,
      0.5999779577988585
    ]
  ],
  "diff": [
    [
      0.00034480659814667414,
      2.2066042999369095e-05
    ]
  ],
  "sigma_integral": [
    0.00047128022612890095,
    0.0007160413277228615
  ],
  "within_band": [
    [
      true,
      true
    ]
  ],
  "toy_seed": 72,
  "weights": [
    0.0121199462600757,
    0.030317200077705126,
    0.0783437992106925,
    0.07080201676480032,
    -0.019514075253641926,
    0.027616326721584216,
    0.038206661911235056,
    0.039958417121747095,
    0.013864128434091287,
    0.015446721920507249,
    0.03468540089331023,
    0.02905039356884587,
    0.015516436134582258,
    6.295315398429853e-05,
    -0.013009150205649338,
    -0.014930230352627295,
    -0.015986840953640565,
    -0.00692476487431126,
    0.02227114252440381,
    -0.0198148564569981,
    -0.034314946642027964,
    0.026464366041732718,
    -0.03809434400599622,
    -0.02752913005509435,
    -0.010351341416240886,
    0.09883611136675777,
    0.024893191420384292,
    0.03541425097359848,
    0.01032464347841648,
    0.045865605747510405,
    -0.011888302316474126,
    -0.05640438904140841,
    0.07010193516903737,
    0.05255396114135664,
    0.04306850620381777,
    0.026242260168286055,
    0.053664797372357256,
    0.02511338671478228,
    -0.01564249179779245,
    -0.008840410369133593,
    -0.024908239248206884,
    0.031068313288970736,
    0.05162015309231733,
    0.11100477973394131,
    0.01107562106207417,
    0.006613742985598397,
    0.058648107120727905,
    0.010646280617457607,
    0.016526873537737234,
    0.023460173934681878,
    0.05280963067118764,
    0.05435874888556882,
    0.02905631830327175,
    0.006956067721594623,
    0.04101974238539911,
    -0.06025346551289058,
    -0.0008792143254707447,
    -0.034537729917297345,
    0.003018212996464101,
    -0.034863404293049745
  ],
  "sum weights": 0.9999999997946434
}