{
  "mu_target": [
    -0.5,
    0.6000000238418579
  ],
  "mu_model": [
    [
      -0.5003352638912575,
      0.6013247726879833
    ]
  ],
  "diff": [
    [
      0.0003352638912574868,
      0.0013247488461254342
    ]
  ],
  "sigma_integral": [
    0.0004732984281487107,
    0.0007125578761650933
  ],
  "within_band": [
    [
      true,
      false
    ]
  ],
  "toy_seed": 85,
  "weights": [
    -0.012519373587691533,
    0.05672986758756509,
    0.04797173160573795,
    0.06682154695536202,
    0.0026409751502766764,
    0.04175799901616487,
    0.03602263381406509,
    0.026055790770433438,
    -0.009687676048716367,
    0.010474568764618004,
    0.043970610048750566,
    0.023850390303925308,
    0.025755598406626137,
    0.006083954515466964,
    0.011846682216952046,
    0.00850978873585803,
    -0.05581962201956436,
    -0.0036118110961985833,
    0.010431911514967982,
    -0.027400283384661547,
    0.010455035226702984,
    0.025576642610703165,
    -0.038713724594892134,
    0.017982615588864617,
    -0.001896120314479301,
    0.09124449018203837,
    0.00074967748945824,
    0.012278284380205274,
    -0.0011462816403177444,
    0.053800703521493715,
    -0.020003131417441405,
    -0.054633445402929554,
    0.03477787289795822,
    -0.004818010898398411,
    0.09593366767360728,
    0.044122420597475974,
    0.028531256431158954,
    0.013049276499460364,
    -0.01240084526543028,
    -0.007959006665831317,
    -0.013579310570981799,
    -0.002231610710384533,
    0.043930148681516575,
    0.09624270179643873,
    0.06502880162958168,
    0.01645278591714832,
    0.05360072798456844,
    0.020723872898769792,
    0.0025825360449856917,
    0.04285848664786079,
    0.03169948748400405,
    0.012970607483464715,
    0.05869392585851365,
    -0.0008194370160774274,
    0.06369060093061732,
    -0.05761837282278747,
    -0.01247169375412265,
    -0.0017527113734055963,
    -0.0068265665873547795,
    -0.009991640697746926
  ],
  "sum weights": 0.9999999999939534
}