{
  "mu_target": [
    -0.5,
    0.6000000238418579
  ],
  "mu_model": [
    [
      -0.49990504055407625,
      0.6004401572012046
    ]
  ],
  "diff": [
    [
      9.495944592374794e-05,
      0.00044013335934667275
    ]
  ],
  "sigma_integral": [
    0.0004768917114929352,
    0.0007061031689088232
  ],
  "within_band": [
    [
      true,
      true
    ]
  ],
  "toy_seed": 99,
  "weights": [
    -0.012364684983104366,
    0.06166647644443586,
    0.10433374009880796,
    0.08213741838937894,
    0.021335639431186056,
    0.05221594252836141,
    0.01535484130763158,
    0.05062067021676137,
    0.05947144844683372,
    -0.008817896430199904,
    0.025801160961792,
    -0.015251279087349195,
    0.006487541800137475,
    -0.003958494636488863,
    -0.012605316052035924,
    -0.003294852049858936,
    -0.0314786952320623,
    -0.0136890338281427,
    -0.007598237993984594,
    -0.016551067229100703,
    -0.042421802573839214,
    0.031793600969786014,
    -0.012399802329010041,
    0.010794705452909186,
    0.013453007702282043,
    0.025341284309754217,
    -0.00808632605594732,
    0.023855775276788206,
    0.00151241475967709,
    0.07680990175986888,
    -0.04320700813243691,
    -0.021548570951151286,
    0.06753642608664147,
    0.061130279234330544,
    0.015195327520657097,
    0.007709542684083603,
    0.03768089980211171,
    -0.020973984695928163,
    -0.03236171184418022,
    -0.031196724364682356,
    -0.043595125583243674,
    -0.006987715617538951,
    -0.006225079487792276,
    0.13051354476306717,
    0.07245627323485046,
    -0.023126033902292675,
    0.053428398689325945,
    0.04725377233278235,
    -0.008668948911166171,
    0.013183415924048316,
    0.04367609350333096,
    0.0541844165894021,
    0.03337350746085828,
    0.029385356497947338,
    0.0734534012498681,
    -0.06369406678704527,
    0.02682864171162643,
    -0.01649271539823915,
    0.062455740129100726,
    0.014164566783368068
  ],
  "sum weights": 0.9999999998969714
}