{
  "mu_target": [
    -0.5,
    0.6000000238418579
  ],
  "mu_model": [
    [
      -0.5004487202634448,
      0.6016632383726436
    ]
  ],
  "diff": [
    [
      0.00044872026344477955,
      0.0016632145307856616
    ]
  ],
  "sigma_integral": [
    0.00047922954425741595,
    0.0007153557118952888
  ],
  "within_band": [
    [
      true,
      false
    ]
  ],
  "toy_seed": 95,
  "weights": [
    -0.007073459686480177,
    0.029459187737864566,
    0.10319023274423304,
    0.06549398652111492,
    0.010008444878143823,
    0.049657233071193484,
    0.024920731976633425,
    0.10220916258582073,
    0.014267380506620636,
    0.010210529027663388,
    0.02522002081567663,
    -0.0020908138491132168,
    0.02782228773645362,
    -0.037697227034435406,
    -0.03482276894032596,
    0.0214641846248207,
    -0.02857509883971452,
    -0.020533381555212886,
    0.03936078979235573,
    -0.020080977815869257,
    -0.012318637993280621,
    -0.00339782508441531,
    -0.01475509613408668,
    -0.00011328261719199412,
    -0.008526723586052805,
    0.03964728233836298,
    0.04224982416523142,
    -0.0043497213942690184,
    -0.06627723309873204,
    0.05433546791518973,
    0.009433437939059956,
    -0.035387761467077124,
    0.07727791577897093,
    -0.009683992307905297,
    0.005345009376637303,
    0.036380212305057856,
    0.03369629313744138,
    -0.013112368859404637,
    0.013100470044669714,
    -0.02370830733272745,
    -0.01835105559800689,
    0.0038311616296796075,
    0.05682878250204531,
    0.06442786811227257,
    0.03711458453313554,
    0.04877449090272633,
    0.09271530266172566,
    -0.011798990227425313,
    0.013705895048416619,
    0.054174090414240525,
    0.04022655647133636,
    0.03084165585661228,
    0.0009018882604296529,
    -0.020266453365044113,
    0.05519835598251247,
    -0.0731035290448903,
    0.036198931711580125,
    0.0025058639668422314,
    0.05662340201601699,
    0.03719579073715643
  ],
  "sum weights": 0.9999899999942836
}