{
  "mu_target": [
    -0.5,
    0.6000000238418579
  ],
  "mu_model": [
    [
      -0.5009125941728092,
      0.5996349743144864
    ]
  ],
  "diff": [
    [
      0.0009125941728092002,
      0.000365049527371486
    ]
  ],
  "sigma_integral": [
    0.0004743258067607521,
    0.0007139061349927844
  ],
  "within_band": [
    [
      false,
      true
    ]
  ],
  "toy_seed": 14,
  "weights": [
    -0.009253154279895875,
    0.02951720836547073,
    0.10212861238594788,
    0.05951611401022986,
    -0.008026591038141635,
    0.0009551810438049568,
    0.008112066741940609,
    0.013902339902781358,
    0.005714677868454817,
    0.011597282891217872,
    0.04908861890061445,
    0.012430840919592569,
    0.049584719197746305,
    -0.04029180909113893,
    -0.025436853448493467,
    0.026566483659167892,
    0.02194911776726858,
    0.02005602122053045,
    -0.005908340188987367,
    -0.042295364229555994,
    0.021151353065297536,
    0.02949811074201652,
    -0.01714854251134038,
    -0.014322530516166575,
    0.027692375296788564,
    0.05235270741385077,
    0.014050367007850005,
    0.020134812164913682,
    -0.008122591607466506,
    0.06750439614618921,
    0.04892805151137739,
    -0.07295629983382931,
    0.08289364403292833,
    0.03016870125122283,
    0.031211176344778394,
    0.011371364950859074,
    0.040081950218948906,
    0.036360659631810004,
    -0.04377779845170688,
    0.011934225633361092,
    -0.0016043227934397861,
    -0.025276333769609572,
    0.027609552738365038,
    0.10009676674610041,
    0.08111147313530546,
    0.011222301362856494,
    0.012506915992211383,
    0.00237562578493184,
    0.0007868882407625611,
    0.03810135722041278,
    0.0060589526901758655,
    0.03798401069211808,
    0.009594539035593949,
    -0.028741512149073518,
    0.05146973528355075,
    -0.047994277017067495,
    0.02800267997215133,
    -0.024724957989436143,
    0.051211064493150875,
    0.021296235200732143
  ],
  "sum weights": 0.9999999999600302
}