{
  "num": -4998.32421875,
  "den": -5023.7900390625,
  "test": 25.4658203125
}