{
  "num": 39299.5703125,
  "den": 28637.646484375,
  "test": 10661.923828125
}