{
  "num": 39384.66015625,
  "den": 28724.697265625,
  "test": 10659.962890625
}