{
  "mu_target": [
    -0.5,
    0.6000000238418579
  ],
  "mu_model": [
    [
      -0.5011283938020543,
      0.6037408897936942
    ]
  ],
  "diff": [
    [
      0.0011283938020543172,
      0.003740865951836314
    ]
  ],
  "sigma_integral": [
    0.001488475048212268,
    0.0024960823058071562
  ],
  "within_band": [
    [
      true,
      false
    ]
  ],
  "toy_seed": 40,
  "weights": [
    -0.014903917950276497,
    -0.05315167171346137,
    0.025851511026266902,
    -0.005101908081546786,
    -0.03215255809612473,
    0.11157973557063178,
    -0.014182553434849497,
    0.14554363962351938,
    0.04068823289367691,
    -0.018623674137463433,
    0.046470348309611546,
    0.0007216141466742443,
    -0.04475376032045527,
    -0.016379019792212197,
    -0.006550846102317539,
    0.043817453910172256,
    0.0524162131774184,
    0.03315803517774083,
    0.0972647042706988,
    0.07089389276768357,
    0.03825153424535905,
    0.06662477899836997,
    -0.04751137275630996,
    -0.09084578639800736,
    0.0494146474705547,
    0.04955105284893577,
    -0.012037798824960522,
    -0.09381909017339111,
    0.015193586831939528,
    0.009223390063645798,
    0.10161987077625072,
    0.011219795511330134,
    0.005862232288817744,
    0.03021453347894248,
    -0.11501473289570827,
    -0.0014728903013723213,
    -0.009142314022161783,
    0.06914569462963738,
    0.07216221352288316,
    -0.01204705464222523,
    -0.016435740956043027,
    0.07414706102406604,
    -0.06443352949368807,
    -0.025998211760389127,
    0.08765094010021493,
    -0.09272412808346629,
    0.048460530278772174,
    -0.08053073642494758,
    0.04660684631026177,
    0.03972501170778143,
    0.015457284393286108,
    0.05453096523220151,
    0.03908963082891279,
    0.04470300252711062,
    0.05852797488381669,
    -0.10976093541074528,
    0.043127305704574556,
    0.026924682712597528,
    0.12817050028856428,
    0.08356372305051175
  ],
  "sum weights": 0.99999993881131
}