{
  "mu_target": [
    -0.5,
    0.6000000238418579
  ],
  "mu_model": [
    [
      -0.5012131255161517,
      0.596627225196858
    ]
  ],
  "diff": [
    [
      0.001213125516151714,
      0.0033727986449999525
    ]
  ],
  "sigma_integral": [
    0.0014900756402021803,
    0.0024440286903944434
  ],
  "within_band": [
    [
      true,
      false
    ]
  ],
  "toy_seed": 19,
  "weights": [
    0.10251730542365653,
    0.025557882657594268,
    0.06456736678729741,
    0.13141094381917626,
    0.0935220166121231,
    0.006980187910167771,
    -0.030027780171332237,
    0.017146444300199123,
    0.09578418333820989,
    -0.17676789160970383,
    0.14358928290054807,
    -0.04069951539573772,
    -0.0046999715907054766,
    -0.13883218560966837,
    -0.0031449274679389424,
    0.043653976037127104,
    -0.04433297111377032,
    0.04071413924361065,
    0.10728875844456226,
    -0.029898597551760473,
    0.006083826401619966,
    0.06733080663037916,
    0.06510937437628016,
    -0.006738554086072721,
    0.12142988399353535,
    0.038214054235347565,
    -0.04485531475028808,
    0.03877634079715665,
    0.14822769283933526,
    0.029924052181744053,
    0.0989230525681819,
    0.10387960397966858,
    0.06178518334030409,
    0.010409378582425612,
    0.027355920080568898,
    -0.023003705577381954,
    -0.04740853592676399,
    0.025182639935747275,
    0.02566187941620766,
    -0.10056703789468834,
    -0.0481590697986236,
    0.06175796484796212,
    -0.11406515574753942,
    -0.06425366239456075,
    -0.016042783385463465,
    0.030048217325272065,
    0.0008058727602380467,
    -0.009082213840546537,
    0.02998727221138719,
    0.050269191091472425,
    -0.05290898428664744,
    0.029568875859815488,
    0.010468154085253136,
    0.03383136357941803,
    -0.02051733234769132,
    -0.07919309509729652,
    -0.00813106419071933,
    0.06977299206272818,
    0.0984993882072884,
    -0.052705175536315305
  ],
  "sum weights": 0.9999999434923936
}