{
  "mu_target": [
    -0.5,
    0.6000000238418579
  ],
  "mu_model": [
    [
      -0.4989550556158354,
      0.5995501471226391
    ]
  ],
  "diff": [
    [
      0.0010449443841645811,
      0.00044987671921881134
    ]
  ],
  "sigma_integral": [
    0.0015075123272454026,
    0.0024919409885170605
  ],
  "within_band": [
    [
      true,
      true
    ]
  ],
  "toy_seed": 207,
  "weights": [
    -0.0006491494676971496,
    0.07870146195260116,
    0.0330106515103215,
    0.08193459428763883,
    -0.07134900842017101,
    0.1204866554968286,
    -0.014896231571748568,
    0.014699882265376201,
    -0.0038651428931981706,
    -0.06271599187019081,
    0.12717616925189928,
    -0.03800829795534796,
    0.022537629354483963,
    -0.05398741678761402,
    -0.029454422602383575,
    0.04039612280849324,
    0.020625323312809047,
    0.09193401738346145,
    0.030182336380861124,
    0.07794084551537436,
    0.08078025952108374,
    0.07157064868987512,
    -0.0895617514896365,
    0.043626998224622945,
    -0.03457645794471475,
    0.01082922645986582,
    -0.0442520121540517,
    0.04460730995677236,
    0.24380676353776928,
    -0.12045472373977183,
    -0.04084222146657115,
    -0.09281487340120305,
    -0.08446460319581847,
    -0.01602506962147413,
    0.025362123886849806,
    -0.062340690409770104,
    0.14285045519909473,
    -0.09170204702933046,
    -0.023540339804272784,
    0.06002515472128398,
    -0.037009040148628915,
    0.032774464814289625,
    0.03745104497847305,
    0.09620398196905891,
    0.11261634263478527,
    0.07646351315509632,
    0.0649322598448419,
    -0.02272657021965116,
    0.029528188197936026,
    0.005151349349175382,
    0.05545269161777135,
    0.02044037285824582,
    0.01649322950404067,
    0.012073534427303616,
    0.044354519065742726,
    -0.048816269054495376,
    0.001669625241015427,
    -0.02246569891710746,
    -0.06954486119984271,
    0.10737306904814743
  ],
  "sum weights": 0.9999999250585982
}