{
  "mu_target": [
    -0.5,
    0.6000000238418579
  ],
  "mu_model": [
    [
      -0.49779530457823595,
      0.5991283657621311
    ]
  ],
  "diff": [
    [
      0.002204695421764047,
      0.0008716580797267781
    ]
  ],
  "sigma_integral": [
    0.0014888246131390412,
    0.002494124584540538
  ],
  "within_band": [
    [
      false,
      true
    ]
  ],
  "toy_seed": 214,
  "weights": [
    0.02653500869479082,
    -0.03401239233722919,
    0.07798892471823195,
    -0.01631363329753081,
    0.044473199514140443,
    0.11287537644611474,
    -0.07761365476400937,
    0.05909286517590683,
    -0.012264473862009174,
    -0.11154639530319205,
    0.04932986390270363,
    -0.07273999540392591,
    -0.013611106456309306,
    -0.04521778682270979,
    -0.01914482573646953,
    -0.03219024867469695,
    0.01481378959959868,
    -0.012447889848821784,
    -0.1237560898861259,
    0.0014561752128299235,
    0.11915866069681136,
    0.021504451570793965,
    0.0932297356874858,
    0.04449258381465219,
    0.166021468107443,
    0.038889119816394584,
    -0.025030415931487027,
    0.12900498555023693,
    -0.028113551382057393,
    0.12804243647417235,
    -0.030088137114976408,
    0.002164047847121657,
    0.10096369907314516,
    0.013275207714114058,
    0.11419602989786183,
    -0.0957390818536181,
    0.10849673916961224,
    -0.04776190650892827,
    0.04759794925127428,
    -0.08644620170026975,
    -0.052976482938935684,
    0.006614405365522164,
    0.026036219219456962,
    -0.010077134893099459,
    0.05295293827526813,
    0.20614735633514755,
    -0.01203923923401968,
    -0.026570643892895283,
    0.040360722399282574,
    0.024303059358503784,
    0.0898112872208724,
    -0.03615864067580324,
    -0.0661142306495891,
    -0.002900264282854675,
    0.006498984447874888,
    0.07476148698633496,
    -0.04012522783922187,
    -0.0330971617666909,
    0.12262252297320671,
    0.00038545409570405587
  ],
  "sum weights": 0.9999999415551337
}