{
  "mu_target": [
    -0.5,
    0.6000000238418579
  ],
  "mu_model": [
    [
      -0.4990052987329753,
      0.5973086933446934
    ]
  ],
  "diff": [
    [
      0.0009947012670247224,
      0.0026913304971645235
    ]
  ],
  "sigma_integral": [
    0.0014976102087108547,
    0.0024746378655746888
  ],
  "within_band": [
    [
      true,
      false
    ]
  ],
  "toy_seed": 45,
  "weights": [
    0.014845753716631297,
    -0.006469761412881516,
    -0.010838283041251937,
    0.07101345339122167,
    0.12580177286652194,
    0.007950373875581429,
    0.050390540990825856,
    0.10424851981547359,
    0.12120888965870663,
    -0.02417568823268824,
    0.042060946966697384,
    -0.06932240229057642,
    -0.006134770751523868,
    -0.039722516770301274,
    0.01658920842013131,
    0.08608371231111418,
    0.036305924169563394,
    0.04582406449867008,
    -0.008130994987187912,
    0.03826579665340964,
    0.1558295469334188,
    -0.0762020345913779,
    0.05251061146774273,
    0.020497576610354,
    0.0021380194769383748,
    0.059099277864507874,
    -0.05945174089625907,
    -0.052740946408632555,
    0.08327300764871226,
    0.12001421624206228,
    0.10059723282130216,
    -0.11409202999852142,
    -0.027284911849275027,
    0.03843410005398257,
    -0.08757440857659153,
    0.019236675421001163,
    0.005204040025119117,
    -0.06682890556507375,
    -0.0249602958297057,
    -0.11643137534891668,
    0.130125276012364,
    0.08613624315777388,
    0.012831922813776188,
    -0.0046236370378354265,
    0.08967591129113556,
    0.0012418905054741593,
    -0.03375969587052274,
    -0.04655159302816247,
    0.022196211792136412,
    0.1101147357343613,
    0.061120133425931956,
    0.03729291258574309,
    -0.004883359516688949,
    -0.07665808301259237,
    -0.0387346181551874,
    -0.029942718738189156,
    0.03702565656079743,
    -0.031990459068285806,
    0.07905261063241321,
    -0.026731590999579665
  ],
  "sum weights": 0.9999999444337879
}