{
  "mu_target": [
    -0.5,
    0.6000000238418579
  ],
  "mu_model": [
    [
      -0.5023712844825329,
      0.6015271977986971
    ]
  ],
  "diff": [
    [
      0.002371284482532876,
      0.0015271739568392118
    ]
  ],
  "sigma_integral": [
    0.0014954067873761158,
    0.002466433807269154
  ],
  "within_band": [
    [
      false,
      true
    ]
  ],
  "toy_seed": 7,
  "weights": [
    0.012066434140633431,
    -0.023631728513970912,
    0.15209701399223546,
    -0.056361371579119454,
    -0.08477597396494366,
    0.06880263222023163,
    -0.015183790511586644,
    0.25757313945804233,
    0.23300514330797464,
    -0.11339193102436967,
    -0.04865620962211683,
    -0.009434339513178094,
    -0.030703241025132298,
    -0.07717535663667287,
    0.17872008258392189,
    -0.07064982584658715,
    0.004732923289574095,
    0.026996924712198896,
    -0.024252980588597383,
    0.029329096847248007,
    0.12642110869908074,
    0.08584719557832125,
    0.008768066794712384,
    -0.0501409373226518,
    -0.04930446274945702,
    -0.04312668244342751,
    0.08569775347763008,
    -0.010332890915916134,
    0.00021325732138089868,
    0.018664604120286293,
    0.08569904955544243,
    -0.0968988488283857,
    0.00944126887140385,
    -0.05206497929291723,
    0.017726823518075113,
    0.04315777088409876,
    0.11747792624194317,
    0.009738715182144381,
    0.015177277599982863,
    -0.09892196666644194,
    0.07458713068713663,
    0.0281205164794869,
    0.07639359546939611,
    -0.12640367611128206,
    -0.016000945463540608,
    0.06685343717229973,
    0.09863053220629839,
    -0.016827882783159297,
    0.11194349940995857,
    0.11239194102181733,
    0.05124474752523189,
    -0.1308172799890485,
    0.06701594889321427,
    0.007043354335438302,
    0.024342085216239005,
    -0.16710617995744104,
    0.12265983424043596,
    -0.14592994253367988,
    0.04882702698670579,
    0.08068551303444035
  ],
  "sum weights": 0.9999999471910382
}