{
  "mu_target": [
    -0.5,
    0.6000000238418579
  ],
  "mu_model": [
    [
      -0.5014844479297639,
      0.5978047897125042
    ]
  ],
  "diff": [
    [
      0.0014844479297638769,
      0.0021952341293537403
    ]
  ],
  "sigma_integral": [
    0.0014782699361595162,
    0.0024620780928873215
  ],
  "within_band": [
    [
      false,
      true
    ]
  ],
  "toy_seed": 201,
  "weights": [
    0.06816209103160872,
    -0.10259493145349857,
    -0.11955125594842304,
    0.05582501535439701,
    -0.003899488180863234,
    -0.006375905540193559,
    -0.048130851756731936,
    0.05548734252015272,
    0.0912204244966486,
    0.06652881844447683,
    0.05139700685503529,
    -0.0723070003596303,
    -0.017362190593281444,
    -0.06761314281116573,
    -0.0009020827345385676,
    0.06015337159069837,
    -0.01099049373641159,
    -0.012336814267995834,
    0.028070487447679187,
    0.11523041791334221,
    0.03312019444554297,
    0.07806778309549303,
    0.04253007605868704,
    0.14183087685832826,
    0.009343384517666305,
    -0.001024939824056684,
    0.0053458295481024,
    0.042950875046390224,
    0.031728284973225676,
    0.10788278204800353,
    0.08685000945123496,
    -0.0048927626858350625,
    0.10015929289327966,
    -0.07710577119801473,
    -0.0007707236456035968,
    -0.07810906212367955,
    -0.030969766318801894,
    0.1623161211378485,
    0.008096856962551224,
    0.03768092132527495,
    0.058035606182020624,
    -0.026524553708872474,
    -0.12558787809401314,
    -0.04610428279208267,
    -0.1510549527301366,
    0.1764784568762307,
    0.035331347244001846,
    0.026365817850928144,
    0.055248973545854826,
    0.11311688236022316,
    0.018560339464430965,
    -0.04268694387442454,
    -0.014593111883773437,
    0.07198121894650479,
    0.009155448002260393,
    -0.004462811753012137,
    0.031398776491725545,
    -0.02733104413478361,
    0.02227039250082212,
    -0.004638830442760376
  ],
  "sum weights": 0.9999999308880865
}