{
  "mu_target": [
    -0.5,
    0.6000000238418579
  ],
  "mu_model": [
    [
      -0.5029833293240953,
      0.5975378941070978
    ]
  ],
  "diff": [
    [
      0.002983329324095285,
      0.002462129734760121
    ]
  ],
  "sigma_integral": [
    0.0014949042106454946,
    0.0024494156451162247
  ],
  "within_band": [
    [
      false,
      false
    ]
  ],
  "toy_seed": 48,
  "weights": [
    0.038015830622240725,
    0.015765959619520133,
    0.03616323872299405,
    0.032536027506441016,
    0.02497204878344346,
    0.0511429275961508,
    0.10733417383148086,
    0.10174053115951759,
    0.06578620823529792,
    -0.020732355667188795,
    0.004005877115518806,
    0.018289098677473276,
    -0.02966482891459872,
    -0.08718893674238067,
    -0.12777103202786047,
    0.057256627202774975,
    -0.05574714543466631,
    0.07518767336528705,
    0.06934418549869492,
    -0.06141117116612765,
    0.008179803281222376,
    0.05016860034643741,
    0.06255592899491731,
    -0.05136672222736543,
    -0.0316796219091921,
    -0.0207087144198905,
    0.08422251490944709,
    0.023137992378978015,
    0.07189671336033629,
    0.0719035913688293,
    0.0036736593944188753,
    0.10831118196857074,
    -0.033259188341573154,
    0.002305138255721721,
    -0.09875808067354663,
    0.027577929607099382,
    0.06528086416237418,
    -0.06542655529390741,
    -0.03399244126821391,
    -0.06716831578502865,
    -0.008776256494578609,
    0.10725490108280385,
    -0.09385054173088894,
    -0.034177779779956785,
    0.05674334823051187,
    0.03845072600885729,
    0.07690204244020768,
    0.0961135826836126,
    -0.0009513634775409758,
    0.06485839191722077,
    -0.06178404629816419,
    0.014956863407270548,
    0.13825613254620053,
    0.03451905276318945,
    0.005042507763568884,
    -0.174726941286165,
    0.016258736440304535,
    0.09717136326303437,
    0.14221430572502175,
    -0.006354303923621945
  ],
  "sum weights": 0.9999999373745354
}