{
  "mu_target": [
    -0.5,
    0.6000000238418579
  ],
  "mu_model": [
    [
      -0.5007542392923809,
      0.599353635080771
    ]
  ],
  "diff": [
    [
      0.0007542392923809427,
      0.0006463887610869135
    ]
  ],
  "sigma_integral": [
    0.00150786341576831,
    0.0024752346545743272
  ],
  "within_band": [
    [
      true,
      true
    ]
  ],
  "toy_seed": 211,
  "weights": [
    -0.010354038043682389,
    0.022910906306900878,
    -0.09885662035160647,
    0.016032539283490636,
    0.11384974569843838,
    0.006365060668906539,
    -0.012010740858670516,
    0.2208720838882464,
    0.08691068163349272,
    0.057667892534589336,
    0.02071804685215679,
    0.007141945353383868,
    -0.0683958848892903,
    -0.1095223280210845,
    -0.04186912836131898,
    0.07424882708146122,
    0.12079482196285557,
    -0.0020977783329404233,
    -0.051154638521358854,
    0.10104184115417372,
    0.08066470463252058,
    0.06569598983182331,
    0.10724938309715368,
    0.0013993771106296697,
    0.00649725751732899,
    0.0006544386700874048,
    -0.02135903468436111,
    0.10212210651077563,
    -0.01963953817556164,
    0.034040411631492046,
    0.0017340919684767848,
    -0.15510495153184167,
    -0.0784902225723017,
    0.0671969213351468,
    -0.16512751508568138,
    -0.07889400275674763,
    0.07242413804375901,
    -0.014634464815230421,
    0.006914817029110172,
    0.056118990340675,
    0.023475795998288338,
    0.04827040433723648,
    -0.08579689203594208,
    0.00976279451181309,
    0.09196137249992017,
    0.029062054622165732,
    -0.035064511402536136,
    -0.0202015337645782,
    0.005758995217258668,
    0.11434767149072546,
    0.07032776081900205,
    -0.021252808775652273,
    0.08895879562303383,
    -0.030316397949517356,
    0.09370461810610939,
    0.02431258670959274,
    -0.032343437438679686,
    -0.08842064672710015,
    0.07216486299263092,
    0.11753232914153176
  ],
  "sum weights": 0.9999999471107
}