{
  "mu_target": [
    -0.5,
    0.6000000238418579
  ],
  "mu_model": [
    [
      -0.4970522097383275,
      0.5972233488616305
    ]
  ],
  "diff": [
    [
      0.0029477902616725227,
      0.0027766749802273782
    ]
  ],
  "sigma_integral": [
    0.0015089009397136891,
    0.0024690666800845787
  ],
  "within_band": [
    [
      false,
      false
    ]
  ],
  "toy_seed": 202,
  "weights": [
    0.016391260014151275,
    0.022893881113491527,
    0.0021617092939092593,
    -0.005629364852131845,
    0.10562829481640688,
    0.012202089743149732,
    -0.03047765493229952,
    0.037617114577513,
    0.2171581784824559,
    -0.08070979076771048,
    -0.022542630468272137,
    -0.046756280084831695,
    -0.024546001010024215,
    -0.027058121995875692,
    0.04187996305022093,
    -0.016618915435284827,
    0.09446357715922755,
    -0.0482459734612079,
    -0.08333805582530256,
    0.01925433938914242,
    0.09393613856806861,
    -0.044740541366738634,
    0.011777237219461778,
    0.019484028910033365,
    0.12716190809648936,
    -0.060541694333319664,
    0.014072550952466848,
    0.0907813445800834,
    0.02856560119506826,
    0.10845267132845328,
    0.1068943228242913,
    -0.060258080595507905,
    0.02438891768039719,
    0.00894055965312174,
    -0.05759796792591775,
    0.012005609246271356,
    -0.007453657973325046,
    0.05030594634798153,
    -0.024570611661827155,
    -0.005914745991421668,
    0.05742814130437921,
    0.055182157696008045,
    -0.07923015652794953,
    -0.03389111173241724,
    0.021148968178344538,
    0.0669733332460834,
    0.05459109333046441,
    0.06693081839978997,
    0.10539057973487466,
    0.11958766666003966,
    -0.009371266013973693,
    -0.05033480943213933,
    0.056421116063674795,
    -0.05591093316677193,
    -0.009704647642471738,
    -0.036925117151936616,
    0.10057799080276328,
    -0.02680768635499011,
    -0.03839822851001926,
    0.016924879146437092
  ],
  "sum weights": 0.9999999435910474
}