{
  "mu_target": [
    -0.5,
    0.6000000238418579
  ],
  "mu_model": [
    [
      -0.49734088041347774,
      0.5915097887759339
    ]
  ],
  "diff": [
    [
      0.0026591195865222628,
      0.008490235065924057
    ]
  ],
  "sigma_integral": [
    0.001510640293489009,
    0.0024326367080574527
  ],
  "within_band": [
    [
      false,
      false
    ]
  ],
  "toy_seed": 271,
  "weights": [
    0.04609437130130066,
    0.03125590706593651,
    -0.024031883566447997,
    0.09241366896029676,
    0.1287605335701889,
    0.006118854493203201,
    -0.008437116208233949,
    0.10037186399726754,
    0.07593195041036195,
    -0.08421464591150873,
    0.033947446179786296,
    -0.0030979361466967332,
    -0.016174762962936212,
    -0.0376726977850743,
    0.13151146092699842,
    -0.13996533643353873,
    -0.06003170593866856,
    -0.011227897467550896,
    -0.055786170009730345,
    0.19108224069422258,
    0.09277347379890169,
    -0.08956337937218838,
    0.022545077764435918,
    -0.0018929429295925098,
    0.06419667706142916,
    0.03058692044647089,
    -0.03842229284793358,
    -0.04576836940060629,
    -0.019701900043848766,
    -0.0004815661754205357,
    0.08409986145696755,
    -0.045143262116681286,
    -0.03350052534147366,
    0.009895248154831079,
    -0.08227600112071816,
    -0.04457830667813155,
    0.021614243110118905,
    -0.05089220644505025,
    0.046497820229791965,
    -0.02501315891891373,
    0.06628586308941638,
    0.042846760106158996,
    0.010253478916046214,
    -0.08478111371393196,
    0.01653784587791073,
    0.04172099916912777,
    0.09186411366672188,
    0.0857880493673389,
    0.01227758779698049,
    0.027249514247745056,
    -0.022836258127467632,
    0.07231298551973527,
    -0.06802075007800258,
    0.07272204118082835,
    0.05592205389859415,
    0.030424475747998524,
    0.1985853256252229,
    -0.041970973572146866,
    0.08754502979962885,
    0.013449362992083389
  ],
  "sum weights": 0.9999999473115537
}