{
  "mu_target": [
    -0.5,
    0.6000000238418579
  ],
  "mu_model": [
    [
      -0.5027407665461928,
      0.5983020078193007
    ]
  ],
  "diff": [
    [
      0.002740766546192819,
      0.0016980160225572583
    ]
  ],
  "sigma_integral": [
    0.0015149010763926907,
    0.002454693029493942
  ],
  "within_band": [
    [
      false,
      true
    ]
  ],
  "toy_seed": 244,
  "weights": [
    0.011004143706900681,
    -0.03474073326097519,
    -0.019788772477397527,
    0.06577754248239694,
    0.012649277276942256,
    -0.011473398919237559,
    0.11949133306384944,
    0.06792187343064089,
    0.19584145654888205,
    -0.06742486448434935,
    0.10921029103742688,
    -0.028699799796957973,
    0.03066014187803917,
    -0.11119947083549106,
    -0.0003591415345195386,
    -0.046843451776458614,
    0.047776346409652656,
    0.0032966832872373133,
    0.05582573150784289,
    0.07486944621510949,
    -0.05783933820971227,
    -0.01743724264672551,
    -0.06714516097526885,
    0.08957117570740161,
    -0.08571310976671168,
    -0.029474814370472207,
    -0.04501611356175243,
    -0.03532070001997433,
    0.1370457967164669,
    0.024313183260814466,
    0.1522949626559022,
    -0.01763006265797818,
    0.06733902321277459,
    -0.05655531670182122,
    -0.01618750986290292,
    -0.013601652706195164,
    0.05049166035921895,
    -0.016623694228859096,
    -0.05493828000515607,
    0.1308431729724033,
    0.05938314118827613,
    0.042294491035636705,
    -0.08993891338323597,
    -0.0728082912681489,
    0.11946940325919492,
    0.05025758187515407,
    0.030945090368180703,
    -0.10449670210934424,
    0.018431868718500964,
    0.14831718817720346,
    -0.07439819035909605,
    0.006713136816266308,
    0.15056114957083436,
    0.005085661549493657,
    0.07060763812852357,
    -0.10924779640806029,
    0.01606221702862887,
    -0.0792507277486489,
    0.19027442636162517,
    0.009526956459860516
  ],
  "sum weights": 0.999999942191831
}