{
  "mu_target": [
    -0.5,
    0.6000000238418579
  ],
  "mu_model": [
    [
      -0.49977006525218515,
      0.5914937361855771
    ]
  ],
  "diff": [
    [
      0.0002299347478148528,
      0.008506287656280809
    ]
  ],
  "sigma_integral": [
    0.0014987240385262218,
    0.0024732698311967075
  ],
  "within_band": [
    [
      true,
      false
    ]
  ],
  "toy_seed": 112,
  "weights": [
    0.04619654816767894,
    0.023727343973072974,
    0.08689624225963043,
    0.002955123476767147,
    0.007192201649388287,
    -0.0145688551133744,
    -0.07065063138718687,
    0.049841775105222925,
    0.009214440965172543,
    0.10050524404529824,
    0.012851491085854577,
    -0.03338165518946144,
    -0.03333741280459396,
    0.016077567090070355,
    0.0565298464900344,
    -0.05709504952667083,
    -0.06057553551106091,
    0.08410274219910024,
    0.0026560209943795247,
    0.04673023903124718,
    0.11737837967363551,
    0.047316826929158146,
    0.06595734675280562,
    0.03285035945475098,
    -0.05821723461014373,
    -0.10664016159206631,
    0.006632751891136013,
    0.057217595552199824,
    -0.07833184193718835,
    0.08889258045719944,
    0.18161945058649537,
    0.02011059679242998,
    0.08881763103291167,
    0.10984597162536464,
    -0.03227984970129812,
    0.04155087555363074,
    -0.06916321439624279,
    -0.01064323168360234,
    -0.08386110048565563,
    0.02238117991276456,
    0.017761297219907938,
    0.026514017342876933,
    -0.07915898711938288,
    -0.08869175235024387,
    0.08203992889901605,
    -0.056021832429410535,
    -0.018630091840972973,
    0.0336800240269993,
    0.03431750534481791,
    0.058738358696403835,
    -0.06288751382934483,
    -0.023794854668097026,
    0.14962392921044987,
    0.04460639667309146,
    0.12490528945516022,
    -0.0304616857004087,
    0.00970536559333267,
    0.04399201862203572,
    -0.029562916247385995,
    0.04602284691665433
  ],
  "sum weights": 0.9999999426243539
}