{
  "mu_target": [
    -0.5,
    0.6000000238418579
  ],
  "mu_model": [
    [
      -0.5001638965451992,
      0.5993514924189999
    ]
  ],
  "diff": [
    [
      0.00016389654519921582,
      0.0006485314228580341
    ]
  ],
  "sigma_integral": [
    0.0014726807480615496,
    0.002479693813336944
  ],
  "within_band": [
    [
      true,
      true
    ]
  ],
  "toy_seed": 179,
  "weights": [
    0.07191502943786285,
    -0.07047299272065113,
    0.11267229990793586,
    0.09693296461600555,
    -0.057464862631897366,
    0.1567477971375801,
    0.021994932330682164,
    0.1964950582059524,
    0.123849513589883,
    -0.038150751078205286,
    0.06682563473695585,
    -0.020159796952066468,
    -0.028716306656075104,
    -0.09228783513364124,
    0.02777702286463085,
    0.03433675269268883,
    -0.0695367661659174,
    -0.07584069207058591,
    -0.08579603834893323,
    0.1834819996873895,
    0.12356921670680414,
    -0.057925171419287526,
    0.0026707105547210228,
    -0.05791203169694083,
    -0.03641087869677911,
    -0.0415493083734146,
    0.15657994858230154,
    0.06980870041046532,
    -0.0006803340090684614,
    0.06064509520591735,
    0.05823814644291912,
    0.1357087664985009,
    0.012859523845203108,
    -0.050897368178268794,
    -0.11658740199845284,
    -0.059948455915600656,
    0.1269749725058832,
    0.007510131179442218,
    -0.017464571711007043,
    0.01564684405698488,
    0.040547489583024905,
    -0.001927033220209159,
    0.06205055475838151,
    0.015752846913386614,
    -0.15986456236273264,
    0.08009617536679958,
    0.015416693409679586,
    -0.11481252525441159,
    0.044792231028251576,
    0.04804749475156559,
    -0.0791588435138638,
    -0.10878235936056321,
    0.01590065395472282,
    0.052312887117671514,
    0.0074408955939852806,
    -0.009785774517308006,
    -0.003702541412619257,
    0.17763434499540307,
    -0.043645407132193344,
    0.07624722081371156
  ],
  "sum weights": 0.9999999389525993
}