{
  "mu_target": [
    -0.5,
    0.6000000238418579
  ],
  "mu_model": [
    [
      -0.49858153693250784,
      0.5995799365622954
    ]
  ],
  "diff": [
    [
      0.0014184630674921594,
      0.0004200872795625532
    ]
  ],
  "sigma_integral": [
    0.0014806069988305276,
    0.00247808929991536
  ],
  "within_band": [
    [
      true,
      true
    ]
  ],
  "toy_seed": 104,
  "weights": [
    -0.05416778090836914,
    -0.03665645114705389,
    -0.0012917478438847028,
    0.11411969514041963,
    0.05029269940906311,
    0.10689114444293374,
    -0.005437813576407648,
    -0.0034805318810290156,
    -0.05237361063346301,
    -0.02765901594207581,
    -0.06700360013067232,
    0.018399401157022124,
    -0.04338246245346652,
    0.04127575284684313,
    0.10888844740919919,
    0.00918138489656097,
    0.034061051482031694,
    0.032403649681623244,
    -0.015273358798118232,
    0.18113370320563535,
    -0.06533713784809722,
    0.027135174617005466,
    0.008261050399653786,
    0.06276415225980798,
    -0.018260603775830612,
    -0.01694399669371445,
    -0.034175846744094816,
    0.03534163897284573,
    0.005395497625426115,
    0.0829693179444348,
    0.1149543712208471,
    -0.023302665752491535,
    -0.007191095098361448,
    -0.018067978200798748,
    -0.07854103992975472,
    -0.052225199966915,
    0.04147671900818375,
    0.07599723203137415,
    -0.0011188276879840438,
    -0.014475200296580223,
    -0.03598350355822781,
    0.03157156504070229,
    0.038897307148685174,
    -0.0832292450467882,
    0.05896596506654228,
    0.17517818294563536,
    -0.07244579505297427,
    0.08578492880436929,
    0.09936639519092774,
    0.04244084407441874,
    -0.07600572560476654,
    -0.01737568426580393,
    0.02818754995001937,
    0.08955116768347153,
    0.034699781207984254,
    -0.11485932754037771,
    0.033480684337123805,
    0.07042959404217171,
    0.05746561043787178,
    0.03930352129245358
  ],
  "sum weights": 0.9999999345951864
}