{
  "mu_target": [
    -0.5,
    0.6000000238418579
  ],
  "mu_model": [
    [
      -0.5017093524816054,
      0.6009395014878808
    ]
  ],
  "diff": [
    [
      0.0017093524816054195,
      0.0009394776460228682
    ]
  ],
  "sigma_integral": [
    0.0014928386343116206,
    0.0024360228946518634
  ],
  "within_band": [
    [
      false,
      true
    ]
  ],
  "toy_seed": 24,
  "weights": [
    0.017972820298075076,
    0.0450737380535077,
    0.006955873013333586,
    -0.030667660499486098,
    0.10645485824464515,
    -0.07239508687640638,
    0.054497162404965035,
    0.19980421609957558,
    0.03992072778833606,
    -0.07343112955568798,
    0.05635530948200574,
    0.0034269290652048133,
    -0.0488415660651906,
    -0.043594202757559916,
    0.14309955485659925,
    0.07770739102856912,
    -0.07526683713958077,
    0.0641234603391402,
    -0.09897858500012888,
    0.05092539412250681,
    0.03391536838850966,
    -0.08580936381897547,
    -0.026960256896257088,
    0.10793446643438342,
    -0.06993734191079037,
    -0.13337987138546561,
    -0.03870596970263703,
    0.05926343962793267,
    0.02253677629411107,
    -0.02122731347677286,
    -0.07598580829468361,
    0.05809247745509082,
    0.02361966755805262,
    -0.007546727979227873,
    0.006448502929500811,
    -0.04302456491444854,
    0.021060373613784805,
    0.0041751771761011644,
    -0.002792545036989993,
    0.06808455857173915,
    0.07456266532214487,
    0.008547182797998328,
    0.08857893425330852,
    -0.019576707927569728,
    0.1053421972669398,
    0.04747703567577504,
    0.056803397661324265,
    0.03934818470212847,
    0.11059487440176535,
    0.06880149897963751,
    0.014570086166957305,
    -0.01941453247531318,
    0.07570822924446334,
    -0.06242689195123571,
    0.011724804052932195,
    -0.02809977734916227,
    0.039926190422372436,
    0.07580142666039516,
    -0.048432385569265685,
    0.03726010437059161
  ],
  "sum weights": 0.9999999282415689
}