{
  "mu_target": [
    -0.5,
    0.6000000238418579
  ],
  "mu_model": [
    [
      -0.4998180212204776,
      0.6000791195462599
    ]
  ],
  "diff": [
    [
      0.00018197877952241814,
      7.909570440201019e-05
    ]
  ],
  "sigma_integral": [
    0.0014882467057525809,
    0.0024501828461991246
  ],
  "within_band": [
    [
      true,
      true
    ]
  ],
  "toy_seed": 143,
  "weights": [
    0.06036096894194576,
    0.044715342120494446,
    -0.056724489254777785,
    -0.003998955674163753,
    0.02826780125729901,
    0.04966450010550227,
    0.04788351501637702,
    0.053802302878626904,
    0.12890535494060137,
    -0.01600650436761004,
    0.00956709781439846,
    0.009974916390406204,
    0.05007292277022878,
    0.01983467353850689,
    0.10080768162093108,
    -0.00010891309337181335,
    0.011146989288614503,
    0.043991103282833975,
    0.014943781042673965,
    0.1307629601896578,
    0.06423196091337212,
    -0.07358454206568484,
    -0.015054322095942053,
    0.014788065205662575,
    0.03452987073762503,
    -0.007343864545878452,
    -0.068360605372017,
    0.051904642031958735,
    -0.039955977784104986,
    0.132472829156321,
    0.11024433850916421,
    -0.06396419915805641,
    0.04643647177192981,
    -0.036399906494475436,
    -0.16222199697294068,
    0.015275537361007063,
    -0.027110923249134226,
    0.027838615831489957,
    0.10746717281732752,
    0.014880728639728249,
    -0.07550980646396929,
    -0.02503287031778127,
    0.04920217278148846,
    -0.03995688933737757,
    0.0722032069285496,
    -0.031465519387465855,
    0.06648391860091726,
    0.02802492423825024,
    0.03913150442586551,
    0.18892438292876537,
    -0.10195784099176561,
    -0.03922116023042168,
    0.08231386308999078,
    -0.01199535135386552,
    0.04878293553284666,
    -0.0200871176661169,
    -0.019301078850413492,
    -0.03190529013564828,
    -0.021067035447851674,
    -0.01150394876737772
  ],
  "sum weights": 0.9999999436231465
}