{
  "mu_target": [
    -0.5,
    0.6000000238418579
  ],
  "mu_model": [
    [
      -0.49791196611400523,
      0.5999885982791472
    ]
  ],
  "diff": [
    [
      0.0020880338859947667,
      1.1425562710720705e-05
    ]
  ],
  "sigma_integral": [
    0.001482908777192342,
    0.0024759179367988046
  ],
  "within_band": [
    [
      false,
      true
    ]
  ],
  "toy_seed": 71,
  "weights": [
    -0.006617889358826112,
    -0.04597075034185104,
    -0.051065568442487067,
    0.04726244867361868,
    -0.024469483469466414,
    0.02190182723065632,
    -0.028641466479118027,
    0.05875110783969435,
    -0.01366059392332167,
    -0.037602565652800034,
    0.09100747777311448,
    -0.022578605802858594,
    0.05742111118950385,
    -0.018037330203549737,
    -0.02166624765983521,
    0.13489512767015943,
    0.11058420819862602,
    0.0976767777721382,
    -0.09617718199681725,
    0.012358632822791881,
    0.10215789125423778,
    -0.13006682275266673,
    -0.04057681500477269,
    0.06443032804405685,
    -0.001172817204584199,
    0.009194400303290861,
    0.007862170896802283,
    0.05065780825926904,
    0.08441786996256723,
    0.0900725559186499,
    0.043216908091617094,
    0.014030977763263733,
    -0.019405601750520113,
    0.0011602168293514752,
    -0.00545347693303117,
    -0.0001951201400210427,
    -0.15994685409592602,
    0.0684621193470004,
    -0.03408061217255382,
    0.0658718954014259,
    0.03208021073473905,
    0.016541726595051924,
    -0.052448719963775356,
    -0.042938330341116354,
    0.04008015199504232,
    0.1340186522201042,
    0.026528356562424554,
    0.04911515240548437,
    0.04540006869125817,
    0.07793910331223493,
    -0.018924978464426728,
    -0.003285345271743313,
    0.01954133828200225,
    0.12773881533727705,
    0.00936785444718141,
    -0.05052262856916279,
    -0.029538542944237602,
    0.009594558057317274,
    0.011307945497868033,
    0.12239648838361691
  ],
  "sum weights": 0.9999999348239691
}