{
  "mu_target": [
    -0.5,
    0.6000000238418579
  ],
  "mu_model": [
    [
      -0.5009645192942461,
      0.5983657322003859
    ]
  ],
  "diff": [
    [
      0.0009645192942461245,
      0.0016342916414719966
    ]
  ],
  "sigma_integral": [
    0.001508326697086682,
    0.0024497547691954306
  ],
  "within_band": [
    [
      true,
      true
    ]
  ],
  "toy_seed": 210,
  "weights": [
    -0.08505348807418203,
    0.005013044984518584,
    0.06562852983703707,
    0.09836698654484512,
    0.007296070015979059,
    0.24930711527227295,
    0.08522466420879402,
    0.12175195384643422,
    0.02955972168785686,
    0.12390643113702277,
    0.01717114501687206,
    -0.03392155551783362,
    -0.07540011366997404,
    -0.012892561513794596,
    0.019805839903116296,
    -0.05321403473888076,
    -0.11177975757523147,
    -0.011653208237944591,
    0.0004943151199889083,
    0.12190699753483138,
    0.2070317848639634,
    -0.04751803176351229,
    -0.07944546747552785,
    -0.015241542569646539,
    0.0002467406783431287,
    0.07224029180228154,
    0.009138929402452327,
    0.11423072465670696,
    -0.08702402781712071,
    0.08758904564249922,
    0.00674926343545882,
    -0.10852681788271226,
    -0.05626634362482043,
    0.015292744620651375,
    -0.0072199251073252375,
    0.01851352761047717,
    -0.10515150181160654,
    0.0060259073674593395,
    -0.03891191358316272,
    0.05101312271004981,
    -0.02256166862989461,
    0.01972384989611341,
    -0.06394867507907417,
    0.016320142804158153,
    0.006811777208015244,
    -0.052012445402414405,
    -0.1023949572962564,
    0.04572282691523076,
    0.05836932485154513,
    0.007950432375164105,
    0.05458831454768065,
    -0.0263190285086459,
    0.0210929545181814,
    0.09811304375139812,
    0.02216604516768365,
    0.0053491073735377846,
    0.12887789657879106,
    0.15568109908836564,
    0.042796053513433796,
    -0.020610755739344424
  ],
  "sum weights": 0.9999999448703056
}