{
  "mu_target": [
    -0.5,
    0.6000000238418579
  ],
  "mu_model": [
    [
      -0.4989950498526154,
      0.5982858674032013
    ]
  ],
  "diff": [
    [
      0.001004950147384609,
      0.0017141564386565777
    ]
  ],
  "sigma_integral": [
    0.0005832189174916261,
    0.000937880328775524
  ],
  "within_band": [
    [
      false,
      false
    ]
  ],
  "toy_seed": 22,
  "weights": [
    0.04513946610809244,
    -0.0182137949233881,
    0.0013746355354114527,
    0.004643861060773247,
    -0.022169553532431302,
    0.009667726602970885,
    -0.0319655493667583,
    0.06506300918975631,
    0.05071159209550962,
    -0.02242358423134665,
    -0.0274604130117335,
    -0.04971570076514909,
    0.01148475221531766,
    0.05186338468289216,
    0.02840967777422415,
    0.020074871454989946,
    0.004200820989793404,
    -0.05306382313380037,
    0.022688852820374587,
    0.06692068862154452,
    0.014803690188106022,
    -0.042020565603092,
    -0.031174444702494926,
    0.01633412318105693,
    0.07676529082050315,
    0.06565199586900894,
    -0.00039849818632266753,
    0.0003067640480727562,
    0.09158563496510032,
    0.09182159703764685,
    0.04095806801350712,
    0.020102436040008255,
    0.037457957400797354,
    0.03934044669554506,
    0.119282369231933,
    0.03436585572523027,
    0.0062974273935116915,
    -0.010554776360975985,
    0.05104657021526798,
    -0.032711387715343876,
    0.04506220501647773,
    -0.04788082078708504,
    -0.08024364195617453,
    0.1256690430115027,
    0.009851797625373125,
    -0.01837940651475144,
    0.0195587618950421,
    0.011214854189725646,
    0.011360233024743423,
    0.04925062532385623,
    -0.008975448655220493,
    0.03637304608244103,
    -0.0019221734311828575,
    0.0577676016580711,
    -0.009580205314816546,
    0.008521065223488774,
    -0.028573868661483082,
    0.013056680002052143,
    0.004586205388384781,
    0.056796972410138945
  ],
  "sum weights": 1.000004999974693
}