{
  "mu_target": [
    -0.5,
    0.6000000238418579
  ],
  "mu_model": [
    [
      -0.49987605824949793,
      0.5987785079841422
    ]
  ],
  "diff": [
    [
      0.00012394175050206568,
      0.0012215158577156826
    ]
  ],
  "sigma_integral": [
    0.0005828518824973762,
    0.0009390297187692539
  ],
  "within_band": [
    [
      true,
      false
    ]
  ],
  "toy_seed": 42,
  "weights": [
    0.05004189113928486,
    -0.002544945304578659,
    0.023542133501068294,
    0.010483347891457316,
    -0.011920045954688267,
    0.002219746696973036,
    -0.013518026852214506,
    0.06836039559719115,
    0.06886256861436142,
    -0.04625434699335296,
    -0.03918143481896631,
    -0.041390961170709485,
    0.07016206812977074,
    0.08021708241697251,
    0.08374130376058823,
    -0.004610389635493617,
    -0.022320597348022362,
    -0.045763947501271884,
    0.015809031556563942,
    0.03969241203650451,
    0.00840642832293672,
    -0.05533357835840848,
    0.01433161535500615,
    0.02833677524021778,
    0.04883453241155349,
    0.05413173795423103,
    0.015739431180840733,
    0.024819111447950837,
    0.06968529448638137,
    0.016507690678297694,
    0.0715786047876646,
    0.007087239098375435,
    0.03370673005884208,
    0.049304436297066136,
    0.06618440406878445,
    0.07334180291585096,
    -0.021474362670878207,
    0.01301668696169448,
    0.06703921129354665,
    -0.003203369996684759,
    0.03033232164624496,
    -0.048959527174448556,
    -0.06173955851442407,
    0.0830225333185304,
    0.035957228815824825,
    -0.02229198693406647,
    -0.0009058902599266133,
    0.006003075973392462,
    0.008976612060968857,
    0.03863160446285463,
    -0.002390075202479321,
    0.02792574882036307,
    7.71418718548673e-05,
    0.02970013205470762,
    -0.03919230608586943,
    0.026253345642534006,
    -0.012610327751568727,
    0.015497302773378754,
    0.012398202378254496,
    0.005651714783869709
  ],
  "sum weights": 1.0000049999747027
}