{
  "mu_target": [
    -0.5,
    0.6000000238418579
  ],
  "mu_model": [
    [
      -0.5000573569499266,
      0.5985204676709528
    ]
  ],
  "diff": [
    [
      5.735694992659024e-05,
      0.0014795561709051164
    ]
  ],
  "sigma_integral": [
    0.0005822144245921639,
    0.0009398430726777015
  ],
  "within_band": [
    [
      true,
      false
    ]
  ],
  "toy_seed": 73,
  "weights": [
    0.02069396330769793,
    -0.0015846036207106994,
    0.03302229705626746,
    0.025198010597794175,
    -0.03106209308412065,
    -0.01550803789199475,
    0.04981661633135812,
    0.07685710063677748,
    0.022771375763265406,
    -0.03857643453147101,
    -0.001896892879779373,
    -0.007861149969657774,
    0.043090022077646985,
    0.08673691175839354,
    0.09152191070721967,
    0.007593146706654604,
    -0.015006126076982918,
    -0.05467994549800657,
    -0.061652293905579705,
    0.023969248267822953,
    0.0032133281796699917,
    -0.030567454783284084,
    0.005137847530490056,
    0.013327718220030678,
    0.04876225020437899,
    0.011516361208165715,
    0.020428724364589906,
    0.02555660305081978,
    0.05786078534965347,
    -0.0035506356400920856,
    0.02188284281116028,
    -0.02006460328130957,
    0.0004481023622086838,
    0.025267001187692144,
    0.09036833826104297,
    0.03202307038717637,
    -0.03369993983130071,
    0.014159628886461008,
    0.12096443574792308,
    -0.0008934618400974876,
    0.05942293259460307,
    -0.031823781110684374,
    -0.035857028517846695,
    0.11792757923398468,
    -0.0006361167268367707,
    0.0031710900890318363,
    0.04219931170953506,
    0.04424720488812094,
    -0.018282452668187843,
    0.05407509016051714,
    0.016271541689185997,
    0.006645915674403675,
    -0.014513710532501277,
    0.020998790346159063,
    0.009953556624864504,
    -0.01671509038128409,
    0.00954849181491847,
    0.03141481304716304,
    0.005855844327810643,
    0.04051704958376988
  ],
  "sum weights": 1.000004999974701
}