{
  "mu_target": [
    -0.5,
    0.6000000238418579
  ],
  "mu_model": [
    [
      -0.49891659169805663,
      0.5998310778580139
    ]
  ],
  "diff": [
    [
      0.0010834083019433671,
      0.00016894598384398218
    ]
  ],
  "sigma_integral": [
    0.0005859387585541159,
    0.0009394489367011308
  ],
  "within_band": [
    [
      false,
      true
    ]
  ],
  "toy_seed": 11,
  "weights": [
    0.06251288652874712,
    -0.05785531189398271,
    0.0021600052093728303,
    0.03169605015602346,
    0.05492248626295332,
    -0.0074540700624641,
    0.028087736210110195,
    0.062081488357723556,
    0.05803419358868565,
    -0.036100580211758965,
    -0.01014672379978626,
    -0.026055815227882095,
    0.01357210979853351,
    0.06924404488595162,
    0.0506711189199868,
    0.01021379624727977,
    -0.028550052326172026,
    0.01905126134587978,
    0.019305160695206144,
    0.04265428591505151,
    -0.00504437408560203,
    -0.05462811619808238,
    -0.017943153609260944,
    0.017177723169101693,
    0.03854638413962069,
    0.06120950711941687,
    -0.01713249596177876,
    0.04729575701448682,
    0.07326292365440545,
    0.045451768453375604,
    0.04314258516660944,
    0.035150946056446766,
    -0.0028126721400622873,
    -0.012520424867950719,
    0.11566068229205183,
    0.0391367928825249,
    0.024580383732371713,
    -0.0091353136053273,
    0.08417647369641247,
    0.0032724957574832994,
    0.048978832716476295,
    -0.06536082637012607,
    -0.06079494677570461,
    0.11527326769355441,
    -0.013863711134868477,
    -0.046852975132433895,
    -0.013878547388262835,
    0.0029218341192770183,
    4.858055681717279e-06,
    0.04414520578934043,
    0.003520778796506471,
    -0.002661326851617863,
    -0.013185674572549244,
    0.016837291032275197,
    -0.017217003422942596,
    0.032894080513981246,
    0.021273262130581783,
    0.01773601978441346,
    0.022026960218525075,
    0.041315677506888845
  ],
  "sum weights": 1.0000049999746985
}