{
  "mu_target": [
    -0.5,
    0.6000000238418579
  ],
  "mu_model": [
    [
      -0.4988976577638304,
      0.6000369003872271
    ]
  ],
  "diff": [
    [
      0.0011023422361696178,
      3.6876545369213254e-05
    ]
  ],
  "sigma_integral": [
    0.0005851582878345372,
    0.0009384494621123287
  ],
  "within_band": [
    [
      false,
      true
    ]
  ],
  "toy_seed": 177,
  "weights": [
    0.03717820451806092,
    -0.027052950841292837,
    -0.00514533792595755,
    -0.009178411332288978,
    0.008010986900364442,
    -0.020349135090800507,
    0.03309682574731807,
    0.043683034589471426,
    0.04751247602870435,
    -0.009853833103050552,
    -0.035471537693448504,
    -0.01935599026991907,
    0.027964821387526567,
    0.0931907977156354,
    0.07466626341938185,
    0.018193538493996332,
    0.02525754229999393,
    -0.044034679798025125,
    0.010633434633686666,
    -0.04709866263693125,
    0.00022944637731886402,
    -0.04633395441367937,
    -0.019302553567711055,
    0.03453331610402323,
    0.05759091779737868,
    0.030386702882071445,
    0.02231264074879952,
    0.039488543491392476,
    0.07402386967917716,
    0.033738537231520135,
    0.038512746663331675,
    0.029626227886444964,
    0.04544445487720293,
    0.03282004503507586,
    0.1436077388182172,
    0.00519517474851172,
    0.005431064626293423,
    -0.008377001173128368,
    0.03862487374341693,
    0.0009976527152459975,
    0.07027489332475303,
    -0.031151178169861526,
    -0.036245711570204446,
    0.11500497166208032,
    -0.019763013848627456,
    -0.0218341967051481,
    0.03858631566088985,
    0.0032730440542168824,
    -0.0013075304740195453,
    0.033945855535813425,
    0.025099483834252187,
    -0.000320335373676581,
    -0.018262192832799774,
    0.04041202306331764,
    -0.008081690124255844,
    0.03039625297604045,
    -0.03787672010904221,
    0.0118582336942825,
    0.02413670809664242,
    0.021461955966725357
  ],
  "sum weights": 1.0000049999747076
}