{
  "mu_target": [
    -0.5,
    0.6000000238418579
  ],
  "mu_model": [
    [
      -0.4988040585115812,
      0.6008342537610496
    ]
  ],
  "diff": [
    [
      0.0011959414884187836,
      0.0008342299191916869
    ]
  ],
  "sigma_integral": [
    0.0005844689539758962,
    0.0009397942689717149
  ],
  "within_band": [
    [
      false,
      true
    ]
  ],
  "toy_seed": 158,
  "weights": [
    0.06355024264451417,
    -0.013128644778271982,
    0.014027259961156696,
    0.023579625458998978,
    0.005069269496003154,
    0.0034377874305829142,
    0.011865562180702793,
    0.06538521420854795,
    0.049780696284976916,
    -0.03307322503455506,
    -0.04611740730941334,
    0.0027339219778726182,
    0.028515325660925055,
    0.07784669209724526,
    0.022350706597354678,
    -0.02366873853605453,
    -0.030155295476560352,
    -0.025303176382670912,
    0.031995342191069885,
    0.026982324815754483,
    0.0180215312803584,
    -0.0522303345859514,
    0.02206175585843406,
    0.03608740498857597,
    0.03203855085077623,
    0.027522454467343496,
    0.00067988424030333,
    0.033345232950309896,
    0.05886161920378598,
    0.017597419968916467,
    0.03692407805854541,
    0.020686086476036706,
    0.034837715351997575,
    0.03384951758156845,
    0.12669278886322463,
    0.024657712167326384,
    0.017255599977407637,
    -0.0066812511987367805,
    0.012893698077202396,
    0.015138576317661733,
    0.018455055003186418,
    -0.03761911327046535,
    -0.010855241473755916,
    0.14443221782014457,
    -0.0019487113141524808,
    -0.019466405773617728,
    0.014467210707563058,
    -0.014120698028312761,
    0.041078642642952405,
    0.043115722607376165,
    -0.03918661501693538,
    0.027964499709844166,
    -0.05120380619955289,
    0.012367893791986032,
    -0.026355862232638957,
    0.01169644791390322,
    0.005229223185437833,
    0.003244363282361228,
    0.032524830573738485,
    0.08027182166237386
  ],
  "sum weights": 1.0000049999747018
}