{
  "mu_target": [
    -0.5,
    0.6000000238418579
  ],
  "mu_model": [
    [
      -0.4998206232278686,
      0.6011809882790059
    ]
  ],
  "diff": [
    [
      0.00017937677213142322,
      0.001180964437147991
    ]
  ],
  "sigma_integral": [
    0.0005825400028195841,
    0.0009416697572771271
  ],
  "within_band": [
    [
      true,
      false
    ]
  ],
  "toy_seed": 295,
  "weights": [
    0.049829692142227607,
    -0.002853752684557478,
    0.028033605770054537,
    -0.013351802058141883,
    0.016521204586717696,
    0.03291454631649594,
    0.04489127636833567,
    0.0030827551136955486,
    0.009929754580284018,
    -0.06517426427922529,
    -0.012604037923835092,
    -0.027198613225586987,
    0.011067004145770372,
    0.08686122930760759,
    0.04857179232628741,
    0.016744752515174446,
    -0.01621153253816788,
    0.013955958208025424,
    0.03991653347747766,
    0.01584387571302529,
    0.02199472164509228,
    -0.03584116177082925,
    0.010540054127413065,
    0.0033723711139892966,
    0.014941061726009114,
    0.027173296567722997,
    0.05641434383400986,
    0.061962367846564545,
    0.09069481250915888,
    -0.005853697574171811,
    0.09130456948472428,
    -0.026974805782535402,
    0.0047493814884435525,
    0.022298317497337506,
    0.08567509286558471,
    0.032624610578810775,
    0.01670129878341388,
    0.00035519926182910495,
    0.059035748022022806,
    -0.029902120395956102,
    0.014080344289456273,
    -0.06736321885152574,
    -0.014076728932082757,
    0.14823171946456934,
    -0.0015356092381983329,
    -0.030862309550343543,
    0.02416455801386844,
    -0.017411225225558928,
    0.017629206185019973,
    0.04391406476881178,
    -0.03267314300239432,
    0.0356058787072643,
    -0.01218796435649737,
    0.03617517978094953,
    -0.01158456822754536,
    0.03302678169262934,
    0.02330681214745573,
    -0.029350821178883265,
    -0.0017387717070213714,
    0.06061937550443302
  ],
  "sum weights": 1.0000049999747056
}