{
  "mu_target": [
    -0.5,
    0.6000000238418579
  ],
  "mu_model": [
    [
      -0.5002527775869647,
      0.5990187135083604
    ]
  ],
  "diff": [
    [
      0.0002527775869647364,
      0.0009813103334974649
    ]
  ],
  "sigma_integral": [
    0.0005822880363283318,
    0.0009350708262125446
  ],
  "within_band": [
    [
      true,
      false
    ]
  ],
  "toy_seed": 136,
  "weights": [
    0.013850180698598955,
    0.00032026198730120164,
    0.02779317511823593,
    -0.011212329923158034,
    0.0021181695932402543,
    -0.02566512962641898,
    0.0031118266591482506,
    0.04781213511692634,
    0.02254986788773541,
    -0.040781133864831426,
    -0.007366325039502533,
    -0.003009183246089143,
    0.04924252627721992,
    0.07861282731950821,
    0.05718704468016677,
    0.00579682112375464,
    -0.018235824774001205,
    -0.0246759668141281,
    -0.019530854824592086,
    0.022694652511505518,
    0.010493557378340327,
    -0.050332787246718885,
    0.009730582934563742,
    0.04099270746136575,
    0.023507851975382,
    0.05345464911968259,
    0.027933656002338967,
    0.025509262618580476,
    0.05526322895885086,
    0.003906865662510966,
    0.06515211696481377,
    0.03129672765347354,
    0.022384476307542308,
    0.05439442790944258,
    0.09506898467094589,
    0.011927059718027072,
    -0.015803095143903392,
    0.022056951527375357,
    0.04279254725665988,
    -0.011650590186978354,
    0.02896913235590596,
    -0.015139637052928997,
    -0.016541365341198953,
    0.10518630118676177,
    0.010375393314636864,
    -0.04476353174466718,
    0.006944037789693127,
    0.06726540065219191,
    0.022177785197745093,
    0.025174444106161653,
    0.032515573909990464,
    0.0039664961010703855,
    -0.032809366224886165,
    0.03054189949683677,
    -0.018057526673945504,
    0.00587110682346607,
    -0.0005199693531317431,
    0.021537830347192786,
    0.010741372632830695,
    0.05787770004806022
  ],
  "sum weights": 1.0000049999747007
}