{
  "mu_target": [
    -0.5,
    0.6000000238418579
  ],
  "mu_model": [
    [
      -0.5004647803795037,
      0.5994031583304521
    ]
  ],
  "diff": [
    [
      0.0004647803795037042,
      0.0005968655114058086
    ]
  ],
  "sigma_integral": [
    0.0005850990476153469,
    0.0009412765134717559
  ],
  "within_band": [
    [
      true,
      true
    ]
  ],
  "toy_seed": 134,
  "weights": [
    0.07612446290342188,
    -0.04254743989735806,
    0.0023275960924890116,
    -0.008965873046443713,
    0.07697598071668199,
    -0.022629191266608287,
    0.053788283022410774,
    0.039276995093492424,
    0.009315144664633053,
    -0.019635103897487505,
    -0.03142266293007085,
    -0.049332987096470965,
    -0.0015496348651024155,
    0.08768648660167327,
    0.04309303593141474,
    0.030728412664416876,
    -0.0320703006345395,
    -0.04930224018471495,
    0.03982977155212054,
    -0.028553287811796845,
    -0.009235823793952302,
    -0.04414338389885136,
    0.00916185395856289,
    -0.028736879050131406,
    0.02078214872488517,
    0.049769267262455605,
    0.009905877910280327,
    0.07994908729552679,
    0.04658600875038809,
    -0.006560875384123314,
    0.062369674006308266,
    0.008986257720799373,
    0.05309722786362615,
    0.05619059233957872,
    0.10725396113448823,
    0.013288688722376077,
    0.040598300565549326,
    0.013196085706060642,
    0.04559086809762362,
    0.019480835059736048,
    0.007976343583160295,
    -0.03684702001571045,
    -0.03619281120361316,
    0.1324747090337384,
    0.007249563026194569,
    -0.003067883944286335,
    0.017201559363359945,
    -0.01301788821681845,
    -0.014540962497280005,
    0.021058831526212827,
    0.01505724583954759,
    0.04182568751630389,
    -0.012620998677535609,
    0.051098611022913666,
    -0.01811724955339571,
    0.0030844837213162175,
    0.011104998715818847,
    0.028463680412176565,
    0.03497745786228944,
    0.0421694218569518
  ],
  "sum weights": 1.0000049999746927
}