{
  "mu_target": [
    -0.5,
    0.6000000238418579
  ],
  "mu_model": [
    [
      -0.49983011301184727,
      0.6008121070918907
    ]
  ],
  "diff": [
    [
      0.00016988698815273429,
      0.0008120832500327912
    ]
  ],
  "sigma_integral": [
    0.0005875016636193871,
    0.0009375854734935204
  ],
  "within_band": [
    [
      true,
      true
    ]
  ],
  "toy_seed": 276,
  "weights": [
    0.06232983464258951,
    -0.007537276026447157,
    0.015565908010553018,
    -0.008566199289853494,
    -0.012267346227594886,
    -0.008359205823142936,
    0.011913768981899721,
    0.06292136300627162,
    0.006214910392593667,
    0.009301389737844836,
    -0.02218682504008119,
    0.020148570541093844,
    0.019596498271314666,
    0.09738772570614783,
    0.07586925612612272,
    0.0376854747869423,
    -0.04504566187919802,
    -0.050788655212551805,
    0.021807229830133276,
    -0.0018857785444053885,
    0.019961814699378955,
    -0.026813552365657085,
    0.010929509737504704,
    -0.01401436026844168,
    0.011083999046786733,
    0.061147647380753956,
    0.025952658741395667,
    0.02903576413917276,
    0.04041442632461024,
    0.03485813994028072,
    0.048368624770174735,
    0.020032048061402557,
    0.004483999826561522,
    0.035706391556696346,
    0.0632881561409717,
    0.04113409058995664,
    -0.026119112508169135,
    -0.01949179202805487,
    0.05597984743538372,
    -0.003328388094371192,
    0.014727330116626195,
    -0.01678941032260855,
    -0.014006724897371484,
    0.14386346166753716,
    0.01593134824369896,
    -0.030792196841838256,
    0.02749867787147528,
    -0.004229982483620793,
    -0.005480372948471856,
    0.03470490090320553,
    -0.005347706023206087,
    0.0013783912393259626,
    -0.003561089748007241,
    0.034713301181426785,
    0.009762695895687299,
    0.018741239574157395,
    0.007801169284497921,
    0.003938096442309963,
    0.011559364792274393,
    0.05887761091103156
  ],
  "sum weights": 1.0000049999746994
}