{
  "mu_target": [
    -0.5,
    0.6000000238418579
  ],
  "mu_model": [
    [
      -0.49961291041319134,
      0.5979689626548625
    ]
  ],
  "diff": [
    [
      0.00038708958680866434,
      0.0020310611869953643
    ]
  ],
  "sigma_integral": [
    0.0005889898081986654,
    0.0009418031131923847
  ],
  "within_band": [
    [
      true,
      false
    ]
  ],
  "toy_seed": 218,
  "weights": [
    0.050703192863404835,
    -0.06387965530230426,
    0.020983463879214306,
    0.04378374699238467,
    0.05203374527340486,
    -0.010282937189908886,
    -0.002594815441093637,
    0.1204503682320463,
    0.0314148220241167,
    -0.03176438640331103,
    -0.029420301586162243,
    -0.03326354172421119,
    0.0505266257216282,
    0.0991337144736677,
    0.033924875930671776,
    -0.0027514198364836304,
    -0.02765531917369213,
    -0.04157150138695334,
    -0.0018523614135412462,
    -0.0088971837304279,
    0.024146703356408426,
    -0.0067628019624245365,
    -0.02141072391571565,
    0.011375979549295838,
    0.022897647105947813,
    0.056805686934136304,
    0.02854132660202877,
    0.006317998491240753,
    0.06540372806322235,
    -0.00693746795730572,
    0.03753595421363575,
    0.007774200137534472,
    0.04883551380767582,
    0.005232602288138428,
    0.13924257973713125,
    0.02018937196557933,
    -0.015477062820461015,
    -0.031630339806077004,
    0.054729193630406625,
    0.01677620147240018,
    0.04789491609772095,
    -0.053882905081539596,
    -0.045594481708357386,
    0.1183137447758884,
    0.027699512156666977,
    -0.014295547090437394,
    -0.014972485936575698,
    0.04648638624925991,
    -0.0001189776682062355,
    0.07581452074025986,
    0.05282130686640946,
    -0.06631713353318142,
    -0.011738401981485881,
    0.0035586264602913047,
    -0.0009871236902427446,
    0.0007706673470586463,
    -0.01318031491221057,
    0.047096314042127954,
    0.029898048311067977,
    0.058130905434936056
  ],
  "sum weights": 1.0000049999746985
}