{
  "num": 41042.28125,
  "den": 30371.23046875,
  "test": 10671.05078125
}