{
  "num": 40798.39453125,
  "den": 30127.30859375,
  "test": 10671.0859375
}