{
  "num": 39165.16015625,
  "den": 28485.337890625,
  "test": 10679.822265625
}