{
  "mu_target": [
    -0.5,
    0.6000000238418579
  ],
  "mu_model": [
    -0.49454569258381564,
    0.5929300773157119
  ],
  "diff": [
    0.005454307416184356,
    0.007069946526146009
  ],
  "sigma_integral": [
    0.00030632133708105304,
    0.0006249459844820119
  ],
  "within_band": [
    false,
    false
  ],
  "toy_seed": 4,
  "weights": [
    0.0241705309599638,
    1.932892018885468e-06,
    0.01875225082039833,
    1.825426060308999e-10,
    0.024506807327270508,
    2.666920408955775e-06,
    1.8047420269340364e-07,
    0.05540793761610985,
    2.143208621419035e-05,
    1.4435602713191997e-09,
    0.051363542675971985,
    0.09399384260177612,
    0.04299216344952583,
    0.0032803600188344717,
    0.16882653534412384,
    5.4998941777739674e-05,
    0.030753130093216896,
    1.5710485968156718e-05,
    0.09254799038171768,
    0.009476134553551674,
    8.1956841313513e-08,
    0.029398981481790543,
    1.3950174349020017e-10,
    3.8642724575765897e-07,
    1.4063626707638832e-08,
    2.8913538699271157e-05,
    0.2623869478702545,
    0.050214141607284546,
    0.011786877177655697,
    5.768376649939455e-05,
    8.360856008948758e-05,
    0.02996276132762432
  ]
}