{
  "mu_target": [
    -0.5,
    0.6000000238418579
  ],
  "mu_model": [
    -0.4949158329900629,
    0.5932468046796282
  ],
  "diff": [
    0.0050841670099370795,
    0.006753219162229707
  ],
  "sigma_integral": [
    0.0002040591190220267,
    0.0005729422298232172
  ],
  "within_band": [
    false,
    false
  ],
  "toy_seed": 53,
  "weights": [
    3.8125683943235344e-08,
    9.68616973295866e-08,
    0.008215502835810184,
    3.75444206973663e-12,
    0.07127145677804947,
    8.721723861526698e-05,
    5.404063307956619e-10,
    0.13187547028064728,
    3.904748169247796e-08,
    5.025205945807798e-12,
    0.027754105627536774,
    0.11692409217357635,
    5.368715392251033e-06,
    0.07643291354179382,
    0.14039261639118195,
    3.4152219541283557e-06,
    0.011916796676814556,
    0.00042885844595730305,
    0.013000340200960636,
    4.391744994336477e-07,
    1.088876384891524e-12,
    0.050288211554288864,
    1.9676740792284875e-10,
    2.138586863154046e-09,
    3.7724888317380856e-12,
    1.6136787962750532e-05,
    0.2992374300956726,
    0.05209583044052124,
    3.1397255952470005e-05,
    1.5732997553641326e-06,
    1.3860190506420622e-07,
    5.439307642518543e-05
  ]
}