{
  "mu_target": [
    -0.5,
    0.6000000238418579
  ],
  "mu_model": [
    -0.49484360458994264,
    0.5938973970139257
  ],
  "diff": [
    0.005156395410057357,
    0.006102626827932167
  ],
  "sigma_integral": [
    0.00035925172825498533,
    0.0004276989199984027
  ],
  "within_band": [
    false,
    false
  ],
  "toy_seed": 10,
  "weights": [
    1.309843753460882e-07,
    4.174055767691698e-09,
    2.229749496152067e-09,
    1.564481508752047e-12,
    0.009400472044944763,
    0.04000404104590416,
    1.0316431797718906e-07,
    0.021146036684513092,
    1.1043181302738958e-06,
    6.545777182509482e-07,
    0.007613260764628649,
    0.13483379781246185,
    0.0018328690202906728,
    0.017017213627696037,
    0.15479469299316406,
    4.6536271725017286e-07,
    0.09188174456357956,
    3.5339536452738685e-07,
    0.08149544149637222,
    0.04987464100122452,
    3.105892574239988e-07,
    0.0004515157197602093,
    2.1677150741084006e-08,
    3.424497117521241e-05,
    1.0977659670174944e-08,
    1.90678429135005e-06,
    0.2500554919242859,
    0.03817253187298775,
    0.10002980381250381,
    2.87244210994686e-06,
    1.1447309589129873e-05,
    0.001487376051954925
  ]
}