{
  "mu_target": [
    -0.5,
    0.6000000238418579
  ],
  "mu_model": [
    -0.49513896538112434,
    0.594036319659454
  ],
  "diff": [
    0.004861034618875659,
    0.005963704182403884
  ],
  "sigma_integral": [
    0.0001921630467032466,
    0.0006638313163145805
  ],
  "within_band": [
    false,
    false
  ],
  "toy_seed": 20,
  "weights": [
    0.030857844278216362,
    2.2813781086483687e-08,
    0.004980488680303097,
    1.237144823721905e-16,
    0.08012241125106812,
    0.029554447159171104,
    8.484256353025188e-11,
    0.016900405287742615,
    5.158036856300896e-06,
    2.1342325240425453e-08,
    0.03758516535162926,
    0.09452905505895615,
    2.5467156206104846e-07,
    0.05820075422525406,
    0.12902992963790894,
    0.058005042374134064,
    0.06536906212568283,
    8.155673358878346e-11,
    0.07611854374408722,
    0.00015804222493898124,
    3.160339177854521e-12,
    3.196406760253012e-05,
    8.152005112616045e-12,
    7.9708781892604e-13,
    1.1034108349239347e-10,
    5.7223478506784886e-05,
    0.287109911441803,
    0.005914033856242895,
    0.0032802887726575136,
    0.0013344051549211144,
    0.0024173015262931585,
    0.018590329214930534
  ]
}