{
  "mu_target": [
    -0.5,
    0.6000000238418579
  ],
  "mu_model": [
    -0.49417188927968114,
    0.5928163257277271
  ],
  "diff": [
    0.005828110720318858,
    0.0071836981141307765
  ],
  "sigma_integral": [
    0.0003315896387142711,
    0.0003832887116617639
  ],
  "within_band": [
    false,
    false
  ],
  "toy_seed": 31,
  "weights": [
    8.526815690856893e-06,
    9.307976617115368e-14,
    4.666027980659848e-12,
    4.096652758776159e-13,
    2.48342112172395e-05,
    0.08894752711057663,
    2.002101609832607e-06,
    0.03615407273173332,
    3.691586203391495e-10,
    4.707809697634957e-10,
    0.09121457487344742,
    0.16469138860702515,
    3.930656021111645e-05,
    0.010395578108727932,
    0.16613240540027618,
    0.004039185121655464,
    0.06786438822746277,
    0.0003237946075387299,
    0.006692599039524794,
    0.07073323428630829,
    1.653122083666858e-09,
    5.6605636927997693e-05,
    6.30377625099321e-11,
    2.938599918955731e-10,
    3.3568102963954516e-08,
    7.831576112948824e-06,
    0.17185825109481812,
    0.12075071781873703,
    4.148067455389537e-05,
    1.7024241287799668e-06,
    6.43485350337869e-07,
    0.0001832733687479049
  ]
}