{
  "mu_target": [
    -0.5,
    0.6000000238418579
  ],
  "mu_model": [
    -0.49502244749205904,
    0.593117172469734
  ],
  "diff": [
    0.004977552507940963,
    0.006882851372123855
  ],
  "sigma_integral": [
    0.0001888169179884303,
    0.0005662812334770506
  ],
  "within_band": [
    false,
    false
  ],
  "toy_seed": 55,
  "weights": [
    2.0936023747974986e-10,
    4.1113387000413226e-11,
    0.013511215336620808,
    1.0551598691197015e-14,
    0.07887990027666092,
    0.07061843574047089,
    1.178999524962046e-13,
    0.07870621234178543,
    0.01369650661945343,
    7.977503102551964e-10,
    0.08255637437105179,
    0.10525684803724289,
    0.001603373559191823,
    0.020653437823057175,
    0.10227510333061218,
    0.006125415675342083,
    0.03234472870826721,
    2.6038023861474358e-06,
    0.04827189818024635,
    0.0024779322557151318,
    1.5111224771491294e-11,
    0.03196553885936737,
    4.361002226005439e-09,
    2.8341972865830733e-12,
    1.5132005370954715e-10,
    0.03387108072638512,
    0.24923665821552277,
    6.525051139760762e-05,
    8.358764201632507e-12,
    0.028060713782906532,
    1.7571346688782796e-05,
    1.7113796602075126e-08
  ]
}