{
  "num": -49712.515625,
  "den": -49711.08203125,
  "test": -1.43359375
}