{
  "mu_target": [
    -0.5,
    0.6000000238418579
  ],
  "mu_model": [
    [
      -0.49991825822618036,
      0.6006229262273803
    ]
  ],
  "diff": [
    [
      8.174177381964354e-05,
      0.000622902385522428
    ]
  ],
  "sigma_integral": [
    0.0005090443859476401,
    0.000810742127233358
  ],
  "within_band": [
    [
      true,
      true
    ]
  ],
  "toy_seed": 54,
  "weights": [
    0.06509938519876449,
    -0.002216727982924858,
    0.011595577799102481,
    -0.010519368934742009,
    0.05703866556536494,
    0.002546869221427421,
    0.058883769767926385,
    0.04312198227680759,
    0.04889225926909554,
    0.01074229850976723,
    -0.02117262409742412,
    -0.030879436173232345,
    -0.01854752098162226,
    0.11473636444115991,
    0.07533614135058748,
    0.013562556310236468,
    -0.04614002434581699,
    -0.003847863457935753,
    0.01849912084518528,
    -0.027429272119333072,
    -0.015229404316093214,
    -0.000542158253414151,
    0.0056870514998347286,
    0.015857587304391955,
    0.02357356231483027,
    0.054585776532907554,
    0.021992252985848188,
    0.050542789566998036,
    0.06161742553860181,
    0.016526815353154867,
    0.02724758637016676,
    -0.010948803066119216,
    0.02011675474972027,
    -0.004084783172037014,
    0.13721136976056597,
    0.022278571379867548,
    0.006812951316958762,
    0.005521154493443823,
    0.019142478145799176,
    -0.01609628122709815,
    0.037255387086549054,
    -0.04707583091544984,
    -0.02599887532794573,
    0.144081241125019,
    0.006509381992969041,
    0.014489577798650047,
    0.009615435806807172,
    -0.019061650383846128,
    -0.015202479102873513,
    0.0283120582889108,
    -0.00041107186552102773,
    0.01670168297535295,
    -0.024176629255096806,
    0.013804459477319935,
    0.009976965905603432,
    0.01732005084411835,
    -0.004036713050187687,
    0.009665085050973654,
    0.010186968083397913,
    0.016935105699221176
  ],
  "sum weights": 1.0000049999746936
}