{
  "mu_target": [
    -0.5,
    0.6000000238418579
  ],
  "mu_model": [
    [
      -0.5004871091848698,
      0.6009570915325659
    ]
  ],
  "diff": [
    [
      0.00048710918486982724,
      0.0009570676907080244
    ]
  ],
  "sigma_integral": [
    0.000509517245297873,
    0.0008147802662003819
  ],
  "within_band": [
    [
      true,
      false
    ]
  ],
  "toy_seed": 85,
  "weights": [
    0.034728888153598036,
    -0.014664854689214728,
    0.012249437269110187,
    -0.008390085428879146,
    0.0430131163147766,
    -0.03244875701629211,
    0.016790399312370332,
    0.07303218428637553,
    0.019773335891638745,
    0.023935341503222612,
    -0.04575702158596665,
    0.012824993238353982,
    0.031103063916815842,
    0.07714774309925476,
    0.07515750235497191,
    0.021868690868659384,
    -0.011833665514606143,
    -0.035016489966481684,
    0.012344445602558317,
    0.00954270920421201,
    0.0631295434631576,
    -0.05254556046265759,
    0.04236687127758326,
    0.038782169571800904,
    0.03280253710718689,
    0.009395489419557814,
    0.003149757890570133,
    0.04105440481591287,
    0.041626236466586,
    -0.00017077070819800503,
    0.04661554817530829,
    -0.007553122707160918,
    0.009358203963628655,
    0.012943907335445674,
    0.11085340180605542,
    0.015361671543767786,
    -0.020945595558668005,
    -0.019187708028298348,
    0.06498378642402024,
    0.01870568130467986,
    0.02175693871854862,
    -0.018686687953255437,
    -0.043898387630781584,
    0.10400004588236789,
    0.006805721471829403,
    -0.0074641821276749684,
    0.03227460946844146,
    0.019642391920212485,
    0.03131885291683312,
    0.014297467980169258,
    -0.0075716183158732395,
    0.005143536447079294,
    -0.037589147965392526,
    0.023155515145712666,
    -0.004825412992589299,
    0.012291739912990391,
    0.026156758614450756,
    -0.013328088917048328,
    0.01726081100472588,
    0.05313670647916516
  ],
  "sum weights": 1.0000049999746672
}