{
  "mu_target": [
    -0.5,
    0.6000000238418579
  ],
  "mu_model": [
    [
      -0.5004933319395138,
      0.5987579136196283
    ]
  ],
  "diff": [
    [
      0.0004933319395138414,
      0.001242110222229642
    ]
  ],
  "sigma_integral": [
    0.0005066598840724414,
    0.0008163219838161828
  ],
  "within_band": [
    [
      true,
      false
    ]
  ],
  "toy_seed": 60,
  "weights": [
    0.03158092766557702,
    -0.0024269747455252576,
    0.02061073872965142,
    0.0354055193803267,
    0.028137404738179064,
    0.0025821708574779024,
    0.0021568574031599593,
    0.07654795988449922,
    0.03480960689044288,
    0.004856829284235606,
    -0.010531716196080981,
    -0.019834724714855086,
    -0.0034355887888093037,
    0.037571554950396525,
    0.07417223319388475,
    0.011900347312279567,
    0.00786306985028983,
    -0.03679747212087517,
    0.0039045761780934197,
    0.01804444681180039,
    0.0331247351361235,
    -0.06112695008252215,
    0.017906091441085483,
    0.02531860830722086,
    0.03879880883086334,
    0.050699373048415534,
    -0.004959417116502005,
    0.03724568419289557,
    0.07990687041085362,
    0.03610472050652061,
    0.05050814433946825,
    -9.797841381017721e-05,
    -0.002181055401161757,
    0.030431847083603948,
    0.11791787708387712,
    0.025668611991661348,
    -0.02592539332619974,
    -0.012544995346415665,
    0.0620455785538799,
    -0.017157384953825183,
    0.019677125955781114,
    -0.02916211415561788,
    -0.044163675032508135,
    0.09775442572126354,
    0.010560357014701035,
    0.004066122092992903,
    0.0053335825607441255,
    0.015753172397329176,
    0.007683176628766137,
    0.03852561111046002,
    0.02079689840337143,
    0.025265883335045824,
    -0.018236880983859838,
    0.009998215417370719,
    -0.03239873186026273,
    -0.021505301392709616,
    0.005892944570343502,
    -0.005129003504969453,
    0.02680450547737071,
    0.06368714336888677
  ],
  "sum weights": 1.00000499997468
}