{
  "mu_target": [
    -0.5,
    0.6000000238418579
  ],
  "mu_model": [
    [
      -0.49895081639144506,
      0.600463099632851
    ]
  ],
  "diff": [
    [
      0.0010491836085549378,
      0.00046307579099313934
    ]
  ],
  "sigma_integral": [
    0.0005083762189504121,
    0.00081201703300281
  ],
  "within_band": [
    [
      false,
      true
    ]
  ],
  "toy_seed": 206,
  "weights": [
    0.05021885852735011,
    -0.0013534009185111212,
    -0.027225991578561117,
    0.010047653978068474,
    0.048387229035303785,
    -0.002070831471864776,
    -0.002193355123986522,
    0.07806738450839618,
    0.026125703653324433,
    -0.003794057046611925,
    -0.018930325425063718,
    -0.01805878740808809,
    0.02051125212857053,
    0.060736857567813995,
    0.07945542672595625,
    0.039920414442985865,
    0.006734731742140318,
    -0.07892584387193054,
    0.03318300986470024,
    -0.007524879890135977,
    -0.016810639413669577,
    -0.04640054721881594,
    0.012082140108568378,
    -0.004778216093734007,
    0.025521685137167825,
    0.03733556761531086,
    -0.011244815763685276,
    0.031221544138755733,
    0.06753640309819954,
    0.029839875673957593,
    0.04693277408104395,
    0.01130304149409943,
    0.019829702820058043,
    0.015473138843432073,
    0.0633726032909995,
    0.034139886975527486,
    -0.017678395420583682,
    -0.01923401755444018,
    0.07059326469321675,
    -0.018277550192669936,
    0.025572988066349774,
    -0.05421014522153623,
    -0.013810583674204492,
    0.12373569259647299,
    0.023228858468180576,
    -0.014254813438685465,
    -0.006356006252678176,
    0.06447839434173949,
    -0.0092693194993557,
    0.03026587194414439,
    0.05881945076905631,
    0.021667294674768026,
    -0.007410778089629823,
    0.03821028525698942,
    0.011343127745364959,
    0.01108722786304113,
    0.034341721988861935,
    -0.034257393367516466,
    0.017591959683144483,
    0.05516267036758884
  ],
  "sum weights": 1.000004999974691
}