{
  "mu_target": [
    -0.5,
    0.6000000238418579
  ],
  "mu_model": [
    [
      -0.500282741906491,
      0.599878132521166
    ]
  ],
  "diff": [
    [
      0.00028274190649102415,
      0.00012189132069195807
    ]
  ],
  "sigma_integral": [
    0.0005055990041093891,
    0.0008136396786627434
  ],
  "within_band": [
    [
      true,
      true
    ]
  ],
  "toy_seed": 49,
  "weights": [
    0.030274198613739985,
    0.023045770444652076,
    0.03021548336215669,
    0.019317981960453603,
    0.0052308892214734315,
    0.01183050728246981,
    -0.018365284376761406,
    0.08144969050516107,
    0.028188017605663012,
    0.010001127841202493,
    -0.016472239992160576,
    -0.017677900204229224,
    0.02349346571198407,
    0.09218933998766116,
    0.08583905210757214,
    -0.0006157738959937844,
    -0.02626365666347216,
    -0.0381391409381872,
    -0.006745814691184199,
    0.02060063577423129,
    0.025255599467959022,
    -0.021013945598656696,
    0.006777283079024215,
    0.01772003358394796,
    0.012058749372532035,
    0.03928776140300891,
    0.029724567250639735,
    0.02461998833561249,
    0.03485448151029713,
    -0.0004381543672093795,
    0.0854688069971079,
    -0.01267886549073871,
    0.05554724065841113,
    0.029919209913002492,
    0.09832565920936137,
    0.013907615732711338,
    -0.02525104587278476,
    -0.015872982280727414,
    0.048574731583890696,
    -0.03862442124764006,
    0.05512297909818033,
    -0.04832505739876591,
    -0.02259017621295153,
    0.0836120178260415,
    0.005500198718620943,
    -0.050483011781499734,
    0.009759165090222354,
    0.03186706331965318,
    0.010417726592153734,
    0.03727807776154589,
    0.059176507332260084,
    0.002411253519242327,
    -0.03597759493912872,
    0.03745001278814533,
    -0.0020599980399646695,
    0.01573132985150155,
    0.023004510660478598,
    -0.02108338021778189,
    -0.0011328506186149426,
    0.06476756372916895
  ],
  "sum weights": 1.000004999974689
}