{
  "mu_target": [
    -0.5,
    0.6000000238418579
  ],
  "mu_model": [
    [
      -0.49928995585090874,
      0.5998230951814532
    ]
  ],
  "diff": [
    [
      0.0007100441490912601,
      0.00017692866040475153
    ]
  ],
  "sigma_integral": [
    0.000506403480318588,
    0.0008142717461090906
  ],
  "within_band": [
    [
      false,
      true
    ]
  ],
  "toy_seed": 86,
  "weights": [
    0.062255189492483036,
    -0.04718534069149881,
    -0.010903214090114053,
    0.004808570351168205,
    0.002160871727021913,
    -0.01579232081452561,
    0.010638675479564407,
    0.0694714784749698,
    0.09241782919454022,
    0.007806651809674712,
    -0.03253952656852896,
    0.012609129831993792,
    0.03812515046324098,
    0.10735645884991772,
    0.07069018219281677,
    0.0451034626842705,
    -0.025386694389463994,
    -0.052861993715571064,
    0.009651965071954056,
    -0.011237455647516879,
    -0.009171587922736521,
    -0.025701906282734752,
    -0.007205757740726531,
    0.030931471113368157,
    0.024731735331324695,
    0.029864702076510968,
    0.0011071509886958803,
    0.0145333704059898,
    0.047749335398702915,
    0.01439205852340072,
    0.059733294284968534,
    0.026120550044800486,
    0.03050982243645638,
    0.05111682940978865,
    0.09980801508348583,
    0.027694887637558372,
    -0.002023609698225615,
    0.020600816960753006,
    0.04380911746655625,
    0.007931684984753402,
    0.05645703658915624,
    -0.03071847040294632,
    -0.06267740534920044,
    0.11484754328500524,
    0.009823183246132527,
    -0.04237436428958015,
    -0.0025742043910873995,
    0.016427007612334,
    0.020885086557143884,
    0.012581914737125595,
    0.04604737887348091,
    -0.005419393340128232,
    -0.03989030051419696,
    0.0350535358835166,
    0.00483381143457717,
    -0.0009249810209512305,
    -0.00984196729212965,
    0.011053719821175369,
    0.006796052192345066,
    0.035898766133851276
  ],
  "sum weights": 1.000004999974711
}