{
  "mu_target": [
    -0.5,
    0.6000000238418579
  ],
  "mu_model": [
    [
      -0.500246755852577,
      0.6007078982493584
    ]
  ],
  "diff": [
    [
      0.0002467558525770519,
      0.0007078744075005305
    ]
  ],
  "sigma_integral": [
    0.0005059880498345133,
    0.0008191103305076252
  ],
  "within_band": [
    [
      true,
      true
    ]
  ],
  "toy_seed": 93,
  "weights": [
    0.06821408015482898,
    -0.017543198855676494,
    0.034352460510676454,
    0.032678485429141764,
    0.05755343398302465,
    0.017130090071573713,
    0.009525634012993722,
    0.09117979566500549,
    0.061538680385641246,
    0.0178987727926365,
    -0.026298290896699994,
    -0.0024990879953107614,
    -0.01064057525509039,
    0.07630485803346097,
    0.054134148618233305,
    0.00972280465087256,
    -0.005162175390689853,
    -0.034685444415703516,
    0.009914593229592528,
    0.00044729798205914037,
    0.023425721094794225,
    -0.04272944219522437,
    0.04310170661612009,
    0.014402891184028684,
    0.04089030404576485,
    0.02948504900245515,
    0.012979964442453508,
    0.039836927100792875,
    0.06516823118978102,
    0.009747597924033262,
    0.011467180115423681,
    0.006589045930654935,
    -0.0009223003852816782,
    0.02101301795242622,
    0.11348140745927354,
    0.029259185972445378,
    -0.03744425010112538,
    -0.020163352833320405,
    0.019118828999924387,
    -0.00032995785163658203,
    0.02642430681665533,
    -0.04657745385995939,
    -0.015234910388255491,
    0.09779224102047901,
    0.005431647410427916,
    -0.024772988585686186,
    -0.033162449243135696,
    -0.018035769021571717,
    -0.002286430123138741,
    0.020771909270993857,
    0.03947057062172402,
    0.04608628827482295,
    -0.0270977838296014,
    0.05653976718047256,
    -0.031985196883478215,
    0.004780824994797804,
    0.004916225053603189,
    0.017129101140711325,
    -0.0008323913496331358,
    0.058503373100125135
  ],
  "sum weights": 1.0000049999747065
}