{
  "mu_target": [
    -0.5,
    0.6000000238418579
  ],
  "mu_model": [
    [
      -0.4994190481917996,
      0.5995353537312154
    ]
  ],
  "diff": [
    [
      0.0005809518082003917,
      0.00046467011064255104
    ]
  ],
  "sigma_integral": [
    0.0005038000349769732,
    0.0008118096115059957
  ],
  "within_band": [
    [
      false,
      true
    ]
  ],
  "toy_seed": 160,
  "weights": [
    0.03696249216187521,
    -0.002360991911480595,
    0.014034944396645566,
    0.002903092579832932,
    0.06576440672664934,
    -0.006481371822763727,
    0.005142240771697371,
    0.05561766338631218,
    0.0767688677739756,
    -0.015779095673904515,
    -0.04973163903173942,
    0.010205760716826594,
    0.007402076094056341,
    0.0688949823858971,
    0.08457033644331051,
    0.027998353708018058,
    -0.0275680920221546,
    -0.05364397880197888,
    0.010806860553559786,
    0.008239168852982601,
    -0.007020889086806481,
    -0.02881989330564643,
    0.02091238189293598,
    -0.0001621703433250475,
    0.03198291708523948,
    0.044119006016465755,
    0.030742354578064113,
    0.058211410567365035,
    0.027770753913383756,
    0.01350752750604828,
    0.02532543404032237,
    0.0445758104981711,
    0.03654810901342057,
    0.02863711293231559,
    0.11986472935949195,
    0.05076086980917503,
    -0.07151841267316153,
    0.0020140637131037574,
    0.07277932411575397,
    0.004968126577747867,
    0.029988349217118227,
    -0.01255709608255481,
    -0.05360948104899988,
    0.1268343522048982,
    0.01563564973217679,
    0.011418649534555424,
    0.03632892421084525,
    -0.0058546955881976104,
    0.01234020361701326,
    0.003323341699639861,
    -0.006496342910980244,
    -0.008045048134983246,
    -0.028376111981291988,
    0.028539843218040272,
    -0.017795145320935474,
    0.011993595881608423,
    -0.01853601518518623,
    0.011890197463619644,
    0.01243336617199772,
    0.025603819778620775
  ],
  "sum weights": 1.000004999974687
}