{
  "mu_target": [
    -0.5,
    0.6000000238418579
  ],
  "mu_model": [
    [
      -0.49967336547043484,
      0.5998837100771997
    ]
  ],
  "diff": [
    [
      0.0003266345295651618,
      0.00011631376465826015
    ]
  ],
  "sigma_integral": [
    0.0005080801169437751,
    0.0008118606336606173
  ],
  "within_band": [
    [
      true,
      true
    ]
  ],
  "toy_seed": 80,
  "weights": [
    0.03578436107158372,
    0.005292228172042432,
    0.014732566527259898,
    0.021562133981506023,
    0.017280952328867234,
    -0.023902414570758493,
    -0.01369099484476274,
    0.05243065168320642,
    0.06553031091035827,
    -0.04656223183290698,
    -0.022973158760852284,
    -0.0012537891219836508,
    0.0390885293260689,
    0.11074492211256086,
    0.0472762099086444,
    -0.0035983994209251974,
    -0.016592530054140207,
    -0.024249691408053265,
    0.0006556266556894959,
    0.016982198732261714,
    -0.0036957683871249635,
    -0.04037790458875002,
    -0.005385073139827642,
    -0.005291054429783532,
    0.03710395096350517,
    0.060842486365835204,
    0.016420719184132994,
    0.02216535370677802,
    0.07273250762446118,
    0.029773618023383356,
    0.08233901816290934,
    0.030542836466747228,
    0.04048392560628059,
    0.011175345111784082,
    0.08080939797356856,
    -0.02063438055901362,
    -0.008655511481699567,
    -0.022006607183862766,
    0.07376968878440272,
    0.006094474791243464,
    0.047248258313466525,
    -0.0010005500135097662,
    -0.05516938013082212,
    0.08993791228445659,
    0.03533312284401692,
    -0.022132184474112315,
    -0.011954212858557405,
    0.043963109121458975,
    -0.018589201792567393,
    0.024159036194866323,
    0.016727579975063547,
    0.05301585573528839,
    -0.01841517144110352,
    -0.0011111490502884256,
    -0.04450881619934834,
    0.004032996748486961,
    0.007135019644270258,
    0.02988989079495786,
    0.035085728995346524,
    0.05361265089265909
  ],
  "sum weights": 1.000004999974665
}