{
  "mu_target": [
    -0.5,
    0.6000000238418579
  ],
  "mu_model": [
    [
      -0.4947785415598805,
      0.5904815123766063
    ]
  ],
  "diff": [
    [
      0.0052214584401195085,
      0.009518511465251622
    ]
  ],
  "sigma_integral": [
    0.0018343012216111376,
    0.0034344965807277692
  ],
  "within_band": [
    [
      false,
      false
    ]
  ],
  "toy_seed": 243,
  "weights": [
    -0.07279451852658489,
    -0.020982324364533428,
    0.05746300963441664,
    0.01586034267077386,
    -0.0500974324488462,
    0.14116369734502052,
    -0.10208795198466554,
    0.1697184635098445,
    0.05835561543810802,
    0.11271781370603473,
    0.14827200044294256,
    -0.025461485421474153,
    0.042176596022151125,
    -0.2077543910463838,
    -0.1000661097124581,
    -0.1700458261326215,
    0.03894467667032228,
    0.03916435401026555,
    0.10533310631865575,
    0.16640857545018856,
    0.021494484650805293,
    0.08034274630500092,
    -0.025495877095336336,
    0.06031109386430722,
    -0.12763567584320668,
    0.09162747644951716,
    0.11773617694185781,
    0.013102687274559495,
    -0.051368596472418024,
    0.051455500788868166,
    0.04362561135357092,
    -0.13980951083147813,
    0.096013627915339,
    0.025717369591563503,
    -0.0361048863234532,
    -0.010046670335340235,
    0.017787364795949383,
    0.040133156260722516,
    0.19435043739985572,
    0.14486281410380542,
    -0.01797232135414657,
    -0.009436366967746496,
    -0.004932214215511828,
    -0.04989031726544479,
    -0.06788918848312346,
    -0.00014246397052464915,
    0.16010611752105705,
    -0.025809492589618767,
    0.015933772475129816,
    -0.026937245795974063,
    0.03253218318697554,
    0.04757976554088751,
    -0.046975209719905,
    0.028674418359666207,
    0.08024911828335163,
    -0.011502532406362634,
    -0.1049080459342601,
    0.03532947540594599,
    -0.0122902207293158,
    0.01684998920733958
  ],
  "sum weights": 0.9929567629240657
}