{
  "mu_target": [
    -0.5,
    0.6000000238418579
  ],
  "mu_model": [
    [
      -0.49073214234189694,
      0.5854220208537935
    ]
  ],
  "diff": [
    [
      0.009267857658103063,
      0.014578002988064442
    ]
  ],
  "sigma_integral": [
    0.0018248820737378545,
    0.003276019107778976
  ],
  "within_band": [
    [
      false,
      false
    ]
  ],
  "toy_seed": 174,
  "weights": [
    -0.12488708251865568,
    -0.014983493498582561,
    0.02769615584504119,
    0.028625723411151084,
    0.035586860485788865,
    0.1347552492565432,
    -0.14900465451556488,
    0.08054040324021255,
    0.09811024491441031,
    -0.03871181425719575,
    -0.021736531043488383,
    0.13346004660652097,
    -0.029491732045027412,
    -0.24642460422433335,
    -0.20345352003132186,
    -0.3338298657226207,
    0.2559872822161135,
    0.085211432021574,
    0.12511502644363492,
    -0.05066301298185252,
    -0.01366841334500744,
    0.1112657239343458,
    -0.04236787215920263,
    -0.07138498731799701,
    -0.06593325081287782,
    -0.038986293332999994,
    0.2313263192844735,
    0.044884672161696254,
    -0.16396213540148571,
    0.03013165647282606,
    0.07086075804671625,
    -0.1025860188735576,
    0.07354501766774224,
    0.13321799992810177,
    -0.07579579788488713,
    0.02993311178392285,
    0.0052083783298407585,
    0.25983252117655475,
    0.0786886400860135,
    0.20654945670695618,
    0.19490366401511836,
    0.19613200204595693,
    0.07372403056251427,
    -0.03568230889795091,
    -0.07895459871427929,
    0.022935968539098364,
    0.09032875278108235,
    -0.0004935458205635665,
    0.07840426140248305,
    0.08770246052526047,
    -0.06033676331014587,
    -0.03562745611950065,
    -0.07937288843202883,
    0.18070682533933666,
    -0.0627408705089961,
    -0.14432367737217228,
    0.10664394787432999,
    0.06779412939496848,
    0.04601789034748309,
    -0.16056255017823676
  ],
  "sum weights": 0.9798608735272797
}