{
  "mu_target": [
    -0.5,
    0.6000000238418579
  ],
  "mu_model": [
    [
      -0.4919505871579789,
      0.593782284501447
    ]
  ],
  "diff": [
    [
      0.008049412842021098,
      0.006217739340410922
    ]
  ],
  "sigma_integral": [
    0.001997267017002465,
    0.0032698921460557586
  ],
  "within_band": [
    [
      false,
      false
    ]
  ],
  "toy_seed": 264,
  "weights": [
    0.06314295799083638,
    -0.0282450972033262,
    -0.04216870634148287,
    -0.05126693796279502,
    0.044290088667410424,
    0.13689221909926555,
    -0.21530077070988377,
    0.09303555905959528,
    0.13027995675765686,
    0.1424053446222422,
    0.051710123843007286,
    0.07294756083265289,
    0.1698166232628834,
    -0.1435273445955464,
    -0.26163557374368934,
    -0.30951814384876686,
    0.1844028918493503,
    0.007863446720709256,
    0.1941699430727867,
    0.04513158449835131,
    -0.11270631932539629,
    0.08101658731783966,
    -0.0846278719269964,
    0.0682571967752913,
    -0.1548793364098877,
    -0.048569154876837634,
    0.1990088072874233,
    -0.22565377804250084,
    -0.126746865820841,
    -0.03172833837750738,
    0.14866727275577216,
    -0.1371188579222834,
    0.0327882595119293,
    -0.11950096445736075,
    -0.03510415279416616,
    -0.061240946032082265,
    0.0660639860402637,
    0.16405171082065514,
    0.20266923259624886,
    0.14497922169653568,
    0.22497508325677718,
    0.27140331288342506,
    0.15645521125839562,
    -0.008047732648362784,
    -0.07710022958696308,
    0.06958102211807665,
    -0.04581478270064862,
    -0.043999485533128734,
    0.1482006593314917,
    0.10657157800232632,
    0.10713273738119601,
    -0.016332470822088316,
    0.007973408764620465,
    0.11741522406967511,
    -0.042827123266439115,
    -0.17011035104683533,
    -0.17085753895674094,
    0.11958315067393983,
    0.14463763014866363,
    -0.1740531810837659
  ],
  "sum weights": 0.9788375369309714
}