{
  "mu_target": [
    -0.5,
    0.6000000238418579
  ],
  "mu_model": [
    [
      -0.4931754162012828,
      0.5914861960497519
    ]
  ],
  "diff": [
    [
      0.006824583798717199,
      0.008513827792105966
    ]
  ],
  "sigma_integral": [
    0.001884791959699075,
    0.003437920331633764
  ],
  "within_band": [
    [
      false,
      false
    ]
  ],
  "toy_seed": 221,
  "weights": [
    -0.027591033421563858,
    -0.06965983812209597,
    0.058134153022982325,
    0.004517471979558034,
    -0.04363897725192864,
    0.1261247139331884,
    -0.11208031988662398,
    0.138793269889366,
    0.04667433362770218,
    0.1324743277877939,
    0.09166449067309099,
    -0.03288789307248005,
    -0.008899472776798312,
    -0.20722970475595734,
    -0.08358737237530622,
    -0.17264695384675244,
    -0.01517947251128766,
    0.030425080569757634,
    0.10305015849836081,
    0.14569977981723284,
    0.041753843221971065,
    0.06235307543530298,
    -0.042809611521461906,
    0.06681251025665905,
    -0.14946010047297092,
    0.10773758294115471,
    0.11954594429497178,
    0.08254668446375997,
    -0.039311335341606246,
    0.030951454365919836,
    0.04059295966805197,
    -0.07841214328362625,
    0.13039566125977753,
    0.002790532145882617,
    0.007895219407909056,
    -0.08465622402930001,
    0.05105352491294165,
    0.03897008686205146,
    0.16450960375647894,
    0.05609227195341298,
    0.06024944583930326,
    -0.009003747601804835,
    0.015544299924039526,
    0.0022124214930172633,
    -0.05595362237814295,
    -0.034883830150669315,
    0.1477563786676137,
    -0.007262742987176003,
    0.05165942723421204,
    -0.05226325755963697,
    0.03354831330170948,
    0.036867114746233484,
    -0.04824794180927839,
    0.04329216603889936,
    0.13373351116684593,
    -0.03645460813278824,
    -0.0606507411784302,
    0.07003995651221057,
    -0.012416727977034116,
    0.0014822480713953257
  ],
  "sum weights": 0.9927563452960378
}