{
  "num": 40481.23046875,
  "den": 29811.84375,
  "test": 10669.38671875
}