{
  "num": -50010.87890625,
  "den": -50007.38671875,
  "test": -3.4921875
}