{
  "num": 30374.099609375,
  "den": 30381.01171875,
  "test": -6.912109375
}