{
  "num": -50152.890625,
  "den": -50178.81640625,
  "test": 25.92578125
}