{
  "num": 39198.94140625,
  "den": 28530.302734375,
  "test": 10668.638671875
}