{
  "mu_target": [
    -0.5,
    0.6000000238418579
  ],
  "mu_model": [
    [
      -0.5012392515367028,
      0.5979870629857897
    ]
  ],
  "diff": [
    [
      0.00123925153670279,
      0.002012960856068169
    ]
  ],
  "sigma_integral": [
    0.0008376805696496061,
    0.0013577136560423968
  ],
  "within_band": [
    [
      false,
      false
    ]
  ],
  "toy_seed": 200,
  "weights": [
    -0.007930050199953863,
    0.04623658914963053,
    0.04268502852023363,
    -0.02203280124365183,
    -0.0440652423818091,
    0.014740385905852976,
    -0.0025298010152014004,
    0.09222710706315208,
    -0.016486760733826853,
    -0.006593426042751431,
    0.004882378779511169,
    -0.007105259237730353,
    -0.003391522914167508,
    -0.08861301564934475,
    0.025239536739792862,
    0.046570665464649254,
    -0.02009026473469772,
    0.037211072888617254,
    0.03634443394531556,
    0.06324967580113436,
    0.031242325571548275,
    0.004477323452512194,
    0.0027034851148259463,
    -0.04531152197224123,
    0.016290346397124473,
    0.03189098542244026,
    -0.0024538792417754026,
    0.0927395900759993,
    0.004207501336978336,
    0.044476961276114696,
    0.018226677760713815,
    0.040413436632002045,
    0.007832390032132243,
    0.02910627545208292,
    0.014801538997908398,
    -0.003984940522666092,
    0.0641171380876516,
    0.0054107253854325885,
    0.025539968341345077,
    -0.01677888429308442,
    0.036337428435669034,
    -0.061198765579255986,
    0.005107673006563149,
    0.015995869434371122,
    -0.029284219925249058,
    -0.0800836897757715,
    0.027081428998416757,
    0.07070473942984724,
    0.03065856391108926,
    0.04032910057011747,
    0.04199249074228504,
    0.05908987363884228,
    0.05189427366233381,
    0.02488287440612934,
    0.07768637663069411,
    0.03675547093021263,
    -0.023680654815573843,
    0.005557044887712559,
    0.03040658375262103,
    0.08427130651075208
  ],
  "sum weights": 0.9999999422636064
}