{
  "mu_target": [
    -0.5,
    0.6000000238418579
  ],
  "mu_model": [
    [
      -0.501230149848256,
      0.5991053833070282
    ]
  ],
  "diff": [
    [
      0.0012301498482559792,
      0.0008946405348296826
    ]
  ],
  "sigma_integral": [
    0.0008382647136876576,
    0.0013419235341322001
  ],
  "within_band": [
    [
      false,
      true
    ]
  ],
  "toy_seed": 171,
  "weights": [
    0.004167167525684292,
    0.00913205001866999,
    0.025676577465809678,
    -0.016642076758332982,
    -0.021618665534284955,
    0.009799420439856455,
    -0.06522211238901489,
    0.05599675957332428,
    0.08384798508825046,
    -0.014682439112744361,
    -0.07837461044413596,
    0.03619235914960662,
    0.1001080314217222,
    -0.0625172732437724,
    -0.05085990533647199,
    0.06763282220271986,
    0.1123481770006451,
    0.11814730936634334,
    -0.04984126515257018,
    0.013986277222806534,
    0.037329185895782,
    0.07356843750596484,
    -0.04479256583546241,
    -0.023629905418246944,
    0.06300186510943068,
    0.00502613388750156,
    0.0026136261201626337,
    0.0907690560378103,
    0.05980009597590954,
    0.004542273078920553,
    -0.01888512131086724,
    0.07729910727849854,
    0.027534175594245005,
    0.053082532149571836,
    -0.06742841590552805,
    -0.022556651381678595,
    0.08712984975157606,
    0.005988640141671635,
    0.051116891771634844,
    -0.0249342751724314,
    0.017333333529768197,
    -0.024338127946749614,
    0.04968120716205164,
    0.09532093615586786,
    -0.0627917311476854,
    -0.04650347805535468,
    -0.0030546437670564484,
    0.0821577326657882,
    0.024020088042825388,
    0.016475600761289892,
    0.009623420962244578,
    0.060896306342394825,
    0.02258055654813101,
    -0.03424600311924239,
    0.03961377538997885,
    0.0008048835569069903,
    -0.040934008143939174,
    -0.0017823433750938857,
    0.055196030095364335,
    0.02609488754994259
  ],
  "sum weights": 0.9999999469860092
}