{
  "mu_target": [
    -0.5,
    0.6000000238418579
  ],
  "mu_model": [
    [
      -0.5024296772938011,
      0.6001775385492516
    ]
  ],
  "diff": [
    [
      0.002429677293801058,
      0.0001775147073936889
    ]
  ],
  "sigma_integral": [
    0.0008346049855193121,
    0.0013414515579303892
  ],
  "within_band": [
    [
      false,
      true
    ]
  ],
  "toy_seed": 299,
  "weights": [
    -0.015952636959364386,
    0.05436428312519417,
    0.01378777047594866,
    0.0631207674294018,
    0.002396095029441405,
    0.08476349977705767,
    0.003995093747227134,
    0.027625688113872435,
    0.029902017910363583,
    0.0905393618255979,
    -0.07018122712170521,
    0.013840486841336047,
    0.006917398877212658,
    -0.07443973119248874,
    0.02957252870759015,
    -0.04434676695792859,
    0.07054939813253112,
    0.06851581022893312,
    0.06288256094596872,
    -0.06887980450664295,
    -0.01676139144185979,
    0.017471573917777837,
    -0.05456496070793721,
    0.01835976620073545,
    0.015398353283502666,
    -0.017747858919322516,
    0.004887367588830934,
    0.10761113392112036,
    0.06261111684773643,
    -0.00297313792421419,
    0.011895576059664362,
    0.04948858215270505,
    0.030591978191871823,
    0.09643746239454462,
    0.010548845184668818,
    -0.02664568906557567,
    0.01380786588287867,
    0.03665505930869341,
    -0.0348019482766041,
    -0.0038669138076000654,
    0.001413780596338879,
    -0.0077341686242198854,
    0.016560534959168233,
    0.10456256582801832,
    0.032846920728840726,
    -0.045743134957283695,
    -0.027189889623784998,
    0.004402537450657125,
    0.04317374577190739,
    -0.027430361194248746,
    0.020460506203331875,
    0.10360697011675792,
    -0.01621518662183932,
    -0.01130849128128673,
    0.015040370874308205,
    0.07535604776820415,
    -0.001211536955240864,
    0.0016796068107079272,
    -0.004363677520304864,
    0.05471742445898611
  ],
  "sum weights": 0.9999999400101814
}