{
  "mu_target": [
    -0.5,
    0.6000000238418579
  ],
  "mu_model": [
    [
      -0.5020078393178421,
      0.5959562911867304
    ]
  ],
  "diff": [
    [
      0.0020078393178420972,
      0.004043732655127474
    ]
  ],
  "sigma_integral": [
    0.0008266401584719178,
    0.0013506746442485107
  ],
  "within_band": [
    [
      false,
      false
    ]
  ],
  "toy_seed": 258,
  "weights": [
    -0.031573555831743295,
    0.02078037240545552,
    0.0037581317347600038,
    0.06499174724730256,
    -0.018433092422118103,
    -0.01562921351964497,
    -0.01471713527837034,
    0.12493605727627864,
    0.019122771835520913,
    -0.01316288977932579,
    -0.013096728906632698,
    0.01640774432744104,
    0.06259480142403251,
    -0.0756647299204984,
    0.039438217237277626,
    0.09166934107602204,
    0.04391905785304804,
    0.05888241976587279,
    0.026454044622437296,
    -0.011597519180858431,
    -0.033291386039114815,
    -0.023577355630574195,
    -0.07008757740883298,
    0.00676960097609393,
    -0.022450962553914877,
    0.060076283117628006,
    -0.008285846003461604,
    0.12320680501921626,
    0.002316302526211843,
    -0.013766046506172514,
    0.009954353073304785,
    -0.025915430019559486,
    0.056131502149321263,
    0.007726088096447356,
    0.055800180138637794,
    -0.0190197309517466,
    0.04777218197462607,
    -0.011672870209818484,
    0.0647607048521023,
    -0.005624444538148753,
    -0.02362825983795548,
    -0.02294238045118254,
    0.06488478581362593,
    -0.04027321403956043,
    0.00547301391080351,
    -0.11650695796604156,
    0.05468088894267014,
    0.0832744048301733,
    0.08055823940748626,
    -0.03530611933948165,
    -0.01319664727516335,
    0.04232411103472567,
    -0.020817158970256266,
    0.10555608792116589,
    0.06835191937951747,
    0.018223954439376678,
    0.053950208224262663,
    0.011226438740390822,
    -0.003916313570726295,
    0.10818074573541961
  ],
  "sum weights": 0.9999999409577527
}