{
  "mu_target": [
    -0.5,
    0.6000000238418579
  ],
  "mu_model": [
    [
      -0.5015589778310483,
      0.5973226693443892
    ]
  ],
  "diff": [
    [
      0.0015589778310483027,
      0.0026773544974687535
    ]
  ],
  "sigma_integral": [
    0.000835953104474383,
    0.001331488100562829
  ],
  "within_band": [
    [
      false,
      false
    ]
  ],
  "toy_seed": 112,
  "weights": [
    -0.04877959763773167,
    0.0618374538063289,
    -0.038657186049465206,
    0.011459351942103822,
    -0.02624982022539866,
    -0.0367319140247455,
    0.05675194342907147,
    0.06552324454752594,
    -0.017219534801743933,
    -0.007542919034027451,
    0.057175539025446774,
    0.022042801493086434,
    -0.01564267105351274,
    0.03231774896439113,
    -0.01805401421117736,
    0.011467161735789985,
    0.039711778189551336,
    0.053266641999153035,
    -0.003956507974043824,
    0.06740045089741752,
    0.0651877226470759,
    -0.03944784547324234,
    -0.03583625186712706,
    0.0024261232101550918,
    -0.026350401655674375,
    -0.00816651129961092,
    0.004502979497039845,
    0.15372432338756226,
    0.05468916763854293,
    -0.029590681732029857,
    0.031229868132965837,
    -0.030644968448302886,
    0.09806359674431898,
    0.047024787537214306,
    0.007004674746806109,
    0.018665417546957802,
    0.035533610240897975,
    0.07495578539836237,
    0.008656151977443927,
    -0.03012903609674676,
    0.027490588197420004,
    -0.03433961201052293,
    0.03718716054018402,
    0.007213566575437067,
    -0.030713697249418904,
    -0.03430397128760945,
    0.12195519143611618,
    0.03748665936999196,
    0.02023790533561878,
    -0.020060525637002707,
    0.029834270800586603,
    0.019761483238946016,
    -0.0007102260056241393,
    0.03619921747510792,
    0.04672620743090446,
    0.0012561805945177757,
    -0.02115000227092211,
    0.00010260186675810756,
    0.01544256161906064,
    0.07276592000111058
  ],
  "sum weights": 0.999999943171289
}