{
  "mu_target": [
    -0.5,
    0.6000000238418579
  ],
  "mu_model": [
    [
      -0.5004746881153704,
      0.5962372185656742
    ]
  ],
  "diff": [
    [
      0.0004746881153704363,
      0.0037628052761836672
    ]
  ],
  "sigma_integral": [
    0.0008338355573682983,
    0.0013266500462108795
  ],
  "within_band": [
    [
      true,
      false
    ]
  ],
  "toy_seed": 150,
  "weights": [
    -0.004791498536958822,
    0.03440871832070177,
    -0.035016694352270776,
    0.07269473240426477,
    0.027228757758378345,
    -0.04564025805771117,
    0.07946964613467361,
    0.0001587695227545185,
    0.058579512105156085,
    -0.060965323336606383,
    0.018272447778224,
    0.05233367276694733,
    0.005204330815005178,
    0.012061271678727717,
    -0.002041037684623883,
    0.06666637132702116,
    0.0491233924551854,
    0.07524157953731757,
    0.052487568610072956,
    -0.06326496124809733,
    0.006220892431338172,
    -0.004784733062946239,
    -0.0378563198077453,
    -0.08592043229747864,
    0.003465976892270648,
    0.01788917137357502,
    0.0013646401830214596,
    0.10126774567956101,
    0.030627213165043063,
    -0.07943727063481673,
    0.05810923559846081,
    0.04354810931191238,
    0.010115815103275257,
    0.05075258327498428,
    -0.019157023487761732,
    -0.02957228658016045,
    -0.003787510259107956,
    0.07287454539565914,
    0.011216000110379733,
    0.02318063326494661,
    -0.05275563303738823,
    -0.034009610551173394,
    0.00010461587108772454,
    0.020091733453230225,
    -0.10497317292442983,
    -0.06251082964092187,
    0.056967240528385546,
    0.0696063962337142,
    0.03297052910674247,
    0.07908503645417578,
    0.011789041080906396,
    0.07537997125191777,
    0.029671438985851815,
    0.058415838650398344,
    0.06619993050292193,
    -0.015089081134724208,
    0.012356296080879677,
    0.011105239977148825,
    0.028516137517951692,
    0.15475084229608022
  ],
  "sum weights": 0.9999999443553276
}