{
  "mu_target": [
    -0.5,
    0.6000000238418579
  ],
  "mu_model": [
    [
      -0.5009472000081511,
      0.597833942653889
    ]
  ],
  "diff": [
    [
      0.0009472000081510723,
      0.0021660811879689046
    ]
  ],
  "sigma_integral": [
    0.0008355339204381462,
    0.0013437893591285422
  ],
  "within_band": [
    [
      false,
      false
    ]
  ],
  "toy_seed": 71,
  "weights": [
    -0.0250032688867837,
    0.03612095291353342,
    -0.010190658334543232,
    0.035892117958010325,
    -0.031045717823183546,
    0.06738544640891116,
    0.04897163160604906,
    0.00646082146270183,
    -0.015386886409162576,
    0.03692587516759687,
    -0.022935231571474625,
    0.03982847981474142,
    0.024430553689850712,
    -0.08437740927770555,
    -0.012807459253634114,
    0.06393806527605961,
    0.005276338450018643,
    0.019393733888201193,
    0.01961605330285996,
    0.06189310941279731,
    0.0592973184176484,
    -0.01550485687465904,
    0.049792947615208256,
    0.03583774513207025,
    0.013971481814937717,
    0.04647870329839559,
    0.03297480362900211,
    0.07746885928593711,
    0.031165011319635512,
    0.017434075954841873,
    0.02443306962683543,
    0.04365552920643363,
    0.06269144637370568,
    0.09960662534694924,
    -0.033478174340427026,
    -0.029393794279035747,
    0.047363650335166596,
    0.0019371196179766219,
    -0.04446823676235864,
    -0.018887813584896426,
    -0.0243000169039409,
    -0.050541950261940395,
    0.026370085865472605,
    0.04371465659735949,
    -0.00280478038882528,
    -0.06418034517574117,
    0.09191634725747305,
    0.09232905821211053,
    0.04086761130985423,
    -0.041136990329224785,
    0.050172364160486135,
    0.01832768887942181,
    -0.04185497842268223,
    0.05433550445958786,
    0.03383887108031133,
    -0.024877516515391492,
    -0.0603695270561109,
    0.010233337585863263,
    0.026105214756139628,
    0.055093252311263136
  ],
  "sum weights": 0.9999999463496971
}