{
  "mu_target": [
    -0.5,
    0.6000000238418579
  ],
  "mu_model": [
    [
      -0.5010621591093494,
      0.597840729217475
    ]
  ],
  "diff": [
    [
      0.0010621591093493699,
      0.0021592946243829125
    ]
  ],
  "sigma_integral": [
    0.0008335472003533036,
    0.0012953588952520133
  ],
  "within_band": [
    [
      false,
      false
    ]
  ],
  "toy_seed": 40,
  "weights": [
    -0.0438909995196338,
    0.022401933722500694,
    0.02306762887066488,
    0.05349325650016617,
    -0.025119529722696026,
    0.014064957747257054,
    0.10854854748383534,
    0.07237550538673992,
    0.01664114533472849,
    -0.015873353991239438,
    0.007224128420911646,
    0.10067204336806433,
    0.045923072298346614,
    -0.03890331810999318,
    -0.05160504025166746,
    0.04753576396074604,
    0.08981393143628673,
    0.03423447606457282,
    0.01199172715289253,
    0.03160392427983974,
    0.034757883245376354,
    0.012181759051668687,
    -0.074906066161419,
    -0.037556520685035163,
    0.0013402561302467916,
    -0.0483269734787231,
    0.00419070697390841,
    0.11255522391456323,
    0.010332869080563903,
    -0.02650969273651471,
    0.005620135134718577,
    0.04240867621259469,
    0.051406391008014245,
    0.07221260528075588,
    -0.041205083308488946,
    0.04787054362596238,
    0.0218712757054766,
    0.019382690711029018,
    -0.0028480881228713888,
    -0.04190615019357004,
    0.02732360028649382,
    -0.01501798562922915,
    0.0008183290562202802,
    -0.0016600505405459064,
    -0.04673637388447493,
    -0.0032734056670593132,
    0.12180693495645821,
    0.12006489670069963,
    0.021647092902379532,
    0.03568655594676804,
    0.07413525363435763,
    0.009720118704819874,
    -0.0134115381847853,
    0.00099128584908172,
    0.046042392319131105,
    -0.050538445685190586,
    -0.05237832549303833,
    0.047033282897947906,
    -0.009872292414340018,
    0.020546371268917802
  ],
  "sum weights": 0.9999999388451916
}