{
  "mu_target": [
    -0.5,
    0.6000000238418579
  ],
  "mu_model": [
    [
      -0.5017662919452357,
      0.5963374760526464
    ]
  ],
  "diff": [
    [
      0.0017662919452356984,
      0.00366254778921149
    ]
  ],
  "sigma_integral": [
    0.0008406827368619066,
    0.001352670390125579
  ],
  "within_band": [
    [
      false,
      false
    ]
  ],
  "toy_seed": 65,
  "weights": [
    0.08099885089308377,
    0.052511932792765885,
    -0.027149006894120083,
    0.10357350293896368,
    0.03871635959117004,
    0.005802432204915765,
    -0.018659964086486635,
    0.06094125588216421,
    0.007876438178373564,
    -0.020208499213851736,
    0.03501660585467041,
    -0.01244921433948649,
    -0.03985757470279629,
    -0.09148638612779779,
    -0.05993011584406975,
    0.05359827831422514,
    0.10732804040249558,
    0.09368125329413073,
    0.07696643424715321,
    -0.07896442207745796,
    0.02228731507777204,
    -0.003726578559828983,
    -0.045435569989189684,
    -0.05810081883795217,
    0.06075147258215986,
    0.010835681875024991,
    -0.0006368110145616359,
    0.11200820485621439,
    0.0013570149844026485,
    -0.0014883067729635855,
    0.03528016787279275,
    0.00024831618348311314,
    0.06127503938090446,
    0.056474147499929434,
    0.014157608688523105,
    -0.0031454849947671745,
    0.026962507667702213,
    -0.007260383056719409,
    -0.006114489238283701,
    -0.0018262869453317396,
    0.03842728147733797,
    -0.010353151603415172,
    0.06491934680104142,
    0.043122897143992346,
    -0.04880362693474015,
    -0.0407694109368026,
    0.05590566236534508,
    0.05100394226749744,
    0.04839564049476076,
    0.02029886080325087,
    0.02966551330576765,
    0.0881487321365227,
    -0.009672384806965015,
    -0.024772893094794638,
    0.019251280164916427,
    -0.021541017684149153,
    0.036509497507315976,
    -0.012345240806475966,
    -0.01989301477857453,
    0.05029308553229432
  ],
  "sum weights": 0.999999947921482
}