{
  "mu_target": [
    -0.5,
    0.6000000238418579
  ],
  "mu_model": [
    [
      -0.500320253678603,
      0.5971831968189117
    ]
  ],
  "diff": [
    [
      0.0003202536786029997,
      0.0028168270229461667
    ]
  ],
  "sigma_integral": [
    0.0008277785546041442,
    0.0013427943251535957
  ],
  "within_band": [
    [
      true,
      false
    ]
  ],
  "toy_seed": 266,
  "weights": [
    -0.010505554439522726,
    0.031023078292711722,
    0.047320784682956314,
    0.0007199987011537162,
    -0.03525669617767384,
    0.052518312266681,
    -0.011360378469349541,
    0.016416894179434285,
    0.0270763856562691,
    0.00011119830458698682,
    -0.09907112544983665,
    0.039659932968129794,
    0.02867511886938299,
    -0.029292575476043456,
    0.010491309717172673,
    0.04973766706948683,
    0.06998305367931937,
    0.053557975691482136,
    0.034793838275241566,
    0.052158709839187294,
    0.024232507630874655,
    0.018599281921031777,
    -0.02325678239169919,
    -0.06432499754354946,
    0.028981936050157354,
    0.02084273779240895,
    -0.0081944563722718,
    0.07068604126481245,
    0.11519936246493827,
    -0.013424681225127902,
    0.04515117184799941,
    0.0661270494800141,
    -0.003469231702438585,
    0.05835163249119992,
    -0.0043136471092014754,
    -0.03171481636564734,
    0.01838390791331034,
    -0.03901809277088051,
    -0.03636712220449795,
    -0.05229881529511018,
    -0.017894898622992966,
    -0.020961861638849538,
    -0.0013746788307654968,
    0.07496171243115411,
    -0.05590778872180787,
    -0.08900229276424654,
    0.012978823072467298,
    0.12309798093523448,
    0.021057369229636105,
    0.04581891687007631,
    0.02377196475274189,
    0.14240116854827145,
    0.0020777254037891374,
    0.08724357737872789,
    0.03280583361219857,
    -0.04137445370292782,
    -0.0006474176831812913,
    0.006223037644814649,
    -0.006984305269060422,
    0.14277861766959854
  ],
  "sum weights": 0.9999999443719709
}