{
  "mu_target": [
    -0.5,
    0.6000000238418579
  ],
  "mu_model": [
    [
      -0.5012052231900487,
      0.5971640513524423
    ]
  ],
  "diff": [
    [
      0.0012052231900486765,
      0.0028359724894155836
    ]
  ],
  "sigma_integral": [
    0.0008429031378282586,
    0.0013322064996434118
  ],
  "within_band": [
    [
      false,
      false
    ]
  ],
  "toy_seed": 4,
  "weights": [
    0.04388353782812203,
    -0.006725923139182106,
    -0.026800246373322845,
    0.10394906591350159,
    -0.009173616464736476,
    -0.024928384778037747,
    -0.011908080435338149,
    0.07632259876211404,
    0.046393538433353684,
    -0.05787782297303708,
    0.036553797088480694,
    0.026518248683839542,
    -0.013857868262012654,
    -0.10719443336782077,
    0.02235850010130085,
    0.11989323963910208,
    0.030698576180134874,
    0.0892037353143684,
    0.015436425284318493,
    -0.02055854420435975,
    0.027666691245391225,
    -0.04542365338174795,
    -0.016768037180356986,
    0.014890862900035861,
    0.034374848622684584,
    0.033825894688651555,
    0.014745400439685457,
    0.057509193740640945,
    0.018763918872982687,
    -0.01636181417423465,
    0.03125713198080053,
    -0.00509505122390208,
    0.06470742596478458,
    0.08154655649514549,
    0.060273092563772876,
    -0.048666024757377635,
    0.08001542941756505,
    0.004635217285684939,
    0.03066740819422441,
    0.006547079150468994,
    -0.009363964974693804,
    -0.008486209816788806,
    0.0007199070353078824,
    -0.00960200870215389,
    0.010366011251386682,
    -0.06104387349219685,
    0.03593292419474476,
    0.10312866318846409,
    -0.00562987890637371,
    0.06551492338245657,
    0.028111464201880505,
    0.007060006454781155,
    0.029469101612200062,
    0.03940105191893094,
    0.03937824794654141,
    -0.03562566371096797,
    -0.07318169593378118,
    -0.003484355736744891,
    0.006357661552543463,
    0.07967971782927818
  ],
  "sum weights": 0.9999999433705034
}