{
  "mu_target": [
    -0.5,
    0.6000000238418579
  ],
  "mu_model": [
    [
      -0.5023590772578346,
      0.5997649456374936
    ]
  ],
  "diff": [
    [
      0.0023590772578345742,
      0.00023507820436430293
    ]
  ],
  "sigma_integral": [
    0.0008335335788248332,
    0.0013537622861582886
  ],
  "within_band": [
    [
      false,
      true
    ]
  ],
  "toy_seed": 77,
  "weights": [
    -0.0223655315319742,
    0.04799499630846709,
    -0.04626959114095037,
    0.08647072649963958,
    0.03226519217139943,
    -0.024262208629164207,
    0.056905203048391036,
    0.03442900376568488,
    -0.03385443475504309,
    -0.01822873334381989,
    0.043004260784769516,
    -0.003698296447906428,
    0.023785500494809608,
    0.0038487134629942247,
    0.060339462280222085,
    0.016204856334605864,
    0.03666047799233191,
    0.05044503578154646,
    0.05461579734936021,
    0.04002518248980065,
    0.09670673229751607,
    0.0031366917315351203,
    0.03515729772481179,
    -0.0076468222493451055,
    0.026660770407254807,
    0.027588126071230772,
    -0.016464388413626442,
    0.09323882239992566,
    0.015726507074780387,
    0.015833781189826753,
    0.027873546131662867,
    0.03927319874171321,
    0.005904390622646027,
    0.01910898475509121,
    -0.062319619873036136,
    -0.023203529126595197,
    0.06554505163684911,
    0.01661111167046795,
    0.03611869121402033,
    0.007340203135613369,
    0.024616667908647607,
    -0.018623063849324238,
    -0.005625181695156818,
    0.004717929749552945,
    -0.05252325453650266,
    -0.0700542889054061,
    0.017994552085957155,
    0.01752456326296464,
    0.014982531954405513,
    0.018261238657148057,
    0.01892204804762715,
    0.06715701864058891,
    0.019691968367826062,
    0.04666500401389241,
    0.03191835683299685,
    -0.012369553862807829,
    -0.01592629803286415,
    -0.020717178954483627,
    0.018635807594258005,
    0.03424591429335462
  ],
  "sum weights": 0.9999999416301815
}