{
  "mu_target": [
    -0.5,
    0.6000000238418579
  ],
  "mu_model": [
    [
      -0.5003287094931272,
      0.5979015553773658
    ]
  ],
  "diff": [
    [
      0.00032870949312724385,
      0.0020984684644921314
    ]
  ],
  "sigma_integral": [
    0.0008441639573228994,
    0.0013362891434223693
  ],
  "within_band": [
    [
      true,
      false
    ]
  ],
  "toy_seed": 56,
  "weights": [
    0.03613923184670014,
    0.022205897064957382,
    0.03767505319893912,
    0.101650387389359,
    -0.004220547067614972,
    0.06187462027282394,
    0.07538394214630562,
    0.054857918042900015,
    -0.02092343538073622,
    0.025784887693264737,
    -0.007563571852500226,
    0.03241648692742594,
    -0.022570141212872555,
    -0.06084831226131972,
    -0.016547615315374783,
    0.013336075190453052,
    0.021571086361327967,
    0.07824808385610153,
    -0.02158532944614943,
    0.012173429665345062,
    0.03040485110784899,
    -0.04883169872034874,
    0.0038389121048981014,
    -0.032847773356415116,
    -0.005793341026701662,
    0.014926498764392294,
    0.028042591755121048,
    0.13326450973204193,
    0.024299049371952885,
    -0.0332237759845248,
    -0.0004970892723200199,
    0.04614995981698515,
    0.0010266034850957063,
    0.03971589901747955,
    0.02213963773506738,
    0.007174227603815476,
    0.03557056854002795,
    0.033641750735392634,
    0.028461534437499943,
    0.01298646479888596,
    0.00042207031779410454,
    -0.0309524960960669,
    0.013382668882721424,
    0.030490228908159694,
    -0.046275716952661076,
    -0.0026298652239926065,
    0.11274457674199505,
    0.047905258138821204,
    0.03568372021124541,
    0.005905837687966476,
    -0.001582386931065339,
    -0.008020994522257198,
    0.012535632486036211,
    0.01659585574137845,
    0.0591877020080362,
    -0.040760127673114585,
    -0.06093803356838957,
    0.01936979413126016,
    -0.005201522893151746,
    0.08263021635952118
  ],
  "sum weights": 0.9999999455197668
}