{
  "mu_target": [
    -0.5,
    0.6000000238418579
  ],
  "mu_model": [
    [
      -0.5007835613693705,
      0.5973254508373216
    ]
  ],
  "diff": [
    [
      0.0007835613693705223,
      0.002674573004536329
    ]
  ],
  "sigma_integral": [
    0.0008380035964508951,
    0.0013567138727086665
  ],
  "within_band": [
    [
      true,
      false
    ]
  ],
  "toy_seed": 260,
  "weights": [
    0.009184087437841567,
    0.005122278939908342,
    0.045227881389168625,
    0.08002741831820046,
    0.024222529092770125,
    0.057956193343444894,
    -0.010272127859663815,
    -0.011017078992149027,
    -0.010258910640647179,
    0.010308735450340091,
    0.013150914039767867,
    0.0024003661079381655,
    0.0046111780756892175,
    -0.08395615302516259,
    -0.02440735515282454,
    0.04931376013645716,
    0.07975305618918498,
    0.055059008074619296,
    0.047093433934815056,
    0.03264218032858862,
    0.030303447545935416,
    -0.04668183061007209,
    0.028920538952625464,
    0.0443790944626066,
    0.06944804719620574,
    -0.04765753199450698,
    -0.015509239810516577,
    0.0508843562693225,
    0.029495769422099385,
    0.02402128126464316,
    0.0040780893903228045,
    0.06285139507791937,
    0.08323636475616003,
    0.054315730931364915,
    -0.009572338889131409,
    0.0032795932058877165,
    0.04751699607020918,
    0.058888848784267395,
    -0.007233660262722936,
    -0.011520461853320032,
    -0.032634704513132544,
    -0.06996230685397271,
    0.03507685832763155,
    0.010006291440423067,
    -0.012951496818750453,
    -0.036159274727369385,
    -0.033263458778552184,
    0.033618575470494724,
    -0.015290957857481665,
    0.0319121263693721,
    -0.03722329151138751,
    0.03831745517638298,
    0.0048393723638580875,
    0.08697802085257195,
    0.05417298863232584,
    0.020086011050897898,
    -0.0520703063265099,
    0.030062508691404744,
    0.06839574909317774,
    0.04648389876308555
  ],
  "sum weights": 0.9999999439420568
}