{
  "mu_target": [
    -0.5,
    0.6000000238418579
  ],
  "mu_model": [
    [
      -0.5001814500594709,
      0.5968815045323572
    ]
  ],
  "diff": [
    [
      0.0001814500594709001,
      0.003118519309500689
    ]
  ],
  "sigma_integral": [
    0.0008357478964160995,
    0.0013136769231559243
  ],
  "within_band": [
    [
      true,
      false
    ]
  ],
  "toy_seed": 281,
  "weights": [
    -0.007309310139885152,
    0.02148545296147204,
    0.007570693082494747,
    0.029150610158965983,
    -0.020910771624985447,
    -0.006782380591322244,
    -0.017929252995029496,
    -0.007811113741270239,
    -0.019460941786625604,
    -0.05015800474965422,
    0.04005987572515371,
    0.02211664738303416,
    0.007897629414762868,
    -0.07460024640817861,
    -0.03852433271640758,
    0.015667861461281407,
    0.05531751512058474,
    0.05265610901288391,
    -0.004885842363599585,
    -0.027201128522261954,
    0.12749338334528565,
    -0.020355678123645603,
    -0.009698639418173227,
    -0.01797328732928239,
    0.06080201953833149,
    0.014495446268297756,
    -0.01693123544012849,
    0.10574549932073696,
    -0.016751077799484433,
    -0.019235908333150132,
    0.03672774671516446,
    0.09807977407264111,
    0.054713506812964885,
    0.07157731521619075,
    0.040063552333620085,
    -0.02482781040197362,
    0.04500909885951759,
    -0.0196788584518531,
    0.033315911090741675,
    -0.015096647756315503,
    -0.0014787679434331612,
    0.006681549609469003,
    0.04453834456059234,
    -0.004085736186338445,
    -0.010632648852325465,
    -0.0394228552703908,
    0.06569412479815727,
    0.11840468055047024,
    0.02650857461008636,
    0.07849762089280679,
    0.03160327882131513,
    0.04434095852893457,
    -0.013220632761217904,
    0.06113333881001043,
    0.060574941048710085,
    -0.016343362991605534,
    -0.08629862042107933,
    0.007430318484112178,
    0.05639816748515464,
    0.06585349051798309
  ],
  "sum weights": 0.9999999434923108
}