{
  "mu_target": [
    -0.5,
    0.6000000238418579
  ],
  "mu_model": [
    [
      -0.5022188532252745,
      0.5965470921063762
    ]
  ],
  "diff": [
    [
      0.0022188532252744864,
      0.003452931735481668
    ]
  ],
  "sigma_integral": [
    0.0008306012932562157,
    0.0013392760774593112
  ],
  "within_band": [
    [
      false,
      false
    ]
  ],
  "toy_seed": 262,
  "weights": [
    -0.008833537027842238,
    0.048437456876368266,
    0.036246247075267,
    0.010718975108757314,
    -0.019908966765552066,
    0.006117836707809223,
    0.029434450231597,
    -0.0009929866012495041,
    0.037976574411785216,
    0.03872426241722001,
    -0.040565863444272085,
    0.04469122647783288,
    0.04061129951192853,
    -0.09347961157351267,
    -0.014595074795472346,
    0.06716354010446196,
    0.022818270873861436,
    0.082793469459121,
    0.044465650591378615,
    0.05588981307025749,
    0.024343715961990038,
    -0.04164517346174253,
    0.012099862672080753,
    -0.0001483413777593728,
    0.017557550234560487,
    0.045475259058949107,
    0.08617885806052321,
    0.08385496963502105,
    0.0763956254713537,
    0.0070757166886212045,
    -0.01706298423114856,
    0.039093172335225926,
    0.03911201266286782,
    0.0240016843084098,
    -0.06968885939153796,
    -0.018485126296104125,
    0.02968756192060186,
    0.05769907355335642,
    -0.02045025099747703,
    -0.02585389694429418,
    -0.04257871618605661,
    -0.012759111022973115,
    -0.006089974920956886,
    0.018628073299810647,
    0.045973551913990135,
    -0.05053332570852903,
    0.056598716733992555,
    0.04398861495696085,
    0.06127955397387368,
    0.02110976979263062,
    -0.02875798810056292,
    0.05695333524159262,
    -0.0037530763682322426,
    0.019650529179948802,
    0.04421967005699326,
    -0.02382579526379143,
    -0.01451508792406523,
    0.04856075007579593,
    -0.022603427516668204,
    0.051500411464029616
  ],
  "sum weights": 0.9999999362510257
}