{
  "mu_target": [
    -0.5,
    0.6000000238418579
  ],
  "mu_model": [
    [
      -0.501632726078303,
      0.5971149267554471
    ]
  ],
  "diff": [
    [
      0.001632726078303004,
      0.002885097086410826
    ]
  ],
  "sigma_integral": [
    0.0008302029801715377,
    0.0013437466728479677
  ],
  "within_band": [
    [
      false,
      false
    ]
  ],
  "toy_seed": 14,
  "weights": [
    -0.036458623315975436,
    -0.023808469192116828,
    0.0008820596616774012,
    0.03615703902082274,
    -0.01760423805278217,
    -0.0077734213465272435,
    0.002390630863717986,
    0.05882569857245094,
    0.033317063759834155,
    0.044907421726876104,
    0.0048486897952994,
    0.020365878767082488,
    -0.013744996299153609,
    -0.16825200055833525,
    0.011795941577061294,
    0.07549260146737422,
    0.015961973907549498,
    0.05848284635818769,
    0.011122524354199404,
    0.04085503896214976,
    0.07469614605195514,
    -0.007239596428264847,
    0.00015051748494338042,
    -0.002096904992002649,
    0.033023772784739114,
    0.013257496968408179,
    0.012121769087397437,
    0.09131957568105037,
    0.020131513185896156,
    0.05059131500639294,
    -0.030806115788191715,
    -0.03359345785579507,
    0.02808515303700904,
    0.03297384644364322,
    0.02245648473150897,
    0.0004764413322342355,
    0.12099002870155652,
    -0.04843350233309953,
    -0.006650790239725657,
    0.015976307364408426,
    0.04245857540691528,
    -0.03785191551707134,
    0.07316993930097883,
    0.0199334270267244,
    -0.018917586986391757,
    -0.061570818880769054,
    0.0761720231539216,
    0.03064284365888425,
    0.042277991601169955,
    0.04616801700439149,
    -0.02243337043768322,
    0.08138232909633532,
    0.07772971679204728,
    0.0009072306164683995,
    0.04936632662736321,
    0.006967902169316197,
    -0.038450187335893705,
    2.522250900798676e-06,
    0.022116539162593065,
    0.07473478106829112
  ],
  "sum weights": 0.9999999460319483
}