{
  "mu_target": [
    -0.5,
    0.6000000238418579
  ],
  "mu_model": [
    [
      -0.49972646482275496,
      0.5987622446596105
    ]
  ],
  "diff": [
    [
      0.0002735351772450434,
      0.0012377791822474338
    ]
  ],
  "sigma_integral": [
    0.0008341966584801906,
    0.0013276825180210373
  ],
  "within_band": [
    [
      true,
      true
    ]
  ],
  "toy_seed": 31,
  "weights": [
    -0.008816352490425535,
    -0.0197300485551937,
    -0.0018013667142880738,
    0.030054079860155573,
    0.053883646289230896,
    0.010181347488169928,
    0.00914399463052573,
    0.04588660312217319,
    -0.016975486373750136,
    -0.04590909036615624,
    0.030411943617257443,
    0.059591143619547295,
    -0.000748501340480422,
    -0.08194780924099664,
    -0.06201538384626817,
    0.029280737402001385,
    0.060982985698984714,
    0.033513277201264124,
    0.0150067392707553,
    0.002624570136172602,
    0.030087400422234855,
    0.09001393108206493,
    -0.044628785677604345,
    0.008673532867038319,
    -0.04905534500967628,
    -0.003625138945899464,
    0.04362163067649317,
    0.12024494425284095,
    -0.01956807400320438,
    0.04707362901590207,
    0.021986680319716616,
    -0.010403667750650084,
    0.013612860532242055,
    0.04238107798008696,
    0.03271012747025475,
    -0.009466153283392908,
    0.09876114033281173,
    -0.08811284777255665,
    -0.02766532635332298,
    -0.0310870009826994,
    0.0725157676808996,
    -0.026723385853320094,
    0.029693993073766804,
    0.0764081568508917,
    -0.05894195217862274,
    -0.016898885205907384,
    0.05945651679399786,
    0.07772695307447323,
    0.04946527218726091,
    -0.0450007817031479,
    0.04839236544895237,
    0.10716816697294707,
    0.03134644309164738,
    -0.04331046516205926,
    0.040003586638675544,
    0.06610568939631775,
    -0.07119824299093055,
    0.032230332702702584,
    0.03073600279317722,
    0.13265276566578257
  ],
  "sum weights": 0.9999999438588638
}