{
  "mu_target": [
    -0.5,
    0.6000000238418579
  ],
  "mu_model": [
    [
      -0.49971168870233446,
      0.5985284098911031
    ]
  ],
  "diff": [
    [
      0.0002883112976655444,
      0.001471613950754791
    ]
  ],
  "sigma_integral": [
    0.0008520725280326213,
    0.0013514388861789071
  ],
  "within_band": [
    [
      true,
      false
    ]
  ],
  "toy_seed": 43,
  "weights": [
    0.02898450280427478,
    0.016999076242821688,
    0.011297077404664723,
    0.05653713611387684,
    0.008203869790343482,
    0.06362109426833228,
    0.05497973961740359,
    0.07528322268528793,
    0.03232603622864945,
    0.00019502817704995893,
    -0.003849189493754808,
    0.042010706723055256,
    0.029791609314196974,
    -0.03558996771638762,
    0.007757040812084241,
    0.009659365118032103,
    0.050506847998487904,
    0.04786170263732912,
    0.04100327544602543,
    0.004447728201792721,
    -0.012954904366059977,
    -0.03417690342717821,
    0.00319898787263496,
    -0.039931186581196404,
    0.014952057575458004,
    0.030911608694339513,
    -0.04430458795402563,
    0.04697211476768246,
    0.041337578012587986,
    0.09174262073446676,
    -0.01530597995755587,
    0.11793747120612126,
    0.04113384767707526,
    0.03305109811444666,
    -0.0004999052371203152,
    -0.019343592764851612,
    0.03774881628670787,
    -0.055921566098127436,
    0.03165332192059623,
    0.0005852280361641548,
    0.005069777631163367,
    -0.03199529116743553,
    -0.007788115083623176,
    0.014515709217148814,
    -0.06054142670158759,
    -0.050946372427879166,
    0.03481095845948423,
    0.07708168874182926,
    0.017299448002611913,
    0.011147596646305854,
    0.035442889612343376,
    0.0884043312107593,
    0.024339367186810006,
    0.03789353602854903,
    -0.006623097966635482,
    0.006451452483304177,
    -0.08180297303272349,
    0.056488953911152065,
    -0.011142681038829776,
    0.031082169118491255
  ],
  "sum weights": 0.9999999477169701
}