{
  "mu_target": [
    -0.5,
    0.6000000238418579
  ],
  "mu_model": [
    [
      -0.5014560810547068,
      0.5986759684808984
    ]
  ],
  "diff": [
    [
      0.0014560810547068481,
      0.0013240553609594752
    ]
  ],
  "sigma_integral": [
    0.0008370948290783656,
    0.0013589820344328055
  ],
  "within_band": [
    [
      false,
      true
    ]
  ],
  "toy_seed": 157,
  "weights": [
    0.05805072681197499,
    -0.030871176527775792,
    0.0820608857233155,
    0.13779345158221148,
    -0.03668074600325854,
    0.07226793477252479,
    0.006156250017624017,
    0.0041904618311788665,
    0.03230549355007657,
    -0.015541037451402583,
    -0.060249643077936926,
    0.015066045915061015,
    0.001956359578109762,
    -0.06977569056016714,
    0.032735799167984365,
    0.013913276942022336,
    0.07312052089767758,
    0.11738282429900278,
    0.031657349854867844,
    0.016966589609496385,
    -0.016195611311652796,
    -0.006538461252641838,
    0.011678924540128229,
    -0.06624839735621395,
    0.017110414040588016,
    -0.028145453238241313,
    0.0030425236751195407,
    0.0680287226015886,
    -0.0071933459257097696,
    -0.048289738457880725,
    0.08316937688051664,
    -0.01117463615929095,
    0.00901432237768965,
    0.11927530365702399,
    -0.005725164692832834,
    0.004197191112171891,
    0.028691294545392362,
    -0.05810225127784866,
    0.01060363965001807,
    -0.01025691219454853,
    0.04519959098154949,
    0.031313426040689415,
    -0.027286541365346036,
    0.07628535740446842,
    -0.01746292817954416,
    -0.09109370316418396,
    0.042015762356559794,
    0.0825948982732422,
    0.002955980099636579,
    0.03127495245294533,
    0.04372471140326466,
    0.10919399305260528,
    -0.04282716053507992,
    0.054813757720134755,
    0.041911504371793445,
    -0.033900345430367435,
    0.005370947291620733,
    -0.035893982667153934,
    -0.0003149132859974846,
    0.102677223147012
  ],
  "sum weights": 0.9999999481138121
}