{
  "mu_target": [
    -0.5,
    0.6000000238418579
  ],
  "mu_model": [
    [
      -0.5017985228180931,
      0.5953815612097562
    ]
  ],
  "diff": [
    [
      0.0017985228180931179,
      0.00461846263210175
    ]
  ],
  "sigma_integral": [
    0.0008312906095331695,
    0.0013430773480238624
  ],
  "within_band": [
    [
      false,
      false
    ]
  ],
  "toy_seed": 17,
  "weights": [
    -0.05135488356138587,
    0.02579254785912342,
    0.017687660325857325,
    0.07587650955700369,
    -0.015988509944445464,
    0.06245352127030268,
    0.12536219923060624,
    0.0801454647638494,
    0.055699682057574126,
    -0.007899812252745192,
    -0.023314282767446924,
    0.0014108109511557286,
    0.01613354536470513,
    -0.05360137226596073,
    -0.048725381742387455,
    0.0015964653718865906,
    0.056818262453916635,
    0.0699023728748921,
    -0.005673931751110357,
    -0.028948853851830186,
    0.026270224329377524,
    0.021488881695022104,
    0.039020295097177866,
    0.020186152108846084,
    -0.007358922299338443,
    -0.010568220347640912,
    0.01784033378640534,
    0.11331551717126516,
    0.0893148567615076,
    -0.05487635383325809,
    0.021991219370766348,
    0.039480732509763486,
    0.0952245023848221,
    0.06305493493286189,
    -0.026457285530129455,
    -0.005496573890672046,
    0.005056406134079099,
    -0.027440089319771443,
    -0.022750789874130102,
    -0.003863943568864901,
    0.020803775894317176,
    -0.015455062801153807,
    0.05808888716647881,
    0.049237889551484955,
    -0.02063737123731981,
    -0.08701073258075849,
    0.06010738474843124,
    0.06836245464499487,
    -0.03451623955292851,
    0.03573369747606339,
    0.01659804186526154,
    0.05355503245104251,
    -0.03320288340123224,
    0.008351067101746122,
    0.035660075405834275,
    0.004023382903724845,
    -0.03976135733507297,
    0.024985771807235862,
    0.05136229573579903,
    -0.003090059946850503
  ],
  "sum weights": 0.9999999414587484
}