{
  "mu_target": [
    -0.5,
    0.6000000238418579
  ],
  "mu_model": [
    [
      -0.5004098886691252,
      0.6013707099980887
    ]
  ],
  "diff": [
    [
      0.0004098886691251691,
      0.001370686156230816
    ]
  ],
  "sigma_integral": [
    0.0008462431986966934,
    0.0013321120517917435
  ],
  "within_band": [
    [
      true,
      false
    ]
  ],
  "toy_seed": 50,
  "weights": [
    -0.04614047532426208,
    0.036690746497431016,
    0.030208134244200987,
    0.05461482678194278,
    0.032875430059907694,
    0.03605986841873239,
    -0.02846921641127241,
    0.07453158634196258,
    0.0026422788168307962,
    -0.06507918061664178,
    0.030411767335496925,
    0.01971895942641667,
    -0.021985133263849065,
    -0.0771224225134911,
    -0.06240253283286967,
    0.07133589926164581,
    0.0437151594799155,
    0.0445379002909224,
    0.02060408215754299,
    0.01876843727776237,
    0.0626339025254989,
    0.06201936958610815,
    0.028975406106494808,
    0.010225050959416067,
    0.003397383095441334,
    0.047038607853213774,
    -0.05363818109157075,
    0.0902525831995699,
    -0.024672587949974293,
    0.0010928834570042515,
    0.010931345417556314,
    0.09288313320522586,
    -0.0007949638422397774,
    0.048995793128134214,
    0.030881232520757182,
    -0.03558890297681261,
    0.04825471828874651,
    -0.04103944927819089,
    0.0554545765401584,
    0.026356041259952858,
    0.0312463500140091,
    -0.013104991955114864,
    -0.000616185349414787,
    0.05393784308365331,
    -0.0010601350066746279,
    -0.05628178199154704,
    0.029119355909358883,
    0.0016367091550098377,
    0.031195661182819308,
    -0.02281948357909707,
    0.04690211261943321,
    0.06684335136834671,
    0.044249884606734034,
    0.008183483886049904,
    0.004081834285691954,
    -0.0006120628347416848,
    -0.02198273669797133,
    0.06509009233267937,
    -0.03194325122215379,
    0.08675982844874208
  ],
  "sum weights": 0.9999999356886273
}