{
  "mu_target": [
    -0.5,
    0.6000000238418579
  ],
  "mu_model": [
    [
      -0.5029566024074082,
      0.5975209369286031
    ]
  ],
  "diff": [
    [
      0.0029566024074082486,
      0.0024790869132548243
    ]
  ],
  "sigma_integral": [
    0.0008390680874047655,
    0.001351909382302817
  ],
  "within_band": [
    [
      false,
      false
    ]
  ],
  "toy_seed": 96,
  "weights": [
    -0.001351488230188426,
    0.04712013215707179,
    0.047680654775878205,
    0.022891919682260918,
    0.020337121148925875,
    0.0050904768703107246,
    0.017709436330307204,
    0.030156981534068813,
    0.021570253131366693,
    -0.013447287442147111,
    0.023285403807949093,
    0.04694545908941059,
    0.034079009986966405,
    -0.07661574121457645,
    0.0028862861717477654,
    0.077690070896862,
    0.004945951179320109,
    0.11033760912865061,
    0.037565929383795674,
    0.028080285964262826,
    0.0015553793043371917,
    -0.04402600790290324,
    -0.023907957511050203,
    0.05163071488938623,
    0.019297003804087685,
    0.012059268215605832,
    0.001906982363803653,
    0.040577394852464234,
    -0.02971017227790365,
    0.00727306187095932,
    0.049333564580454195,
    0.024674894360910037,
    0.018231004292991914,
    0.05165256710475234,
    -0.013477603758520008,
    0.016301564408248374,
    0.006538476501723515,
    0.009858340212064196,
    0.04550324314697038,
    -0.04996041304706373,
    -0.033403485426363386,
    -0.01263433436267349,
    0.0002961662610439569,
    0.02226085715780109,
    -0.024802291412959327,
    -0.047745719764000744,
    0.013895670548674653,
    0.09127311776355328,
    -0.03299606514835485,
    0.04415861764888617,
    0.023927694373185628,
    0.09234450728650356,
    0.005981192511558601,
    0.045888151614497684,
    0.05079783973140186,
    0.02693672620611969,
    -0.01746007722656669,
    0.04674621216493664,
    0.04784730066526342,
    -0.025581912305002754
  ],
  "sum weights": 0.9999999380510665
}