{
  "mu_target": [
    -0.5,
    0.6000000238418579
  ],
  "mu_model": [
    [
      -0.5010539213503048,
      0.5971191556905765
    ]
  ],
  "diff": [
    [
      0.0010539213503047984,
      0.0028808681512814127
    ]
  ],
  "sigma_integral": [
    0.0008418833202085914,
    0.0013664825890337537
  ],
  "within_band": [
    [
      false,
      false
    ]
  ],
  "toy_seed": 172,
  "weights": [
    -0.021806876334634427,
    0.03490188453421169,
    -0.0209868793344408,
    0.031183486427733418,
    -0.005409531863888942,
    -0.009989073020816532,
    0.06080118869146851,
    0.0677918810674756,
    0.01756936308446111,
    -0.04704037059778967,
    -0.009782729306131511,
    0.0119668207453804,
    0.018877254188751854,
    -0.11090738192078721,
    0.02684403155205011,
    0.07095494927399852,
    0.06173737602902248,
    0.051560092864942626,
    0.0003270302297602456,
    0.05424843914121315,
    0.039965487576367614,
    0.03057297075433265,
    -0.008945345637408926,
    -0.02546784872523325,
    -0.012897801852897623,
    -0.015475325505125984,
    -0.007148342438350937,
    0.09387674777466856,
    0.05397180251188816,
    -0.012464019529509596,
    0.015237831098816627,
    0.08768620982399009,
    0.02744768566147572,
    0.02747128381017148,
    -0.0002167954074005077,
    0.005944188381839316,
    0.06748132835881117,
    -0.04644728649711721,
    0.03561804262922706,
    -0.008167799828475835,
    0.043194676548003914,
    -0.04820256476588169,
    0.012171972495300448,
    0.0005211848092939411,
    -0.11700489206587956,
    -0.06631208992732802,
    0.0169457453528855,
    0.09880998849511682,
    0.04035220423346995,
    0.0328418695570896,
    0.04178359730426876,
    0.09496254280216766,
    -0.012868755344462775,
    0.05325643048811616,
    0.1099465980314741,
    -0.03126481230624817,
    -0.006031800076136983,
    0.021555367916265,
    0.020020759775802643,
    0.06443795655966716
  ],
  "sum weights": 0.9999999482950337
}