{
  "mu_target": [
    -0.5,
    0.6000000238418579
  ],
  "mu_model": [
    [
      -0.5012467722536961,
      0.598344163211442
    ]
  ],
  "diff": [
    [
      0.0012467722536960713,
      0.0016558606304158952
    ]
  ],
  "sigma_integral": [
    0.0008357526649392297,
    0.001356345010352339
  ],
  "within_band": [
    [
      false,
      false
    ]
  ],
  "toy_seed": 97,
  "weights": [
    -0.031423027257302186,
    0.006805784354248452,
    0.009817306052452481,
    0.05824639932336988,
    0.024229604613525083,
    0.044991180758002666,
    0.07585260852347256,
    0.057908507383306364,
    0.0054778441249696734,
    -0.06320636553755661,
    -0.034539112314598844,
    0.031880445098965,
    0.019911006003239338,
    -0.03556076234199617,
    -0.0011025283228810196,
    0.06686641962583191,
    0.06615347604429174,
    0.04912930366949652,
    0.04584748403437764,
    0.06973300030040734,
    0.04302335905333465,
    -0.01879860983284081,
    -0.06926553098387717,
    0.002635899559707267,
    0.06005602658020928,
    0.056554614203521814,
    0.011796592370779211,
    0.07772050645776347,
    0.05254446679905425,
    -0.0005659720152952766,
    -0.02428931733147433,
    0.03404658238572476,
    0.015693938235155042,
    0.006038751235766823,
    0.014685343539076386,
    0.0010156272781024066,
    0.04552941916868865,
    0.018493897215746197,
    0.007974823620404118,
    0.02126464174872546,
    -0.04651005972611165,
    -0.06702464794794563,
    0.03194237912780893,
    0.01467332498054722,
    -0.0459507636832157,
    -0.035787067793109466,
    -0.005446049415173167,
    0.1392522440479633,
    -0.0048535257440675324,
    0.009648692219449369,
    -0.005782499254587477,
    0.09520752785831162,
    -0.05386519381920901,
    -0.02262668537961992,
    0.03066066368498947,
    0.0046336166449093405,
    -0.02252625131310665,
    0.037504818344160154,
    0.04221975153156354,
    0.08145603309825407
  ],
  "sum weights": 0.9999999408857048
}