{
  "mu_target": [
    -0.5,
    0.6000000238418579
  ],
  "mu_model": [
    [
      -0.5007550546783508,
      0.5977954080093705
    ]
  ],
  "diff": [
    [
      0.0007550546783507972,
      0.002204615832487433
    ]
  ],
  "sigma_integral": [
    0.000832628680332241,
    0.001337549637753918
  ],
  "within_band": [
    [
      true,
      false
    ]
  ],
  "toy_seed": 261,
  "weights": [
    -0.022233232282262767,
    -0.04155139044738634,
    -0.016931056480928772,
    0.037866513759309085,
    0.016499722580524033,
    0.08087959921207333,
    -0.015161595750318392,
    -0.02139798819079801,
    0.0036604405576457417,
    0.019620942706111796,
    -0.02467335025932927,
    0.023471904101470934,
    -0.003163445413338222,
    -0.00232166153360487,
    0.008742468536726554,
    0.07403695448086317,
    0.05410901804600138,
    0.016564359738264693,
    0.036308030433614684,
    0.031096534627951946,
    0.11305036516676262,
    -0.012449691636533729,
    -0.010609475347202036,
    -0.01777315149801101,
    0.013696536954815177,
    0.028846906862931797,
    -0.0195938708011141,
    0.0939197193571185,
    0.11260270348175706,
    -0.03715038286321239,
    0.005466672395317589,
    0.032334760435492486,
    0.07784873772440629,
    0.05765933057388487,
    -0.006969548088394694,
    -0.012792489211180409,
    0.05938277750716522,
    0.026587893800882164,
    -0.016551821001535332,
    0.027497718176511476,
    0.019812074643572916,
    0.010449350445975131,
    -0.01192821478457031,
    -0.03596868866767532,
    0.017665386306579354,
    -0.046066115322770475,
    0.04696192204742893,
    0.08373581850830364,
    -0.04952827997338116,
    0.015081415699504391,
    -0.00545368024016347,
    0.07036366396294307,
    0.001467309137455379,
    0.020186630013534216,
    0.01487849373064062,
    0.011505605722114263,
    -0.03250059838097521,
    0.05788388895789107,
    0.009775927384080464,
    0.03125156746656524
  ],
  "sum weights": 0.999999937069505
}