{
  "mu_target": [
    -0.5,
    0.6000000238418579
  ],
  "mu_model": [
    [
      -0.5014124721680555,
      0.5983539610921846
    ]
  ],
  "diff": [
    [
      0.001412472168055512,
      0.0016460627496732716
    ]
  ],
  "sigma_integral": [
    0.0008352415179120914,
    0.0013263985998259366
  ],
  "within_band": [
    [
      false,
      false
    ]
  ],
  "toy_seed": 117,
  "weights": [
    0.01762731309233066,
    0.014718396930886422,
    0.009838773501291921,
    0.12012471490514082,
    -0.028111611659668113,
    0.031087498147184003,
    -0.034720709388268434,
    0.025780025353726078,
    0.03784149061599798,
    -0.05080220091315552,
    0.004542191377888855,
    0.002182816066698907,
    0.0002821208602596419,
    -0.06464945227587178,
    -0.012665844395355596,
    0.022284737470151365,
    0.006101923243467302,
    0.09402584085703937,
    0.02828206896727433,
    0.02305119667095544,
    0.036350907388612276,
    -0.013430924037257265,
    0.0372595941008297,
    -0.005920831673557251,
    0.003484062947957138,
    -0.0060792416125501425,
    -0.04152890933464876,
    0.047135409954214794,
    0.00858872552526097,
    -0.02016275091512199,
    0.06852946967333992,
    0.014326487046465554,
    0.059839711951050735,
    0.023987758914392775,
    0.008891364428520234,
    -0.010626817936729177,
    0.09058493171183644,
    0.006735918051865233,
    0.07300724775319871,
    0.03106526204282774,
    0.03794347948716126,
    -0.06974510561342828,
    -0.020807688734573573,
    0.11954758305587856,
    -0.08809716570959837,
    0.0018845963794272983,
    0.09404200868622738,
    0.0814773173674202,
    -0.0210886142017299,
    0.06792192051092345,
    0.012240884752960054,
    0.08703047315139399,
    -0.014776559105594932,
    0.01753687537928682,
    0.03897337717907951,
    0.004956566271282657,
    -0.039142430426341135,
    -0.012798456577431285,
    -0.006732884691665801,
    0.050775095397786664
  ],
  "sum weights": 0.9999999379669458
}