{
  "mu_target": [
    -0.5,
    0.6000000238418579
  ],
  "mu_model": [
    [
      -0.5017977854510788,
      0.5985686004289806
    ]
  ],
  "diff": [
    [
      0.0017977854510787816,
      0.0014314234128772751
    ]
  ],
  "sigma_integral": [
    0.0008251868323966413,
    0.001344121970708431
  ],
  "within_band": [
    [
      false,
      false
    ]
  ],
  "toy_seed": 119,
  "weights": [
    -0.004395883036257327,
    -0.0188636206246032,
    0.06456675881730513,
    0.06367815396845984,
    0.0003125186326524806,
    0.05879089505043977,
    0.01995435886583632,
    0.013933214142999124,
    0.05843773116850461,
    0.0136442627976005,
    -0.04542119473496919,
    0.02958729496098496,
    0.021014395222983893,
    -0.0574155592875501,
    -0.05581234040132838,
    0.0179741389781612,
    0.05236359370921376,
    0.07760452154481022,
    0.04211147040445212,
    0.04171463382746931,
    -0.038343977311585356,
    -0.010295821449954095,
    0.01434338228767645,
    -0.06835217577242422,
    -0.026404575662037258,
    0.025187625766474566,
    -0.025360102276579276,
    0.04257194617662488,
    0.06621960949904165,
    -0.034709441838812714,
    0.1040278281410327,
    0.04262251880368525,
    0.06183351380618465,
    0.011986570331153893,
    -0.03674396397323516,
    -0.023950447228595444,
    0.0469027649103364,
    -0.04232559537242713,
    0.014869298634328747,
    -0.00829537435215078,
    0.010976116136846632,
    -0.01256238922300095,
    -0.01987040679110073,
    0.06731241252765845,
    0.0069865284106250345,
    -0.08136031511967431,
    0.10091473216280646,
    0.014752196205557396,
    0.025787494177475275,
    0.05485396885662448,
    -0.019661693806082566,
    0.13715910720095892,
    0.04550714276597983,
    0.03818328845274519,
    0.04264498638128821,
    0.00818368713409505,
    0.00039847492366758443,
    0.020352465082097933,
    0.015454994163386035,
    0.03442422284052753
  ],
  "sum weights": 0.9999999396083844
}