{
  "mu_target": [
    -0.5,
    0.6000000238418579
  ],
  "mu_model": [
    [
      -0.4996933007602653,
      0.6000744717117616
    ]
  ],
  "diff": [
    [
      0.0003066992397346979,
      7.444786990373764e-05
    ]
  ],
  "sigma_integral": [
    0.001495457186458841,
    0.0024996151979874474
  ],
  "within_band": [
    [
      true,
      true
    ]
  ],
  "toy_seed": 135,
  "weights": [
    -0.061069833520736756,
    -0.046235145726531195,
    0.020130167348108748,
    0.07405181758413218,
    0.036715412988366176,
    0.09018884421120452,
    -0.05590162299710281,
    0.01903830668530698,
    0.25407903723812747,
    0.014853105647530656,
    0.021428123744468446,
    -0.017390443097543878,
    -0.035634834779943725,
    -0.037586004532273974,
    0.18558654477273667,
    -0.03156328209772291,
    0.06627471762324601,
    -0.08463203465270304,
    -0.023824064946517474,
    0.07340301814073555,
    0.13628184127997606,
    -0.018430593744785312,
    0.07580050770840255,
    0.011473465377835538,
    -0.08332893761038619,
    -0.03063586069743201,
    0.0375566829867514,
    0.06472134079738247,
    -0.025345863532914258,
    0.11331251313076629,
    0.04692563410542783,
    0.0017680869056378513,
    0.04732234158211812,
    0.07282335943510365,
    -0.011742062663617995,
    -0.042141127519362255,
    0.11093274352294406,
    -0.029696135211599882,
    0.03360725653662345,
    -0.006346463633419225,
    -0.055696069557543776,
    0.08074714487526051,
    0.03708609911541296,
    -0.025828305867503894,
    -0.07108141561356547,
    -0.0024178322769309165,
    -0.03223434888456843,
    -0.09657072434073903,
    0.09608395924407795,
    0.025569111979300754,
    -0.030924811325161363,
    0.009398115907821743,
    0.04135595590404308,
    0.06814295129975195,
    -0.017748424743886024,
    -0.011097174745501745,
    0.09243959290892342,
    -0.07084264617310432,
    -0.018377486521038995,
    0.015225689660830388
  ],
  "sum weights": 0.9999999392342187
}