{
  "mu_target": [
    -0.5,
    0.6000000238418579
  ],
  "mu_model": [
    [
      -0.49783388068459716,
      0.598174167279633
    ]
  ],
  "diff": [
    [
      0.002166119315402837,
      0.0018258565622248923
    ]
  ],
  "sigma_integral": [
    0.001506345754496604,
    0.0024457811084988646
  ],
  "within_band": [
    [
      false,
      true
    ]
  ],
  "toy_seed": 21,
  "weights": [
    -0.058999205385619105,
    0.04074298329170487,
    -0.03300833660945703,
    0.08140544252938328,
    -0.08503485421438417,
    0.044526519306886225,
    0.01019593742876878,
    0.09962934306636853,
    0.11312456575642058,
    0.008407106724482187,
    0.04996473383001729,
    -0.04343324293008995,
    -0.013909270645611406,
    0.0165961403087492,
    0.09386492760866604,
    0.08111711808854895,
    0.09074400346775406,
    0.03533553558949413,
    -0.04993706943670597,
    0.1312215070813016,
    0.018832118193926196,
    0.02677178178301839,
    0.02467252760594781,
    0.1145227493870752,
    0.02913744629662566,
    -0.0347611554716665,
    0.0106419629850127,
    0.05559014218577008,
    0.06675859548306715,
    -0.002592327037325809,
    -0.0018407325712935605,
    -0.04131189135324894,
    -0.018137759675036624,
    -0.04314791623614181,
    -0.1273366940525727,
    -0.10336766490390768,
    0.10588601531606429,
    -0.0848207384328121,
    0.11389281120135092,
    0.05276176193932866,
    0.057513873975371894,
    0.049274357708291916,
    -0.035626734958400214,
    -0.05264592657837831,
    -0.05347316405649978,
    0.07156060149565013,
    0.04447714825674941,
    0.04560356114121527,
    0.05754062405855486,
    -0.0068589844330772835,
    -0.05187633394619837,
    0.02462556793959025,
    -0.0035052565140554744,
    0.08525550953103166,
    -0.053416895872230405,
    -0.097485473251198,
    0.015577767742665347,
    0.07250607679046353,
    0.07128580882236099,
    -0.015037102364992347
  ],
  "sum weights": 0.9999999429867743
}