{
  "mu_target": [
    -0.5,
    0.6000000238418579
  ],
  "mu_model": [
    [
      -0.5000072760390414,
      0.6042045192150477
    ]
  ],
  "diff": [
    [
      7.276039041381743e-06,
      0.004204495373189787
    ]
  ],
  "sigma_integral": [
    0.001519782055181566,
    0.002452993941405821
  ],
  "within_band": [
    [
      true,
      false
    ]
  ],
  "toy_seed": 132,
  "weights": [
    0.024825577370060064,
    -0.11453937003451917,
    0.16520647672387406,
    0.061224400907660084,
    -0.04024435198142604,
    0.04018762858800878,
    0.0882921176881905,
    0.0337203880367916,
    0.02186642041871451,
    -0.10205262087452972,
    0.09847844591055302,
    -0.04900481868103021,
    -0.07053808522637503,
    -0.10963233690166052,
    -0.03035993777069045,
    0.009923983298061205,
    0.0303302316797624,
    0.019432618369406986,
    0.016070173943719884,
    -0.04362005341336172,
    0.05322519129228113,
    -0.04519960122704654,
    0.03540259436565582,
    0.06378124997744739,
    0.024823730421351508,
    -0.018987488689049634,
    -0.04014453808298948,
    0.17783745410478224,
    -0.06275693321465309,
    0.12004472935137357,
    0.10530101448046014,
    0.02437596460122206,
    -0.04852795459475304,
    0.040603445818778075,
    -0.06545530828497316,
    -0.034786023847779506,
    -0.002275111843144478,
    0.031870845241387766,
    0.17957881761576078,
    0.08610530836845026,
    -0.07855480656334445,
    0.05280971866950141,
    -0.010998649848722949,
    0.1324934800594236,
    0.1561395382523063,
    0.02717830235008972,
    -0.03274599584371831,
    -0.11035432542268248,
    0.04754739523973458,
    0.09849202578704898,
    0.01581742406072874,
    -0.06467815215913025,
    0.038732608183210386,
    0.03925647298269626,
    -0.026906717681751693,
    -0.006119444681046643,
    -0.04722428083348048,
    0.08020324526674862,
    -0.03963789758714282,
    0.05416571544882781
  ],
  "sum weights": 0.9999999295850683
}