{
  "mu_target": [
    -0.5,
    0.6000000238418579
  ],
  "mu_model": [
    [
      -0.5017015508495689,
      0.6006533608966108
    ]
  ],
  "diff": [
    [
      0.0017015508495689113,
      0.0006533370547529005
    ]
  ],
  "sigma_integral": [
    0.0014995833105009573,
    0.002438893456787068
  ],
  "within_band": [
    [
      false,
      true
    ]
  ],
  "toy_seed": 134,
  "weights": [
    -0.035555983324102744,
    0.029984925231483734,
    0.06721644868765685,
    0.03522860005533735,
    0.0540242847439156,
    0.051992164882403186,
    -0.022538719510939192,
    0.03521732619269515,
    0.08007763113664339,
    0.05899545898971055,
    0.021173424948256407,
    0.08237694665649112,
    -0.05344212648907488,
    -0.0534137030175372,
    0.0770271077397897,
    0.054675489152563324,
    -0.03558211453074242,
    -0.0032021074164461415,
    -0.012424535659948792,
    0.28015475212369134,
    -0.018225607868485913,
    0.03700305503117416,
    0.03204546083244506,
    0.03948351784019057,
    -0.020570536592009046,
    0.011709719480819477,
    -0.016440743141051466,
    -0.09234384201837222,
    0.0048666600641137266,
    0.06013857122051393,
    0.029308378251347637,
    0.08535656964913835,
    -0.07475031736173886,
    -0.06380398453501408,
    -0.10565502573285487,
    -0.017831923024409845,
    0.09735018285514717,
    0.04467436346848116,
    0.08488871552286316,
    -0.04054041201506936,
    -0.002109572320846412,
    -0.10282092815222414,
    0.03032851989340904,
    -0.08172096993378967,
    0.009704174439366524,
    0.0378252297624702,
    -0.02320840298057499,
    -0.020915311092089245,
    0.11129771050820605,
    0.2617375232999606,
    -0.09959701225130163,
    -0.13430891193915084,
    0.005527610349528755,
    0.08239749090917488,
    0.07209523308990431,
    -0.01993577895404276,
    0.12109706834208861,
    -0.06989279232184724,
    0.002121067319435685,
    0.03172992228183014
  ],
  "sum weights": 0.9999999427685828
}