{
  "mu_target": [
    -0.5,
    0.6000000238418579
  ],
  "mu_model": [
    [
      -0.500007657337501,
      0.5966934036169245
    ]
  ],
  "diff": [
    [
      7.657337500965866e-06,
      0.003306620224933443
    ]
  ],
  "sigma_integral": [
    0.0014904351060888344,
    0.0024954408814272166
  ],
  "within_band": [
    [
      true,
      false
    ]
  ],
  "toy_seed": 266,
  "weights": [
    0.01275886554955171,
    0.01157952915880125,
    0.023473373619764714,
    -0.006889701201654225,
    0.0006845175751096917,
    0.03854974325508071,
    0.0912230934310708,
    0.07398974295054588,
    0.029337475872995178,
    -0.0008066718579705866,
    0.10260389498076151,
    -0.029793567573941027,
    0.05252064033651148,
    -0.139162270233968,
    0.035143153978368966,
    0.07315585100736954,
    0.031843188163355074,
    0.12793511920349876,
    0.08446809696077999,
    0.09884844129377175,
    0.029783219461249042,
    0.00039679880322537187,
    0.04833170700036716,
    -0.052810463151703735,
    -0.03252460058354565,
    0.1704956528844056,
    0.02975468582387695,
    -0.019248314865623707,
    -0.0843732814483393,
    0.06251946289260803,
    0.049824054125741174,
    -0.06130614704066796,
    -0.01108130133279511,
    -0.06494325998324715,
    -0.001985187282957122,
    -0.09277041905804104,
    -0.029748683767958098,
    -0.0011977830351403887,
    0.03795482369325725,
    0.02269613861488208,
    0.07373401384513387,
    0.027126784249728836,
    0.01061338374858483,
    -0.195895973271664,
    0.13039364364410774,
    0.07633934077385056,
    -0.14084860191212126,
    -0.023516808328399783,
    0.051294730011024775,
    0.017579994716391094,
    -0.019755634423190765,
    -0.05452424288493931,
    0.008151896796131772,
    0.10647953445340871,
    0.05152739062238963,
    -0.030934159146005148,
    0.008186324103278993,
    0.07083919587736427,
    0.08171797819089398,
    0.04026153749030299
  ],
  "sum weights": 0.9999999467756682
}