{
  "mu_target": [
    -0.5,
    0.6000000238418579
  ],
  "mu_model": [
    [
      -0.5016323757284685,
      0.6004618155091535
    ]
  ],
  "diff": [
    [
      0.001632375728468527,
      0.00046179166729554133
    ]
  ],
  "sigma_integral": [
    0.001496655359733931,
    0.0024938737366559287
  ],
  "within_band": [
    [
      false,
      true
    ]
  ],
  "toy_seed": 136,
  "weights": [
    0.029742388231499835,
    -0.0624912703220249,
    0.09371884536567279,
    -0.09876639274302758,
    -0.004871331967287122,
    0.037411738414699906,
    0.09609060286721596,
    0.2749692644637659,
    -0.13576105032580976,
    0.06016323857439082,
    0.018294388104635382,
    0.018652167219790242,
    0.07609991846437147,
    -0.08925710626340123,
    -0.042738400480016765,
    0.09896935617392559,
    0.06986118005836482,
    0.022425167356942513,
    -0.05364514623277276,
    0.10601049643838202,
    0.0340914586855139,
    -0.028576785047645322,
    0.08891501207668537,
    0.04105551805377727,
    -0.021862547760402137,
    0.08643847861662499,
    0.03825377492756095,
    -0.01992666263550445,
    -0.11534130204693815,
    0.10348364854799538,
    0.01813657420721637,
    -0.08868516816686839,
    -0.08825499474696416,
    -0.00896241269127685,
    -0.10959679266117585,
    -0.06359321786064435,
    0.015289368878129577,
    -0.08974611538754383,
    0.09224645139762344,
    -0.07868916315852532,
    0.09369386806647768,
    0.14970488135971427,
    0.0029009501051951384,
    -0.06236225899058776,
    0.03077537790254932,
    0.09127755829835853,
    0.02253379830419747,
    -0.11066408603819414,
    0.08236335117248834,
    0.18672835746907743,
    0.0174163634198234,
    -0.10196097760932181,
    0.08091540919302075,
    0.06607606479707033,
    0.10156291188040037,
    -0.13756312265571774,
    0.04033299885142467,
    0.06833787658766356,
    0.09117878108182487,
    -0.03280133224927989
  ],
  "sum weights": 0.9999999475731401
}