{
  "mu_target": [
    -0.5,
    0.6000000238418579
  ],
  "mu_model": [
    [
      -0.5013827878995438,
      0.5994002653285523
    ]
  ],
  "diff": [
    [
      0.0013827878995438248,
      0.000599758513305626
    ]
  ],
  "sigma_integral": [
    0.001515789016578091,
    0.0024750916104881266
  ],
  "within_band": [
    [
      true,
      true
    ]
  ],
  "toy_seed": 130,
  "weights": [
    -0.026049458265045403,
    -0.07806159398028634,
    0.031634086360766665,
    -0.02834746336843504,
    5.055909268745148e-05,
    0.14290019631713188,
    -0.017451287962012996,
    -0.02253646472392339,
    0.07948709109639485,
    -0.025668916488778334,
    0.1439517874865369,
    0.06695885828559764,
    0.020813155940246107,
    -0.06383009581019936,
    -0.0235255439546004,
    -0.03775575245894115,
    0.03908227453053537,
    0.08332140360751694,
    0.0076226062291372375,
    0.1028123593107821,
    0.046072671697510524,
    0.005596565319725392,
    0.023909677588385865,
    -0.03210036606004226,
    0.12106999752644139,
    0.07179093625083992,
    0.07065321375166589,
    0.08101010959836623,
    0.025979887780143547,
    0.042117502951146885,
    0.0963244356732364,
    0.19196693391701866,
    0.015041245724564677,
    -0.0696575869560854,
    -0.085088484292634,
    -0.09376429865120048,
    -0.01079376246526918,
    -0.05239002175282619,
    0.15403912499536868,
    -0.08167838802632954,
    -0.0620452145397578,
    -0.1334213996456572,
    -0.06779435553334957,
    -0.02476821170525424,
    -0.08713927552761104,
    0.11694697965081818,
    -0.02654134102971652,
    -0.0467220362436058,
    -0.07657270456209993,
    0.0741930533937386,
    0.02934498418623896,
    -0.021789605635416653,
    0.012352071593072094,
    0.0293222274059668,
    0.005426092097157793,
    0.12424863728652548,
    -0.015165004942963961,
    0.13838015614584345,
    0.0029595689896308947,
    0.11327812494490558
  ],
  "sum weights": 0.9999999421436029
}