{
  "mu_target": [
    -0.5,
    0.6000000238418579
  ],
  "mu_model": [
    [
      -0.49886561132238366,
      0.6020926692548741
    ]
  ],
  "diff": [
    [
      0.001134388677616338,
      0.0020926454130162364
    ]
  ],
  "sigma_integral": [
    0.0014946461765312877,
    0.0024522252021467643
  ],
  "within_band": [
    [
      true,
      true
    ]
  ],
  "toy_seed": 55,
  "weights": [
    -0.025811133678579873,
    0.009704079542908091,
    0.07228547652413385,
    0.020123854872642045,
    0.062594912294709,
    0.18626055105816502,
    0.0430744787611299,
    0.018781968357666445,
    0.15897066764694645,
    -0.08025676987176521,
    -0.13166476359346377,
    -0.0287139805528038,
    -0.05367178832403913,
    -0.03765946166662869,
    0.06416690815787472,
    0.05640897868268925,
    -0.021508596475742346,
    0.060799988794589636,
    0.08838558633013313,
    0.07279624160550652,
    0.06941117871396298,
    0.003424117807834791,
    0.012351343568463242,
    -0.02299228120989695,
    0.022565342316163757,
    -0.03392437951215303,
    0.005236990475090139,
    0.03659511777698006,
    0.005353337214243714,
    0.10210479381909732,
    0.029800366628900458,
    -0.09312264078869166,
    -0.015397612946520268,
    -0.03266890518881457,
    -0.13489708316217458,
    -0.01763914937051417,
    0.016004726009843213,
    0.0324324593504042,
    0.040098887420967406,
    -0.022877266799987438,
    -0.05016185585749057,
    0.004820321858543557,
    0.0159125262153888,
    -0.1652525828092788,
    0.06647322030397931,
    0.02561403955187959,
    -0.00403812872478721,
    -0.03860515648260429,
    0.0829235186693868,
    0.09496542684212038,
    0.04645268064298027,
    0.0284328802376536,
    -0.004876227476722185,
    0.14445172142846524,
    -0.09321467933789088,
    -0.12531615860624706,
    0.20548929296895033,
    0.03519493926507637,
    0.19720815844452028,
    -0.003400531695791006
  ],
  "sum weights": 0.999999946027402
}