{
  "mu_target": [
    -0.5,
    0.6000000238418579
  ],
  "mu_model": [
    [
      -0.5014016872609499,
      0.5947221066511246
    ]
  ],
  "diff": [
    [
      0.0014016872609499131,
      0.005277917190733339
    ]
  ],
  "sigma_integral": [
    0.0014949123421500949,
    0.00249429036073139
  ],
  "within_band": [
    [
      true,
      false
    ]
  ],
  "toy_seed": 140,
  "weights": [
    0.0219712812700805,
    0.01963786802044872,
    0.0417650479404161,
    0.12820125498147703,
    0.008199825048080985,
    0.028091989780897438,
    0.056463069236738,
    0.04630675755130302,
    0.07002265861632015,
    -0.07871027190358373,
    -0.0045792977773446274,
    0.050025395051097356,
    -0.08457273010979272,
    -0.15241827439594255,
    -0.04685593778314842,
    0.010638095326674295,
    0.0023485971160651597,
    0.05866059758453771,
    0.09987602890729036,
    -0.007951189100464804,
    0.06935928391863962,
    0.032435377674456825,
    0.006534538125541833,
    0.07116586098996878,
    0.0709685817180226,
    -0.0011915447029213484,
    -0.04866310919871986,
    0.020509547817751248,
    0.014374517300322374,
    -0.002206052942939739,
    0.1263399520873088,
    0.030138885792247185,
    0.01099492307382646,
    0.0105281666879768,
    -0.04579235928325081,
    -0.03625955339087271,
    0.06315594836328987,
    0.010346285139823068,
    0.020665056237521146,
    0.004288957294328931,
    -0.04257108520897714,
    0.0538003604396355,
    0.10211592556716785,
    0.036027444390056576,
    0.003896159173279343,
    0.11899101355108586,
    -0.037314849554155545,
    -0.06872150017320725,
    -0.038912196326138786,
    -0.0012440627043898305,
    -0.006372379141947417,
    -0.004487985326048548,
    -0.06074802901514786,
    0.11441960655755382,
    0.07017321252121335,
    0.05158154631811973,
    0.06063471639788388,
    -0.09473813909400983,
    0.005730835838893961,
    0.04292532542662661
  ],
  "sum weights": 0.9999999477009653
}