{
  "mu_target": [
    -0.5,
    0.6000000238418579
  ],
  "mu_model": [
    [
      -0.49983400284953405,
      0.5995002971105473
    ]
  ],
  "diff": [
    [
      0.00016599715046594632,
      0.0004997267313106013
    ]
  ],
  "sigma_integral": [
    0.0014926923378067896,
    0.0024499664040571697
  ],
  "within_band": [
    [
      true,
      true
    ]
  ],
  "toy_seed": 217,
  "weights": [
    0.021311857854394815,
    -0.05243748794080969,
    0.011495766770959603,
    0.027144237630660616,
    0.05555885736327482,
    0.09831953667375382,
    0.07398659676137098,
    0.03527296764372811,
    0.09785749046908937,
    0.13922435593100874,
    -0.005087440487148374,
    0.040423610968205355,
    0.005322683174073696,
    0.012661565923945272,
    0.034511953078616577,
    -0.03089776729369981,
    0.0461547710498247,
    -0.05406029117967408,
    -0.10156413707912788,
    0.20218051563328282,
    0.041171477479182095,
    0.066260104860065,
    0.009401885262554489,
    -0.01906325505104838,
    0.08646963079288209,
    -0.024600850409032246,
    -0.0008442756445038801,
    0.0937808242051481,
    -0.029957459674659036,
    0.008517326238348288,
    0.02183531808949816,
    -0.0374020638104137,
    0.06698412322747681,
    -0.04168292363519383,
    -0.07873572997957404,
    -0.12231104552563589,
    0.03439145353003825,
    0.07785279274612268,
    -0.043036958597560446,
    0.0435011747428096,
    0.029584500419062784,
    -0.06719439025935671,
    0.047314558765925156,
    -0.053542785097131514,
    -0.05186142898609921,
    0.07088924441082499,
    -0.03782118187103801,
    -0.046607477006851285,
    0.12706486337419068,
    0.18291334578826976,
    -0.12711753490292704,
    -0.06242900898388925,
    0.06958840177859854,
    0.01810750549712916,
    0.01768338044154686,
    -0.14161751504144968,
    0.12863158482097858,
    0.15348735253488202,
    0.013960370799818593,
    -0.08094504658385183
  ],
  "sum weights": 0.9999999316908661
}