{
  "mu_target": [
    -0.5,
    0.6000000238418579
  ],
  "mu_model": [
    [
      -0.5006293674261859,
      0.5984474510826203
    ]
  ],
  "diff": [
    [
      0.0006293674261859117,
      0.0015525727592375915
    ]
  ],
  "sigma_integral": [
    0.001482559805204643,
    0.002430915709033917
  ],
  "within_band": [
    [
      true,
      true
    ]
  ],
  "toy_seed": 227,
  "weights": [
    0.03182566479932081,
    -0.10542172230856181,
    -0.07066911752309031,
    0.021298022599929883,
    0.009029814827725783,
    -0.11250959766588403,
    0.009801760118335818,
    0.06424691932579225,
    0.2076488641980191,
    0.01874279220213267,
    0.027671026241599977,
    -0.1575921238265453,
    -0.05256705851134055,
    -0.08627816752709529,
    0.03973361750045088,
    -0.06140775232497034,
    -0.06548745294431745,
    -0.03210049708884776,
    -0.07542284532257754,
    0.0644074713813289,
    0.08531593232116719,
    0.03507480544387757,
    0.055221595654273085,
    -0.08581056188247256,
    0.14559719374725205,
    -0.0028168622371146645,
    0.10497650222508449,
    -0.003331489422770852,
    0.0002450104801810999,
    0.014050442892865991,
    0.059145417530024856,
    -0.010869851706246351,
    0.03567784537949913,
    -0.01638197711262081,
    -0.01792065864859813,
    0.054552228384691114,
    0.06151983035370144,
    0.013661965828839983,
    0.043726422095166216,
    -0.08042580785251023,
    0.07260135699153535,
    -0.011453241900635226,
    0.007985591378239952,
    0.05338375768297834,
    -0.02094434256872229,
    0.09724772068757585,
    0.14397803402062342,
    0.08635143913350989,
    0.07607178804437845,
    0.16011729938176625,
    -0.047316072993444515,
    -0.004938095423298154,
    0.038913606854814306,
    -0.023600557323860818,
    0.03574519067694177,
    0.03715560430553591,
    0.17066417696178052,
    0.0489052833463417,
    -0.03364641961971709,
    -0.05337978866912695
  ],
  "sum weights": 0.9999999325929129
}