{
  "mu_target": [
    -0.5,
    0.6000000238418579
  ],
  "mu_model": [
    [
      -0.5029702284765826,
      0.6010385157955647
    ]
  ],
  "diff": [
    [
      0.0029702284765825704,
      0.001038491953706755
    ]
  ],
  "sigma_integral": [
    0.0015000684028473102,
    0.002446561742949069
  ],
  "within_band": [
    [
      false,
      true
    ]
  ],
  "toy_seed": 212,
  "weights": [
    -0.01620985398759523,
    -0.05089974326495198,
    0.06210860999714747,
    0.09545033688623793,
    -0.057429579005516276,
    0.0508244068733427,
    0.07810039216780085,
    0.005139504882001992,
    -0.0735198495399905,
    0.06254647512014992,
    -0.01722866684840735,
    -0.027142539060877817,
    -0.0036516927841914876,
    -0.06640410179898534,
    0.10023373508283695,
    -0.017025733048674236,
    -0.02721671705485887,
    0.0006944859111679177,
    0.0965863455396658,
    0.09331815903273881,
    0.023171682687943777,
    0.0403483139787567,
    0.020408198353866154,
    0.0494274270353839,
    -0.013390570481035301,
    0.0224918328422451,
    0.10438240144354646,
    -0.035788397041431254,
    0.04473261543301161,
    0.102472570897201,
    0.0899855629761426,
    -0.18710035866990776,
    -0.015919760885350836,
    -0.06369941161535515,
    0.04335831279193954,
    -0.04187626884398405,
    0.03560945513253681,
    -0.039447803553912336,
    -0.009874391033090806,
    -0.026808183088929485,
    0.08063468733921629,
    0.06747232355119619,
    -0.03935213200655296,
    -0.009172874166215901,
    -0.004248408157612547,
    -0.003919177247777385,
    0.013354865272573704,
    -0.019414652473946182,
    0.10548594312144441,
    0.15221987566371456,
    0.02841188532433919,
    -0.027874389420515674,
    0.021218311795826804,
    0.00252548312098455,
    0.11833559831115809,
    0.05202911772270336,
    -0.030276339222568713,
    -0.023921467275878436,
    0.09847092942846784,
    -0.012736857406028953
  ],
  "sum weights": 0.9999999267331462
}