{
  "mu_target": [
    -0.5,
    0.6000000238418579
  ],
  "mu_model": [
    [
      -0.5049142212193042,
      0.601237742575885
    ]
  ],
  "diff": [
    [
      0.004914221219304182,
      0.0012377187340271156
    ]
  ],
  "sigma_integral": [
    0.0014816244056283052,
    0.0024852384827157726
  ],
  "within_band": [
    [
      false,
      true
    ]
  ],
  "toy_seed": 223,
  "weights": [
    0.01712805078824077,
    -0.04688015475277841,
    0.11033445581577533,
    0.17267832725000362,
    0.044157842133301504,
    0.04979926267570103,
    0.07099801914131358,
    0.12672727691568592,
    0.05771279022419825,
    -0.011681771513807525,
    0.005056200650535949,
    0.0004304224359150697,
    -0.05120179367916919,
    0.03730665095671227,
    0.021766454721955292,
    0.10975991622221333,
    -0.023093957150105957,
    0.11963347988976725,
    0.07390137177495555,
    0.053044960766729994,
    -0.04391045248794985,
    0.03414156698312752,
    0.08967593286174541,
    0.07656314369149055,
    0.029003164801338778,
    -0.04981365022236027,
    -0.04997874498177028,
    0.07267471762405471,
    -0.15427880579476883,
    -0.0181437573895835,
    0.039175497567843075,
    -0.07773622164145833,
    0.04162295575635929,
    0.037007980189495006,
    -0.18388678530741479,
    -0.009223140507165318,
    0.04425170280817966,
    -0.06022016056686443,
    0.1840301082554386,
    -0.12624855542360205,
    -0.14859142036945866,
    0.14250878973274678,
    0.01915938794003826,
    0.07224551324390019,
    0.06011838190535907,
    -0.04342421102921472,
    0.1602185277026175,
    -0.08211832126918434,
    0.020760050261696784,
    0.05596646414320925,
    -0.06325258959867072,
    -0.02401542846204652,
    0.14042611400379507,
    -0.034084001733797005,
    -0.00339300447924059,
    -0.036642823719605,
    0.006359549620002197,
    -0.0440734331125097,
    0.033226177793975166,
    -0.043678081423461565
  ],
  "sum weights": 0.9999999426334301
}