{
  "mu_target": [
    -0.5,
    0.6000000238418579
  ],
  "mu_model": [
    [
      -0.5026621410801626,
      0.6030971959660444
    ]
  ],
  "diff": [
    [
      0.0026621410801626055,
      0.003097172124186476
    ]
  ],
  "sigma_integral": [
    0.0010243505329103867,
    0.0016493949261933258
  ],
  "within_band": [
    [
      false,
      false
    ]
  ],
  "toy_seed": 145,
  "weights": [
    0.011708341929093842,
    -0.10973614303902168,
    0.029671940762563395,
    0.056724235133640735,
    0.04586925024156203,
    -0.017409108526191923,
    0.012660580215601304,
    0.06085724571719467,
    0.0351306972937742,
    0.03405975427457096,
    -0.001838580933588971,
    -0.001985965645964614,
    0.009394968970799784,
    0.08446353373469032,
    0.07596490835939855,
    -0.029448437570631127,
    -0.005184923123340554,
    -0.10403617574473392,
    0.041727831544656875,
    0.07940019655051321,
    -0.03792973544611261,
    0.02308835458997253,
    0.07402738428028041,
    -0.03745219757494506,
    0.013244386750954342,
    0.03471877272089637,
    0.060117657866490724,
    0.03389877490134664,
    0.024424618193518124,
    0.05136313956498736,
    0.059347805335849504,
    0.03667385218150659,
    -0.09801820484684012,
    0.10631381974165025,
    0.06732126151158838,
    0.0108180097962612,
    -0.028028744884218307,
    -0.051258877908508554,
    0.13123377838565498,
    -0.07698798552405002,
    0.016626617439015126,
    -0.05883334512745601,
    -0.07562939321559362,
    0.1578989154959202,
    -0.0012730305353200735,
    -0.022435322331594724,
    0.00293583836131657,
    -0.030847307109450075,
    0.016088903660528765,
    0.04388561352972571,
    0.03844581271419967,
    0.07887160371414272,
    0.007286741227722705,
    0.07247904221162652,
    -0.02842785425067585,
    0.000749422618047034,
    0.01173470085101302,
    -0.0374216751174371,
    0.01602992319577246,
    0.08692471383914853
  ],
  "sum weights": 0.9999999409515214
}