{
  "mu_target": [
    -0.5,
    0.6000000238418579
  ],
  "mu_model": [
    [
      -0.4984887017324318,
      0.5984811277739469
    ]
  ],
  "diff": [
    [
      0.001511298267568184,
      0.001518896067911002
    ]
  ],
  "sigma_integral": [
    0.001001628976796191,
    0.001611787408727482
  ],
  "within_band": [
    [
      false,
      true
    ]
  ],
  "toy_seed": 57,
  "weights": [
    0.021999322119898697,
    0.01826682875464503,
    0.032910418893508056,
    0.07211751404142651,
    0.09651106119800909,
    -0.06252755681038329,
    -0.08806540286936958,
    0.11856681152187469,
    0.052403702809363406,
    0.021973547939934442,
    -0.04653578741438374,
    -0.01872841705232921,
    -0.012094659394567258,
    0.03988105415087733,
    0.09045193158879988,
    -0.031093926465460667,
    -0.0024903296281979033,
    -0.015059525811182821,
    0.025465935254133123,
    0.04511631451895002,
    0.060669362360561786,
    -0.005182643968430376,
    -0.005221258832272381,
    0.03349934126823566,
    0.0012222013334639544,
    0.030755321226997447,
    -0.00832542203680934,
    0.012693706736185075,
    0.08385490938965838,
    -0.040473281559833735,
    0.08082364303454743,
    0.062324271616538446,
    0.029607791422340136,
    -0.001215262748568969,
    0.09881308550332256,
    0.013802437226212822,
    -0.019438782886446206,
    0.00968853540773572,
    0.08135633671595181,
    0.02284135951167861,
    0.15520241529690026,
    -0.05174419121176034,
    -0.11152304254493714,
    0.1152457273820611,
    0.0032364527362872906,
    0.030965888305014937,
    -0.001994802313147342,
    -0.044429540433526454,
    -0.009923678968938558,
    0.070122084089208,
    0.0011628028808257577,
    -0.004928134291853906,
    -0.03665298434902059,
    -0.03105673527633278,
    -0.014489943997344257,
    -0.030641629977003006,
    -0.010496505318908618,
    0.012534552237030287,
    -0.015454103500382536,
    0.07370081568462558
  ],
  "sum weights": 0.9999999344954125
}