{
  "mu_target": [
    -0.5,
    0.6000000238418579
  ],
  "mu_model": [
    [
      -0.49976102913712145,
      0.5980482793763979
    ]
  ],
  "diff": [
    [
      0.0002389708628785514,
      0.0019517444654599814
    ]
  ],
  "sigma_integral": [
    0.0010121903060682498,
    0.0016395908959240865
  ],
  "within_band": [
    [
      true,
      false
    ]
  ],
  "toy_seed": 16,
  "weights": [
    0.08601312353914625,
    -0.03994460757274396,
    0.006739497441277081,
    0.019279243711802434,
    0.09283257519237993,
    -0.003872293189851069,
    0.05156607624024412,
    0.04483391666972456,
    0.0586272292857968,
    -0.09214169631551344,
    -0.05516494551718168,
    -0.015145702477776213,
    -0.02919289570930395,
    0.13177325667711248,
    0.02217586790285932,
    -0.02299309769165499,
    -0.022486645733966613,
    0.009875959771583002,
    0.0113638214542282,
    -0.019406578968892977,
    -0.004944244938170614,
    -0.00868217189873681,
    0.10392839478295454,
    0.018704729528028995,
    0.0006918596101786702,
    0.05013311039585069,
    0.03586522850598839,
    0.014266119336367759,
    -0.01662933228300163,
    0.006532405449216053,
    0.10817493598203874,
    0.020383193189264483,
    0.026193950498870112,
    0.003579773460843773,
    0.04702870957951218,
    -0.060269375370968284,
    -0.041806544116584445,
    0.0009101541877101726,
    0.09335190082764587,
    -0.007583538979400526,
    0.027353886193561317,
    -0.06390842777396531,
    -0.00687860270457078,
    0.08754490430284273,
    0.047637670200475137,
    -0.0895196119580197,
    0.025688739289065423,
    0.0648704859411672,
    0.008643228046038664,
    0.0999386728383815,
    0.10682289007127248,
    -0.016689906253237595,
    -0.055662749138551,
    0.03938888180834982,
    0.028760115599042742,
    0.033161536902996766,
    0.006193603737599809,
    0.027006098186774435,
    0.012799961601925794,
    -0.007712795334648235
  ],
  "sum weights": 0.9999999440133785
}