{
  "mu_target": [
    -0.5,
    0.6000000238418579
  ],
  "mu_model": [
    [
      -0.49987404346432057,
      0.5977314279143451
    ]
  ],
  "diff": [
    [
      0.00012595653567942788,
      0.0022685959275128287
    ]
  ],
  "sigma_integral": [
    0.0010175872332861115,
    0.0016339939900095707
  ],
  "within_band": [
    [
      true,
      false
    ]
  ],
  "toy_seed": 270,
  "weights": [
    0.013926593647051712,
    -0.011243334763824412,
    0.0031388608039726665,
    0.035761953333691525,
    0.03373092796484732,
    -0.05009379074207263,
    -0.06201109808174046,
    0.12137882585608017,
    -0.03274847135403031,
    0.00638649262858096,
    -0.04994326009745537,
    0.005878492896158156,
    0.07123054829494531,
    0.06576629951813036,
    0.05106541545125203,
    0.043425988600837885,
    -0.02930688793830339,
    -0.06780827764784887,
    0.04272352041205664,
    0.05013206959782641,
    0.06936084052417736,
    -0.04536827090882966,
    0.03305177927322823,
    0.05624505806304643,
    0.058372214448325965,
    0.07596429553180747,
    0.03433775373683976,
    0.037968004129222556,
    0.04165723108040646,
    -0.02259487770481334,
    0.06274584891476705,
    0.015608718995868926,
    0.0411009078050128,
    0.1105725430369884,
    0.06203207342256745,
    0.049237657054037286,
    -0.021961116562045354,
    -0.033096947754328955,
    -0.0009405886912380124,
    -0.05823093338493277,
    -0.03303723964815675,
    -0.046969124676615674,
    -0.03408081537714065,
    0.1616237344750586,
    -0.03819166895034106,
    0.05280573070944182,
    0.02208150244191835,
    -0.06395978503091443,
    0.0030743098024955443,
    0.01745522504511334,
    0.06422890884396452,
    -0.008905920375587364,
    -0.025525640307266027,
    0.033117701862321706,
    -0.002571988174963423,
    0.0239425431519952,
    -0.004660902723174997,
    -0.02560539238215938,
    0.02247824207885994,
    0.07524745831895853
  ],
  "sum weights": 0.9999999384740714
}