{
  "mu_target": [
    -0.5,
    0.6000000238418579
  ],
  "mu_model": [
    [
      -0.5001062966527147,
      0.6024883537744915
    ]
  ],
  "diff": [
    [
      0.00010629665271466582,
      0.002488329932633593
    ]
  ],
  "sigma_integral": [
    0.0010155817617597603,
    0.0016238539424869194
  ],
  "within_band": [
    [
      true,
      false
    ]
  ],
  "toy_seed": 185,
  "weights": [
    -0.009722016499267936,
    -0.006702948273633695,
    -0.004044442193764495,
    0.0035243732186663046,
    0.0025975579759251154,
    0.01915089875044397,
    0.04970109414658608,
    0.09717654680940611,
    0.024288857343545158,
    -0.0866655955649085,
    -0.059525181027210695,
    -0.06696941066299522,
    0.053506998057582245,
    0.14889023060363704,
    0.06714809856441832,
    -0.006426024428902684,
    0.005235650069407577,
    -0.03731748995953401,
    0.04995580702683199,
    -0.05763841262525876,
    -0.004649700882592382,
    0.017172494681619927,
    -0.007908925374477646,
    0.016182628533501792,
    0.012040503732653184,
    0.08549264785577178,
    0.059698393494351874,
    0.053647879656972174,
    0.03939581725077348,
    -0.002900562316313997,
    0.06588030340981697,
    0.09617959175860083,
    0.06541450322737713,
    0.01816748893158771,
    0.0749045418447654,
    0.04163102327284863,
    -0.034592018872091776,
    -0.011042292415732121,
    -0.07687184110000524,
    -0.022298192641174757,
    0.05902469546059967,
    -0.02119182320670925,
    -0.04254369345549021,
    0.09532818600759743,
    0.004389656875289336,
    -0.0969568796729202,
    0.019337281201668957,
    0.05275885978388073,
    -0.011812080435887851,
    0.05947213499760029,
    0.08011106069603513,
    0.024939389320543605,
    -0.023075514915732703,
    0.027192370363324635,
    -0.024501906129994085,
    0.03448271357837771,
    0.020275613960164068,
    -0.0015275729820725878,
    0.0008643995852226687,
    0.0717241789301619
  ],
  "sum weights": 0.9999999453408861
}