{
  "mu_target": [
    -0.5,
    0.6000000238418579
  ],
  "mu_model": [
    [
      -0.49942340164331495,
      0.5998471518060291
    ]
  ],
  "diff": [
    [
      0.0005765983566850541,
      0.00015287203582881048
    ]
  ],
  "sigma_integral": [
    0.0010229854220897207,
    0.0016420635340800229
  ],
  "within_band": [
    [
      true,
      true
    ]
  ],
  "toy_seed": 255,
  "weights": [
    0.03225851770779426,
    0.00618830340897105,
    -0.07400876689902067,
    0.04882347574886185,
    0.03788467631767095,
    -0.026196634638098775,
    -0.039857057363192526,
    0.04874170081045536,
    0.059334637686344185,
    -0.031517435215898636,
    -0.043721540182158,
    -0.023724599607997193,
    -0.020144887507459693,
    0.06403758258466147,
    0.09644508238465557,
    0.003152222669590654,
    0.0012148346988887927,
    -0.053484886458293204,
    0.013027221892345172,
    0.04375173915457057,
    0.009774833919473327,
    -0.025479101191992648,
    -0.00619483426506421,
    -0.04268462457135892,
    0.0317525917785008,
    0.05657739859850336,
    -0.017477010749656196,
    -0.003649560708295993,
    0.10718019017488815,
    0.007528839288326609,
    0.0202796099699012,
    0.03574669720532337,
    0.019781392884718918,
    0.02804229489076607,
    0.11024261403297841,
    0.025878417436318225,
    0.016168343895035835,
    -0.0032614362814327056,
    -0.05013986578944246,
    -0.010822074432466971,
    0.0037177291729020992,
    -0.06565170686097425,
    -0.014063224417089352,
    0.1522809829118643,
    0.06732324235321817,
    -0.040484575560239114,
    -0.004428609450835355,
    0.0024465784723278635,
    0.014445472935262509,
    0.08513968316933625,
    0.0688433001037424,
    0.03453639117773609,
    -0.022799792781287652,
    -0.004622925449890334,
    0.04308232049191059,
    0.06558462067245376,
    0.02798450455489567,
    0.004765904640402851,
    0.08137659119183174,
    0.04907455273489827
  ],
  "sum weights": 0.9999999433401819
}