{
  "mu_target": [
    -0.5,
    0.6000000238418579
  ],
  "mu_model": [
    [
      -0.4991381390343915,
      0.6005471765262355
    ]
  ],
  "diff": [
    [
      0.0008618609656084741,
      0.0005471526843775498
    ]
  ],
  "sigma_integral": [
    0.0010017559323186277,
    0.001643539889073355
  ],
  "within_band": [
    [
      true,
      true
    ]
  ],
  "toy_seed": 104,
  "weights": [
    0.04997362442906975,
    -0.048476382662081687,
    0.0005591995252850968,
    0.04205215427735403,
    -0.04712834256990413,
    0.004389503689697589,
    -0.03759692945095613,
    0.07476002516012287,
    0.04523239468990032,
    -0.005363268386017191,
    -0.023475108951643,
    -0.057043465440083645,
    0.09544379736279214,
    0.03601396598087444,
    0.00956707037785675,
    -0.010484366274394344,
    0.006585572456488973,
    -0.02735703251484851,
    0.030534121774850268,
    -0.0012930923516953094,
    0.005214773181972662,
    0.014238409639895668,
    -0.09291205856422861,
    0.06173479310343226,
    0.0591588728408803,
    0.06868109131113674,
    0.03637839050491551,
    0.04375069408092023,
    0.037763744634860555,
    -0.05247142036818737,
    0.09994962253427374,
    -0.0523457525873159,
    0.045237111531933036,
    -0.05896024053737472,
    0.08882666212381174,
    0.07785537173144538,
    0.0242694072175445,
    -0.008688821979928306,
    0.08381345598397544,
    -0.04633604941300137,
    0.05613125122365073,
    -0.051298096545292333,
    -0.024357817276494526,
    0.1593190975977074,
    -0.00341698666148827,
    -0.05132693639408507,
    0.059974325743527374,
    0.03476232669829413,
    -0.014602725757602722,
    0.05117077620542705,
    0.11372173078331012,
    0.05988980656876207,
    -0.031056140132415665,
    0.08547728242289554,
    -0.05100756768189591,
    0.008874704504643784,
    -0.00524742491480538,
    0.018160586744018496,
    -0.008810436618707134,
    0.021590686225225694
  ],
  "sum weights": 0.9999999408283052
}