{
  "mu_target": [
    -0.5,
    0.6000000238418579
  ],
  "mu_model": [
    [
      -0.4999552918091198,
      0.5992419812014553
    ]
  ],
  "diff": [
    [
      4.4708190880204945e-05,
      0.0007580426404025786
    ]
  ],
  "sigma_integral": [
    0.0010183224440248827,
    0.0016292664158300437
  ],
  "within_band": [
    [
      true,
      true
    ]
  ],
  "toy_seed": 249,
  "weights": [
    0.021220547114428775,
    -0.015500847103721824,
    0.018932878803303726,
    0.050502516494664106,
    0.15079607207619575,
    0.004641811024675001,
    -0.027553903634458227,
    0.09991673896150233,
    -0.028067363752598308,
    0.0098464707037854,
    -0.008231259498789,
    0.004525060523993318,
    -0.06919066934009858,
    -0.015741152380655658,
    0.06721920526968668,
    0.02146808993348784,
    0.03781984662083583,
    -0.10814924721884314,
    0.044215431457269506,
    0.020985876625652104,
    0.04051321907207506,
    -0.0415207520051368,
    0.05609214947821457,
    0.05679340604865581,
    0.06555767348240113,
    0.07406956616170658,
    -0.023767778379030262,
    0.02847115619579011,
    0.023780414793187817,
    0.06385543792500037,
    0.025169682466992818,
    -0.010060892986188688,
    -0.02779526895072208,
    0.12817562776299268,
    0.16558819656253146,
    0.05952618960042719,
    0.007619040118964852,
    -0.002318899459605847,
    0.04218207601990723,
    -0.0017481562022157223,
    0.09810759485052467,
    -0.051575509901240345,
    -0.05462469770151305,
    0.09068375056002882,
    -0.02195204676268714,
    -0.03613499573829529,
    -0.05212850121094052,
    -0.024282288352315565,
    -0.03396535846854248,
    0.05138008454680046,
    0.025563562368798528,
    0.028955963114984752,
    -0.04989482070380928,
    0.003955831180020108,
    0.037353908964536456,
    -0.02461625317798477,
    -0.031357701644774645,
    -0.04804197062969141,
    3.9139576695605284e-05,
    0.08269605591170363
  ],
  "sum weights": 0.9999999371685625
}