{
  "mu_target": [
    -0.5,
    0.6000000238418579
  ],
  "mu_model": [
    [
      -0.4992711194059331,
      0.5976601703973654
    ]
  ],
  "diff": [
    [
      0.0007288805940668941,
      0.002339853444492501
    ]
  ],
  "sigma_integral": [
    0.0010187708214493693,
    0.0016333664963632609
  ],
  "within_band": [
    [
      true,
      false
    ]
  ],
  "toy_seed": 27,
  "weights": [
    0.03106635837892385,
    -0.085290990961012,
    -0.0410937170279197,
    0.026899868033283644,
    0.06728935266855594,
    -0.005957303710066661,
    -0.09369163211851393,
    0.05127257242191753,
    0.08966095487593066,
    0.00011187500644336911,
    -0.03375254452370693,
    -0.1066532433751834,
    0.04465282379825812,
    0.11662065818959859,
    0.1901737287451515,
    0.0341624947394846,
    7.280637780654598e-05,
    -0.05345495672513603,
    -0.00748483990064465,
    -0.01623824583429205,
    -0.013138875025164554,
    0.008798151759571675,
    -0.018086009801854302,
    0.014804959609092382,
    0.037564942510580776,
    0.049972919877645725,
    0.00655737623311497,
    0.029500641407999354,
    0.12696664799480537,
    0.011942438274515228,
    -0.006032645383201707,
    0.03375207207462587,
    0.015207323667540747,
    -0.03449014601537764,
    0.1535593003531746,
    0.015952949733068777,
    0.023724951333596592,
    0.006570690142977458,
    0.04636070014109539,
    0.06416436898128092,
    0.033406046773375636,
    -0.04121715116373496,
    -0.10523807834330272,
    0.08698601415338403,
    0.0033817946160924423,
    0.11463126908575677,
    -0.03176732226072715,
    0.020363005511797788,
    -0.01238830155340545,
    0.0859572080740879,
    0.017090614475670507,
    0.01919042283258221,
    -0.01682037460932411,
    0.013752614830651018,
    -0.023913270507214007,
    0.0401759842204181,
    0.006892479179475882,
    -0.03499831754893403,
    0.046824711807003074,
    -0.004328186484834173
  ],
  "sum weights": 0.9999999400167854
}