{
  "mu_target": [
    -0.5,
    0.6000000238418579
  ],
  "mu_model": [
    [
      -0.49833928323582183,
      0.6005549783406398
    ]
  ],
  "diff": [
    [
      0.0016607167641781717,
      0.0005549544987818456
    ]
  ],
  "sigma_integral": [
    0.001023687911567948,
    0.001626790538935158
  ],
  "within_band": [
    [
      false,
      true
    ]
  ],
  "toy_seed": 47,
  "weights": [
    -0.025844883223348783,
    0.0416739543939914,
    0.026745352893815362,
    -0.011226025674788274,
    0.019455385325466475,
    -0.03677131985464572,
    0.03506091151274169,
    0.08430400197061562,
    0.021487632974420724,
    -0.034404308523771514,
    -0.034585615359160236,
    0.020331857922847595,
    0.0641907235800021,
    0.06307460038185131,
    0.08615497670159858,
    -0.01036778449194639,
    0.016125147698075614,
    -0.04457570595763095,
    0.011725944509661815,
    0.024467462342910633,
    -0.03506062161435357,
    -0.017785536964808796,
    0.026608342623715444,
    0.03133753004968197,
    0.1292604350444911,
    0.03252584178342333,
    0.007033193732564194,
    -0.05163767399386563,
    0.08587710456153802,
    0.03568887262955218,
    0.032236421445109464,
    -0.006732032546292426,
    -0.02082222686068771,
    -0.008525430307269126,
    0.02159734516925956,
    -0.034231266618335865,
    0.04702399757914957,
    0.00315960532719133,
    0.07372126056510862,
    -0.02521033502480791,
    0.10421257337561035,
    -0.00678088942500155,
    -0.0609638063527234,
    0.13420694063833152,
    -0.010914120453842132,
    0.011712414308745641,
    0.012802342402252543,
    0.039888028557343004,
    -0.009844781462366786,
    0.040395277843388366,
    -0.03905638277221638,
    -0.017404315592621362,
    -0.01409226542443842,
    0.006708449492226699,
    0.02621859445612821,
    0.016263816523605975,
    0.03656708445376187,
    0.0240925541277558,
    0.018696773028274154,
    0.04420452057180465
  ],
  "sum weights": 0.9999999439990895
}