{
  "mu_target": [
    -0.5,
    0.6000000238418579
  ],
  "mu_model": [
    [
      -0.49860637063379926,
      0.5992387613397673
    ]
  ],
  "diff": [
    [
      0.0013936293662007437,
      0.0007612625020906316
    ]
  ],
  "sigma_integral": [
    0.001028608379616195,
    0.001636195159201695
  ],
  "within_band": [
    [
      false,
      true
    ]
  ],
  "toy_seed": 56,
  "weights": [
    0.11328058887144885,
    -0.05572403145652859,
    0.011061775889418925,
    -0.012314031809357837,
    0.03294521705742322,
    0.000461807870444599,
    0.027833978019122057,
    0.09359336783498855,
    0.033361204699446,
    -0.034425378505813245,
    0.005180192433016087,
    0.013660506098421366,
    -0.010144631046188535,
    0.09611167682957913,
    -0.0030047171916246416,
    0.02168703828248853,
    -0.0715499611055687,
    -0.05264629321654505,
    0.01999373369626587,
    -0.06168796960247474,
    0.031321650331572325,
    -0.058877418417181235,
    0.021088782035414175,
    0.025579447333307307,
    -0.009115703391253192,
    0.03218453052358077,
    0.03154160552612929,
    0.05364352369179386,
    0.03675564197023564,
    0.04647494285524995,
    -0.010617034384331545,
    0.0006669989238327922,
    0.021807881912756236,
    0.038447223208482574,
    0.1499042858804964,
    -0.023103250277379674,
    -0.02393997877545353,
    -0.057476521443511924,
    0.12043927844604821,
    0.04910720166723341,
    0.06317593800666989,
    -0.0028834481746250105,
    -0.04997071404479304,
    0.12596976569973162,
    0.06141196351584964,
    -0.032260679106205545,
    0.04060921324842302,
    0.04524530217522436,
    -0.05660608046112189,
    0.07380592275955565,
    0.09816126950916679,
    -0.014472012592039988,
    -0.04840766348699566,
    0.0300358902329626,
    -0.023676786683592875,
    -0.009811300595865389,
    -0.025020202497964186,
    0.00862684433252338,
    0.0010313040625237187,
    0.0715282580921605
  ],
  "sum weights": 0.9999999452565712
}