{
  "mu_target": [
    -0.5,
    0.6000000238418579
  ],
  "mu_model": [
    [
      -0.5000857956091552,
      0.6037541349355231
    ]
  ],
  "diff": [
    [
      8.579560915522588e-05,
      0.003754111093665191
    ]
  ],
  "sigma_integral": [
    0.001017565323703975,
    0.0016321179242037315
  ],
  "within_band": [
    [
      true,
      false
    ]
  ],
  "toy_seed": 244,
  "weights": [
    0.006350755428677708,
    0.01593014759322542,
    0.021063480572674726,
    0.0513048854560943,
    0.09537593482100137,
    -0.00654546668767712,
    0.10830079157637398,
    0.09269844519112935,
    0.02249088992461296,
    -0.006604498102785675,
    -0.013656551784821579,
    -0.009087776918352091,
    -0.049714771750664265,
    0.06179141385409675,
    0.09296667507057395,
    -0.012997476784976173,
    -0.015224807878495459,
    -0.04805070783500442,
    0.05010326826938924,
    0.0830070145701012,
    0.007630766002899344,
    -0.04046543756241715,
    0.01682843017575213,
    0.048265614796999,
    0.052066974741317835,
    0.031784621455620214,
    -0.03440497010937375,
    0.02696255549120441,
    0.0224343580684146,
    0.06420851724723442,
    0.037455272523871715,
    0.03286451004728388,
    0.029745450867182856,
    -0.0019231927099878385,
    0.08165051860414095,
    -0.045855544363183835,
    0.011415293317508736,
    -0.054660229116766025,
    0.06302731192321503,
    0.03388269818189504,
    0.1260382717895364,
    -0.03413459291586038,
    -0.07905068971499483,
    0.07846163605393809,
    -0.012781387342519481,
    -0.01052768906436319,
    0.005065628913051289,
    -0.09704739984211515,
    -0.04541326159838794,
    0.03069374823779032,
    0.002777450511304558,
    0.032881275972271806,
    -0.02888882694430501,
    0.045191194079088545,
    -0.017066741144224157,
    -0.004480548803333171,
    0.04090733727633858,
    -0.06007818853968692,
    0.07382120766772696,
    0.03121634975266726
  ],
  "sum weights": 0.9999999385119094
}