{
  "mu_target": [
    -0.5,
    0.6000000238418579
  ],
  "mu_model": [
    [
      -0.5008284592154165,
      0.5984501837624242
    ]
  ],
  "diff": [
    [
      0.0008284592154165216,
      0.0015498400794337064
    ]
  ],
  "sigma_integral": [
    0.0010224541833024532,
    0.0016297310978999472
  ],
  "within_band": [
    [
      true,
      true
    ]
  ],
  "toy_seed": 199,
  "weights": [
    0.003652746697720697,
    -0.06945809580540113,
    0.06346306700871851,
    0.015478743772058164,
    0.01840653171990803,
    6.778552485285676e-05,
    0.12483406660548838,
    0.00254898915325838,
    0.09159706235679982,
    -0.025801951449647018,
    -0.10873525655555905,
    -0.051714858927419276,
    0.016099810906036117,
    0.026990285477626896,
    0.11169460316924726,
    0.048552560268102375,
    0.060714924358831066,
    -0.05035143570667619,
    -0.026332086510649482,
    0.049714753560025214,
    -0.003404039919629367,
    -0.08203823144181231,
    0.060004591357500754,
    0.01510141192446055,
    0.017895685081456784,
    0.01009572064631104,
    0.03826629829365565,
    0.03444019681896623,
    0.042501513311074046,
    -0.05896825670013406,
    0.04803626901666598,
    -0.04223530498600993,
    0.07098427383828297,
    -0.0469669052700399,
    0.12850428399924396,
    -0.008381434000788864,
    0.012552442624757609,
    0.0026754662098352673,
    0.10089499546518854,
    0.01754619576333888,
    0.09723732741179927,
    -0.03131926403734027,
    -0.04635509024040442,
    0.08957892473868355,
    0.0065358009398423485,
    -0.009149094120152997,
    0.02529394331001985,
    0.024018038415465334,
    0.029785065838906805,
    0.004384784040616785,
    -0.010015311185383518,
    0.04825087471939782,
    0.030751707678381562,
    0.02444768097181178,
    0.052196613133137705,
    -0.024844711147288378,
    -0.041220248462600556,
    0.042242533333878375,
    -0.02316133888131966,
    0.05241428932483194
  ],
  "sum weights": 0.9999999434379288
}