{
  "mu_target": [
    -0.5,
    0.6000000238418579
  ],
  "mu_model": [
    [
      -0.49942989311108305,
      0.5978626630189772
    ]
  ],
  "diff": [
    [
      0.0005701068889169547,
      0.0021373608228807406
    ]
  ],
  "sigma_integral": [
    0.0010249408417534551,
    0.0016324228124976728
  ],
  "within_band": [
    [
      true,
      false
    ]
  ],
  "toy_seed": 256,
  "weights": [
    0.027946996937752933,
    0.041171466194152156,
    -0.05233182072558439,
    0.047424572118428945,
    0.008527627228719662,
    0.005801418932946503,
    0.08601323004205524,
    0.12611837364996661,
    0.011456279939726284,
    -0.01707437093813874,
    -0.035300303740551944,
    -0.059708275308924,
    0.013098400887539031,
    0.12668662817207468,
    0.048815054951083854,
    -0.02867626571036283,
    0.030940589396069817,
    -0.0026420493464405026,
    0.01904086213731321,
    -0.0569479251548927,
    -0.02998345826657747,
    -0.0041672980060721955,
    0.002336645111570053,
    -0.0049232415142201015,
    -0.051442677374545664,
    0.021227525244422712,
    0.003833698580240518,
    0.01865283716900385,
    0.1093565137914427,
    0.006710701503721208,
    0.060011983819734216,
    -0.02487061157066714,
    0.047918060115192763,
    0.05687691874999976,
    0.0340106283217159,
    0.03443797376301286,
    0.0057505734487422145,
    -0.032535919155596026,
    0.11968709015052452,
    -0.02058690693675717,
    0.06442756565218795,
    -0.04715252059975042,
    -0.09531657854366965,
    0.11993676675362692,
    0.02909524481734303,
    -0.07838124924370182,
    0.06284995660447655,
    0.11743521863961424,
    -0.0045813965613165294,
    0.0050075568170570755,
    0.02333332649231208,
    -0.002402461721244798,
    -0.037701152488433386,
    -0.007484416021618862,
    0.008617540624380334,
    0.05215701961809153,
    -0.06793047282378666,
    0.08310758565099216,
    0.05338321792678241,
    0.02893766004839496
  ],
  "sum weights": 0.9999999382495586
}