{
  "mu_target": [
    -0.5,
    0.6000000238418579
  ],
  "mu_model": [
    [
      -0.5027224320464545,
      0.5983390146604588
    ]
  ],
  "diff": [
    [
      0.0027224320464545038,
      0.001661009181399109
    ]
  ],
  "sigma_integral": [
    0.0010095356330134953,
    0.0016396072611149905
  ],
  "within_band": [
    [
      false,
      false
    ]
  ],
  "toy_seed": 269,
  "weights": [
    0.007035194466716465,
    -0.048949957733435426,
    0.0738468989321114,
    0.046911215934650974,
    -0.00356314810750514,
    0.016556897003479926,
    -0.05145602291290112,
    -0.0026715193525241473,
    -0.05473675663324957,
    -0.07508538919118,
    -0.07207724070712584,
    0.0014911097879380705,
    0.01907209185172903,
    0.09680562898508813,
    -0.05503318649745827,
    0.07438328020226806,
    -0.034171998487674736,
    -0.042404416375573614,
    0.002157030928682612,
    0.05636562854898974,
    0.08069851113028031,
    -0.075406314982429,
    -0.003157338369444722,
    -0.028188577653541304,
    0.11052814653812042,
    0.07337993539292109,
    0.022046676292775774,
    0.06680826396111203,
    -0.034476468719303675,
    0.0037663674452039905,
    0.01948028027848924,
    0.008595276130246755,
    0.10292692829355501,
    0.07091237053795796,
    0.153545011272156,
    -0.008539742518050768,
    -0.006486925341766564,
    -0.006276110808596499,
    0.07613733493449773,
    -0.03854493193800448,
    0.08018332860068546,
    -0.06264930710879406,
    -0.013086041625476493,
    0.05857258425048727,
    0.05750810542520976,
    0.012673088530313315,
    -0.007228492903954246,
    0.0953411701780646,
    0.0041059843547538765,
    -0.041961483605886744,
    -0.04734711187940061,
    0.03423553504097055,
    0.012486208781493336,
    0.055826362421056014,
    0.020988043374300526,
    0.04606592857352446,
    -0.014090193842646951,
    0.07176029505311524,
    0.03495476021881577,
    0.059437144226710995
  ],
  "sum weights": 0.9999999405825479
}