{
  "mu_target": [
    -0.5,
    0.6000000238418579
  ],
  "mu_model": [
    [
      -0.4992454010360486,
      0.6028589173396578
    ]
  ],
  "diff": [
    [
      0.0007545989639514139,
      0.002858893497799886
    ]
  ],
  "sigma_integral": [
    0.001016577613928993,
    0.0016288410504519699
  ],
  "within_band": [
    [
      true,
      false
    ]
  ],
  "toy_seed": 186,
  "weights": [
    0.0355355353803423,
    0.009380220749310195,
    -0.08859176381288535,
    0.004544150096610501,
    0.015026269763975274,
    -0.04400148803461929,
    0.03555721964133048,
    0.04769089767464383,
    0.10625985114169227,
    0.005736951019489558,
    -0.03299994877192702,
    0.02939241706849481,
    0.005043723525927179,
    0.10796871145006234,
    0.052031484651719036,
    0.016537820532968865,
    -0.029693380985942437,
    -0.09230167847673479,
    0.010983463477977165,
    0.045052124323369996,
    0.018837826193148114,
    -0.08258064416748993,
    0.02406753807879575,
    0.014211229367277376,
    0.024699796483691142,
    0.02298826491294336,
    0.0031981026439899915,
    0.04094142471721464,
    0.09247917711990913,
    -0.02781287625435976,
    0.09818959618547296,
    0.019859467775526822,
    0.08926815991737713,
    0.0031990192247889774,
    0.13415265335794968,
    0.037095729435566126,
    -0.06918750314231349,
    -0.001780692741259931,
    -0.026163701922763783,
    -0.06214357177088399,
    -0.052047564984552874,
    -0.0841435457388434,
    0.04527642743577016,
    0.16064302741618577,
    -0.002221411706264575,
    -0.06983481737457634,
    0.08822045150061757,
    0.041132859623302834,
    0.06376678408431627,
    0.012597934920433975,
    0.018752075385056743,
    0.040571290697597386,
    -0.0639608986261255,
    0.033449208410985684,
    -0.003280068342377681,
    0.06957134089119356,
    0.017273148792987473,
    -0.017411011462810464,
    0.03807525442818393,
    0.07089787731060503
  ],
  "sum weights": 0.9999999384920708
}