{
  "mu_target": [
    -0.5,
    0.6000000238418579
  ],
  "mu_model": [
    [
      -0.49846564613586974,
      0.597695382132526
    ]
  ],
  "diff": [
    [
      0.0015343538641302557,
      0.002304641709331867
    ]
  ],
  "sigma_integral": [
    0.0010024378953077243,
    0.0016310085315575983
  ],
  "within_band": [
    [
      false,
      false
    ]
  ],
  "toy_seed": 54,
  "weights": [
    0.14067957360480907,
    -0.03698170071656154,
    -0.018156433813591753,
    0.012973198222707878,
    0.04295992548382499,
    -0.022896232421797582,
    -0.05371675817767586,
    0.1289119178444517,
    0.058310392802554824,
    -0.0294130267308389,
    -0.06589306854533569,
    0.03708779574571144,
    0.02431142496387949,
    0.09639954206242408,
    0.08728300278086767,
    -0.002707890201894486,
    -0.0463020899559477,
    -0.09167291967599095,
    0.0249683765066927,
    0.0072555069304397505,
    0.04113412769554049,
    0.0057619434242525604,
    -0.026658101750037657,
    -0.0003500262721502719,
    0.023169536020174797,
    0.02270765796417048,
    0.08526745057780832,
    0.030291609581622723,
    0.056514374850374756,
    0.012909623893811164,
    0.04147188616092622,
    -0.015313153230133967,
    0.042178560680705385,
    -0.05927811106830851,
    0.027322505634282818,
    0.052328344771767434,
    -0.032162054619959836,
    0.003469034572339489,
    0.035900260040828434,
    -0.07841089815785397,
    0.016866207108741937,
    -0.07033579966836355,
    -0.01747821867492188,
    0.13932434547870892,
    0.021968524795091204,
    0.05437233042653677,
    -0.02416683544664318,
    0.10609106108738364,
    0.018254905367292216,
    0.05245631004560305,
    0.06502499571478762,
    -0.031041137388017937,
    -0.0009057331845712674,
    0.04204014071674674,
    0.055142352675898405,
    0.0008220515245807862,
    -0.06065362237593412,
    -0.014898959747365876,
    0.0060156097667474935,
    0.07944630375709351
  ],
  "sum weights": 0.9999999394582845
}