{
  "mu_target": [
    -0.5,
    0.6000000238418579
  ],
  "mu_model": [
    [
      -0.500380409696693,
      0.6006200335899551
    ]
  ],
  "diff": [
    [
      0.00038040969669295155,
      0.0006200097480971722
    ]
  ],
  "sigma_integral": [
    0.001014777508178554,
    0.0016344564692091636
  ],
  "within_band": [
    [
      true,
      true
    ]
  ],
  "toy_seed": 128,
  "weights": [
    0.09478809061545493,
    -0.031031702646782296,
    0.08164488709753276,
    -0.002262815942761983,
    -0.019855070312241898,
    0.02652864323494169,
    -0.020610826766104814,
    0.08000459751027518,
    0.0935032537369195,
    -0.07565366763072347,
    -0.030807196337502594,
    0.024284050550165623,
    0.015039984023500177,
    0.08595531397396815,
    0.08851243222724306,
    0.024283702306506755,
    -0.03793519948964653,
    -0.03491697285626466,
    -0.020296391836340102,
    -0.028811912223619555,
    0.026236090671997454,
    -0.03674695753922769,
    0.03236301021599907,
    0.049111804927885985,
    0.0073984365243323505,
    0.030404903349127665,
    0.05228775771337683,
    0.00836269330225144,
    0.08900386858052241,
    0.004880683626847704,
    0.06938681952378181,
    -0.026071616901904404,
    -0.048464094618252664,
    0.029610131442370166,
    0.11643281988166196,
    0.04788257291111006,
    -0.029866471793966367,
    -0.021845842547465105,
    0.0860011776693906,
    0.06070980214167602,
    -0.0459770956783138,
    -0.05847418101163697,
    0.0065351071953738795,
    0.09073546041848066,
    0.04271879704150894,
    0.03594012376770534,
    0.0009569594135155455,
    8.103580419709714e-05,
    0.033781803311218044,
    0.03896307694296696,
    -0.008751856090919517,
    0.012868601403893383,
    -0.06841885480863229,
    0.08649823172598978,
    -0.06876455829602478,
    0.04781053068383778,
    0.03078993005544567,
    0.010061378614748795,
    -0.006388404699011177,
    -0.040406932019433794
  ],
  "sum weights": 0.9999999420909448
}