{
  "mu_target": [
    -0.5,
    0.6000000238418579
  ],
  "mu_model": [
    [
      -0.500885399523767,
      0.6016195561100759
    ]
  ],
  "diff": [
    [
      0.0008853995237669832,
      0.0016195322682179825
    ]
  ],
  "sigma_integral": [
    0.00101023946987263,
    0.0016234867992915097
  ],
  "within_band": [
    [
      true,
      true
    ]
  ],
  "toy_seed": 198,
  "weights": [
    -0.041270067313815224,
    -0.0634596818237559,
    0.05331427104843711,
    0.04036890739788224,
    0.033398570875138686,
    0.028170927937507684,
    0.028616184680130028,
    0.05203658592633024,
    0.07259311022553176,
    0.004439015317433815,
    -0.08129743410626374,
    -0.006274631056887133,
    0.006827734865633973,
    0.06829956684862999,
    0.07930832020709162,
    0.015272170628871396,
    -0.0319363599527525,
    -0.12043211893926904,
    0.023481463746479827,
    0.0033480680539491998,
    0.0034678869973944243,
    0.022342061173275498,
    -0.013474930834869865,
    -0.03612012827206342,
    0.021266336783766434,
    0.0032529255350281015,
    0.047403021008634125,
    0.021091388147909697,
    0.08855642846766885,
    0.03649291180849873,
    0.09545898840068359,
    0.025450863460907858,
    0.05908155981234981,
    -0.009032236506195073,
    0.10991911640573307,
    -0.02529167158344004,
    0.002281793782273464,
    -0.04470663729518979,
    0.09213829837475454,
    0.0049385913445968216,
    0.05803744175773435,
    -0.012589012278356909,
    -0.08557653381112991,
    0.14657731285535175,
    0.027486813147960934,
    -0.06678168866999436,
    0.03310502883516213,
    0.0017251053289281586,
    0.05870636389055013,
    0.03990432105657084,
    0.044622063696829466,
    0.01652508060885391,
    -0.040844787881818785,
    0.07792123815353982,
    -0.018343040527145228,
    0.01667750195647313,
    -0.05851079075145803,
    -0.007034666979614574,
    0.03788173220135304,
    0.06118928228356534
  ],
  "sum weights": 0.9999999364513761
}