{
  "num": 39492.1796875,
  "den": 28799.931640625,
  "test": 10692.248046875
}