{
  "num": -48487.16015625,
  "den": -48496.078125,
  "test": 8.91796875
}