{
  "mu_target": [
    -0.5,
    0.6000000238418579
  ],
  "mu_model": [
    [
      -0.5004102666813788,
      0.5989875560314677
    ]
  ],
  "diff": [
    [
      0.0004102666813787792,
      0.0010124678103902163
    ]
  ],
  "sigma_integral": [
    0.0006383661384915283,
    0.0009637722354590087
  ],
  "within_band": [
    [
      true,
      false
    ]
  ],
  "toy_seed": 54,
  "weights": [
    -0.018511974989650452,
    -0.040995055225857883,
    0.0812982352369676,
    0.0964597377326263,
    0.008000300988675884,
    0.03771757189945886,
    0.033626310717480797,
    0.061750048646828995,
    0.04257126647058503,
    0.021752892602111565,
    0.06885234519629614,
    -0.042681753902306434,
    -0.019983650590454552,
    -0.09099596631992637,
    0.016565548338499943,
    0.015561022670432675,
    0.0009901922955514162,
    0.016205031652708125,
    0.015671098283737413,
    0.00010891040456199454,
    -0.007597599198236493,
    0.020442941423037642,
    -0.03406195880865272,
    0.02591169731777254,
    0.04496440053410549,
    -0.02933263094503871,
    0.023698657261010534,
    0.04851637898650747,
    0.001506346809405946,
    0.05899244595645983,
    -0.0022064479453256527,
    -0.0399389431212776,
    0.033486833735515927,
    -0.0058256276179633835,
    0.0010655144957425796,
    -0.00870060309749418,
    0.06388737576261753,
    0.005422333959811131,
    -0.02142810620572997,
    0.05437777338870685,
    -0.001737173481164252,
    -0.02732769689261674,
    0.03922849069409332,
    0.0678463544619737,
    0.07146399923041538,
    -0.00013054337657857372,
    0.014919852580044185,
    0.09121068206537108,
    0.004050834732213424,
    -0.005173437483463729,
    0.03568320580288779,
    0.06284299493779753,
    0.0397003358072356,
    -0.00034468902052283893,
    0.03001244270707512,
    0.016964191348781823,
    -0.004739432190479466,
    -0.0337236222148553,
    0.009195178592876812,
    0.05291508033422893
  ],
  "sum weights": 0.9999999434346156
}