{
  "mu_target": [
    -0.5,
    0.6000000238418579
  ],
  "mu_model": [
    [
      -0.5012410393548696,
      0.6004052480090694
    ]
  ],
  "diff": [
    [
      0.001241039354869633,
      0.0004052241672114487
    ]
  ],
  "sigma_integral": [
    0.0006398316816948656,
    0.0009584749582484433
  ],
  "within_band": [
    [
      false,
      true
    ]
  ],
  "toy_seed": 37,
  "weights": [
    0.00863988397113964,
    0.04700468129395006,
    0.09225826698244749,
    0.0940225501091719,
    0.025686452050818542,
    0.027503903325443075,
    0.03325417871064581,
    0.02498112785572393,
    0.056229522274021455,
    -0.037518972725097945,
    0.0601446194436821,
    0.02483379451219992,
    0.040248521429131094,
    -0.053031526678078464,
    0.018779597257894697,
    -0.03763614654546745,
    0.008113879765589329,
    0.023162833255381945,
    0.004414133162829616,
    -0.027640531032502386,
    -0.03022097384658041,
    0.057866574486384076,
    -0.017345652461657885,
    -0.029423991514204148,
    -0.02103315685088032,
    0.049177013606355825,
    0.05445668544832382,
    0.045287574287912954,
    0.0053171484997054696,
    -0.00337318080408938,
    -0.054186651076358165,
    -0.08257698105359902,
    0.030568036025113238,
    -0.009204060297440917,
    0.039263583941420356,
    0.012255920492977568,
    0.03675019603530333,
    -0.00860526976020236,
    -0.004436471099156881,
    -0.00871434124861896,
    -0.025049347506440115,
    0.030135272143342242,
    0.09977624050251498,
    0.07983799044295976,
    0.05920509166520206,
    -0.029313042589655447,
    0.061077807307510196,
    0.059515551531090005,
    0.042779032315730506,
    -0.004092046552724449,
    0.019719322756625402,
    0.013400712382920003,
    0.01062097404708753,
    -0.00595613368722027,
    0.08650909824576529,
    -0.0127961182382383,
    -0.03658778503462952,
    -0.03851125860936424,
    0.03410609026646806,
    0.06034971700526666
  ],
  "sum weights": 0.9999999396238428
}