{
  "mu_target": [
    -0.5,
    0.6000000238418579
  ],
  "mu_model": [
    [
      -0.5006062503185097,
      0.6000959113060174
    ]
  ],
  "diff": [
    [
      0.0006062503185096935,
      9.588746415944982e-05
    ]
  ],
  "sigma_integral": [
    0.0006452297669856995,
    0.0009700600752978992
  ],
  "within_band": [
    [
      true,
      true
    ]
  ],
  "toy_seed": 164,
  "weights": [
    0.005628924553066913,
    0.07597646837616157,
    0.0709392109540969,
    0.09915550732236925,
    0.005171969424023245,
    0.03518634416817931,
    0.04084693200033739,
    0.03823942050004317,
    0.010214618987300597,
    0.03297252983472993,
    0.04972947438829173,
    0.014419943492770636,
    0.019221038757517652,
    -0.031852349275665486,
    -0.016155938183127865,
    -0.01465283322460352,
    -0.03387152050712255,
    -0.02126443785965549,
    0.04476858633765172,
    -0.009994940146762905,
    -0.05920286634907117,
    0.019235418519649904,
    -0.020319746846942224,
    -0.04088248568563467,
    -0.0024491205512242177,
    0.04249313495022255,
    0.0024188054847681,
    0.03126516623605409,
    0.02096675997552274,
    0.02573966945658209,
    -0.010729693831128758,
    -0.0008251068914807924,
    0.09075761351731954,
    0.03784742597699291,
    0.010608637064961965,
    0.06023121228273394,
    0.03620738121080565,
    0.04087814947104779,
    -0.03315627178377529,
    -0.05639423430098089,
    -0.0387851000670779,
    0.004636802065634983,
    0.08593763125272186,
    0.07230800082282447,
    0.043911640942373244,
    -0.07927252002606164,
    0.058927645808110225,
    0.052696681844121775,
    0.06316048109979615,
    0.021234876914329282,
    0.07041153345971031,
    0.06008862811468468,
    0.022535590779968615,
    0.03662195238802975,
    0.0675337310933245,
    -0.030935465560834895,
    0.02571452112449124,
    -0.05064999803758626,
    -0.05494905922017231,
    -0.04049642742255589
  ],
  "sum weights": 0.9999999451818575
}