{
  "mu_target": [
    -0.5,
    0.6000000238418579
  ],
  "mu_model": [
    [
      -0.5012947611255713,
      0.6012080772216906
    ]
  ],
  "diff": [
    [
      0.0012947611255712532,
      0.001208053379832652
    ]
  ],
  "sigma_integral": [
    0.0006406568389814951,
    0.0009603532091006409
  ],
  "within_band": [
    [
      false,
      false
    ]
  ],
  "toy_seed": 63,
  "weights": [
    0.03416323184000388,
    0.061620166181582454,
    0.0854408370454101,
    0.05598284364242311,
    0.008558980435521463,
    0.07286556129882327,
    0.002333420897035437,
    -0.018662056227785436,
    0.018244076276614927,
    0.027515457667408327,
    0.07450164682970684,
    -0.029734259038776967,
    0.029685529518117433,
    -0.004704706989124049,
    -0.03162409445320142,
    -0.0034201494817420798,
    -0.02969989250898062,
    0.04460613982926341,
    0.06375102687743166,
    -0.0331804355288888,
    -0.007483832937375005,
    0.035096791915351915,
    -0.01871309241504517,
    0.02985682200492527,
    0.023471200112660916,
    -0.005254603740090744,
    0.029467969677747598,
    0.08511826624936321,
    -0.08205550347201764,
    0.09851572584724066,
    0.004118402398092134,
    -0.05841507571554027,
    0.06906551883238972,
    0.019021407134879164,
    -0.008881942981166367,
    0.017727361419901593,
    0.03364426496758043,
    0.005684647506025475,
    0.044594490121138856,
    -0.07065343064616678,
    -0.05131172347741367,
    -0.024118688226845757,
    0.05268808725198827,
    0.08155262944187805,
    0.10060840168762838,
    0.02742420084815341,
    -0.004909278219804898,
    0.044509500700342985,
    0.02288130389143667,
    0.01569252487645288,
    -0.013802947369398424,
    0.07470533525354636,
    0.0021610070213743753,
    -0.03304901695656312,
    0.054429670225478004,
    -0.03415680434704727,
    0.017913562402630735,
    -0.052182587010856755,
    0.02658954845612772,
    0.020206505781680262
  ],
  "sum weights": 0.9999999426215262
}