{
  "mu_target": [
    -0.5,
    0.6000000238418579
  ],
  "mu_model": [
    [
      -0.5011085890899711,
      0.5998379391625998
    ]
  ],
  "diff": [
    [
      0.0011085890899711348,
      0.0001620846792581565
    ]
  ],
  "sigma_integral": [
    0.0006417384069656244,
    0.000955894317256005
  ],
  "within_band": [
    [
      false,
      true
    ]
  ],
  "toy_seed": 290,
  "weights": [
    0.03321574575626423,
    0.03552628621434796,
    0.004893971762724247,
    0.0841240521865668,
    -0.02433619126561965,
    0.05426456669240422,
    0.06655166200419169,
    0.04423553730048705,
    0.00806401441016741,
    0.015398235603253343,
    0.06291063938635018,
    0.018199426734748236,
    0.02577037188939434,
    -0.0343699584178453,
    0.043066010394979606,
    0.02409671920040685,
    -0.019763715369161702,
    -0.004756661844614448,
    0.022630826054683927,
    -0.02435644380398161,
    -0.04291142686686731,
    0.0003958420493281381,
    -0.015305698187689247,
    0.010011094543145692,
    0.033323112195320755,
    0.04206991832096609,
    0.010971048655620529,
    -0.008908778733953248,
    -0.012490087518480086,
    0.03812870181376377,
    -0.007545810761481035,
    0.005593319914455873,
    0.0332469291820858,
    -0.016375184190110262,
    0.02783134499477085,
    0.0462079366933909,
    -0.01509192675084481,
    -0.03049094632893068,
    0.012699686252712387,
    -0.0004576941097866241,
    0.02347493548760602,
    0.04702794305089261,
    0.06026828100282197,
    0.03459902455277457,
    0.04832233907187936,
    0.0006741477537027787,
    0.08435526868658373,
    0.031623503359970176,
    -0.006489304025664945,
    -0.020575907087895605,
    0.03684522242193639,
    0.043258609158690536,
    0.06091342713735259,
    -0.023348829059104938,
    0.03285423737407817,
    -0.0607412573065977,
    -0.06022308917605546,
    0.04407573751986727,
    0.040521952574023475,
    0.036297217952056794
  ],
  "sum weights": 0.9999999365060828
}