{
  "mu_target": [
    -0.5,
    0.6000000238418579
  ],
  "mu_model": [
    [
      -0.5009651265499547,
      0.599628052477246
    ]
  ],
  "diff": [
    [
      0.0009651265499547312,
      0.0003719713646118672
    ]
  ],
  "sigma_integral": [
    0.0006413011755669611,
    0.000964436947626072
  ],
  "within_band": [
    [
      false,
      true
    ]
  ],
  "toy_seed": 18,
  "weights": [
    -0.01950858839161656,
    0.06840608927401134,
    0.06345186539621889,
    0.09973273702286722,
    0.012915292799068155,
    0.04319286806410448,
    0.021531612357323395,
    0.03706286069082954,
    -0.03005724271733801,
    -0.015682238633077907,
    0.061465319229825705,
    0.016271407775269114,
    0.08587160871709099,
    -0.0024958122454429017,
    0.020864789788956173,
    0.014973784950907858,
    -0.0027484585741339436,
    -0.010551401847035255,
    0.005213397442457971,
    -0.046554713804043704,
    -0.025121827081682008,
    0.01840342016090874,
    -0.05417695325023137,
    0.010406722249136071,
    0.023043078596769975,
    0.06256745866820516,
    -0.0021517959315782206,
    0.014597948830313172,
    -0.04965536401883778,
    0.03244389145714099,
    -7.437394928356959e-05,
    -0.09514664418740812,
    0.06349166831259567,
    0.02154780943380539,
    0.042739400940449306,
    0.03727094515620819,
    0.04740713551690862,
    0.0064630065806481705,
    -0.005360111725984477,
    -0.0279839410323629,
    -0.026694140197634206,
    0.014594493448070895,
    0.04024283137956271,
    0.11549802779708915,
    0.07556002774869039,
    -0.047408609490295774,
    0.009770292301089391,
    0.02002527571430119,
    0.03174926218931081,
    0.02372777474547012,
    0.025174677522951026,
    0.028053926158530123,
    0.040546756834552534,
    0.05027646713436876,
    0.06251342329025612,
    -0.033227196000750796,
    0.016286381979467628,
    -0.016815820877493642,
    0.02810609038329269,
    -0.0020466515754085156
  ],
  "sum weights": 0.9999999425073842
}