{
  "mu_target": [
    -0.5,
    0.6000000238418579
  ],
  "mu_model": [
    [
      -0.501183875128346,
      0.5996264459225489
    ]
  ],
  "diff": [
    [
      0.0011838751283459459,
      0.0003735779193090316
    ]
  ],
  "sigma_integral": [
    0.0006406617258093277,
    0.0009710816874082967
  ],
  "within_band": [
    [
      false,
      true
    ]
  ],
  "toy_seed": 68,
  "weights": [
    0.034395124679594574,
    -0.003021276097027827,
    0.13598988615729687,
    0.043245067961722235,
    0.028359257835686782,
    0.010145794270011207,
    0.021228195571983636,
    -0.01532566865970721,
    -0.016777532129032616,
    -0.012620855840767286,
    0.038685674563964066,
    0.01642295197518422,
    0.04184950281647007,
    0.0061723071212824755,
    0.0337689458160773,
    0.008734934916888702,
    0.007749224818819871,
    0.002666307043862575,
    -0.00026962650640102313,
    -0.04450567627048553,
    0.0006529511687816432,
    0.06365187807586076,
    -0.05429101763918165,
    0.0049302575397164655,
    0.018313986347429156,
    0.055824472700944816,
    0.02530455558707408,
    0.05208649451903276,
    -0.02811226832337546,
    0.03085515964573246,
    -0.015008804964081943,
    -0.013303223375350103,
    0.09921533537510414,
    0.01199537257791936,
    0.010448922286369611,
    0.04090340415989293,
    0.035783467603083506,
    -0.015496456773614047,
    -0.05411565625211916,
    -0.016265226804839033,
    0.007680618249648936,
    -0.012762697667444723,
    0.0402663527927758,
    0.05357161521096934,
    0.04413263961159492,
    0.009519206685492795,
    0.0708520235997528,
    0.04828908613022492,
    0.046227046581687095,
    0.054621681811690324,
    0.04549763094662826,
    0.016517865650998307,
    0.017390504296731495,
    -0.013069028407127104,
    0.035942637692501646,
    -0.046151679616589725,
    0.037001850183673406,
    -0.033662887847999874,
    0.001747617050785264,
    -0.01387828180746135
  ],
  "sum weights": 0.999999944648336
}