{
  "mu_target": [
    -0.5,
    0.6000000238418579
  ],
  "mu_model": [
    [
      -0.5007544901390343,
      0.6013802201910428
    ]
  ],
  "diff": [
    [
      0.0007544901390342806,
      0.001380196349184848
    ]
  ],
  "sigma_integral": [
    0.0006400466845412841,
    0.0009637223714364808
  ],
  "within_band": [
    [
      false,
      false
    ]
  ],
  "toy_seed": 161,
  "weights": [
    0.020298310025093906,
    0.03127184727175134,
    0.05372266731590672,
    0.0960276280571315,
    0.028570966695761826,
    0.07470118445446917,
    0.02204919178146113,
    0.0003366740060930383,
    0.041726313075413184,
    0.04279488409046635,
    0.07066469645648292,
    0.013781739976426297,
    0.06231223969191821,
    -0.012376434563466567,
    -0.045892926990322866,
    -0.00441494449164214,
    -0.017534850601487132,
    0.012577514939755433,
    0.012361706880179348,
    0.008062432125889666,
    -0.03584511395724134,
    0.04635935770776737,
    -0.04131744568317138,
    -0.013956806083510142,
    -0.005870112533946562,
    0.0751987361541071,
    0.05655081667902238,
    0.0019410864177622756,
    -0.016404739290764452,
    0.013251101017746063,
    0.018963702120508335,
    -0.07151419895394111,
    0.032635352909393275,
    -0.008454007660115644,
    -0.021310333297298166,
    0.00842382135734718,
    0.008734615669078728,
    -0.027020671919685827,
    -0.011068932550788675,
    0.011881382594041158,
    -0.02939107741007967,
    0.008693923408101094,
    0.08037217295273802,
    0.06971918828909418,
    0.04194763436492503,
    0.01855798943652866,
    0.05658625837268538,
    0.045724267269552504,
    0.04656025223411479,
    0.005025517063075657,
    0.015668486126599483,
    0.009128686921696435,
    0.03954883123488453,
    -0.03633140986724155,
    0.0872768739252953,
    -0.041174904247908074,
    0.03829929307525293,
    0.016614801210515007,
    -0.017461037929626687,
    0.012415744899138274
  ],
  "sum weights": 0.9999999422229333
}