{
  "mu_target": [
    -0.5,
    0.6000000238418579
  ],
  "mu_model": [
    [
      -0.5007955774147577,
      0.5992304635392941
    ]
  ],
  "diff": [
    [
      0.0007955774147576644,
      0.0007695603025638098
    ]
  ],
  "sigma_integral": [
    0.0006457957041345544,
    0.0009638846498215244
  ],
  "within_band": [
    [
      false,
      true
    ]
  ],
  "toy_seed": 73,
  "weights": [
    0.023794420164387,
    0.006542623748184258,
    0.058020904554664604,
    0.11614774708915118,
    0.017675083889022367,
    0.051016188480692025,
    0.0290674750070552,
    0.03165094048099417,
    0.013255103095900738,
    0.0709123798431238,
    0.06564355376973183,
    0.010610053137157422,
    0.01393537676755906,
    -0.0022646133790257044,
    -0.013984896953349162,
    0.007741109577670862,
    0.049734926248470236,
    0.01241400767777358,
    0.03423616795121051,
    -0.028369148143615783,
    -0.03910292489873222,
    0.01886771755815037,
    -0.01449190014901469,
    -0.02099821179785293,
    0.01912720973144537,
    0.06951582263742503,
    -0.00838039009610697,
    0.0216180629460392,
    0.0032275487731749475,
    0.031080734966204768,
    0.0014462718950650974,
    -0.06420797972541813,
    0.05072193196918498,
    0.01571763612669761,
    -0.009298133060911951,
    0.03562422266179483,
    0.024946130423480695,
    -0.0015092591809157806,
    0.009811930440110386,
    0.0016745626148124322,
    -0.03488318218802236,
    -0.004729511775618681,
    0.05257073583916311,
    0.08554492263233378,
    0.07871558019633261,
    -0.031755919389182645,
    0.04246776499150957,
    -0.0013330689685668667,
    0.054333020239585715,
    0.02254615967589584,
    0.04291004671384173,
    0.02676208697912984,
    0.04466802744978953,
    -0.01380235888538496,
    0.03250106469754401,
    -0.08940406879056954,
    -0.015036717381077846,
    -0.05640031029396508,
    0.04523795107358926,
    0.005917328924884682
  ],
  "sum weights": 0.9999999385826028
}