{
  "mu_target": [
    -0.5,
    0.6000000238418579
  ],
  "mu_model": [
    [
      -0.5008878581184716,
      0.599994523607271
    ]
  ],
  "diff": [
    [
      0.000887858118471585,
      5.500234586897079e-06
    ]
  ],
  "sigma_integral": [
    0.0006397180554627399,
    0.0009664513934087639
  ],
  "within_band": [
    [
      false,
      true
    ]
  ],
  "toy_seed": 163,
  "weights": [
    0.0011211109604145127,
    0.07170713485240403,
    0.11510987851132887,
    0.04621444487587866,
    0.02937735554278555,
    0.03424379621985552,
    0.013950012698571448,
    0.0677759441793466,
    0.008515132724032823,
    0.04220668470723121,
    0.08982464229539301,
    -0.01978579241377804,
    0.027427784987872468,
    0.008504511387931894,
    0.020846476698115297,
    0.004868969996775926,
    -0.007047090966521564,
    -0.009038154202221173,
    0.0008382116084899984,
    -0.0006144575074581742,
    -0.01793975934676277,
    0.026564117291970106,
    0.00990264495931599,
    -0.03947641771463565,
    0.03784179569844856,
    0.06030493395621548,
    0.014411409908348514,
    0.012191295109047836,
    -0.013947140820209666,
    -0.017434365374700715,
    -0.00958475409144099,
    -0.05240872322804384,
    0.01505996825165954,
    0.044568503461368966,
    0.024862532619531755,
    0.05442404261050126,
    0.04980612649620995,
    -0.04212199791357035,
    -0.009852406771169362,
    -0.03217284102505396,
    -0.0056097754848322854,
    -0.02321722268058547,
    0.09031269597963071,
    0.09552393124862588,
    0.020694336049850097,
    -0.021323070884224492,
    0.06143223468102693,
    0.03449924199342027,
    0.04697212682623614,
    0.006682670307679954,
    0.059889762677668504,
    -0.03091081314218897,
    -0.01469763493493692,
    0.04483893176697285,
    0.05862359733838875,
    -0.06807221320715706,
    0.04909215090523784,
    -0.030501706292071093,
    -0.03475301568065377,
    -0.0005218443089915264
  ],
  "sum weights": 0.9999999443925758
}