{
  "mu_target": [
    -0.5,
    0.6000000238418579
  ],
  "mu_model": [
    [
      -0.500779740675597,
      0.6007564182958491
    ]
  ],
  "diff": [
    [
      0.0007797406755970515,
      0.0007563944539912271
    ]
  ],
  "sigma_integral": [
    0.0006389951581165859,
    0.0009392115410728816
  ],
  "within_band": [
    [
      false,
      true
    ]
  ],
  "toy_seed": 276,
  "weights": [
    -0.01596313995567979,
    0.02646090971218334,
    0.0625243573881229,
    0.04912861172833958,
    -0.019143873650616098,
    0.050821820057828114,
    0.03110604392886376,
    0.007946034123275884,
    0.010264671904679721,
    0.0651594491887751,
    0.08101470571704236,
    0.02033958677747237,
    0.05109517910049803,
    -0.04873354087931796,
    -0.01485929387996537,
    -0.014230951079471265,
    0.007856539837888338,
    0.009127639383591984,
    0.08636251749862481,
    -0.06538884977243496,
    -0.05808923213357546,
    -0.0034463487735078096,
    -0.03335762444102102,
    -0.05915522867886141,
    0.004037807837409354,
    0.059383064866422905,
    0.053961423057400995,
    0.006272740862371338,
    -0.05577416191760648,
    0.04846273712038568,
    0.02967207914729498,
    -0.03810061138674876,
    0.06793100264118461,
    0.01035236816950125,
    -0.003262015946757814,
    0.016290073265665526,
    0.061215946141028287,
    0.01977056510780313,
    -0.012771173493675817,
    0.006837641740051723,
    -0.060472497618295866,
    0.03526166326461672,
    0.07483174297103332,
    0.11838987517172647,
    0.06853725766293685,
    0.004724035741860467,
    0.0589593150238001,
    -0.04211472326559427,
    0.04627326834706763,
    0.014254812380378953,
    0.031407527896266864,
    0.01610033444001291,
    0.040596531750011725,
    -0.04067098543770304,
    0.06541037333592022,
    -0.052850982592893773,
    0.04230396503248868,
    -0.028731581344674944,
    0.058286561130572706,
    0.048383977626602126
  ],
  "sum weights": 0.9999999418305998
}