{
  "mu_target": [
    -0.5,
    0.6000000238418579
  ],
  "mu_model": [
    [
      -0.5011611298233519,
      0.5988929454242299
    ]
  ],
  "diff": [
    [
      0.0011611298233519252,
      0.0011070784176280268
    ]
  ],
  "sigma_integral": [
    0.0006462234722248636,
    0.0009701584905743932
  ],
  "within_band": [
    [
      false,
      false
    ]
  ],
  "toy_seed": 242,
  "weights": [
    -0.007654275591999103,
    0.041899171846085395,
    0.03067264101156396,
    0.09776665582851161,
    -0.008746136752788554,
    0.05443479893285447,
    0.05336401973526403,
    0.005234331934041425,
    0.035441562576255296,
    0.034993729721068734,
    0.11041380782706,
    0.006813473992225671,
    0.010833289730829459,
    0.00467703725393344,
    0.0013413955743752602,
    -0.03663510667166724,
    -0.01551866544727764,
    0.028887867710554228,
    0.0483622869771813,
    -0.00022435901158994497,
    -0.011768328485234196,
    0.05699431972853037,
    0.011090371761535987,
    -0.02770017211832433,
    -0.027966912053179263,
    0.04241812433367139,
    -0.03475011701296179,
    0.03301307716679045,
    -0.050397691287906776,
    0.056911175717615746,
    -0.0362208610277155,
    -0.03461579310328212,
    0.06545440616898458,
    -0.03942449373801991,
    0.03400211217129653,
    0.06289906508041951,
    0.013846877457219091,
    -0.01845956085536601,
    0.00035086903080645035,
    0.018366040889806378,
    0.016839532087619867,
    -0.022881107364927114,
    0.05687808193475278,
    0.08517000274452144,
    0.0880790486879236,
    0.01451017366133334,
    0.061969769193364915,
    0.04205048128456194,
    0.0580310771215938,
    0.005979816099185753,
    0.002571213521848644,
    0.006852167475037739,
    0.041583526892164324,
    0.019449939469618788,
    0.0040605442322444035,
    -0.0684609082009337,
    -0.000607891936738025,
    -0.04033582228363765,
    0.017130664351937667,
    0.000729598374749666
  ],
  "sum weights": 0.9999999443473906
}