{
  "mu_target": [
    -0.5,
    0.6000000238418579
  ],
  "mu_model": [
    [
      -0.4998774579896692,
      0.5992058016396998
    ]
  ],
  "diff": [
    [
      0.00012254201033079504,
      0.0007942222021580791
    ]
  ],
  "sigma_integral": [
    0.0005864264967316897,
    0.0009419960782549861
  ],
  "within_band": [
    [
      true,
      true
    ]
  ],
  "toy_seed": 172,
  "weights": [
    0.03472600151866159,
    -0.044050167890187814,
    0.009760809267621462,
    0.014096693088491631,
    0.04369840201513845,
    0.0504973596211757,
    -0.015182347585702995,
    0.04090748303348111,
    -0.006706745227586657,
    0.016203195515972164,
    -0.06243719687172191,
    -0.0016151355191129548,
    0.04882579284211707,
    0.10967842570837871,
    0.0695447033025167,
    0.03331657417708749,
    -0.023243953270866296,
    -0.055781682615195755,
    -0.021089076169132397,
    0.019654502415940685,
    -0.022209871008343828,
    -0.03136718898899972,
    0.05029272301239649,
    0.0007098957318506018,
    0.0464310720396056,
    0.020915166267550127,
    0.025396894874307366,
    0.031933241925292344,
    0.07712731308917317,
    -0.04047771026578546,
    0.08248424657889107,
    -0.0028511710536056247,
    0.014981093708125476,
    0.02130968068606999,
    0.09349577470467976,
    0.022074532785805265,
    0.005417964070430374,
    0.007477167929768681,
    0.085900731001316,
    0.02333208728631385,
    0.017664791362117876,
    -0.06696876557630597,
    -0.0008197035068288991,
    0.07303450299986568,
    0.026534798888348362,
    0.033852429759776356,
    0.015618009096349918,
    -0.008857180038005185,
    -0.0010723026699863067,
    0.017023492521434196,
    0.027530308170289577,
    0.024084701325216822,
    -0.00984961697361335,
    0.029127163067291354,
    0.029118462386921097,
    0.00010518230391850763,
    0.0031396035080136302,
    0.010077358784961625,
    -0.01734004734923301,
    0.0248194688776981
  ],
  "sum weights": 0.9999999386701479
}