{
  "mu_target": [
    -0.5,
    0.6000000238418579
  ],
  "mu_model": [
    [
      -0.5013114499356733,
      0.5995898243512575
    ]
  ],
  "diff": [
    [
      0.0013114499356733367,
      0.0004101994906003936
    ]
  ],
  "sigma_integral": [
    0.0005885970910070601,
    0.000940163970871102
  ],
  "within_band": [
    [
      false,
      true
    ]
  ],
  "toy_seed": 113,
  "weights": [
    0.03176620118125658,
    -0.04443375193836916,
    -0.0029339746585976927,
    0.029364886669810554,
    0.03830919061643631,
    0.012115515986556104,
    -0.04899712583502536,
    0.05062315907166971,
    0.05565369014721114,
    -0.014610740733397328,
    -0.04238594469698668,
    0.008169294630105732,
    -0.021445705936746585,
    0.0646723987430857,
    0.0420794146448252,
    0.006198118240064603,
    0.00995036318941475,
    -0.030587837023388638,
    -0.016174832941449467,
    0.05104442080849804,
    0.022762887346640323,
    -0.025627916738134464,
    0.01643056022622682,
    0.02985745208031661,
    0.029697649998221227,
    0.04889353653422089,
    0.035297326824524855,
    0.07353011872973443,
    0.061026522498026925,
    0.01735773837328915,
    0.0617535382533701,
    -0.005161635345265734,
    0.014757060896706862,
    0.018842339623384035,
    0.07835455331782121,
    0.0009474210487097928,
    0.03677188417589901,
    -0.022407340692979345,
    0.03688235273393307,
    0.005669590197730382,
    0.05098232674259429,
    -0.07788348625151252,
    -0.04832543810769629,
    0.15548273157826875,
    0.021502765015293482,
    0.005131891362078704,
    -0.006800846188971245,
    0.036343115968662486,
    -0.014801942962717606,
    0.024984439341482315,
    0.0541874007510262,
    0.008075147163534191,
    -0.02512323657196212,
    0.03374737366101063,
    -0.0020513713671866745,
    -0.012814212535229297,
    0.01884188095552244,
    -0.018864438524492284,
    0.04610525775436891,
    0.03726820303064292
  ],
  "sum weights": 0.9999999410620668
}