{
  "mu_target": [
    -0.5,
    0.6000000238418579
  ],
  "mu_model": [
    [
      -0.4996875944244449,
      0.5992336560759757
    ]
  ],
  "diff": [
    [
      0.00031240557555511916,
      0.0007663677658822365
    ]
  ],
  "sigma_integral": [
    0.0005815065932329423,
    0.0009399967595713093
  ],
  "within_band": [
    [
      true,
      true
    ]
  ],
  "toy_seed": 129,
  "weights": [
    0.10610924409211012,
    -0.039577989246260964,
    0.03696640606644607,
    0.022515122567178306,
    0.030004787496678217,
    -0.007255541547497096,
    -0.015250923720259884,
    0.06402976915280142,
    0.11379828466995136,
    0.013400253218911471,
    -0.012187129104676082,
    -0.01602398046076521,
    -0.006326573402833476,
    0.07432206778733184,
    0.06917213365088289,
    0.03200710162546124,
    -0.028389298107502688,
    0.01133590201132499,
    0.02570992731449006,
    -0.00043219323132946344,
    0.011426613632911121,
    -0.041458779783906795,
    0.008793160691145621,
    0.013218466303080106,
    0.020395724829517903,
    0.013086335480468126,
    0.025466789399389064,
    0.04654077372340465,
    0.04402455383333142,
    0.028912562023988793,
    0.04451635621619778,
    0.009228025748605092,
    0.01953986980133596,
    0.01883846536850673,
    0.1322345163619871,
    0.018857402150543257,
    -0.06875557434037956,
    -0.014507461789928405,
    0.051437588537931185,
    0.02142069874968044,
    -0.00231219957551256,
    -0.027725344924566613,
    -0.07319809778821494,
    0.1477220936571111,
    0.008771687828310023,
    -0.004312884611597404,
    0.017429751735271587,
    -0.056912895339368545,
    -0.026024817929288634,
    0.0400317872866135,
    -0.01111513832373037,
    0.008737709333154549,
    -0.005835009436716978,
    0.005195861070048271,
    0.019925215544316276,
    0.005117492861595059,
    0.013740559134472398,
    0.0022490772325734296,
    0.0016006927312021194,
    0.05977094224028988
  ],
  "sum weights": 0.9999999404962148
}