{
  "mu_target": [
    -0.5,
    0.6000000238418579
  ],
  "mu_model": [
    [
      -0.499650865639494,
      0.6003752763675896
    ]
  ],
  "diff": [
    [
      0.0003491343605059871,
      0.000375252525731673
    ]
  ],
  "sigma_integral": [
    0.0005830293093031982,
    0.0009397956584185957
  ],
  "within_band": [
    [
      true,
      true
    ]
  ],
  "toy_seed": 203,
  "weights": [
    0.08028833198256202,
    -0.018333422980345664,
    -0.012509981925586148,
    0.022518568440728512,
    0.03141478852297486,
    0.03974590258643346,
    -0.026135729123369967,
    0.04847721186694083,
    0.04288649417325062,
    0.00844870184706837,
    -0.019405366443206677,
    -0.011303923518734982,
    0.0035882966801228148,
    0.06942754020246794,
    0.10158275703953394,
    0.016661430290818926,
    -0.013804630250691544,
    -0.017685145746293637,
    0.012013386988125053,
    0.01967527125161922,
    -0.000655303390274774,
    -0.04177474549386982,
    0.029589977303718252,
    -0.026661818073086468,
    0.04746490604736726,
    0.04208905387429114,
    -0.008533597888648782,
    0.05970048758777396,
    0.06751776861927405,
    0.004241472411945834,
    0.0632303367628248,
    -0.003339881238268867,
    0.011513448212882204,
    0.002128891935855125,
    0.11373345304566312,
    0.04865055115025282,
    -0.029476537840529043,
    -0.057597795665494694,
    0.03544884644941872,
    0.01835625356119602,
    0.041877649410946884,
    -0.040223922077754735,
    -0.005426756699502618,
    0.08519119461952714,
    -0.0023472238542932367,
    -0.017398233786775835,
    -0.010313206490649656,
    -0.013633885885198458,
    -0.012868878293158102,
    0.058304218583306075,
    0.0037146340389978077,
    0.06172982493028711,
    -0.0014782306971080391,
    0.03510506407884117,
    0.004633146514932812,
    0.00948201710042475,
    0.0068306463100654856,
    0.011332051307375676,
    0.006648952272985553,
    0.025664628099954116
  ],
  "sum weights": 0.9999999387399128
}