{
  "mu_target": [
    -0.5,
    0.6000000238418579
  ],
  "mu_model": [
    [
      -0.5000690447548011,
      0.5998024555186098
    ]
  ],
  "diff": [
    [
      6.904475480107308e-05,
      0.00019756832324813178
    ]
  ],
  "sigma_integral": [
    0.0005830895082420517,
    0.000942276319135297
  ],
  "within_band": [
    [
      true,
      true
    ]
  ],
  "toy_seed": 180,
  "weights": [
    0.06747317439078467,
    0.008049146643423344,
    -0.012964662927495142,
    0.027287066759239035,
    0.0036923498868408843,
    0.015763180875547907,
    0.012406416797948398,
    0.07892552320829221,
    0.07328137572776798,
    0.010721683162154537,
    -0.023493181066007455,
    0.008961516870201167,
    -0.014768336512272533,
    0.0691266525775351,
    0.08654458570774323,
    0.0010593558460184481,
    -0.039897525256024254,
    -0.0457864096070899,
    -0.01323151020460808,
    0.008192061754054738,
    -0.009029885984973526,
    -0.004719459730903644,
    0.02734976341198446,
    -0.035550237697180846,
    0.06257646928058676,
    -0.0009768871733021399,
    0.019259720054803243,
    0.020086109403646944,
    0.04068449026802747,
    0.019431432267248312,
    0.05088976462589257,
    0.006469481419972479,
    0.02278763157068017,
    0.05618496805225984,
    0.14340367004399374,
    0.019818983618233785,
    -0.03239985771837375,
    -0.011452746356571043,
    0.0815813283181412,
    -0.011745653601922543,
    -0.01505693765337248,
    -0.04735792990126949,
    -0.04415012775667697,
    0.10058137785992588,
    0.03178647842944104,
    -0.0203771849586748,
    0.04679287255876285,
    0.04836069280891385,
    0.016616069083104597,
    0.010985310327695263,
    0.04632491401603934,
    -0.005178944043228548,
    -0.03521710203887341,
    0.0691419465038385,
    -0.032934267610194724,
    0.006732716290575465,
    -0.00410427934411757,
    0.022402677717181258,
    0.0030182373457687903,
    0.015641871658560715
  ],
  "sum weights": 0.9999999399996975
}