{
  "mu_target": [
    -0.5,
    0.6000000238418579
  ],
  "mu_model": [
    [
      -0.4989890539709725,
      0.5998626393811081
    ]
  ],
  "diff": [
    [
      0.0010109460290275152,
      0.00013738446074984534
    ]
  ],
  "sigma_integral": [
    0.0005843398530949161,
    0.0009493714336759904
  ],
  "within_band": [
    [
      false,
      true
    ]
  ],
  "toy_seed": 53,
  "weights": [
    0.041637534683768164,
    -0.002158334623292054,
    0.0037073196184294254,
    -0.016386056098876858,
    0.031085950306162714,
    0.016729855842040356,
    0.008571910615173116,
    0.08017253317430233,
    0.06336467861066337,
    -0.004790910903164558,
    -0.04464161671950806,
    -0.026332827379594803,
    0.020462901636431365,
    0.09401224437902855,
    0.0390872558950663,
    0.02862351933323912,
    -0.015728540344761614,
    -0.031273308021539284,
    0.015220307990445823,
    -0.01879063377492692,
    0.01237083331362757,
    -0.03867621415107169,
    0.031737564128741,
    -0.011857811196967475,
    0.0055582504322903405,
    0.06299772417671692,
    0.0284307406012215,
    0.037803057632751685,
    0.0585914085927669,
    0.02985431009551803,
    0.06254957575795858,
    -0.01768429541872767,
    0.02634816439603996,
    0.05743641408125876,
    0.04365364694651103,
    0.006039913976451743,
    -0.007886907222627424,
    0.0019515686660016985,
    0.049167892485310304,
    -0.0019223069496228239,
    0.02940169355641962,
    -0.05774207692046875,
    -0.019671931291371025,
    0.09347970324713095,
    0.023175605950081692,
    -0.030486372766811355,
    0.051063004368250585,
    -0.00993467398407911,
    0.005834408093253378,
    0.051384537997347025,
    0.04006836835999402,
    0.022472493521303476,
    -0.016213164293770902,
    0.05367480818499946,
    0.018065596712089065,
    -0.002754710778583323,
    -0.011273776691297066,
    -0.009239381617226698,
    0.024880910978919438,
    0.02477758654160688
  ],
  "sum weights": 0.9999999437310227
}