{
  "num": 40403.16015625,
  "den": 29733.453125,
  "test": 10669.70703125
}