{
  "mu_target": [
    -0.5,
    0.6000000238418579
  ],
  "mu_model": [
    [
      -0.5006963023464417,
      0.6018707989772063
    ]
  ],
  "diff": [
    [
      0.0006963023464416906,
      0.0018707751353483904
    ]
  ],
  "sigma_integral": [
    965848.4225035801,
    1453822.0271529756
  ],
  "within_band": [
    [
      true,
      true
    ]
  ],
  "toy_seed": 95,
  "weights": [
    -0.006603610403324304,
    0.028768609396720126,
    0.11798195843564821,
    0.07253605938604356,
    0.00921285530969512,
    0.060417523088396166,
    0.024377690871317997,
    0.11642377451778774,
    0.011265833814710706,
    0.009566872509977233,
    0.019409873316777643,
    -0.008561346367923538,
    0.026948247818987518,
    -0.06755781425505951,
    -0.03804500630144497,
    0.019884915424053167,
    -0.036678108738712564,
    -0.02712167767283494,
    0.03931979294133894,
    -0.028662946711839315,
    -0.013117715554269486,
    -0.004597262714255268,
    -0.01794361612587938,
    -0.0007155748229722875,
    -0.013687233684507895,
    0.0376704858288916,
    0.04303901514177559,
    -0.013718190921324525,
    -0.07807917326638172,
    0.06190665827579175,
    0.009858066495774172,
    -0.04211651623383139,
    0.08674570323092907,
    -0.010691438184949914,
    0.012426933217191445,
    0.042834186141166734,
    0.033508765578395994,
    -0.01769283507427011,
    0.014256103787839917,
    -0.024259116533202917,
    -0.02543922154230519,
    0.0015955034808902491,
    0.0666023939102045,
    0.07582034419681377,
    0.042039487858756844,
    0.04951069622557871,
    0.10021282855397436,
    -0.01603295552143502,
    0.01709610020858853,
    0.056462687888145104,
    0.045276916918750645,
    0.035247067481150786,
    -0.0002632333613653454,
    -0.02183042689377535,
    0.06182342933638645,
    -0.07922012272195837,
    0.039769639729388774,
    0.0006079502265785413,
    0.06066482814363916,
    0.041549756984605196
  ],
  "sum weights": 1.0000044120648386
}