{
  "mu_target": [
    -0.5,
    0.6000000238418579
  ],
  "mu_model": [
    [
      -0.5001747850938975,
      0.5992854656434696
    ]
  ],
  "diff": [
    [
      0.000174785093897456,
      0.000714558198388282
    ]
  ],
  "sigma_integral": [
    0.00047333711837515717,
    0.0007033218006170073
  ],
  "within_band": [
    [
      true,
      false
    ]
  ],
  "toy_seed": 119,
  "weights": [
    0.011587675627254235,
    0.055821116419121276,
    0.06116071644251351,
    0.014740472702093232,
    0.012287056284415307,
    0.04227409870157102,
    0.01801448498799879,
    0.047839261599772656,
    0.0052427937819808715,
    0.03084947820949349,
    0.05536615984789481,
    -0.004404910164190507,
    0.03222217010446974,
    -0.009333833550516129,
    0.009614174039035505,
    0.0018786017368284163,
    -0.028439203487190437,
    0.001526378152426095,
    0.0004189760125011437,
    -0.02501983809956701,
    -0.019206703655281956,
    0.021149067007198243,
    -0.004544927904191485,
    0.04478486276924278,
    -0.008695569171756136,
    0.05517104209293197,
    0.005356271157751028,
    -0.0004804015655184863,
    -0.06337313766129979,
    0.021367903615292217,
    0.008242937829954942,
    -0.010971703303733813,
    0.08782965272762447,
    0.03324268492170966,
    0.011905442155496373,
    0.009327254671124635,
    0.033020162751523634,
    -0.015413850810843831,
    0.01375061556431727,
    -0.01669832409201596,
    0.0013840357556499602,
    -0.024333391093182687,
    0.049816845183766806,
    0.12027153086853333,
    0.05434012419170345,
    0.0006521640290370368,
    0.04169196997991451,
    -0.0037432064841419334,
    0.0027988195881071447,
    0.027933006690431937,
    0.020982282385243696,
    0.03818880420603199,
    -0.003884540237356114,
    0.023278109650751576,
    0.07838482814963614,
    -0.03814630900275852,
    0.03469183252971201,
    0.01829726797954966,
    0.014127633109857509,
    0.0038640840470809223
  ],
  "sum weights": 1.0000049999750003
}