{
  "mu_target": [
    -0.5,
    0.6000000238418579
  ],
  "mu_model": [
    [
      -0.4997994120968931,
      0.600599094353114
    ]
  ],
  "diff": [
    [
      0.0002005879031068969,
      0.0005990705112560724
    ]
  ],
  "sigma_integral": [
    2073792.9722852,
    1717138.7520596844
  ],
  "within_band": [
    [
      true,
      true
    ]
  ],
  "toy_seed": 295,
  "weights": [
    -0.00586096661242787,
    0.09022191632459456,
    0.07785293325551683,
    0.03981506565832852,
    0.014563654235846636,
    0.04387376628122197,
    0.04891113311779049,
    0.05855891577588038,
    -0.008138773265364595,
    -0.013032290895668089,
    0.06480027527648743,
    -0.005890354838691763,
    0.00939649476027079,
    -0.02933534234423628,
    -0.006783957029093607,
    -0.023357953197836796,
    -0.010735178470431254,
    -0.0037453009931751346,
    0.017802975963321747,
    -0.006252032281010766,
    -0.05488162936464393,
    0.007045840590837722,
    -0.008225145626347992,
    -0.0020106984858994114,
    0.007381732027249743,
    0.05019693603764376,
    0.0074538109012168945,
    -0.022979908947500332,
    -0.03412362410977898,
    0.03738174716128081,
    0.02100207219489301,
    -0.01746111999164879,
    0.055463699801351865,
    0.02953252814484396,
    0.03199195903933203,
    0.021898776190105797,
    0.022831656818443697,
    -0.022418431073168647,
    -0.014028273105180148,
    -0.004927561679946898,
    -0.002581575746221677,
    0.016008061459738158,
    0.04816005539990897,
    0.08499529947850877,
    0.04792114247109805,
    0.007382694404039324,
    0.07597509101699935,
    0.01809353597050999,
    0.045305255486521555,
    0.005507986883245317,
    0.05002870268154198,
    0.07305963740279127,
    0.024787131200531803,
    -0.017491007702881572,
    0.0894961503243314,
    -0.05229269855967583,
    -0.00842663401115897,
    -0.0033585556166411193,
    0.02270289835144989,
    0.010941897960239089
  ],
  "sum weights": 1.0000044160992831
}