{
  "mu_target": [
    -0.5,
    0.6000000238418579
  ],
  "mu_model": [
    [
      -0.5009897269463085,
      0.6003849570325246
    ]
  ],
  "diff": [
    [
      0.0009897269463085001,
      0.00038493319066668086
    ]
  ],
  "sigma_integral": [
    257338867.03025743,
    252407807.30512398
  ],
  "within_band": [
    [
      true,
      true
    ]
  ],
  "toy_seed": 147,
  "weights": [
    0.013498897084309115,
    0.03247697208062655,
    0.11277432597483278,
    0.04554985414905394,
    0.043672408495113633,
    0.004657133856489585,
    0.05045905116054148,
    0.02325018457959708,
    0.06441244287000367,
    -0.020084437585220157,
    0.06328749507211719,
    0.00907705208474859,
    0.04910049513704473,
    -0.047542424380089,
    0.020458915156221613,
    -0.0019686076217926662,
    0.0068308101519132,
    -0.017008136163685766,
    -0.042961829957968295,
    -0.01233484834564783,
    -0.008465881036400705,
    0.03687166894287118,
    -0.05125528785084061,
    -0.0181955133373699,
    0.027424759436142577,
    0.036563908963396834,
    0.0293220126943313,
    0.035650122197372465,
    -0.01678194410308527,
    0.007809917922612461,
    -0.010940561723025028,
    -0.043697167461634635,
    0.07102001297245351,
    0.024194170561127822,
    0.023281115072063846,
    0.023657908820072477,
    0.06322650489326263,
    -0.004650114865905858,
    -0.06238140823490445,
    0.010636261184761863,
    -0.011203895026594987,
    0.005536782314520797,
    0.07277476176775692,
    0.11628792277431611,
    0.06933430413706611,
    -0.049711649979840226,
    0.012162913704083381,
    0.013664462560080522,
    0.020568799502368475,
    0.010119546326507498,
    0.008566818184625574,
    0.01943682406311427,
    0.032112604851879584,
    0.03094655984596441,
    0.04605430454210042,
    -0.01945097620605138,
    0.040465932648175156,
    0.026508227416672945,
    -0.019563677251316528,
    0.004497614339448407
  ],
  "sum weights": 1.0000044193603894
}