{
  "mu_target": [
    -0.5,
    0.6000000238418579
  ],
  "mu_model": [
    [
      -0.5004869532682008,
      0.5999881106355849
    ]
  ],
  "diff": [
    [
      0.0004869532682008071,
      1.191320627302872e-05
    ]
  ],
  "sigma_integral": [
    1466182.1442287923,
    3528262.555826528
  ],
  "within_band": [
    [
      true,
      true
    ]
  ],
  "toy_seed": 265,
  "weights": [
    0.011291006811823207,
    0.07641264220141526,
    0.08769280451411206,
    0.09017654946825468,
    0.009215870627156564,
    0.046392120933148616,
    0.047407868830207436,
    0.017679278186732317,
    0.034690389076628,
    -0.0035174146659947537,
    0.05690123259497709,
    0.009777596194037305,
    0.03489193776821091,
    -0.026746020001714013,
    0.027738441390151334,
    0.018836102263245644,
    -0.03062262497706523,
    -0.005364066126529054,
    0.02848669718629507,
    -0.03848840461557831,
    -0.06740987130147855,
    0.03345439073321423,
    -0.03311603991144685,
    0.011062490961998999,
    -0.0177227278731419,
    0.04796123478379081,
    0.015381279390529313,
    0.026884970786252536,
    -0.0208871323497318,
    0.06562135127567807,
    0.011010884575470331,
    -0.030601153292039072,
    0.07692045183862002,
    0.040115007273061935,
    0.015537339540058101,
    0.03663881177809606,
    0.015057312024726531,
    0.02058918312650161,
    0.02034127089375365,
    -0.05381984616764105,
    -0.037828764875552666,
    -0.002432054898397535,
    0.048445986188452486,
    0.09218339219880958,
    0.03462666779629098,
    0.033526012485775365,
    0.034506266181683815,
    0.049586837790048806,
    0.018721216137551767,
    0.043010500590032294,
    -0.010798708426997096,
    0.0010581238760484018,
    0.031117135020914427,
    -0.05252927597555248,
    0.06073766156069172,
    -0.07264158977893219,
    0.05398384260296107,
    -0.011229165424620898,
    5.933037097166814e-05,
    -0.019970224792387307
  ],
  "sum weights": 1.0000044043735792
}