{
  "mu_target": [
    -0.5,
    0.6000000238418579
  ],
  "mu_model": [
    [
      -0.4996533392189435,
      0.5993514405991447
    ]
  ],
  "diff": [
    [
      0.0003466607810564959,
      0.0006485832427132188
    ]
  ],
  "sigma_integral": [
    1944042.5525230381,
    1239730.679983563
  ],
  "within_band": [
    [
      true,
      true
    ]
  ],
  "toy_seed": 154,
  "weights": [
    -0.04401620026979838,
    0.0061028065172414915,
    0.047027176747921264,
    0.0974244061039283,
    -0.008088908077093084,
    0.0684093633694471,
    -0.006366296349847549,
    0.004519819160385737,
    0.03182147183994542,
    -0.05309163922720674,
    0.05841974600805299,
    -0.032902489034784224,
    -0.006483418439799005,
    -0.05785433788185977,
    -0.00804156808582017,
    -0.025024702308132904,
    -0.007634064048013824,
    -0.006089771074714442,
    -0.005029169296898229,
    -0.023989607572044915,
    -0.02869161584278746,
    0.029812417330700718,
    -0.021534498124882867,
    0.03493883989529966,
    0.0160209965317427,
    0.05801520624671467,
    0.029462584761915322,
    0.05984072526832791,
    -0.002158374766013756,
    0.0460192241823259,
    0.043333331688195434,
    -0.04131856928763188,
    0.04498532263191661,
    0.04286590051300292,
    0.010125025512619283,
    0.018355550636158055,
    0.055883002016681664,
    0.028139933234223074,
    -0.005850077036325678,
    0.012274396899897668,
    -0.015448181664232207,
    0.006873675889851361,
    0.03833932827756462,
    0.12738484259979968,
    0.06305188982711121,
    0.02268379019930254,
    0.017524324196364478,
    0.059141918428211336,
    0.0004507142434170866,
    0.056728718262301844,
    0.04688079882261216,
    0.03903235296435232,
    0.06340464910848156,
    0.007104199191460324,
    0.0506441979545978,
    -0.08705609356983832,
    0.03850278643887381,
    -0.0216353701155351,
    0.02645121852202145,
    0.0003127082360400537
  ],
  "sum weights": 1.000004408185747
}