{
  "mu_target": [
    -0.5,
    0.6000000238418579
  ],
  "mu_model": [
    [
      -0.5001510723984594,
      0.601007058253483
    ]
  ],
  "diff": [
    [
      0.00015107239845935094,
      0.0010070344116250851
    ]
  ],
  "sigma_integral": [
    0.0004780000245266029,
    0.0007165658101283928
  ],
  "within_band": [
    [
      true,
      false
    ]
  ],
  "toy_seed": 29,
  "weights": [
    -0.0006928253272515867,
    -0.004845235789923666,
    0.09179529058518347,
    0.08087749735494269,
    -0.013254799115140593,
    0.039145166556115836,
    0.025015968436792258,
    0.019105243922252043,
    0.01727863809522134,
    -0.013818935372085353,
    0.04752888555310154,
    -0.009413024566033629,
    0.020992672463407885,
    -0.033782207880945804,
    0.019922729283910146,
    0.013868974471197382,
    -0.028242043839474647,
    -0.005159728847495138,
    0.01570723675278753,
    -0.052468890004337555,
    0.003045822147388908,
    0.019095564428115337,
    0.005669162009002273,
    -0.007682953194452068,
    0.025781529861759935,
    0.07854654761546664,
    0.0425895761582315,
    0.04697673890637012,
    0.005481482374355507,
    0.04271107092934673,
    -0.007709077108140247,
    -0.04128409484222484,
    0.06082307173834422,
    0.007487510319582203,
    0.04379375672428925,
    0.026679193485442856,
    0.04286942586078164,
    -0.0033612218152408585,
    -0.016802842146561955,
    -0.0390746381459482,
    0.008711706675416257,
    -0.007640834619992433,
    0.07606458169637914,
    0.0889839123671861,
    0.01872425102157375,
    0.018465315464788242,
    0.0628046493428388,
    0.042303439177160417,
    0.02187983461654538,
    0.009485679166154991,
    0.0542985888556014,
    0.04802671180331037,
    0.010476281265352674,
    -0.024726026866719947,
    0.023966279963677384,
    -0.04982248544115169,
    0.035980385719240594,
    -0.005039602941845127,
    -0.0030257788302903645,
    0.004886873520780431
  ],
  "sum weights": 0.9999999999941395
}