{
  "mu_target": [
    -0.5,
    0.6000000238418579
  ],
  "mu_model": [
    [
      -0.5009038526996268,
      0.5998291409570494
    ]
  ],
  "diff": [
    [
      0.0009038526996267837,
      0.00017088288480848757
    ]
  ],
  "sigma_integral": [
    0.0004776703422369894,
    0.0007133542579041265
  ],
  "within_band": [
    [
      false,
      true
    ]
  ],
  "toy_seed": 260,
  "weights": [
    0.011298654374142993,
    0.06607635657034262,
    0.07774040685960898,
    0.05415353915528119,
    -0.006840843102290747,
    0.0028852658215643787,
    0.02696109466799509,
    0.005805700244603617,
    -0.005687607887880409,
    0.028056571815656486,
    0.04930614551608551,
    -0.00796678981535382,
    0.030459005441238692,
    -0.04453330546332122,
    -0.015395224030632985,
    0.0034889546669751997,
    -0.022116992739948483,
    0.01617940473357032,
    0.035543463104343,
    -0.02216000402612487,
    -0.02111309696279346,
    0.023194205512139476,
    -0.015503362210455578,
    -0.0019951244808375907,
    0.012949035663987455,
    0.07723443191355996,
    0.007779712150275368,
    0.036266908272538784,
    -0.025112079127525187,
    0.085753755728044,
    0.026886643554106165,
    -0.049320475054074116,
    0.0494919897208426,
    0.03613403564230013,
    0.021091188932734404,
    0.01487831666966368,
    0.04547937517662135,
    -0.011748706208325153,
    -0.017427764574836375,
    -0.03546523467811734,
    0.000956341175422119,
    -0.014429579169310163,
    0.046686320787635745,
    0.06142598977117818,
    0.05862684752833279,
    0.003231045771050728,
    0.02343465077827499,
    0.036863586556505124,
    0.02354810504741654,
    0.058010648140617085,
    0.0356683262772945,
    -0.007701290896023043,
    0.03686188487902104,
    -0.005597335649591499,
    0.1118633878306759,
    -0.04180315549634984,
    0.027209916375073945,
    0.01182138606866437,
    0.00481615797182158,
    -0.014195785318413942
  ],
  "sum weights": 1.0000049999750003
}