{
  "mu_target": [
    -0.5,
    0.6000000238418579
  ],
  "mu_model": [
    [
      -0.5001504683306215,
      0.6010270726849124
    ]
  ],
  "diff": [
    [
      0.00015046833062148934,
      0.00102704884305449
    ]
  ],
  "sigma_integral": [
    1114556.517375641,
    1689070.6381004525
  ],
  "within_band": [
    [
      true,
      true
    ]
  ],
  "toy_seed": 99,
  "weights": [
    -0.02367084560315232,
    0.07915953621004822,
    0.13565641832043018,
    0.10088804580043666,
    0.02450433220338048,
    0.06531671076009321,
    0.016577588012639477,
    0.06457632387195703,
    0.07498093335695616,
    -0.012442981950700835,
    0.023285775872588968,
    -0.0283047591648698,
    0.0027439611204397047,
    -0.021252116404368793,
    -0.019484231294340515,
    -0.01149150216112965,
    -0.051512594935974175,
    -0.029977864627101912,
    -0.012575714939394264,
    -0.027597388235382304,
    -0.059912118825375275,
    0.036738709452524054,
    -0.024958509837712913,
    0.0024072317288667917,
    0.014899509809735851,
    0.025591327580624258,
    -0.009890289021768393,
    0.0210913820084159,
    -0.00922782649972166,
    0.09586607543834638,
    -0.05822999235833653,
    -0.04042085030212089,
    0.08801048195830657,
    0.07474729258488527,
    0.016843488641870977,
    0.005184644806542042,
    0.045758042661062315,
    -0.036016418426596794,
    -0.04558409038512113,
    -0.04258545621303335,
    -0.06036065255810828,
    -0.016806954716579333,
    -0.008221576856361436,
    0.1691965047658176,
    0.09203705977851266,
    -0.04027981063194014,
    0.06540282520820309,
    0.05641117036173843,
    -0.013975156503594518,
    0.011634356526463347,
    0.05107271104480621,
    0.06530586971360844,
    0.038332088876925755,
    0.035659411207566875,
    0.09253686909541428,
    -0.08684689843688659,
    0.03208766661182539,
    -0.02434046058892493,
    0.07613590941585432,
    0.015331170208338872
  ],
  "sum weights": 1.0000043635366291
}