{
  "mu_target": [
    -0.5,
    0.6000000238418579
  ],
  "mu_model": [
    [
      -0.5006445046847869,
      0.6003261235769516
    ]
  ],
  "diff": [
    [
      0.0006445046847869396,
      0.00032609973509367673
    ]
  ],
  "sigma_integral": [
    0.00047711889011202457,
    0.0007166979636775904
  ],
  "within_band": [
    [
      false,
      true
    ]
  ],
  "toy_seed": 19,
  "weights": [
    0.0051319105627149605,
    0.034846921979220416,
    0.07257009051070104,
    0.005672243081085581,
    0.007656896470392604,
    0.026186642422599268,
    0.039381897294036454,
    0.030694286250064273,
    0.028182360999830115,
    0.003276730677857223,
    0.06552014912778431,
    0.011120533644325789,
    0.03580607865176213,
    -0.026522244075582915,
    0.022020971745086167,
    0.031641477636814436,
    -0.06697627221102291,
    -0.024761263695293433,
    0.014171550114182517,
    -0.022991505818225087,
    -0.0068252064961003,
    0.007574500831029385,
    -0.02173321604277991,
    -0.014679823114653696,
    0.026993751733474965,
    0.051001136020212355,
    0.014244209235523386,
    0.018100504332178333,
    -0.014493558127572945,
    0.06301650817989393,
    -0.050063696857120386,
    0.004967602657731664,
    0.059324484178607646,
    -0.002104965303403628,
    0.051460341082865645,
    0.022494569550515573,
    0.017195967931408263,
    -0.024474783166520398,
    0.0004889770316597184,
    -0.028559236796255542,
    -0.011480930999788225,
    -0.024923398065470448,
    0.051351089408216054,
    0.07335372389085071,
    0.10977485066493645,
    -0.015666429617747744,
    0.0364044844984474,
    0.08073628223630315,
    -0.0009181838673491606,
    0.04154606327520253,
    0.030019035154652315,
    0.02391750132860027,
    0.025469113114264585,
    0.01839623265037965,
    0.06935870004517743,
    -0.010118238554238315,
    0.00959263478156104,
    0.006308755191639874,
    0.010856335925235406,
    0.009469856685100001
  ],
  "sum weights": 1.000004999975
}