{
  "mu_target": [
    -0.5,
    0.6000000238418579
  ],
  "mu_model": [
    [
      -0.499441146066375,
      0.599495255339096
    ]
  ],
  "diff": [
    [
      0.0005588539336249809,
      0.000504768502761932
    ]
  ],
  "sigma_integral": [
    0.000476361586698766,
    0.0007167518717719209
  ],
  "within_band": [
    [
      false,
      true
    ]
  ],
  "toy_seed": 97,
  "weights": [
    -0.04347349339910062,
    0.017118077058455982,
    0.05294619065442893,
    0.07639286548052528,
    0.003606571920465401,
    0.02479659504959731,
    0.0003841388503796542,
    0.08065663465947255,
    0.033231882943773106,
    -0.0030553253450770024,
    0.033429310086358695,
    -0.015444597006848549,
    0.043188312648406633,
    -0.02339018065047817,
    -0.014626978258148002,
    -0.0012760880981144958,
    -0.030407353498539402,
    -0.025984551135984472,
    0.01942584362708015,
    0.0006072724399425133,
    0.00806175456233379,
    0.032486013955908055,
    -0.01681301705468689,
    -0.014587871107611129,
    0.026150920457800708,
    0.057653235580395625,
    -0.01527641056790285,
    0.01991797844480142,
    0.005883300011238076,
    0.05951329476482964,
    0.024456736487786936,
    -0.0080885385822047,
    0.04022423208350649,
    0.03813946656947403,
    0.01382200764021918,
    0.034082559129331357,
    0.03373370480410256,
    0.024595765967021285,
    0.010301425431852562,
    0.011351560588612229,
    0.004554880976928321,
    -0.021526073231173094,
    0.028258338654687007,
    0.12367241425087805,
    0.0466723987476486,
    0.018429948031164302,
    0.04235631497605099,
    0.017741651785691696,
    -0.033316546516153824,
    0.0022729537431479584,
    0.0008720309083337664,
    0.020714310427691247,
    0.023327210398395085,
    0.03448281771213483,
    0.05752454948557069,
    -0.04784723158647135,
    0.04481052467384067,
    -0.023909081839304614,
    0.03469977441043588,
    0.012480566772100063
  ],
  "sum weights": 1.0000049999750003
}