{
  "mu_target": [
    -0.5,
    0.6000000238418579
  ],
  "mu_model": [
    [
      -0.5000259117376473,
      0.6001482280055321
    ]
  ],
  "diff": [
    [
      2.5911737647321686e-05,
      0.00014820416367422595
    ]
  ],
  "sigma_integral": [
    0.0004780254443119465,
    0.0007131880809543812
  ],
  "within_band": [
    [
      true,
      true
    ]
  ],
  "toy_seed": 16,
  "weights": [
    0.029566236646561588,
    0.05112372444135868,
    0.09394785333855979,
    0.055207694551609704,
    -0.0013996680979546199,
    0.04424770593648046,
    0.012928354272136136,
    0.019951415840609703,
    0.02762491943458902,
    0.013594714358240605,
    0.03137865132970068,
    0.024016894383724948,
    0.016252870089504698,
    -0.00912600788419814,
    0.03657963988646291,
    0.006104467004350887,
    -0.014526521552316716,
    -0.015716608765541457,
    0.036986246106072346,
    0.027129756186021564,
    -0.015338450661399508,
    0.01563632541671525,
    -0.024897867850537055,
    -0.002159192004029274,
    0.0054369635811209235,
    0.06001837963860703,
    -0.018442291284825087,
    0.005811566884066637,
    -0.010308240370010373,
    0.006884332937431713,
    -0.023942582995863503,
    -0.037669985530594544,
    0.03621657897103228,
    0.014557538232010133,
    0.04012977796160784,
    0.015636929071378147,
    0.03433806767604128,
    0.0013794006834489234,
    -0.05130115931931071,
    -0.028705325097206615,
    -0.010719528178172507,
    -0.022739412506562525,
    0.050603359351061535,
    0.08469934828048963,
    0.09283885773549669,
    -0.03405771995064406,
    0.013050448764194393,
    0.00547026297744242,
    0.014272830825955575,
    0.01419646784972817,
    0.04616278686390135,
    0.05784662062483372,
    0.03346062491970247,
    0.029392426364993434,
    0.06801646385530163,
    -0.012881779426609929,
    -0.012403870705941988,
    0.021273849844883678,
    0.0203418235597177,
    0.03202803547957193
  ],
  "sum weights": 1.0000049999749996
}