{
  "mu_target": [
    -0.5,
    0.6000000238418579
  ],
  "mu_model": [
    [
      -0.5009961766203502,
      0.6010442343566968
    ]
  ],
  "diff": [
    [
      0.000996176620350231,
      0.0010442105148389391
    ]
  ],
  "sigma_integral": [
    0.00047334902208506324,
    0.0007109517046784436
  ],
  "within_band": [
    [
      false,
      false
    ]
  ],
  "toy_seed": 134,
  "weights": [
    0.023221807660784553,
    -0.006446905607063597,
    0.08350591324384339,
    0.08552568888116766,
    0.004659375363027013,
    0.06083432944212397,
    0.029225169958341044,
    0.042823367762653865,
    0.050908484392498156,
    0.014661931022879009,
    0.07766090636923347,
    -0.01692655400316296,
    0.021678892263025155,
    -0.025123940227953036,
    -0.005017219691901831,
    -0.010828013145649434,
    -0.028742863930199262,
    -0.009616448055780142,
    0.03596658431976961,
    -0.0011408287665631482,
    -0.029469430141514864,
    0.0481345284941123,
    -0.030037455371208506,
    -0.035837100229636557,
    -0.03223852344862659,
    0.061993977328324304,
    0.02108859342904936,
    0.009786479301691917,
    -0.022727183419839266,
    0.05356055825996147,
    0.006570785247500013,
    -0.03989398795995285,
    0.03451224359206556,
    0.01089287575804811,
    0.03819046484131633,
    0.022011807579300015,
    0.0019327449810167666,
    -0.03582109371767701,
    -0.052126733383707935,
    0.004257481851622571,
    -0.006005810204381908,
    -0.02353050102055226,
    0.10111196156177019,
    0.13817362459575358,
    0.08483021257262453,
    0.001232991768225665,
    0.06980804931459143,
    0.026496909292153446,
    0.008198630444472195,
    0.03346383108895817,
    0.03266913867442406,
    0.04033545054032782,
    0.03594652817814925,
    -0.018828799464698336,
    0.033471298718582114,
    -0.057181282879465674,
    0.018501703036266966,
    -0.000859187913188351,
    0.015310234316479194,
    0.005249307111589535
  ],
  "sum weights": 1.0000049999750003
}