{
  "mu_target": [
    -0.5,
    0.6000000238418579
  ],
  "mu_model": [
    [
      -0.4999335040353596,
      0.6009702017945867
    ]
  ],
  "diff": [
    [
      6.649596464042284e-05,
      0.0009701779527288013
    ]
  ],
  "sigma_integral": [
    0.00047390251085250624,
    0.0007155699352151539
  ],
  "within_band": [
    [
      true,
      false
    ]
  ],
  "toy_seed": 5,
  "weights": [
    -0.003773824028382839,
    0.06010231890342966,
    0.07303371255722126,
    0.055032540806763036,
    0.018622594312456067,
    0.07703687841865237,
    0.04479552823109884,
    0.028179766303747706,
    0.027307259608646318,
    0.013623217014819155,
    0.05622271064978464,
    -0.028358544960820742,
    0.03928714952417173,
    -0.051751129419262354,
    -0.010715178514456594,
    -0.006887225287226197,
    -0.0006987444522774989,
    -0.030842463861844086,
    0.014447800429788573,
    -0.02809579214825898,
    -0.04886529271481368,
    0.02299623595118026,
    -0.009620690538062346,
    -0.03051613850126417,
    0.0030418247837250296,
    0.06485300728531249,
    0.022858295657559112,
    0.015473652676673444,
    -0.04209069450560371,
    0.06292385098689267,
    0.015164917870197183,
    0.0032641106734430957,
    0.05944762406466501,
    0.005661511281145134,
    0.013970958262225722,
    0.0222273632199734,
    0.016594970186156056,
    -0.016325189353753218,
    0.02417828788306841,
    -0.0038858459562784997,
    0.00562847397082199,
    -0.0163064138990853,
    0.03677248070307284,
    0.09524464917302379,
    0.04766391995026825,
    0.022902537233346232,
    0.05695551509500899,
    0.04332646289375922,
    -0.002423550029350072,
    0.014046920584265455,
    0.01394279731531011,
    0.009058149664761579,
    0.0459644082400448,
    0.03835689576671468,
    0.046468089655235974,
    -0.044871659035779,
    0.03105444499490589,
    0.013616757322289837,
    -0.010061881775305244,
    0.004744668851198805
  ],
  "sum weights": 1.0000049999750003
}