{
  "mu_target": [
    -0.5,
    0.6000000238418579
  ],
  "mu_model": [
    [
      -0.5002812190035251,
      0.6014119395050666
    ]
  ],
  "diff": [
    [
      0.00028121900352506835,
      0.0014119156632086405
    ]
  ],
  "sigma_integral": [
    1834733.957727112,
    1330998.2161478763
  ],
  "within_band": [
    [
      true,
      true
    ]
  ],
  "toy_seed": 40,
  "weights": [
    -0.0041642806206347105,
    0.052662654349105324,
    0.07393369666501622,
    0.051709652235040565,
    0.011912454025516276,
    0.06721247928688101,
    0.028167516146742875,
    0.03018980666936852,
    0.028023986011088305,
    0.027921774599027123,
    0.05921838242652425,
    0.0076767322984204345,
    0.017718130485432172,
    -0.07185899675513953,
    -0.0037049339555153393,
    0.005888510062321139,
    -0.06774333129541785,
    -0.03439357690544562,
    0.05661454377441933,
    -0.016967158273918256,
    -0.03433457105639744,
    -0.00241042889188379,
    -0.04592657882935962,
    0.002454508211655078,
    -0.024343110538871095,
    -0.004135885612596117,
    0.0663622651373867,
    0.050803191823885256,
    -0.03527310461500366,
    0.09587514469236487,
    0.0012662275042068106,
    -0.0634462518495765,
    0.07085594066262627,
    0.049746813131491534,
    0.07167774815343263,
    -0.002295481308401935,
    0.06271297575060314,
    -0.024925206268924794,
    -0.008327494820278801,
    -0.019917157982092405,
    -0.040758352639501394,
    -0.022852182947364408,
    0.06281781556654262,
    0.1143527508030274,
    0.08521283699569528,
    0.030348204440428843,
    -0.024276339577940034,
    0.0602895938365778,
    0.026151647580069017,
    0.035045929381885034,
    0.06191491858325214,
    0.018855911555804492,
    -0.000673386492637211,
    -0.03288765647045207,
    0.07282077463111616,
    -0.0467427351346781,
    0.05453724302608104,
    0.003489500290896917,
    0.022624633951581014,
    -0.006704284285224283
  ],
  "sum weights": 1.0000044076182586
}