{
  "mu_target": [
    -0.5,
    0.6000000238418579
  ],
  "mu_model": [
    [
      -0.5009693206728463,
      0.5997737645301826
    ]
  ],
  "diff": [
    [
      0.0009693206728462744,
      0.0002262593116753031
    ]
  ],
  "sigma_integral": [
    735005.7896397995,
    834689.953812685
  ],
  "within_band": [
    [
      true,
      true
    ]
  ],
  "toy_seed": 8,
  "weights": [
    0.02613144844188889,
    0.07560055551907158,
    0.09593787346812864,
    0.07991647186583471,
    0.008678223473232813,
    0.023704134924724014,
    0.052406115361752194,
    0.03009092573254482,
    0.026611516379602466,
    0.013267311025218784,
    0.07333117602634223,
    0.007367177816118086,
    0.06367884944821317,
    -0.04619607617174955,
    -0.024763246772872914,
    0.011950003094102706,
    -0.043367429701387676,
    0.009878471390528318,
    0.006019722403288224,
    -0.012841572222589158,
    0.004528705945866152,
    0.02712898937579468,
    -0.020792037481266054,
    -0.03998847256090637,
    -0.002094155203693943,
    0.053597181760863526,
    -0.03974401195186917,
    0.008004752406976878,
    -0.027499435216152113,
    0.047720885877341634,
    -0.04325938307596021,
    -0.03049826617973791,
    0.07322987993846987,
    0.001916895082611977,
    0.022932094289979818,
    0.054309957026144946,
    0.06637824356380627,
    0.00705107436102034,
    -0.06201808842804664,
    -0.02359727981796547,
    -0.006504355044430184,
    -0.00856429681492934,
    0.042738611634935184,
    0.05652489626908985,
    0.02905112988575499,
    0.014670283988047084,
    0.05436853493821922,
    0.040902502648393985,
    0.012634754147682371,
    0.02640745971809729,
    0.019343139987827343,
    0.032388733188461166,
    0.041544949789538495,
    0.006609040770637819,
    0.05174318569363453,
    -0.028182039095951586,
    0.04659909505873878,
    0.007431065896787473,
    0.01925457415470635,
    -0.013666027017026156
  ],
  "sum weights": 1.0000044210134853
}