{
  "mu_target": [
    -0.5,
    0.6000000238418579
  ],
  "mu_model": [
    [
      -0.5015057530989654,
      0.60069492221173
    ]
  ],
  "diff": [
    [
      0.00150575309896539,
      0.0006948983698721323
    ]
  ],
  "sigma_integral": [
    0.00047669111327959415,
    0.0007137669014155312
  ],
  "within_band": [
    [
      false,
      true
    ]
  ],
  "toy_seed": 83,
  "weights": [
    0.027840559754566015,
    0.0373027788635136,
    0.05122768911513944,
    0.06736102470220624,
    0.0002949635130635495,
    0.018812847586131578,
    0.001560387270505498,
    0.057405203120593926,
    0.050897462087683365,
    -0.00821645034039332,
    0.06572597005850665,
    0.01819875064389239,
    0.04120904608109523,
    -0.034514885427743607,
    -0.04977273316223874,
    -0.010360798537944598,
    -0.0376513129375503,
    0.008365067802933546,
    0.024966796623319364,
    -0.026517154058285777,
    0.011348785259228594,
    0.04777081476316681,
    -0.02404871407699307,
    0.020127321191320432,
    0.00835118840568531,
    0.02510800512524998,
    -0.004176255735143497,
    0.01803703378930454,
    0.019780707481202222,
    0.05835615818299974,
    0.03649411275270556,
    -0.07144611028948133,
    0.04968529937404521,
    -0.0012035096195303656,
    -0.01539282559252875,
    -0.006027525921486983,
    0.05358465310155267,
    0.00038113513318703676,
    -0.025739938186011144,
    0.00416275177710032,
    0.002407680854954964,
    -0.00810867723922192,
    0.021947869330459557,
    0.11022281050264503,
    0.07252681496097253,
    -0.006666144332888582,
    0.09327515454629805,
    0.0024205317813462647,
    0.01620968535607361,
    0.03337711652815373,
    0.038855388170068755,
    0.08155321035729132,
    0.021705278002971857,
    -0.005691544556961424,
    0.05566454322740399,
    -0.04193314912528046,
    0.031078554423965822,
    -0.06633582563928624,
    0.03893926727376722,
    -0.0007368642487372213
  ],
  "sum weights": 0.9999999998485642
}