{
  "mu_target": [
    -0.5,
    0.6000000238418579
  ],
  "mu_model": [
    [
      -0.500089985606847,
      0.601147601646073
    ]
  ],
  "diff": [
    [
      8.998560684703172e-05,
      0.0011475778042150386
    ]
  ],
  "sigma_integral": [
    521440.0948227542,
    2812699.9011814157
  ],
  "within_band": [
    [
      true,
      true
    ]
  ],
  "toy_seed": 50,
  "weights": [
    0.009025612361601225,
    0.03935539692752955,
    0.07864896739959032,
    0.0541595951620378,
    -0.0013583888938114323,
    0.07018990713620958,
    0.028213281542873163,
    0.04272976211717338,
    0.03863293259884393,
    -0.009348090647970458,
    0.08676635691208696,
    0.003119182384000831,
    0.0304738015680139,
    -0.06561022134784424,
    0.009485045410829784,
    -0.03787062766910888,
    0.01638017667116705,
    -0.005433725171053698,
    0.0409176411496442,
    -0.016631225471392452,
    -0.03837503910705021,
    0.035419892326097754,
    -0.027047434028968958,
    -0.026655204995195924,
    0.013665332412844497,
    0.022295931030200545,
    0.0004543745001076745,
    0.006441451419523678,
    -0.007958111315769763,
    0.03240500511260068,
    -0.007283639409343734,
    0.0301572115410915,
    0.04799100505751913,
    0.05336509563433294,
    0.008621114759224568,
    0.03620245340916081,
    0.03879272311825856,
    0.014065249247226071,
    -0.06799042841382616,
    0.033633991947221366,
    -0.030855751334925838,
    -0.027494947238307275,
    0.027638102127782237,
    0.08328830051185666,
    0.01807093725608319,
    -0.02157848594724315,
    0.08640621657069182,
    0.0027203793208061136,
    0.05256696768130592,
    0.041309902914914626,
    0.03554735719853436,
    0.08585697226455896,
    0.043759762284607956,
    -0.014306828177462682,
    0.06878784009147824,
    -0.07091384736241195,
    0.021396689258210973,
    -0.03898180482423248,
    0.008717937965133106,
    0.01802235512926759
  ],
  "sum weights": 1.000004410076324
}