{
  "mu_target": [
    -0.5,
    0.6000000238418579
  ],
  "mu_model": [
    [
      -0.5009818584609417,
      0.5988832580474769
    ]
  ],
  "diff": [
    [
      0.0009818584609416758,
      0.001116765794381025
    ]
  ],
  "sigma_integral": [
    0.0004797654640479616,
    0.000715140391540818
  ],
  "within_band": [
    [
      false,
      false
    ]
  ],
  "toy_seed": 63,
  "weights": [
    0.03814853527740257,
    0.038645002160262024,
    0.08259361593501262,
    0.08362320579278448,
    -0.010800064395589842,
    0.02884507227159142,
    0.02823196558483366,
    0.015664872793025433,
    -0.00364716450392571,
    0.022447761510354887,
    0.07015153371797768,
    0.022969126178856134,
    0.027146457373472137,
    -0.021610410512828596,
    -0.022592526732345335,
    0.003101172432424374,
    -0.010414424030349052,
    -0.0004883187028077613,
    0.07953780262861972,
    -0.02127372235349817,
    -0.05895742170284692,
    0.023329126030783732,
    -0.02541097789585661,
    0.002307210549204746,
    -0.003424308239394186,
    0.017027670939729938,
    -0.027386767219517803,
    0.07726531956604585,
    -0.03306951006351495,
    0.06989310972973115,
    0.032037274819984154,
    -0.05418627321907323,
    0.048511763267546734,
    0.03849875630497787,
    -0.008198537052429046,
    0.045000486097541405,
    0.035322981389256596,
    0.012699627237577674,
    -0.011329344904468817,
    0.013230576277421682,
    0.012712981562427318,
    -0.010350630602728495,
    0.03928089548864475,
    0.07461871818777474,
    0.01937879982194903,
    0.02895090171167786,
    0.04010096985478661,
    -0.014375510858939402,
    0.03971922096625631,
    0.03163109143247178,
    0.060393256026910265,
    0.022989473299284593,
    0.00541782580857264,
    -0.05624042199603083,
    0.08688703372929725,
    -0.0723487840993196,
    0.02538443166845429,
    -0.005678778436157553,
    0.006310040043255089,
    0.021773232047684384
  ],
  "sum weights": 0.9999949999942437
}