{
  "mu_target": [
    -0.5,
    0.6000000238418579
  ],
  "mu_model": [
    [
      -0.5007235117754794,
      0.6001388462980813
    ]
  ],
  "diff": [
    [
      0.0007235117754793574,
      0.0001388224562234308
    ]
  ],
  "sigma_integral": [
    0.00047901616387066185,
    0.0006980214373191584
  ],
  "within_band": [
    [
      false,
      true
    ]
  ],
  "toy_seed": 36,
  "weights": [
    0.017887336346551652,
    0.06471878983330329,
    0.07640163808174961,
    0.09824234439105178,
    0.0036727945708450063,
    0.05004770396266471,
    -0.004966636313352229,
    -0.020046223772570967,
    0.05877522444100551,
    0.030198568101434446,
    0.031540521106335595,
    -0.028267572382996556,
    0.041177079317911626,
    -0.02444566527463954,
    -0.01831810405336467,
    0.0013699868267894907,
    -0.021666576849303947,
    0.007092069540801023,
    0.056319030094425244,
    -0.023443155745245064,
    -0.012852760249258688,
    0.04901072399399484,
    0.0008585252148304477,
    0.01700593585595098,
    0.007858506856924212,
    0.007017666443711745,
    0.024962225491498232,
    0.010388954149480809,
    -0.05184782878798403,
    0.028329141909260988,
    -0.010639483957384956,
    -0.057432318283205455,
    0.05272212457793881,
    0.029334281865564246,
    -0.01597318119734456,
    0.0035917735091512085,
    0.01588899544421741,
    -0.002245781549868454,
    0.01905367828567705,
    -0.016492491815485566,
    -0.03500014950356039,
    0.04288449384351179,
    0.07279695932239734,
    0.08112489656491138,
    0.032409530211689276,
    0.017685160272351348,
    0.04173816522206869,
    -0.006340994682950368,
    0.04094950338313754,
    0.020729489454768945,
    0.035427279032532205,
    0.057212767549156274,
    0.017949938681255058,
    0.010470149061416035,
    0.057793715803082006,
    -0.057503828626357896,
    -0.01093603592497139,
    0.034126833834992924,
    0.023924305225384444,
    0.02772498128801096
  ],
  "sum weights": 0.9999949999938915
}