{
  "mu_target": [
    -0.5,
    0.6000000238418579
  ],
  "mu_model": [
    [
      -0.4999834550342596,
      0.5994643023165858
    ]
  ],
  "diff": [
    [
      1.6544965740383777e-05,
      0.0005357215252721481
    ]
  ],
  "sigma_integral": [
    0.00047652928801643455,
    0.0007143232927777921
  ],
  "within_band": [
    [
      true,
      true
    ]
  ],
  "toy_seed": 148,
  "weights": [
    0.013232660994897673,
    0.04565532187546945,
    0.08969895767695278,
    0.05242542833371069,
    0.012173861254947385,
    -0.01759952346972315,
    0.01720879651736825,
    -0.0035001838510234514,
    0.01112421489880921,
    0.032343694718747824,
    0.0754328981637301,
    0.021697146152977808,
    0.04692107560890135,
    -0.034728956851652414,
    -0.00923312350733222,
    -0.0013995169180071102,
    0.008555379979349888,
    0.007967190038869096,
    0.036027332149211305,
    -0.023956340154217784,
    -0.014533517008848135,
    -0.0011682565465983064,
    -0.030553816817985,
    -0.010172444047881824,
    -0.0010174397682071751,
    0.022124024196776136,
    0.011524326299922647,
    0.008406733389208887,
    -0.019380773754674823,
    0.0640581121833024,
    -0.026499646058825935,
    -0.04619929467031435,
    0.10279045869056912,
    0.06190454863845675,
    0.022587270028989446,
    0.03868620023740028,
    0.03258300852446826,
    0.016783808228591986,
    -0.0126360712239882,
    -0.04784767245792897,
    -0.017071995696584963,
    0.023112466239129454,
    0.025324150692009318,
    0.09342163775276625,
    -0.0015924853191764577,
    0.02648581479013803,
    0.031172546618753225,
    0.05382526628387184,
    0.0028500532012839834,
    0.03328483980813957,
    0.06148355528204969,
    0.049247180269443754,
    0.03124248727448235,
    0.010691252411052945,
    0.07725659468695588,
    -0.062044296789579845,
    0.017790650146799068,
    -0.01791874344226012,
    0.012296450331344416,
    -0.0023382962400384263
  ],
  "sum weights": 1.0000049999749998
}