{
  "mu_target": [
    -0.5,
    0.6000000238418579
  ],
  "mu_model": [
    [
      -0.49988102906600795,
      0.5993080589132435
    ]
  ],
  "diff": [
    [
      0.00011897093399204639,
      0.0006919649286144525
    ]
  ],
  "sigma_integral": [
    0.0004752275316186209,
    0.0007171400775676279
  ],
  "within_band": [
    [
      true,
      true
    ]
  ],
  "toy_seed": 227,
  "weights": [
    0.005185303610786342,
    0.009787481174181606,
    0.04487909494891931,
    0.04544650680642206,
    0.01956563278734172,
    0.028899492290280722,
    0.027257050343599216,
    0.019956309168395844,
    0.02509348974410526,
    0.020089052583725585,
    0.07491391849860383,
    -0.003941884554678461,
    0.05082340255510933,
    -0.023329757094638894,
    -0.008333310847633984,
    -0.0040667613544916595,
    -0.004125565189258916,
    -0.01502812140885291,
    -0.004900344531274661,
    0.002315292392775125,
    -0.027630556103060772,
    0.03827389414664407,
    -0.023699200192909962,
    -0.01659402369682252,
    0.005473974434777867,
    0.09983033627299569,
    0.030116224339081548,
    0.011960895413541917,
    0.0026274359440535008,
    0.05350667609442979,
    -0.046866368277695775,
    -0.014667967069176169,
    0.06454018958235501,
    0.03254101747112438,
    0.015867263115003902,
    -0.0025211481801134393,
    0.041586538140846514,
    -0.02557195352920914,
    -0.007825307697680797,
    -0.0010704353055051667,
    0.009854845260241364,
    -0.01222613036242841,
    0.052421769046305286,
    0.10961390963585485,
    0.057405700452216886,
    -0.004070626114332524,
    0.042729725307527354,
    0.06788021078274097,
    -0.0038293817014910347,
    0.0017196786692725953,
    0.05212774439824536,
    0.04855229946855519,
    0.038156757441271255,
    -0.003265371536438851,
    0.02621880389089604,
    -0.1137284264597485,
    0.022506771121050484,
    0.010387238637916758,
    0.040054953990730426,
    0.017130761220517654
  ],
  "sum weights": 1.000004999975
}