{
  "mu_target": [
    -0.5,
    0.6000000238418579
  ],
  "mu_model": [
    [
      -0.4999535725725947,
      0.5997834776206734
    ]
  ],
  "diff": [
    [
      4.6427427405293376e-05,
      0.0002165462211844993
    ]
  ],
  "sigma_integral": [
    0.00047225403518415265,
    0.0007096639865030984
  ],
  "within_band": [
    [
      true,
      true
    ]
  ],
  "toy_seed": 160,
  "weights": [
    -0.002934764214868181,
    0.06004135982473426,
    0.0633155213676094,
    0.06488167141505136,
    0.02733312141908076,
    0.061747096554097415,
    0.044191518927079385,
    0.03369175079188427,
    0.03454093362730838,
    -0.005748880753943877,
    0.06028086461769101,
    -0.023267479244993325,
    0.031742679533943254,
    -0.037645946657667496,
    0.023476898666953752,
    0.011695474528270817,
    -0.04850626599632179,
    -0.03663967582651121,
    -0.031967262399214075,
    0.01300678291727342,
    -0.023090778776986537,
    0.025922380989643674,
    -0.012470950363452457,
    0.027316993417505892,
    0.017071389765538438,
    0.07216462500744279,
    0.037460997668067916,
    0.03255244878536985,
    -0.014300155971310503,
    0.015018545513230615,
    0.0010798421261778283,
    -0.057437781660907086,
    0.05531730995705757,
    0.022900665439193574,
    0.030852950900277915,
    0.02186492369849425,
    0.050234458207085865,
    0.0009294099126712899,
    -0.036283835342614514,
    0.010158097185016953,
    -0.02421763424597492,
    -0.024226476892545427,
    0.047528181786818675,
    0.07463179141597835,
    0.055810552800691804,
    0.0015105716101485678,
    0.05257453806666565,
    0.035646623007109864,
    0.02471816480637657,
    0.001476771506308744,
    0.07712669108292182,
    0.007783021616801148,
    -0.007614295372013595,
    0.017918347449974035,
    0.06566642799152715,
    -0.02006969633386719,
    -0.001788221551846445,
    0.00923057907099275,
    0.00015939915488702607,
    -0.014357272550915182
  ],
  "sum weights": 1.0000049999750003
}