{
  "mu_target": [
    -0.5,
    0.6000000238418579
  ],
  "mu_model": [
    [
      -0.5000872160006244,
      0.6004003358194643
    ]
  ],
  "diff": [
    [
      8.721600062444601e-05,
      0.00040031197760637127
    ]
  ],
  "sigma_integral": [
    0.0004775490574610496,
    0.0007155988692262667
  ],
  "within_band": [
    [
      true,
      true
    ]
  ],
  "toy_seed": 157,
  "weights": [
    -0.002908800511346069,
    0.021365447075730445,
    0.04986919150761891,
    0.06191976676306611,
    0.014673100351134132,
    0.05932174780558454,
    0.019209383740960793,
    0.02341010939219536,
    0.055537690896810314,
    0.031667697130977855,
    0.05154108474743093,
    0.012953767566480947,
    0.02231779940392938,
    -0.01022456047003858,
    0.022663790730666652,
    0.005010147082397605,
    -0.017062064523341726,
    -0.01645520354087525,
    0.010480714848404474,
    -0.021265667548513875,
    -0.030850643077132107,
    0.05345010054748288,
    -0.014631527043275491,
    -0.036080868109699064,
    0.03787210722070234,
    0.06141126117510312,
    0.0013178532154678325,
    0.024286614101995025,
    -0.01872603768829332,
    0.02945364793447748,
    0.012174843534282892,
    -0.04030886615321706,
    0.06418349562323031,
    -0.004436125820810789,
    0.005758113172204806,
    0.00409713778205912,
    0.03946867362438385,
    -0.02240391675176191,
    -0.03052800435176683,
    0.014992934255104853,
    0.011038461511084905,
    0.006442958751577981,
    0.07961462961575637,
    0.09109616412091623,
    0.02488811673565849,
    0.04053189270328661,
    0.04797273710554421,
    0.03644420788488318,
    0.010457912540499936,
    0.011013327888754348,
    0.02451653580789418,
    0.04891188160937343,
    0.03115236470098842,
    -0.024719867612044828,
    0.036487411360777953,
    -0.0351026487888086,
    0.04051525971683595,
    -0.06103388570599771,
    0.01957987224039015,
    0.015671732147818175
  ],
  "sum weights": 1.0000049999750005
}