{
  "mu_target": [
    -0.5,
    0.6000000238418579
  ],
  "mu_model": [
    [
      -0.5003517959922178,
      0.599639461808073
    ]
  ],
  "diff": [
    [
      0.000351795992217796,
      0.0003605620337848725
    ]
  ],
  "sigma_integral": [
    0.00047817471306578425,
    0.0007183927362593795
  ],
  "within_band": [
    [
      true,
      true
    ]
  ],
  "toy_seed": 7,
  "weights": [
    -0.027087592624613056,
    0.03910681885913549,
    0.08129842376387292,
    0.08910268525082841,
    0.032723196023348396,
    0.023361165945067035,
    0.024109648237782857,
    0.06320758093177337,
    0.010940006228563687,
    0.009654975363438071,
    0.07038585531488131,
    -0.006152736718834322,
    0.006664972906773327,
    -0.04805101780767218,
    0.009395690615151234,
    -0.003989463847474706,
    -0.06061705706032003,
    -0.02188165550300642,
    0.0465797876209384,
    -0.01914427510450188,
    -0.013172629162182824,
    -0.010354903372203047,
    0.014211134049400212,
    -0.028346343148545748,
    -0.0020506992651590982,
    0.01416587379625089,
    0.03231002510530777,
    0.020831107413268896,
    -0.02903918325310299,
    0.04345964643682428,
    0.016013577818607967,
    -0.049903228139315525,
    0.0441409660774494,
    0.014997173709046742,
    0.019017022589103837,
    0.04035527659705603,
    0.034632959108770955,
    -0.014334411383493327,
    0.013374298753404344,
    -0.01155083339388921,
    0.006982730076372023,
    0.0012113730348003802,
    0.05917772510137518,
    0.08502069716286106,
    0.07277258052342807,
    -0.00831374905825694,
    0.058318526385433854,
    0.034168630502468655,
    0.03021212251717279,
    0.015271092038612264,
    0.032051132232221904,
    -0.004889705812762448,
    0.025919954710035775,
    0.023913986769809437,
    0.09149457890663013,
    -0.003610601239155107,
    0.025361853997894167,
    0.003969929348038169,
    0.004336113003271842,
    -0.02173780893846767
  ],
  "sum weights": 0.9999949999935149
}