{
  "mu_target": [
    -0.5,
    0.6000000238418579
  ],
  "mu_model": [
    [
      -0.4997931469585192,
      0.600408780330706
    ]
  ],
  "diff": [
    [
      0.00020685304148082562,
      0.00040875648884808324
    ]
  ],
  "sigma_integral": [
    0.00047783291049538625,
    0.000707702857205747
  ],
  "within_band": [
    [
      true,
      true
    ]
  ],
  "toy_seed": 189,
  "weights": [
    0.015497670671704183,
    0.04257613202220331,
    0.09212387037973893,
    0.09011446269316595,
    0.0002534434035407523,
    0.04452931600789425,
    0.060842928277162804,
    0.014629115186521427,
    0.010998041147222378,
    0.006803671994228378,
    0.03820398983931514,
    0.0032104083956859203,
    -0.013844024805955243,
    -0.0208341086487081,
    -0.003975426486549297,
    0.005300838630054526,
    -0.025083815342803285,
    -0.01802671107329214,
    0.007633419776940024,
    -0.0041517183756609975,
    -0.018003794524115723,
    0.02494293710815379,
    -0.011361164776275124,
    -0.02823416880155924,
    -0.016818207669660697,
    0.0466087269922046,
    0.020189348545911177,
    0.03250246372877122,
    0.019129140664840217,
    0.0533978492173691,
    -0.006103430380007392,
    -0.024591274642389676,
    0.04638484187833395,
    0.03818055749390399,
    0.02840877649296747,
    0.0354478867623543,
    0.04156303171247147,
    -0.018294654314066395,
    -0.0281705716311411,
    0.021263432384025102,
    -0.017448219560054788,
    0.012769016831462584,
    0.05646631680151164,
    0.07485097542817278,
    0.04660422686591534,
    -0.03684232034791531,
    0.06468758946912223,
    0.06863320918389831,
    -0.0019827402585536245,
    0.011446416174573704,
    0.033515086730106315,
    0.06484067172979954,
    0.01757975833101264,
    -0.0291255363376406,
    0.05246610997863033,
    -0.03641841293811021,
    0.03546026674925086,
    -0.021202444623083207,
    -0.007476792234703984,
    0.007938592067105663
  ],
  "sum weights": 1.0000049999750003
}