{
  "mu_target": [
    -0.5,
    0.6000000238418579
  ],
  "mu_model": [
    [
      -0.49999704128957007,
      0.600793204542008
    ]
  ],
  "diff": [
    [
      2.9587104299344524e-06,
      0.000793180700150109
    ]
  ],
  "sigma_integral": [
    0.00047625585367919957,
    0.0007176144529151424
  ],
  "within_band": [
    [
      true,
      false
    ]
  ],
  "toy_seed": 159,
  "weights": [
    0.008335983851278659,
    0.0401555443679031,
    0.053324352994163764,
    0.05400465139564772,
    -0.016907655012593052,
    0.04196461379267791,
    0.0458230389449349,
    0.043919905005452696,
    0.024730624920136973,
    -0.0009625561372439493,
    0.04890676621390201,
    0.020884147322985366,
    0.02160917362492815,
    -0.038285522324383627,
    -0.006934865857337006,
    -0.03152002251999602,
    -0.030414737600745426,
    -0.010902260566316728,
    0.06858291053512595,
    -0.031192330007375643,
    -0.04890603947862678,
    0.019254649909918913,
    0.002167244002527716,
    -0.014121823230343755,
    0.029237662431485397,
    0.04050833935514314,
    0.05025603987770591,
    0.0579146961958827,
    0.008708080609622085,
    0.007124831523180016,
    -0.0037087249970570854,
    -0.049505106857723004,
    0.0342820096083279,
    0.0508477415312167,
    0.023448029807775553,
    0.02226577630313002,
    0.035027084541965195,
    -0.013032943597970751,
    -0.05523522150756481,
    0.018219505564271616,
    0.006563995421286974,
    0.03793245911764522,
    0.04396011664628168,
    0.10990635055446686,
    0.04192783885729698,
    -0.011223290883545713,
    0.030556713868316022,
    0.04753700962577898,
    0.008499637585711234,
    0.04318555346475996,
    0.04043301673890427,
    0.04819578286970383,
    0.04571933898732523,
    0.02413707619632185,
    0.05436321303690408,
    -0.049944045892172405,
    0.029059268363226677,
    -0.08008161956041981,
    -0.001314870398551757,
    0.010717860839747713
  ],
  "sum weights": 1.0000049999750003
}