{
  "mu_target": [
    -0.5,
    0.6000000238418579
  ],
  "mu_model": [
    [
      -0.5001977500878345,
      0.5992029305384298
    ]
  ],
  "diff": [
    [
      0.00019775008783451398,
      0.0007970933034281424
    ]
  ],
  "sigma_integral": [
    599907.6319252535,
    2001495.966866057
  ],
  "within_band": [
    [
      true,
      true
    ]
  ],
  "toy_seed": 12,
  "weights": [
    0.01591818433307131,
    0.02276768153225773,
    0.12179999632087754,
    0.017708004650620206,
    0.035950824347531087,
    0.07432390496639367,
    0.05963815407746729,
    0.07105709458574823,
    0.053330727557943776,
    0.049791881423523414,
    0.13029615501651806,
    -0.024111184699361448,
    -0.01153657671702655,
    -0.08434227132659164,
    -0.01633660888656674,
    -0.013503879059213904,
    -0.06109811869397077,
    -0.011989110430998347,
    -0.017217087443552572,
    -0.07170020630282016,
    0.0027892778960089426,
    0.00312185659713059,
    -0.039533310331276446,
    -0.003339908699714717,
    0.02328691781152301,
    0.023179170046725886,
    0.027101745632011787,
    -0.011288297042116278,
    -0.07131196040177645,
    0.02912825111638878,
    -0.052637119029364784,
    -0.04394313615490681,
    0.03942019843309577,
    0.05493917598440011,
    0.04633239356526292,
    0.01227454765769966,
    0.01890072859387668,
    -0.016548970791796902,
    -0.0168099528253009,
    0.0039075129465849946,
    -0.02907399728013442,
    0.005535170166630152,
    0.06257342407651091,
    0.11275826430810593,
    0.09394016807337759,
    -0.03233900223499656,
    -0.004386975489115994,
    0.09312768789643382,
    0.010645037928909433,
    0.0645107788791613,
    0.05270819685493356,
    0.06335574068800445,
    0.04001327898633942,
    0.011383136573428664,
    0.08758179790940983,
    -0.03781827894048007,
    0.010712462262599863,
    -0.001051753016438483,
    0.023918752878581716,
    0.0021938301225898
  ],
  "sum weights": 1.0000044069001568
}