{
  "mu_target": [
    -0.5,
    0.6000000238418579
  ],
  "mu_model": [
    [
      -0.5001006852477881,
      0.5997288498977797
    ]
  ],
  "diff": [
    [
      0.0001006852477880571,
      0.0002711739440781624
    ]
  ],
  "sigma_integral": [
    0.000477620808725758,
    0.0007178944387605278
  ],
  "within_band": [
    [
      true,
      true
    ]
  ],
  "toy_seed": 144,
  "weights": [
    -0.02490601844481025,
    0.04605481819345494,
    0.07835245572343835,
    0.054491369008463485,
    0.026890853685002197,
    0.05308560949427697,
    0.029679180894641683,
    0.021016182995402814,
    -0.0020930984348431258,
    0.03552489275581919,
    0.0651434381080134,
    0.01144392643128605,
    0.05445722958679382,
    -0.0035446151079076924,
    0.012384920709691079,
    0.028632103144165724,
    -0.06596795340810933,
    -0.010414168702675886,
    0.04363285815299163,
    -0.007171631298030804,
    -0.01603583478891476,
    0.025626395521680376,
    0.0004007102368947238,
    -0.053260359436375776,
    -0.018236825812865162,
    0.04678675237044002,
    0.01577576325785101,
    0.019965763556767203,
    -0.019486084477589885,
    0.06475149351733354,
    -0.00567022071550465,
    -0.03223795082008927,
    0.06746692191701315,
    0.0159923501446638,
    0.05536496556451699,
    0.027997015357073378,
    0.037940806947301606,
    -0.018031021784007183,
    -0.008919245174002562,
    -0.0030756103765573538,
    -0.005008356533377744,
    -0.018763671631578913,
    0.04241280356797015,
    0.08686387540712245,
    0.029159359244748842,
    0.004699453686727206,
    0.048636386647233985,
    0.02865828575535298,
    0.02711505516277006,
    0.03627906730396885,
    0.0335470591636581,
    -0.0007918346756560665,
    -0.007698660104697245,
    0.0014145749595635842,
    0.029153086037362975,
    -0.0765850634026453,
    0.009466155416334361,
    0.025128522593675717,
    0.04951300630175684,
    0.006997756582016004
  ],
  "sum weights": 1.0000049999750003
}