{
  "mu_target": [
    -0.5,
    0.6000000238418579
  ],
  "mu_model": [
    [
      -0.500045226718879,
      0.5995323524319587
    ]
  ],
  "diff": [
    [
      4.522671887896568e-05,
      0.0004676714098992285
    ]
  ],
  "sigma_integral": [
    6426153.486714706,
    9588200.323212286
  ],
  "within_band": [
    [
      true,
      true
    ]
  ],
  "toy_seed": 34,
  "weights": [
    0.008852058351707399,
    0.04114837423912112,
    0.07053977519446765,
    0.08137326814456003,
    0.0031191018741774565,
    0.031181880717959624,
    0.04686005157277945,
    0.01680945886852635,
    0.016651441756441763,
    0.022335927159067723,
    0.06940159924564497,
    -0.009375603396762126,
    0.003549834939668547,
    -0.024388449237679924,
    0.005600649467637793,
    -0.02089623587049298,
    -0.01699115937259819,
    -0.0056898090073349405,
    0.014314680871236626,
    -0.011797762682690161,
    -0.028472976336781072,
    0.045189452270681135,
    -0.04854974008084329,
    -0.03630743453335175,
    0.02523811138455158,
    0.028523392711653273,
    0.01232044121577666,
    0.003333151942181987,
    -0.03371921675390878,
    0.04527946852368625,
    0.0017373486381227936,
    -0.04296506472586705,
    -0.0010824845729166532,
    0.008100903790133064,
    0.03463287895261532,
    0.06975430955128581,
    0.056489328763962225,
    -0.003410795516368991,
    0.02154356388906487,
    0.018136682876647686,
    -0.019565194915616493,
    0.017063774758354713,
    0.07320820430631753,
    0.09636464564363934,
    0.04489889613632154,
    0.003177833718227106,
    0.0122581751326707,
    0.0024961290222280737,
    0.021488176507030065,
    0.014472069613562408,
    0.025799564363240688,
    0.05776155704325826,
    0.06101187944659977,
    0.040626963247927896,
    0.07210747499315648,
    -0.02596438117669882,
    -0.004886676067816265,
    -0.017977087091161296,
    0.014892755063353892,
    -0.007600746260227323
  ],
  "sum weights": 1.0000044183101315
}