{
  "mu_target": [
    -0.5,
    0.6000000238418579
  ],
  "mu_model": [
    [
      -0.5011641073505723,
      0.6005854245018967
    ]
  ],
  "diff": [
    [
      0.0011641073505722632,
      0.0005854006600387596
    ]
  ],
  "sigma_integral": [
    717067.4995857936,
    1639895.3490645443
  ],
  "within_band": [
    [
      true,
      true
    ]
  ],
  "toy_seed": 49,
  "weights": [
    -0.015263331819606485,
    0.041261433479310584,
    0.09479942242719112,
    0.05700604211102624,
    0.05336897547505005,
    0.0583542436022062,
    0.030109717146822253,
    0.04702884544785487,
    0.007881004049538825,
    -0.02223688000736189,
    0.06239006763918144,
    -0.040417608054721284,
    0.029420635068637162,
    -0.10894346564945868,
    0.03317601161669718,
    0.008361756475720487,
    0.014677507185028374,
    -0.009715447979014878,
    0.013608759795296741,
    -0.02046187013764968,
    -0.01870913266743269,
    0.050626552854358395,
    -0.04459021769408034,
    -0.017391663480855017,
    0.006762240881396987,
    0.02461993249610695,
    0.02979419005028272,
    -0.00556648649134971,
    -0.0229836378060754,
    0.05895775444229093,
    0.005519705509520031,
    -0.032194859455442926,
    0.062945127607348,
    0.04116118936136544,
    0.03895720552217648,
    0.020667251629598947,
    0.029819880398447653,
    -1.1035267011561368e-05,
    -0.032225591494811925,
    0.004809562634047938,
    -0.04291135950272692,
    0.005921218372113152,
    0.06896719388867921,
    0.07100188078839484,
    0.052291908831013006,
    -0.024837202116693553,
    0.04122413229609747,
    0.04459083980113018,
    0.03186799440393766,
    0.07393255394804496,
    0.06562366441343297,
    -0.02304853980530661,
    0.06244204270059873,
    0.025403985893002176,
    0.07896101354660594,
    -0.0495650378126558,
    0.015104101779043259,
    -0.022804728273788853,
    0.027059374250624508,
    -0.03659443145530305
  ],
  "sum weights": 1.0000043928478728
}