{
  "mu_target": [
    -0.5,
    0.6000000238418579
  ],
  "mu_model": [
    [
      -0.5008128060639592,
      0.6011958824614078
    ]
  ],
  "diff": [
    [
      0.0008128060639591705,
      0.00119585861954985
    ]
  ],
  "sigma_integral": [
    4462493.860298511,
    8118916.003307324
  ],
  "within_band": [
    [
      true,
      true
    ]
  ],
  "toy_seed": 67,
  "weights": [
    0.046258588014389604,
    0.06389686913957618,
    0.12320201310843079,
    0.08027452360074595,
    0.024434358201298315,
    0.03758059009612078,
    0.07865616783716435,
    0.00473843413293435,
    0.03497284889158307,
    0.003268308288061757,
    0.07861272766944812,
    0.010561092108582927,
    0.0337352021771991,
    -0.02230359141313537,
    -0.033209439920463046,
    0.007121103229481984,
    -0.05654733417462111,
    -0.0054684608350339635,
    0.01806505740469248,
    -0.010191857464459816,
    -0.020308929595317618,
    0.04325888581152488,
    -0.05587952680335198,
    -0.0034708912552527294,
    -0.01625260843914397,
    0.04697874520522796,
    -0.007598169984626668,
    -0.004657800641782553,
    -0.057355891418752296,
    0.04680688458124185,
    0.06859382859862741,
    -0.06335782670746454,
    0.11257046185091976,
    0.05937780944485418,
    0.025064053833052834,
    0.04612443849296924,
    0.025183097620072085,
    -0.03015107199988226,
    -0.056486090408597464,
    -0.05918042140284268,
    -0.04433592921764333,
    -0.012782003106881547,
    0.03810753315943728,
    0.08029743252803224,
    0.03880800942345087,
    0.01958108677763578,
    0.0437951958362534,
    0.05357385019552596,
    0.03903424197036427,
    0.05224488953246455,
    0.023614997201818776,
    0.0060033779759282,
    0.04208136421848385,
    0.03136504503052174,
    0.01951944987217101,
    -0.04009222326967198,
    0.004488230359746186,
    -0.05156411663720359,
    0.03418844464148918,
    0.005159343118800616
  ],
  "sum weights": 1.0000043964841954
}