{
  "mu_target": [
    -0.5,
    0.6000000238418579
  ],
  "mu_model": [
    [
      -0.5006266493272387,
      0.59970187281617
    ]
  ],
  "diff": [
    [
      0.0006266493272386597,
      0.000298151025687865
    ]
  ],
  "sigma_integral": [
    0.0004746624493401239,
    0.0007192165157036025
  ],
  "within_band": [
    [
      false,
      true
    ]
  ],
  "toy_seed": 269,
  "weights": [
    0.0047359406799141945,
    0.03409141439102342,
    0.048475046839656796,
    0.0994850314144177,
    0.01211784131062238,
    0.03943637163175931,
    0.030420161517371112,
    -0.0005628760165331091,
    0.02067583827565002,
    0.013469066881346735,
    0.0575909006207701,
    -0.02481801327781104,
    0.02318939207901609,
    -0.024538269682590062,
    0.004364242700430001,
    0.003997601685628558,
    -0.019092279787171134,
    -0.004308704238906566,
    0.027527586329353395,
    -0.01659243720754692,
    -0.020090958918606044,
    0.02085812803550079,
    -0.04963338163534416,
    0.006178022455215731,
    -0.00040120949104824745,
    0.048304307072776755,
    0.021554862552563593,
    0.017806768060341368,
    0.012059886572504076,
    0.06539182856561303,
    0.008609311782750182,
    -0.05821830936822318,
    0.06310207759616263,
    0.0451393873220238,
    0.01794657410774598,
    0.02399536295421504,
    0.03890344047774142,
    0.01525350299876155,
    0.0028636478654450064,
    0.011255909417516436,
    -0.045063772433774366,
    0.009528541456116525,
    0.04406554127600128,
    0.061335659326895726,
    0.07278847211388616,
    -0.0052548004534589176,
    0.030845000307801917,
    0.0310888733024564,
    0.01884440323823324,
    0.010540973166406321,
    0.02328160508806514,
    0.022225444784151626,
    0.01840950985590464,
    0.006812162624863995,
    0.049813956792831966,
    -0.021217442262357344,
    0.021326706169029055,
    0.006211253426470757,
    0.006598625011223158,
    0.017281272614196208
  ],
  "sum weights": 1.0000049999750003
}