{
  "mu_target": [
    -0.5,
    0.6000000238418579
  ],
  "mu_model": [
    [
      -0.5007760297394515,
      0.6004985436678594
    ]
  ],
  "diff": [
    [
      0.0007760297394514559,
      0.0004985198260014645
    ]
  ],
  "sigma_integral": [
    0.00047702228053633685,
    0.000714309260185922
  ],
  "within_band": [
    [
      false,
      true
    ]
  ],
  "toy_seed": 257,
  "weights": [
    0.038297536472414996,
    0.038738032685697345,
    0.09927953609161011,
    0.08384703799847425,
    0.008433575870038113,
    0.04092973838038476,
    0.033730147056786834,
    -0.0039091346282475155,
    0.016261967767659796,
    0.03620182743090725,
    0.025173005167049387,
    0.009114972243043655,
    0.04632772598433405,
    0.005234848594154536,
    0.01972424090567212,
    0.0019067892981274638,
    -0.022011833563118206,
    0.03173117741516711,
    0.044559591874118364,
    -0.01720658626812534,
    -0.03524436261511321,
    0.04931054642751518,
    -0.017222745081393185,
    0.009549753511997364,
    0.030253286655023047,
    -0.0011080651530413568,
    0.014685040821705077,
    0.027040528852223737,
    -0.05690113243026258,
    -0.008944500340315733,
    -0.011945230314124193,
    -0.10155701296710624,
    0.06031329530199772,
    0.054207997208856336,
    0.024521356418405763,
    0.030316807725793656,
    0.009652711521047524,
    -0.008956521320969656,
    -0.002187631136021177,
    -0.04663822037159397,
    -0.016210986292751438,
    -0.003623140013110498,
    0.05926526357822218,
    0.06392542927640574,
    0.07913233854870254,
    -0.0037735590915367306,
    0.06269185141450281,
    0.05292358928281023,
    0.031944921635803605,
    0.011937727999696073,
    0.025910541959538125,
    0.04383660140906614,
    0.03550143524884779,
    0.013104555878170072,
    0.031971678076042884,
    -0.06472787750446427,
    0.014348497666124558,
    -0.027455996204774367,
    0.02278584645668107,
    0.011006181160250497
  ],
  "sum weights": 1.0000049999750003
}