{
  "mu_target": [
    -0.5,
    0.6000000238418579
  ],
  "mu_model": [
    [
      -0.499953511912934,
      0.6008495150576901
    ]
  ],
  "diff": [
    [
      4.6488087065976735e-05,
      0.000849491215832221
    ]
  ],
  "sigma_integral": [
    0.00047880145806547905,
    0.0007114047287932881
  ],
  "within_band": [
    [
      true,
      false
    ]
  ],
  "toy_seed": 126,
  "weights": [
    -0.010762366052028734,
    0.045907583089219835,
    0.06885698217975973,
    0.05571847803861687,
    0.06770748544830187,
    0.04243641902782802,
    0.016908487769228018,
    0.05075512497582887,
    0.025015465238229874,
    0.003003690892798485,
    0.037354172272766155,
    0.01885476744947627,
    0.02131275012289659,
    -0.049325786343687686,
    -0.03011255092990196,
    -0.03141911706317759,
    -0.011252841462469023,
    0.0005255436591228716,
    0.03621838406284813,
    -0.03069504475313847,
    -0.015289125377614458,
    0.041448177990173474,
    0.0039422012139342325,
    0.009992325117122051,
    -0.007495113076025114,
    0.006940185052176375,
    0.012496105129578298,
    0.04138226511205388,
    -0.05303529424801763,
    0.0571187225646126,
    -0.00985217356110911,
    -0.05675087060178697,
    0.053045111743093815,
    0.037396606400414686,
    0.028552064398951256,
    0.019100650585620056,
    0.037245722491598764,
    -0.011920381231305368,
    -0.020813308925464923,
    -0.0023245742406429837,
    -0.02141543116740858,
    0.020041995956261667,
    0.06353090968602018,
    0.10442011811641133,
    0.07200036891128238,
    -0.006530492343547338,
    0.025438817377965627,
    0.02277422737693323,
    0.04429938667951076,
    0.025178498931595343,
    0.03193217922894325,
    0.025097707994696992,
    0.033685003293925965,
    0.005390327027435418,
    0.036279438280861026,
    -0.06003149904864242,
    0.05117958374853516,
    -0.005898877690530883,
    0.02044322779455207,
    0.014002585660317679
  ],
  "sum weights": 1.0000049999749998
}