{
  "mu_target": [
    -0.5,
    0.6000000238418579
  ],
  "mu_model": [
    [
      -0.5003752471453169,
      0.600562920894494
    ]
  ],
  "diff": [
    [
      0.00037524714531689263,
      0.0005628970526361243
    ]
  ],
  "sigma_integral": [
    0.0004772661511382815,
    0.0007195716920295615
  ],
  "within_band": [
    [
      true,
      true
    ]
  ],
  "toy_seed": 62,
  "weights": [
    -0.00795230868412895,
    0.0597743230040484,
    0.11026222641206353,
    0.05026399053616617,
    -0.012572347797330734,
    0.029640754469529518,
    0.026201089834299633,
    0.027844790092951887,
    0.03512813014421861,
    0.02404377085342241,
    0.04968278032271567,
    0.01629159277185165,
    0.03493711663989998,
    -0.014989491794759955,
    -0.04677920175033892,
    0.014076755790576278,
    -0.0457193755438285,
    -0.0051115599935185685,
    0.03480398903275064,
    -0.017249121702717165,
    -0.0023632850026505015,
    0.029333696910576627,
    -0.025266994615280557,
    0.005254402086700641,
    0.022396414671535442,
    0.04914610581000251,
    -0.002377983676998921,
    0.04412967666772828,
    -0.02519348285747085,
    0.05563985175320365,
    -0.004624841040578176,
    -0.0288679995934667,
    0.053395496484519474,
    0.011499915128060182,
    0.0073555912744340595,
    -0.008029373208888442,
    0.07669959198778817,
    0.03744870988236554,
    -0.01907980888202855,
    -0.038031740760435036,
    -0.0159283631113317,
    -0.035077830468983794,
    0.0761816236296476,
    0.09764415044931295,
    0.06866799953376744,
    0.0007824564760551349,
    0.030594098795253027,
    0.03903499045599001,
    0.017254165842526547,
    0.016175147921182582,
    0.034712289768131385,
    0.037952739866895076,
    0.031485065463334905,
    0.0012335403015085941,
    0.031040169050965415,
    -0.07555114169961093,
    0.020803657194797938,
    0.024955047185747734,
    0.013826810930828552,
    -0.01682346326800658
  ],
  "sum weights": 1.0000049999750003
}