{
  "mu_target": [
    -0.5,
    0.6000000238418579
  ],
  "mu_model": [
    [
      -0.5006977723041288,
      0.6011199319786802
    ]
  ],
  "diff": [
    [
      0.0006977723041288186,
      0.0011199081368222785
    ]
  ],
  "sigma_integral": [
    0.0004769572342851204,
    0.0006982400092845302
  ],
  "within_band": [
    [
      false,
      false
    ]
  ],
  "toy_seed": 156,
  "weights": [
    0.0035038865770424593,
    0.062242254375949775,
    0.0334287261131919,
    0.047247647608349284,
    0.00532543193239321,
    0.03920964103107839,
    0.027957628422435085,
    0.028481354066554825,
    0.020074806700272865,
    0.009407544278557535,
    0.060775522362921504,
    0.023126764363368628,
    0.05353021731899972,
    -0.0029205974826377245,
    0.002436071206621277,
    -0.005066540020072264,
    0.017938635812487263,
    0.0072866784807802155,
    0.03396557193865547,
    -0.013012215668513318,
    -0.0069931607574428584,
    0.031844567403343446,
    -0.026499400217910835,
    0.0029490393919954596,
    0.0052469068509091495,
    0.02902904027728182,
    0.0466631687911876,
    0.018712081038826715,
    -0.024595470143541073,
    0.07589036056938242,
    0.021464423514699828,
    -0.033529531224494175,
    0.07924169561254982,
    -0.007482819660955942,
    0.011041064793123423,
    0.04099202722798812,
    0.04085984130803242,
    0.029309028541895904,
    -0.034142355333005595,
    0.003785952524066599,
    -0.029040137741984547,
    -0.015501490986130656,
    0.019820366772495813,
    0.043918584420595375,
    0.06053268652163986,
    0.012750519865095877,
    0.04323882793842213,
    0.04652537892232802,
    0.005187595458416733,
    0.004910900902641151,
    0.03016908366782207,
    -0.0018792953193280419,
    0.018198157633171376,
    0.0021456009347055054,
    0.025298456880818283,
    -0.006908162039279217,
    0.017625226730670098,
    -0.06509439288206886,
    0.016115158843658765,
    0.013266443524942384
  ],
  "sum weights": 1.0000049999750005
}