{
  "mu_target": [
    -0.5,
    0.6000000238418579
  ],
  "mu_model": [
    [
      -0.4997173232039512,
      0.6002017038675771
    ]
  ],
  "diff": [
    [
      0.0002826767960488197,
      0.00020168002571918642
    ]
  ],
  "sigma_integral": [
    445044.0593881927,
    1994339.1197537244
  ],
  "within_band": [
    [
      true,
      true
    ]
  ],
  "toy_seed": 171,
  "weights": [
    -0.024063491551732274,
    0.027717298360036186,
    0.09358229953608398,
    0.04512070776968282,
    0.007657170876502183,
    0.07494501082660172,
    0.07071728184733712,
    -0.0017563348080806521,
    0.03190139579649122,
    0.026647546641017095,
    0.07287482816370588,
    -0.001976392746555198,
    0.030306886649152143,
    -0.022966449855654256,
    0.005568352646870823,
    -0.008405046705798669,
    -0.025350233727664494,
    0.023468935389557122,
    -0.005957460867353838,
    -0.06323359556287426,
    -0.026950664100468414,
    0.03631526975493817,
    -0.02634065892385587,
    -0.016264123897471356,
    -0.013812969708461445,
    0.039105154066873926,
    0.01651272028897542,
    -0.01329002244328373,
    -0.04062732088638535,
    0.03562452612857898,
    -0.006681492243467717,
    -0.0666958948369391,
    0.08052241594438529,
    -0.00870181186456472,
    0.047608439742683584,
    0.025756357909888027,
    0.051660276667087945,
    -0.03691315327484831,
    -0.00826896585129746,
    -0.0037880708597965262,
    0.013183547879095673,
    -0.027320902922311107,
    0.07158892299776498,
    0.08043908822924271,
    0.0872462413784105,
    0.020206799059564587,
    0.04791385863787712,
    0.05352271396266199,
    0.025203374124357455,
    0.02636270138636514,
    0.03483927575289745,
    0.04424671186851522,
    0.016949001341650685,
    -0.0038642113496186103,
    0.03977641994691909,
    -0.04291787842525575,
    0.014498225765784505,
    0.01886361013118924,
    0.04730880512803876,
    0.01038939450832904
  ],
  "sum weights": 1.0000044196913747
}