{
  "mu_target": [
    -0.5,
    0.6000000238418579
  ],
  "mu_model": [
    [
      -0.49938474260278853,
      0.600972947174949
    ]
  ],
  "diff": [
    [
      0.0006152573972114661,
      0.0009729233330910692
    ]
  ],
  "sigma_integral": [
    0.00047737073029296197,
    0.0007182021361252955
  ],
  "within_band": [
    [
      false,
      false
    ]
  ],
  "toy_seed": 279,
  "weights": [
    -0.0001420978951614837,
    -0.0024832307652117515,
    0.07797826877116015,
    0.04845580366245993,
    0.0007607116051112012,
    0.07470539753640396,
    0.03651342488236271,
    -0.02005011315116303,
    0.029657880106432166,
    0.026444580685903864,
    0.04598715404531054,
    0.006542686562503075,
    0.022176660470763776,
    -0.017094331761212698,
    -0.008607875079622155,
    -0.0050778933858143735,
    -0.017785627624244463,
    0.014227070753219951,
    0.054486671157257374,
    -0.02549970178425512,
    -0.010839311879170777,
    0.045064757795456295,
    -0.011964354327079546,
    0.002153722768650053,
    -0.009454427684024883,
    0.049554483101568875,
    0.06610600041045545,
    0.020660899156519124,
    -0.029293604446264023,
    0.03131915625211106,
    0.021104765767237087,
    -0.026738268542830165,
    0.055557955966133506,
    0.008887445725245083,
    0.022503066010173822,
    0.0010063604867873001,
    0.030713362107795225,
    -0.006735355735124103,
    0.021862331368887166,
    0.0001436011174266353,
    -0.00534649874095864,
    0.01286771365177744,
    0.04946287014003753,
    0.10327721520483726,
    0.05263107799256618,
    0.016787652828689607,
    0.01113125448045212,
    0.0027900521244638046,
    0.009179333618907834,
    0.02146996104208669,
    0.05535212933538198,
    0.028914452253567376,
    0.010299940987753746,
    -0.00716749740856701,
    0.0330535386204102,
    -0.01996083838127205,
    -0.013142306966993447,
    -0.026019086248618543,
    0.03897798423989834,
    0.002638026988422934
  ],
  "sum weights": 1.000004999975
}