{
  "mu_target": [
    -0.5,
    0.6000000238418579
  ],
  "mu_model": [
    [
      -0.5001940790427962,
      0.598978144552914
    ]
  ],
  "diff": [
    [
      0.00019407904279622468,
      0.0010218792889439277
    ]
  ],
  "sigma_integral": [
    4910792.124585312,
    4152922.0754201566
  ],
  "within_band": [
    [
      true,
      true
    ]
  ],
  "toy_seed": 73,
  "weights": [
    0.01792288592800849,
    0.021916057760111973,
    0.058334188158977486,
    0.06170687650782594,
    0.021833677677967796,
    0.052913910822174066,
    0.03256101471047967,
    0.03650752115220072,
    -0.0038896015320823416,
    0.021244452373651135,
    0.09683522130147564,
    -0.008218492649473857,
    -0.0104519255765831,
    -0.06373628485031854,
    0.02005986415721013,
    0.02712414585176845,
    -0.02605968486416124,
    -0.006018580646622119,
    0.037451746839224954,
    -0.03735724992577843,
    -0.0463558749316067,
    0.0055964045166179135,
    0.009818014832898122,
    -0.02378388008733981,
    0.022830791741306054,
    0.07207858369211187,
    0.022824554958769925,
    -0.02095660728695392,
    -0.030217574855109498,
    0.05463820983918773,
    0.004229307791601393,
    -0.076490090542537,
    0.07292712546026477,
    0.04639658766081957,
    0.021115787571624727,
    0.026101777572066984,
    0.021140533785000106,
    0.0019056667388768636,
    -0.020114874220476215,
    -0.0021049180577037835,
    -0.02305869062751085,
    0.006743436701623695,
    0.061785896350187365,
    0.09176131278797413,
    0.08276879393217239,
    0.016577266699023943,
    0.026856687496296997,
    0.055463485259134096,
    -0.0004723218783608902,
    0.04069552616826357,
    0.053368654811857735,
    0.02345326709547217,
    0.018504366777546313,
    0.0035385813176134003,
    0.07864504149776026,
    -0.06185640983498782,
    0.008597882615487966,
    -0.04079097213475501,
    0.036665924976552834,
    0.008497416489046918
  ],
  "sum weights": 1.0000044158758752
}