{
  "mu_target": [
    -0.5,
    0.6000000238418579
  ],
  "mu_model": [
    [
      -0.5005260760781785,
      0.5998796890812297
    ]
  ],
  "diff": [
    [
      0.0005260760781784501,
      0.00012033476062822679
    ]
  ],
  "sigma_integral": [
    0.0004785994962434075,
    0.0007147236221275735
  ],
  "within_band": [
    [
      false,
      true
    ]
  ],
  "toy_seed": 129,
  "weights": [
    0.007204048509792848,
    0.06349180861881906,
    0.06971839178701074,
    0.060932004725540174,
    -0.006753649123306338,
    0.028766950515950303,
    0.022108891160462878,
    0.031433658830833745,
    0.03355684232889045,
    -0.015387342146582357,
    0.060188663325765945,
    0.009568196351425452,
    0.04096418915898077,
    -0.01642236131716209,
    0.021987815669359062,
    0.004210943874701972,
    -0.010761645553039914,
    -0.010245301632180825,
    0.02599541089832491,
    -0.029569638713530175,
    -0.006173261841414949,
    0.015429682221027682,
    -0.012711415610194607,
    0.018138884311234706,
    0.02317226858828909,
    0.057064447658458285,
    0.00046913248453754136,
    0.027900995004277864,
    -0.024150729313454536,
    0.025040390943635124,
    -0.004799240804655123,
    -0.022733741709823993,
    0.0568828283479711,
    0.016411324620690185,
    0.008346236577210387,
    0.006837917029852164,
    0.016330081644631483,
    4.701760624467692e-06,
    -0.0332773602936321,
    -0.01790553610174568,
    -0.004020293901132303,
    -0.007021880960783754,
    0.019223651923330178,
    0.06023866189072275,
    0.05153946857102127,
    0.014220513668534492,
    0.03013493444142796,
    0.014249371199499393,
    0.02818066711950702,
    0.007148372662827366,
    0.0579775491231745,
    0.09733314939057053,
    0.006680549807387753,
    0.0060342058276960904,
    0.062017728848853315,
    -0.013841236874764127,
    0.004608539670624864,
    -0.03987064891466453,
    0.020380272301386573,
    0.04352594139220515
  ],
  "sum weights": 1.0000049999750003
}