{
  "mu_target": [
    -0.5,
    0.6000000238418579
  ],
  "mu_model": [
    [
      -0.5008197554374741,
      0.5999887476154976
    ]
  ],
  "diff": [
    [
      0.0008197554374741456,
      1.1276226360323882e-05
    ]
  ],
  "sigma_integral": [
    744637.5413335469,
    1617173.189914752
  ],
  "within_band": [
    [
      true,
      true
    ]
  ],
  "toy_seed": 267,
  "weights": [
    -0.017289767950869006,
    0.012210466438270279,
    0.10252304606024021,
    0.09427772805208144,
    0.013221470769586775,
    0.027555417680309533,
    0.025547752146270756,
    0.02474976160484469,
    0.02632120241243579,
    0.029066025607446085,
    0.05613875012774623,
    0.018862327421835898,
    0.0037372107760330854,
    -0.049938913181026875,
    -0.009140740459468541,
    0.0369844558128376,
    -0.046650200913112685,
    -0.018808351163524018,
    -0.03635023125014997,
    -0.027004372629462228,
    -0.017548341240423863,
    -0.018178112508056333,
    -0.07230086312541018,
    0.003915508258729641,
    0.02061400719078986,
    0.03126567885050259,
    -0.012888737450304607,
    0.027130348948866338,
    -0.030950624030877182,
    0.04833863173730018,
    0.0022673850301991243,
    -0.0826789733919884,
    0.08412749542986687,
    0.056569615909737477,
    0.06298007771635798,
    0.027206719676809207,
    0.036978820393200745,
    0.0007226937408838012,
    0.0005529292367553308,
    0.01276127575740633,
    -0.03030300813535997,
    0.0077381085888069065,
    0.04875067880814081,
    0.13606775193712842,
    0.06545701652248213,
    -0.0027857718120373014,
    0.05643786664476311,
    0.0382689492126241,
    0.00015884399126019555,
    0.03461463835149558,
    0.04387399721193026,
    0.07694648456686337,
    0.031621092065239775,
    0.016737387605432332,
    0.07347801126780613,
    -0.11513226267603364,
    0.04952998875810391,
    -0.014920306417074604,
    0.030214604956191275,
    0.00635175914832781
  ],
  "sum weights": 1.0000044040887603
}