{
  "mu_target": [
    -0.5,
    0.6000000238418579
  ],
  "mu_model": [
    [
      -0.5000023378193117,
      0.5996786295853166
    ]
  ],
  "diff": [
    [
      2.337819311692968e-06,
      0.0003213942565413186
    ]
  ],
  "sigma_integral": [
    10907499.547488175,
    10667518.493117975
  ],
  "within_band": [
    [
      true,
      true
    ]
  ],
  "toy_seed": 38,
  "weights": [
    -0.0006804104063116045,
    0.05047363587629032,
    0.06210617430109964,
    0.06017694518250871,
    0.021778334386403912,
    0.05901886299106455,
    0.02481514234713184,
    0.033498135956186136,
    0.03917733404503022,
    0.02650419184098389,
    0.046469487439445366,
    -0.012559117252834002,
    0.039138290341416165,
    -0.02463968693703082,
    -0.030992308770626628,
    -0.013391541575813416,
    -0.04178632543416546,
    -0.009317336448459921,
    -0.019412379375016164,
    -0.018966803344557342,
    -0.023886900124207917,
    0.03301011850245266,
    -0.006876381993011266,
    -0.01121651175374374,
    0.020645216814602102,
    0.06663139893658176,
    0.04538255554165327,
    0.019395389789421954,
    -0.01570361527757199,
    0.03896039637988592,
    -0.019003884634882243,
    -0.0333412322132701,
    0.07944235389971742,
    0.03427502399988853,
    0.002030108918671352,
    0.03155013354670538,
    0.03666675132722244,
    -0.019797311866376305,
    -0.007861968930097628,
    -0.009253992319870143,
    -0.01720544634534427,
    -0.010501730563644927,
    0.021861008899964993,
    0.09174686481149483,
    0.05433907012070644,
    0.012936182752330974,
    0.02769268507837431,
    0.0230888557305949,
    0.04238630829890284,
    -0.008433488626944432,
    0.05025068842568137,
    0.042383925647881474,
    0.03749406967552699,
    0.032273135981077186,
    0.0756202155588056,
    -0.04830149937423242,
    0.011995164783139842,
    -0.002539452045649285,
    0.008450517964923552,
    0.0020090617546782356
  ],
  "sum weights": 1.000004412234785
}