{
  "mu_target": [
    -0.5,
    0.6000000238418579
  ],
  "mu_model": [
    [
      -0.5002029928259147,
      0.6003995910972889
    ]
  ],
  "diff": [
    [
      0.00020299282591473844,
      0.00039956725543099925
    ]
  ],
  "sigma_integral": [
    4185775.1105446294,
    1316742.9225847716
  ],
  "within_band": [
    [
      true,
      true
    ]
  ],
  "toy_seed": 254,
  "weights": [
    0.00790719644050471,
    0.08355287474373604,
    0.09104379329662367,
    0.1257930411909048,
    -0.011439948906483756,
    0.09735864583872209,
    0.04622761209305326,
    0.004779149085130215,
    0.013904883100814622,
    0.04996026651843898,
    0.05086539454634761,
    -0.0036817240578599355,
    0.027179173908631532,
    -0.03456424798415566,
    -0.013042554393423453,
    0.01301760886130904,
    0.00454926712454877,
    -0.023741231966556375,
    0.045356092767959585,
    -0.021984865001228066,
    -0.037312368501277435,
    0.009033712947948597,
    -0.053062187480543685,
    0.0009233140759729608,
    -0.03485722755625005,
    0.03847596972461712,
    0.018747505395401907,
    -0.008844306573265154,
    0.009577617250033837,
    0.07875656769694522,
    -0.028580358892416596,
    -0.04053649859097136,
    0.054128179916060594,
    0.029743617117993157,
    0.033524273393966735,
    0.012255267318575389,
    0.02707571560220348,
    -0.02013891419576306,
    -0.08193675141525837,
    -0.030631509732361947,
    -0.07358005676497123,
    0.012019149255753817,
    0.0765343004107388,
    0.11950220217816286,
    0.10317007900121464,
    -0.0423520409512317,
    -0.015947838593615676,
    0.07411850930213484,
    0.04461590561476927,
    0.03888898409641795,
    0.01253993085962841,
    0.04097324744830558,
    0.011607970011464066,
    -0.031593322101728286,
    0.08861462023136064,
    -0.04065267385048739,
    -0.013328453416971187,
    -0.001007430996676249,
    0.030468171206330063,
    0.03603110493968106
  ],
  "sum weights": 1.0000044025889092
}