{
  "mu_target": [
    -0.5,
    0.6000000238418579
  ],
  "mu_model": [
    [
      -0.5009084005999306,
      0.6002506123241909
    ]
  ],
  "diff": [
    [
      0.0009084005999305811,
      0.0002505884823329474
    ]
  ],
  "sigma_integral": [
    0.0004741493155161549,
    0.0007132203620938759
  ],
  "within_band": [
    [
      false,
      true
    ]
  ],
  "toy_seed": 236,
  "weights": [
    0.01342146093872607,
    0.059011068995852935,
    0.05829264481771825,
    0.05889886509090793,
    -0.0003933455431842844,
    0.06597667942066093,
    0.022342976246594277,
    0.05188906169255368,
    0.019268777179733056,
    0.003052339519048226,
    0.02360628564032252,
    0.01946839977901324,
    0.019566174365043522,
    -0.03513403759581037,
    0.012502519649733881,
    0.004488134566144316,
    -0.05324949712230718,
    -0.010764010766652855,
    0.02488752645283851,
    -0.0038539861776657664,
    -0.019353914310257268,
    0.04075400931236339,
    -0.0012814005891617676,
    0.02171866610367449,
    0.006505163639086758,
    0.019435152676747308,
    0.007475465476994931,
    0.023844839968541746,
    -0.023796156867577436,
    0.03450571984070217,
    0.019772218438813494,
    -0.021606489765370992,
    0.08234201256038802,
    0.015319744455457451,
    0.020128499806831474,
    0.023168263238736,
    0.04033074932127409,
    -0.017179110952588884,
    -0.010698127239745489,
    0.008233789692300679,
    -0.017704563263350365,
    -0.020974864126678452,
    0.05228124362809334,
    0.11002434813351793,
    0.05853189439022125,
    -0.0023495197105393344,
    0.04076880675576633,
    0.044669845192999824,
    0.027016605049685553,
    0.014320285803003402,
    0.052869676170917895,
    0.013075014177086135,
    0.017174945110724208,
    -0.006280776235687237,
    0.0630261923595797,
    -0.09761448662182869,
    0.028058925473520163,
    0.027617625015476526,
    -0.015373891058964795,
    -0.0120294382250242
  ],
  "sum weights": 1.0000049999750003
}