{
  "mu_target": [
    -0.5,
    0.6000000238418579
  ],
  "mu_model": [
    [
      -0.5005368603472921,
      0.6009000815148615
    ]
  ],
  "diff": [
    [
      0.0005368603472920563,
      0.000900057673003607
    ]
  ],
  "sigma_integral": [
    0.00047638431313463383,
    0.0007160455236008481
  ],
  "within_band": [
    [
      false,
      false
    ]
  ],
  "toy_seed": 278,
  "weights": [
    0.02114039497508426,
    0.0074769118966827525,
    0.08427563940137561,
    0.1067889077407437,
    0.014451267253936834,
    0.03701968403993448,
    0.05534230909376296,
    0.0389955358601839,
    0.04001580160617899,
    0.030693637991249457,
    0.06671673543900401,
    0.0109819373463794,
    0.03060602761647487,
    -0.013800726159347316,
    -0.05449178899370059,
    0.004113342023380655,
    -0.01962992951870273,
    -0.010405698859520038,
    0.03460056240303082,
    -0.02524594914724798,
    -0.017008958179533823,
    0.026268015550293594,
    -0.023447362262776043,
    -0.009964353966290545,
    0.000346253727587293,
    0.02100663308642499,
    0.009111573746926354,
    0.021738717198448634,
    0.004062926048816765,
    0.031545032348164075,
    0.013653552830904825,
    -0.07282223833891173,
    0.06852008879554863,
    0.012890277739210922,
    0.010032824755325994,
    0.007982570339524478,
    0.012563290196655044,
    -0.01593026058417291,
    -0.060231476624399274,
    0.020027961862250115,
    0.017968180816589126,
    -0.016908825612705736,
    0.02146314679029834,
    0.09884534252152982,
    0.07559969837182191,
    0.05025666227596344,
    0.04689368722891034,
    0.008175085452864874,
    -0.003846256942251163,
    0.009393929514906594,
    0.05937482118895958,
    0.07796645621389539,
    0.030484880541786323,
    0.02459981878096476,
    0.04855703368296379,
    -0.07638016127510082,
    0.002372183181552239,
    -0.008148774985498463,
    0.035867425816623416,
    -0.022519003867955113
  ],
  "sum weights": 1.0000049999750003
}