{
  "mu_target": [
    -0.5,
    0.6000000238418579
  ],
  "mu_model": [
    [
      -0.5000684708140039,
      0.6000007511464078
    ]
  ],
  "diff": [
    [
      6.847081400385147e-05,
      7.273045499189834e-07
    ]
  ],
  "sigma_integral": [
    833460.7704359331,
    1066868.6949592568
  ],
  "within_band": [
    [
      true,
      true
    ]
  ],
  "toy_seed": 32,
  "weights": [
    0.013772992556344985,
    0.03555796064269545,
    0.07528267789200364,
    0.0638966495252708,
    0.025282891258487903,
    0.037715338049609116,
    0.021446328008965936,
    0.04253895658681684,
    0.02919649556587204,
    0.027923406926124873,
    0.0636499479390934,
    0.012859497693882867,
    0.04517793114166506,
    -0.09000841138373393,
    -0.009360853076537579,
    0.017828331334796756,
    -0.029198656888023568,
    -0.02750091954635005,
    -0.0018565417922892424,
    -0.029253041591080844,
    0.0024949821053128433,
    0.036221272901659274,
    -0.011684681264035882,
    0.004321465782055813,
    -0.023455212404053894,
    0.0631681919108328,
    0.0069577510674793215,
    0.009159666974283368,
    -0.004890718021604975,
    0.029483475612442807,
    0.01784285443234238,
    -0.07676823412394379,
    0.06877520993306246,
    -0.0012073176797986114,
    0.03261971743740178,
    0.04645567954576341,
    0.03378659436609615,
    -0.004867097902430004,
    -0.020838273850060585,
    -0.0018251177247328592,
    0.004099560495627748,
    0.0093761740634456,
    0.061217391495212006,
    0.1079586500230728,
    0.03788236195815017,
    -0.017956754160350624,
    0.04997531022588249,
    0.06409403810344359,
    -0.004882297038069365,
    0.031285178927771,
    0.011618033459687978,
    0.06661938781838028,
    0.05678239313904353,
    0.0013680019385530126,
    0.04065590913527811,
    -0.10289700511724241,
    0.053456099438444996,
    -0.03765831408612437,
    -0.0033091675323795562,
    0.03961827189311412
  ],
  "sum weights": 1.0000044141226274
}