{
  "mu_target": [
    -0.5,
    0.6000000238418579
  ],
  "mu_model": [
    [
      -0.5006420014570641,
      0.600323121925164
    ]
  ],
  "diff": [
    [
      0.0006420014570640564,
      0.0003230980833061059
    ]
  ],
  "sigma_integral": [
    0.00047711650512309974,
    0.0007166943813209861
  ],
  "within_band": [
    [
      false,
      true
    ]
  ],
  "toy_seed": 19,
  "weights": [
    0.00513188198291975,
    0.03484673947031343,
    0.07256972477493634,
    0.005672211757285341,
    0.007656858300398337,
    0.026186509254989228,
    0.039381698830330956,
    0.03069414080670141,
    0.028182217191916777,
    0.0032767073190536657,
    0.06551981544611782,
    0.011120478093875038,
    0.03580589462517351,
    -0.026522115784925256,
    0.022020873310837984,
    0.031641318909177665,
    -0.0669759418261311,
    -0.024761143275824606,
    0.014171475717072515,
    -0.022991392785571284,
    -0.006825166641302818,
    0.007574460039094199,
    -0.021733107514189626,
    -0.014679742937460376,
    0.02699361729342916,
    0.051000882919849215,
    0.014244139049479826,
    0.018100413840860176,
    -0.014493478978223432,
    0.0630161947446949,
    -0.05006343211918674,
    0.004967577988806928,
    0.05932418085089051,
    -0.0021049552599491815,
    0.05146009497349871,
    0.022494455068109608,
    0.01719588146566453,
    -0.0244746600480366,
    0.0004889887530278173,
    -0.028559090765493077,
    -0.011480871262612132,
    -0.024923275168139542,
    0.05135083111829268,
    0.07335334966824746,
    0.10977429709190155,
    -0.015666350816584875,
    0.03640430157224098,
    0.080735872055701,
    -0.0009181800721454475,
    0.041545857331725916,
    0.03001888669760449,
    0.023917380146594103,
    0.025468985000636293,
    0.01839614126390242,
    0.06935834716060095,
    -0.010118174822790907,
    0.009592585376552207,
    0.006308714937779045,
    0.010856290146580393,
    0.009469807725338203
  ],
  "sum weights": 0.9999999999936362
}