{
  "mu_target": [
    -0.5,
    0.6000000238418579
  ],
  "mu_model": [
    [
      -0.5007253055779557,
      0.6011970826730897
    ]
  ],
  "diff": [
    [
      0.0007253055779556927,
      0.0011970588312317787
    ]
  ],
  "sigma_integral": [
    0.0004777423455174856,
    0.000715423730939872
  ],
  "within_band": [
    [
      false,
      false
    ]
  ],
  "toy_seed": 213,
  "weights": [
    0.03163549491366792,
    0.05441090357861142,
    0.09700025602099478,
    0.07675654824151404,
    0.009813774359533308,
    0.062227997042963515,
    0.04905423367443461,
    0.02869125951744834,
    0.014769658872442873,
    0.020737640086334646,
    0.026754942371397788,
    0.004680983577793537,
    0.04260904718796186,
    -0.022224642916262992,
    -0.015959745068292917,
    -0.016294680568161777,
    -0.02650657654902005,
    0.01964242798880765,
    0.035982851915104856,
    -0.0023906163936426414,
    -0.005828036523670503,
    0.0034065244589549684,
    -0.025758506753801834,
    0.016125752859737077,
    0.012498901007321137,
    0.017601169899348568,
    -0.023651711682822922,
    -0.018366640846022943,
    -0.014896517115528505,
    0.0530580557411272,
    -0.0031865031788330857,
    -0.007597775220249904,
    0.03870325676336595,
    0.02859728682142461,
    0.0378836736995715,
    0.05141600197271966,
    0.0010676908729132803,
    -0.0035334564325907947,
    -0.02051098239383094,
    -0.028670216481216475,
    -0.0339645540721902,
    0.009723012689799951,
    0.04361263021929575,
    0.10664582446231603,
    0.04626651010805381,
    -0.021868073081116077,
    0.06156499095321103,
    -0.012357369505652648,
    0.05109611223078657,
    0.04548806348181717,
    0.00940725689369035,
    0.05452820095541779,
    0.028175681931548003,
    0.01638275672162739,
    0.043985545450979026,
    -0.006614640090660584,
    -0.01749928869281228,
    -0.050388309021996695,
    0.015486835475289428,
    0.010584087544049712
  ],
  "sum weights": 1.0000049999750003
}