{
  "mu_target": [
    -0.5,
    0.6000000238418579
  ],
  "mu_model": [
    [
      -0.5004490992071987,
      0.6001946995011114
    ]
  ],
  "diff": [
    [
      0.000449099207198711,
      0.00019467565925346264
    ]
  ],
  "sigma_integral": [
    655610.9520615429,
    1792287.3624827461
  ],
  "within_band": [
    [
      true,
      true
    ]
  ],
  "toy_seed": 183,
  "weights": [
    0.02517659535860797,
    0.08851739846847541,
    0.13468501513765124,
    0.07783942438379576,
    0.047520443661005864,
    0.03921672642970246,
    0.00965003856846066,
    0.00812882052283104,
    0.07405606218323048,
    0.023385902900389197,
    0.040822392577593604,
    0.01148027968487379,
    0.041642725474460095,
    -0.044854408489724995,
    0.00216156334574609,
    0.025906507798050427,
    -0.05553916460418289,
    -0.004025009700871691,
    -0.0024307104887416157,
    -0.027690172502295298,
    -0.05844512723801555,
    0.021853715115615846,
    -0.044927433529179855,
    -0.01264585349339495,
    -0.01788158337052409,
    0.0276527320389732,
    -0.015912392084645233,
    0.025273568041724936,
    -0.07660755242013102,
    0.02776335453191767,
    -0.010450118333939126,
    -0.044379307620625155,
    0.0647065661478955,
    0.061401575456225196,
    0.034156704205476424,
    0.04617894089384337,
    0.08461285425480543,
    -0.001814495742306551,
    -0.01745840768485824,
    -0.02794366617773951,
    -0.041464420234048206,
    -0.0027534215392844476,
    0.06296197379596727,
    0.09581297825896355,
    0.09794196805574172,
    -0.025659512857893734,
    0.03376917743104793,
    0.029852536469307998,
    -0.004479609384029639,
    0.024853301993853577,
    0.02656654444222885,
    0.03704433512948766,
    0.024548801774345135,
    -0.017079891516123012,
    0.051457745247009135,
    -0.053933677205406344,
    0.032100060590387065,
    0.003229213905619912,
    0.0415057971096274,
    0.002945998548777598
  ],
  "sum weights": 1.0000044037157552
}