{
  "mu_target": [
    -0.5,
    0.6000000238418579
  ],
  "mu_model": [
    [
      -0.5002483428278934,
      0.6006181052352226
    ]
  ],
  "diff": [
    [
      0.000248342827893433,
      0.0006180813933647222
    ]
  ],
  "sigma_integral": [
    0.00047684545565600066,
    0.0007153243009266571
  ],
  "within_band": [
    [
      true,
      true
    ]
  ],
  "toy_seed": 80,
  "weights": [
    -0.013816697567146357,
    0.05665117238577644,
    0.07417387602557114,
    0.10000479265657806,
    -0.002700432173577453,
    0.04119466767047869,
    0.008402528953386243,
    -0.006658453281106305,
    0.0474629522375183,
    -0.017823697865514822,
    0.04955311105193413,
    0.0205907393408143,
    0.045770241374201104,
    0.005039112155813607,
    0.014364967767312681,
    -0.002791241914628913,
    -0.009303113689297118,
    -0.0011354545232338175,
    0.0233020137816051,
    -0.020163706456461743,
    -0.007578411475406747,
    0.03840863657221593,
    -0.034679661196315444,
    -0.04343230494198149,
    0.0015439974074911295,
    0.037444233530566806,
    0.010988413299466452,
    0.01658863546745092,
    -0.018261967631227005,
    0.07555328273670214,
    0.008384788968849873,
    -0.04973164855884326,
    0.055398417996014276,
    0.0015716698979870319,
    0.023663829908544553,
    0.05378072585524955,
    0.0239039190722817,
    -0.02387432162593338,
    -0.01462432982013345,
    -0.0368066709396461,
    -0.042171910582155546,
    0.0011687741488996548,
    0.029447213582660725,
    0.07950606033293336,
    0.07245752573799498,
    0.013491532191972935,
    0.03361971618810884,
    0.06477357376857319,
    0.03727016174723104,
    0.04824706748460373,
    -0.002564424271326228,
    0.038132515472059994,
    0.024838801313597877,
    -0.021849919765710015,
    0.04790010760462291,
    -0.03886218126570328,
    0.016270457286664285,
    0.009892996740828214,
    0.02201517569132168,
    0.0360631441144652
  ],
  "sum weights": 1.0000049999750003
}