{
  "mu_target": [
    -0.5,
    0.6000000238418579
  ],
  "mu_model": [
    [
      -0.5003925482408824,
      0.6004172654934639
    ]
  ],
  "diff": [
    [
      0.0003925482408824177,
      0.0004172416516059485
    ]
  ],
  "sigma_integral": [
    0.0004769327973863603,
    0.0007146208512768991
  ],
  "within_band": [
    [
      true,
      true
    ]
  ],
  "toy_seed": 238,
  "weights": [
    0.027053201996611168,
    -0.004820185711834768,
    0.061650040189550365,
    0.012707789327254077,
    0.017077338226977188,
    0.022970581891154456,
    0.009431363264748215,
    0.07343473661915079,
    0.043835752806356834,
    -0.020247851723760094,
    0.052028179711013034,
    -0.00483532905317292,
    0.025116463172729125,
    -0.03199770537094977,
    -0.006090362891287081,
    0.013630569069398711,
    0.002138262712754375,
    0.007323332012179617,
    0.00634402054151199,
    -0.03978891587632915,
    -0.024608238571580173,
    0.0026011086462944294,
    -0.03494879507947495,
    -0.03990832633615493,
    0.041105096628471595,
    0.05836463669156394,
    0.061355026110932125,
    0.02140246452138577,
    0.023890058039785913,
    0.05581562792799414,
    -0.01513114589891435,
    -0.03587982416808009,
    0.08218488763537465,
    0.051849143994329994,
    -0.010261845536604607,
    0.035125623658780365,
    0.022106579784916838,
    -0.00436147659898632,
    -0.0033979066767051307,
    0.008853431969445286,
    0.012891478267886487,
    0.0057888294235982915,
    0.025707084843535417,
    0.08854829760370551,
    0.02276084121059795,
    0.013462351891250859,
    0.07710474656414827,
    -0.001389478487849619,
    0.005193644115864652,
    0.016147382065886007,
    0.013960589766490287,
    0.07067990395240298,
    0.05864346666712024,
    -0.015150627017222137,
    0.0522234926456682,
    -0.07980791466437606,
    0.03966440628906982,
    -0.031056798085351525,
    0.03894485030602404,
    0.022571044959719625
  ],
  "sum weights": 1.000004999975
}