{
  "mu_target": [
    -0.5,
    0.6000000238418579
  ],
  "mu_model": [
    [
      -0.5003453644866529,
      0.6002089194462635
    ]
  ],
  "diff": [
    [
      0.0003453644866528993,
      0.00020889560440562338
    ]
  ],
  "sigma_integral": [
    0.00047546259036079986,
    0.0007175488980076375
  ],
  "within_band": [
    [
      true,
      true
    ]
  ],
  "toy_seed": 242,
  "weights": [
    -0.0128751610528411,
    0.017001662066748992,
    0.08165998316587755,
    0.04106805359215526,
    0.008790090549951255,
    0.029750179942551976,
    0.04588845915473184,
    0.0147081113383839,
    0.019839763257323843,
    0.021157114329023525,
    0.0215900156617032,
    -0.007870104026673019,
    0.0311400821026767,
    -0.01236530017620049,
    0.011481679891843984,
    0.020818687696534176,
    -0.03921546756728506,
    0.016873648662297194,
    0.0037283551967327174,
    3.0288484004796916e-06,
    0.002801204053495442,
    -0.005657799830220567,
    -0.013548420504755932,
    0.019673115756333605,
    0.005013009040029484,
    0.04269491105835126,
    0.020846007052367596,
    0.02761790001454157,
    -0.024729605022297308,
    0.030413984269831842,
    0.021773468212990088,
    -0.009555512525967175,
    0.07329560563708706,
    0.017743437844086832,
    0.02761778092399298,
    0.03611027094122455,
    0.040439845803570504,
    0.0063122917854612996,
    0.028603885243326927,
    -0.021735653303938854,
    -0.0023408088202129117,
    0.00339303546584922,
    0.045567357185653204,
    0.07037096392701243,
    0.04422733149537503,
    0.021647573288767152,
    0.06940096901112827,
    -0.009922601847766357,
    0.03523684435225102,
    0.026745282231499017,
    0.011490430992923724,
    0.027431033014099986,
    0.03539349307894283,
    -0.007343991273691664,
    0.02066012478473509,
    -0.08323354487771727,
    0.02529298569307594,
    -0.017098449857233224,
    0.021052158062184884,
    0.02313220498467573
  ],
  "sum weights": 1.0000049999750003
}