{
  "mu_target": [
    -0.5,
    0.6000000238418579
  ],
  "mu_model": [
    [
      -0.5006708717743702,
      0.6014692956872124
    ]
  ],
  "diff": [
    [
      0.0006708717743701964,
      0.0014692718453545028
    ]
  ],
  "sigma_integral": [
    705592.572394671,
    2026965.1688348728
  ],
  "within_band": [
    [
      true,
      true
    ]
  ],
  "toy_seed": 166,
  "weights": [
    0.011217354714441347,
    0.05225917198602975,
    0.05641397927832669,
    0.07711202384888541,
    0.030139781969091478,
    0.03029553475075411,
    0.045236441331805474,
    -0.0019719695434974073,
    0.06408734050563385,
    0.01771449163001265,
    0.10609564987463836,
    0.02847540391679659,
    0.06138705803036698,
    -0.005503024996044102,
    -0.002584588771987017,
    -0.019730632810042874,
    0.012032494770137844,
    -0.016836439808297233,
    0.026962698830652727,
    -0.03095269781576285,
    -0.04861091906197712,
    -0.012191972462076846,
    -0.04731620638920632,
    -0.025421692579910567,
    -0.012490263618356826,
    0.040320431011659,
    0.06403737701896983,
    0.008034297993768168,
    -0.052068422432522944,
    0.06076778274294411,
    -0.013611035481350658,
    -0.05891889681811979,
    0.0689515998593834,
    0.03070828101591253,
    0.018280650958801305,
    0.000693997975929817,
    0.023269651618054228,
    0.010440488160196444,
    -0.04113962294360109,
    0.00513082132736297,
    -0.038968673830635056,
    0.011903582170445447,
    0.07706462004963575,
    0.09176334031594287,
    0.03926188506691929,
    -7.345680529520949e-05,
    0.02834061303091463,
    0.02660068303963362,
    0.02319191523806964,
    0.02487759470426911,
    0.03509136506989124,
    0.06616188881951607,
    0.03418097999668721,
    -0.018439073549794287,
    0.03873098429139797,
    -0.040025157432069344,
    -0.008183559083118368,
    0.00018064638812306737,
    0.02118961401394305,
    0.026438203327790986
  ],
  "sum weights": 1.000004414410069
}