{
  "mu_target": [
    -0.5,
    0.6000000238418579
  ],
  "mu_model": [
    [
      -0.5003572434501314,
      0.6005213634171959
    ]
  ],
  "diff": [
    [
      0.0003572434501314392,
      0.0005213395753379535
    ]
  ],
  "sigma_integral": [
    0.00047527578407939797,
    0.000713900771782523
  ],
  "within_band": [
    [
      true,
      true
    ]
  ],
  "toy_seed": 210,
  "weights": [
    0.05515092679542601,
    0.05190748604874791,
    0.05998124029767965,
    0.015856680887896563,
    -0.009189010382716953,
    0.056356079324517146,
    -0.008991730490042718,
    0.044011246996727565,
    0.03990708556720638,
    -0.021130726743498408,
    0.06515310184281439,
    -0.01757101662586376,
    0.027057049190782632,
    -0.000527149134402537,
    -0.0003981840077477286,
    0.016661184200451973,
    0.0016002432001594852,
    0.005073294330012465,
    -0.009663545026555026,
    -0.01924350077000465,
    -0.0044765568072006046,
    0.0384384853831928,
    -0.020756338209182938,
    -0.010871064831842983,
    -0.007393662097204681,
    0.05544022416104334,
    0.001861722928916638,
    0.0029584552317622184,
    -0.021356817641123016,
    0.06184035090933087,
    0.06038570198610733,
    -0.014434068371252917,
    0.03160994938812381,
    0.018651740152482298,
    0.03599839335209401,
    0.031346724378514046,
    0.048804254374456756,
    0.004083832608680738,
    -0.01696921306073935,
    -0.028384786901776343,
    -0.019891036567964617,
    -0.033072023628462524,
    0.053528508744544435,
    0.10438558085660629,
    0.04861177888371978,
    0.024358762663602058,
    0.037667153771870396,
    0.025782838646490013,
    0.018272758922240957,
    0.018318222624647787,
    0.00620785116147045,
    0.05742270795250681,
    0.041047578081255275,
    0.005494806838151047,
    0.02841889616254902,
    -0.04640510201692238,
    0.005530203671102802,
    -0.016835160793608934,
    0.008998778318179993,
    0.01338381324704913
  ],
  "sum weights": 1.0000049999750003
}