{
  "mu_target": [
    -0.5,
    0.6000000238418579
  ],
  "mu_model": [
    [
      -0.5001196999326054,
      0.6003945049936891
    ]
  ],
  "diff": [
    [
      0.00011969993260541045,
      0.00039448115183116084
    ]
  ],
  "sigma_integral": [
    0.00048004533027108426,
    0.0007190487652654287
  ],
  "within_band": [
    [
      true,
      true
    ]
  ],
  "toy_seed": 71,
  "weights": [
    0.010927469167847323,
    0.02159624576466763,
    0.029896005850822818,
    0.07680967276636202,
    0.003742898446282421,
    0.03176759184653758,
    0.021874452369919528,
    0.05688075718241266,
    0.0523940222855275,
    0.012002829549207667,
    0.07334244022524737,
    -0.018045622033661595,
    0.03791343214139862,
    -0.022638338545190193,
    0.004135310524078868,
    -0.005453347556878849,
    -0.03519121732757906,
    -0.03454386609975577,
    0.02171753350879814,
    -0.007053436727622857,
    -0.02218462928683288,
    0.030544621164843924,
    0.010915345924095748,
    0.00982102800274523,
    0.021068515157903235,
    0.06191945557874828,
    0.007163507345522692,
    0.0018159134296824018,
    -0.0186135090193425,
    0.033561458869358685,
    0.03561352615607927,
    -0.04009867317799276,
    0.029013776439377692,
    0.02627120713874973,
    0.01777202582748062,
    -0.02645448087948135,
    0.035072211154070526,
    0.006068018602065958,
    -0.014976056478040276,
    0.0022635431028417883,
    -0.017814832287950683,
    -0.047987431523403,
    0.04973857788487744,
    0.06999422776195877,
    0.07109465484395483,
    -0.03283589643370212,
    0.0629471656124092,
    0.04593821404972824,
    0.02474005501368462,
    0.03657244504016792,
    0.027765678000369012,
    0.04637551708996953,
    0.022591281450864212,
    0.012435390661758219,
    0.04406071146950806,
    -0.04951221798931734,
    0.03118748910965986,
    0.02293368830276257,
    0.031909711475382845,
    0.009238932052019994
  ],
  "sum weights": 1.000004999975
}