{
  "mu_target": [
    -0.5,
    0.6000000238418579
  ],
  "mu_model": [
    [
      -0.4995389955875124,
      0.6012394054975949
    ]
  ],
  "diff": [
    [
      0.0004610044124875867,
      0.001239381655737004
    ]
  ],
  "sigma_integral": [
    0.0004768203830230338,
    0.000713239311927218
  ],
  "within_band": [
    [
      true,
      false
    ]
  ],
  "toy_seed": 168,
  "weights": [
    0.02370338432382898,
    0.04452927177539638,
    0.12100658835083081,
    0.05178602458998994,
    0.0014370272307913353,
    0.03994815692288398,
    0.022870214986423918,
    -0.017668551059405225,
    0.010302066358484255,
    0.010442365248326068,
    0.0835819178763721,
    0.012327574307110293,
    0.020120872079524614,
    0.010804062131763019,
    -0.024075936916545755,
    0.021065496862537676,
    -0.017039893004080715,
    -0.01216416368433192,
    0.05492589399102057,
    -0.01668870185279972,
    -0.019368100279492904,
    0.03192423607996696,
    -0.01220255809783213,
    -0.007802444339866099,
    0.0015630345130332503,
    0.05554286184335508,
    0.011025007035816112,
    0.002648537543923815,
    0.000995249877960686,
    0.006266616566973465,
    0.009109047998348123,
    -0.06955680997914121,
    0.028871651143035748,
    0.0518830285954173,
    0.013252023299984912,
    0.0011719208289711577,
    0.05379570126685413,
    0.025192447773531086,
    -0.0369434948337493,
    -0.015303394772423356,
    -0.015390592614252536,
    -0.010434855559020831,
    0.06366013717953001,
    0.10111965297063477,
    0.029706074580009657,
    0.009146260073683112,
    0.03220632459348001,
    0.02640167073698403,
    -0.008313015366271841,
    0.023770135403653497,
    0.041933451657658494,
    0.054390546036580376,
    0.03300777868680448,
    0.042391960025579996,
    0.06692115360487633,
    -0.0988195774948857,
    0.028220678390020515,
    0.008059337257761886,
    -0.00945375764178554,
    0.008203404871172123
  ],
  "sum weights": 1.0000049999750003
}