{
  "mu_target": [
    -0.5,
    0.6000000238418579
  ],
  "mu_model": [
    [
      -0.49992064526874236,
      0.6013556872094804
    ]
  ],
  "diff": [
    [
      7.935473125764148e-05,
      0.001355663367622495
    ]
  ],
  "sigma_integral": [
    1.3558422858261701e+22,
    2.532685004581826e+22
  ],
  "within_band": [
    [
      true,
      true
    ]
  ],
  "toy_seed": 146,
  "weights": [
    0.008766935813106268,
    0.027109186387041684,
    0.09398724494295722,
    0.08432096927484588,
    -0.0035463763143942033,
    0.0469106195927247,
    0.004989850579666712,
    0.04258594235635503,
    0.00031171927245907057,
    0.02542278761664416,
    0.05305476934769038,
    -0.02528662068077775,
    0.008049673013428982,
    -0.050492551404474124,
    -0.028635634092290498,
    0.016996318013889535,
    -0.023343922469376548,
    -0.00823062566941337,
    0.014305708506579596,
    -0.03521994315351128,
    -0.021764832581575563,
    0.07201402549258547,
    -0.013156933333074978,
    -0.01277510508806396,
    -0.02316886206954921,
    0.03802482267146078,
    0.0320141737104555,
    0.006116328965949632,
    -0.014119223463709293,
    0.0801174380259046,
    -0.00381613292103012,
    -0.01813100621532464,
    0.1003253607501524,
    0.02684296315913889,
    0.06417249386117467,
    0.028433953172629894,
    0.03579395400818815,
    -0.012946590952604574,
    -0.029587509238290257,
    -0.06396094649487588,
    -0.0245431445932,
    -0.00023131768353344638,
    0.029208427502604124,
    0.1289590438946969,
    0.03832657681851815,
    0.04575463924173259,
    0.05095820059665989,
    0.028673935158466442,
    0.02440308688885481,
    0.03627027531059818,
    0.03334710294374631,
    0.04165663041523547,
    0.013519365624821044,
    -0.03440516301522897,
    0.08563492196634066,
    -0.032876629822418235,
    0.00826218785787811,
    -0.013144339480624573,
    -0.007526837022661259,
    0.025273035059269738
  ],
  "sum weights": 1.000004420054449
}