{
  "mu_target": [
    -0.5,
    0.6000000238418579
  ],
  "mu_model": [
    [
      -0.5006123160813241,
      0.6000686480320307
    ]
  ],
  "diff": [
    [
      0.0006123160813240602,
      6.862419017283905e-05
    ]
  ],
  "sigma_integral": [
    933010.5310756448,
    2642883.8683540286
  ],
  "within_band": [
    [
      true,
      true
    ]
  ],
  "toy_seed": 180,
  "weights": [
    0.03963483738747282,
    0.0023179638923539474,
    0.0703870477356647,
    0.051497859225905725,
    0.018282183316175902,
    0.07900116954284787,
    0.02176725660141501,
    0.02672241570752935,
    0.05530446205741881,
    0.02713125807067057,
    0.029298625769551074,
    -0.0029524901198224826,
    0.02399904042022381,
    -0.046958504266379264,
    0.023886513459476823,
    0.01527716991178525,
    -0.05735451107703136,
    -0.011881621160256766,
    0.011633087345544621,
    -0.017867353998723384,
    -0.020877136696286006,
    0.042513630061563834,
    -0.048329268109286304,
    -0.0022170525614731798,
    0.013102535580528452,
    0.03992442852408704,
    0.026983036146577617,
    0.0012605528842429404,
    -0.017433583271416555,
    0.07369033650693094,
    -0.025046152415514705,
    -0.028848427160767857,
    0.05897273036104314,
    0.011448430243787564,
    -0.001348870546981604,
    0.02512353938806547,
    0.014829225548921628,
    -0.03132938329387147,
    -0.014149830162581336,
    -0.01806274334179237,
    -0.035216303968613215,
    -0.008214690894530058,
    0.06951755145395665,
    0.10953920983210147,
    0.09219563420752115,
    -0.04115638905171255,
    0.039698280647298474,
    0.026794028864901818,
    0.04054135960037962,
    0.018173726888185558,
    0.039273353328695415,
    0.07868160886167719,
    0.02903485541939074,
    -0.01733602489489336,
    0.11203730356160208,
    -0.04997048405815472,
    0.03301791927940579,
    -0.02899379906693739,
    0.03037146460213874,
    0.0026834063725074
  ],
  "sum weights": 1.0000044184925212
}