{
  "mu_target": [
    -0.5,
    0.6000000238418579
  ],
  "mu_model": [
    [
      -0.4999646057751206,
      0.6003055887725822
    ]
  ],
  "diff": [
    [
      3.539422487941479e-05,
      0.00030556493072431135
    ]
  ],
  "sigma_integral": [
    0.0004768433753599905,
    0.0007148370486613476
  ],
  "within_band": [
    [
      true,
      true
    ]
  ],
  "toy_seed": 216,
  "weights": [
    -0.008778721235921737,
    0.06432586905625289,
    0.04385683375491412,
    0.05121988574341225,
    -0.017482371030428406,
    0.009454477573702002,
    0.043519607663876914,
    0.005478968212658571,
    0.008940227287056252,
    -0.016686231328004456,
    0.049298293699106925,
    0.0015034438180752032,
    0.048679401045354766,
    0.003289619194747684,
    -0.016737578451363838,
    -0.00928849356510314,
    0.03859582380057751,
    -0.006642046583673191,
    0.015854559088774596,
    0.004511570533489446,
    -0.01980461441070967,
    0.04463892869647514,
    -0.011315143819916636,
    -0.008000045214930558,
    0.009114140971429725,
    0.05945165004318783,
    0.03561395512205906,
    0.015382819897871873,
    -0.020569121128107565,
    0.027789930032974225,
    0.05746768731154125,
    -0.060034958987988246,
    0.03988132863275691,
    0.017383158736158588,
    0.03358796620745693,
    0.034888929003312266,
    0.020267606179513623,
    0.0320157389053734,
    -0.03495387624140631,
    0.032885532669570165,
    -0.029361398449830545,
    0.002971373959901626,
    0.031190212938840105,
    0.07220735788447032,
    0.08271194652102182,
    0.006615715897383972,
    0.022132671805603323,
    0.01099618051733249,
    0.011883118630469027,
    0.001981977799757992,
    0.06781141416048163,
    0.031228585423360922,
    0.01538325895624938,
    0.004028271689994962,
    0.06251390918012184,
    -0.06904347331984616,
    0.01575889527202768,
    0.0046204176919353215,
    0.0213847122554876,
    0.014385100276110563
  ],
  "sum weights": 1.0000049999750003
}