{
  "mu_target": [
    -0.5,
    0.6000000238418579
  ],
  "mu_model": [
    [
      -0.5003589856410242,
      0.6010183847854166
    ]
  ],
  "diff": [
    [
      0.00035898564102421204,
      0.0010183609435586716
    ]
  ],
  "sigma_integral": [
    796860.6955504384,
    1133723.0643297888
  ],
  "within_band": [
    [
      true,
      true
    ]
  ],
  "toy_seed": 207,
  "weights": [
    0.0007949310652104885,
    0.06915805736808255,
    0.05412951239603543,
    0.0761767695018397,
    0.0018719524938947511,
    0.05244075440862214,
    0.014629772258560542,
    -0.010643166696794049,
    0.017180169658643475,
    0.012318080899072168,
    -0.007310361755231981,
    0.005765745142126955,
    0.05987668410416967,
    -0.05514988477466213,
    -0.03337065387546583,
    -0.013163865491493466,
    -0.030310401627470968,
    -0.008354384301922533,
    -0.0029968857976754785,
    0.010194870148859128,
    -0.007816930540853664,
    0.030801051177339656,
    -0.05668492598325186,
    0.020666336569794413,
    -0.004201985958891722,
    0.07140535305140853,
    0.007968820846921843,
    0.01125239945178472,
    -0.005512189277121421,
    0.07373328697556644,
    -0.02911257001105868,
    -0.0025304034652841394,
    0.06168303857567471,
    0.015102989512736904,
    0.07602786134789245,
    0.06493892336493698,
    0.0075112673990508074,
    -0.025286859609974007,
    -0.031549092483475344,
    -0.010441141692578523,
    0.02627109544497742,
    0.02617185355469881,
    0.05895027916431084,
    0.06416656046405893,
    0.08764956712260927,
    0.013141131163561859,
    0.021839858393971758,
    0.029823114528095964,
    -0.003274949129996839,
    0.031756011092727916,
    0.07008549182755033,
    0.04344761861610842,
    0.024875533283826082,
    -0.011683905160973071,
    0.04047629032663136,
    -0.014714529295242725,
    -0.0055421270807451215,
    0.03628951987452573,
    -0.008819865579587598,
    -0.012097054169490504
  ],
  "sum weights": 1.0000044188166375
}