{
  "mu_target": [
    -0.5,
    0.6000000238418579
  ],
  "mu_model": [
    [
      -0.5003782258719565,
      0.6002372316822644
    ]
  ],
  "diff": [
    [
      0.0003782258719564613,
      0.00023720784040648368
    ]
  ],
  "sigma_integral": [
    0.00047596452462182065,
    0.0007182514286471088
  ],
  "within_band": [
    [
      true,
      true
    ]
  ],
  "toy_seed": 245,
  "weights": [
    0.0021415491617519503,
    0.00828700615904604,
    0.04523379377082075,
    0.05172437037886682,
    0.0063255152713001285,
    0.045126230097033405,
    0.031337843749307134,
    0.033983298592190465,
    0.01409347203717343,
    0.03522187495797677,
    0.059138236371181124,
    0.005896257653640088,
    0.03327332314341318,
    -0.03817953740293567,
    0.023539922076179314,
    -0.008157645437830971,
    -0.052989968514254075,
    -0.01197809883123515,
    0.04291932189975121,
    -0.012331211636442354,
    -0.027352003906307626,
    0.04632858268454754,
    -0.03300651619683034,
    -0.005992056563808169,
    -0.011057895161608187,
    0.0489596558890643,
    0.019004266797852696,
    0.04422192905043186,
    -0.016200083206507784,
    0.045087217870826285,
    -0.008272976160013823,
    -0.011664157299182418,
    0.06456446462027837,
    0.012176113442606886,
    0.05159970141377284,
    0.01714459282973695,
    0.02773194514499444,
    -0.01648209640092355,
    -0.013136538194227724,
    -0.027275162820168786,
    0.0014659283804834568,
    -0.012983270957585582,
    0.04558959685135726,
    0.07651353977622571,
    0.023125342550701346,
    0.0345203921832541,
    0.03906767923362059,
    0.04088204157464946,
    0.015792535538797548,
    0.047544586231314766,
    0.044798324967740215,
    0.019691031438875482,
    0.029868809855996045,
    0.012640032452048876,
    0.06557880201916468,
    -0.06586431899122651,
    0.034233731181561956,
    -0.012668736254332411,
    0.024055424814756168,
    0.015168989796129868
  ],
  "sum weights": 1.0000049999750005
}