{
  "mu_target": [
    -0.5,
    0.6000000238418579
  ],
  "mu_model": [
    [
      -0.5012125873242194,
      0.600464095334465
    ]
  ],
  "diff": [
    [
      0.0012125873242193608,
      0.0004640714926070766
    ]
  ],
  "sigma_integral": [
    1820147.1241004646,
    1802975.4263669043
  ],
  "within_band": [
    [
      true,
      true
    ]
  ],
  "toy_seed": 36,
  "weights": [
    0.023447442502745396,
    0.07322906921144802,
    0.09635738080730635,
    0.1190190073577628,
    -0.0006436873700870434,
    0.0594894558510963,
    -0.011147272085645575,
    -0.025084463306418364,
    0.06981965012277523,
    0.030733575039949796,
    0.031971584871808824,
    -0.0434524558679323,
    0.047131419409637394,
    -0.050774570634974085,
    -0.02857392344162536,
    -0.007468344516862588,
    -0.035120020610939925,
    0.006856719641342759,
    0.064405901093381,
    -0.03868410901476913,
    -0.016592986156940496,
    0.059189703790968336,
    -0.004277599963067656,
    0.015640627866316578,
    0.004113785352582299,
    0.00262923125645918,
    0.03328868875087395,
    -0.0003092782866857814,
    -0.06833566604524882,
    0.0360997428531433,
    -0.015493358536520322,
    -0.08357764619717269,
    0.0612248262559306,
    0.04038926624015086,
    -0.01964621232283903,
    0.004573812299920935,
    0.015851486243259903,
    -0.0076797416865278184,
    0.022226750191459255,
    -0.026453100973317212,
    -0.05142384994072989,
    0.050030861371585286,
    0.08881051072468917,
    0.10014480618149045,
    0.03744215031632969,
    0.016307006898026728,
    0.04955160988314408,
    -0.015809201422873297,
    0.04755608192619504,
    0.022506642030366484,
    0.04284576260705486,
    0.07025230146047945,
    0.01693085971589762,
    0.0074782725676779405,
    0.07249388092845797,
    -0.07143729608472085,
    -0.020618371857753448,
    0.035066005894638166,
    0.030458061484772217,
    0.03704358395650309
  ],
  "sum weights": 1.0000043686339757
}