{
  "num": 39515.8203125,
  "den": 28849.759765625,
  "test": 10666.060546875
}