{
  "num": 30366.517578125,
  "den": 30371.23046875,
  "test": -4.712890625
}