{
  "num": -48652.75390625,
  "den": -48647.17578125,
  "test": -5.578125
}