{
  "num": 39513.25390625,
  "den": 28846.806640625,
  "test": 10666.447265625
}