{
  "mu_target": [
    -0.5,
    0.6000000238418579,
    0.20000000298023224,
    -0.8999999761581421
  ],
  "mu_model": [
    [
      -0.5011703208523459,
      0.5995419214374482,
      0.20116569407979165,
      -0.9006674719165834
    ]
  ],
  "diff": [
    [
      0.0011703208523459185,
      0.0004581024044096882,
      0.0011656910995594127,
      0.0006674957584412722
    ]
  ],
  "sigma_integral": [
    0.000409055401950011,
    0.0006624994290902362,
    0.0004878889815680427,
    0.0008547087390246657
  ],
  "within_band": [
    [
      false,
      true,
      false,
      true
    ]
  ],
  "toy_seed": 22,
  "weights": [
    0.005526394701607502,
    0.004541081523467959,
    -0.009257766364439177,
    0.010227326609113381,
    0.01110254587608103,
    -0.017662098200195826,
    0.018961827604509342,
    0.026894227032760686,
    0.03622204055174294,
    0.018713310736914453,
    0.058953873012715215,
    0.019144483544960164,
    -0.010992698089757303,
    0.051724451496098896,
    0.025901840605108962,
    0.04233001177005287,
    -0.019811237703330705,
    0.030538354343301724,
    0.020223335311691366,
    0.029573708744224114,
    0.0040493406594053994,
    -0.0014538744502433276,
    -0.026493660958031087,
    0.009689868699513339,
    -0.000996083382046561,
    0.03931154568302091,
    0.02737132416789495,
    0.08078157239802997,
    -0.010342801759196722,
    -0.01277010908872642,
    0.03386360202970073,
    0.011803998134231398,
    -0.03208158251001353,
    -0.00026889062933423553,
    0.08834983421245808,
    0.02862324548339165,
    0.011836132699218148,
    0.047475608207081195,
    0.003386646024528716,
    0.003849365121915539,
    0.028149507948357185,
    0.006127039488552267,
    -0.050519901121034834,
    0.027131611345797335,
    0.0338819487143425,
    0.004187662015677802,
    0.03359819241382152,
    0.013065653490400236,
    0.024750223254144492,
    -0.0103189106417737,
    0.03382080584214976,
    0.026315727343395566,
    0.016184714601095603,
    0.046251335195807514,
    0.009906578306549722,
    0.04917122193176197,
    -0.008541056382047364,
    0.02151781449491123,
    0.008425619307419497,
    0.028054118554179098
  ],
  "sum weights": 0.9999999999529331
}