{
  "mu_target": [
    -0.5,
    0.6000000238418579,
    0.20000000298023224,
    -0.8999999761581421
  ],
  "mu_model": [
    [
      -0.501122228060228,
      0.5988659118260542,
      0.2020777983810559,
      -0.8994728859628446
    ]
  ],
  "diff": [
    [
      0.0011222280602279922,
      0.0011341120158037121,
      0.002077795400823673,
      0.0005270901952975082
    ]
  ],
  "sigma_integral": [
    0.0004095310573438353,
    0.0006644213074542677,
    0.0004914699201473263,
    0.0008567787008458311
  ],
  "within_band": [
    [
      false,
      false,
      false,
      true
    ]
  ],
  "toy_seed": 47,
  "weights": [
    -0.011587002542494736,
    0.0008824866412186592,
    0.0046936199513281105,
    0.013380816501010527,
    0.006885463675174898,
    -0.023051729968075654,
    0.023140640126553987,
    0.01765964209934239,
    0.031203982213599265,
    0.010769126016240079,
    0.07492054872230283,
    0.023911394603632872,
    -0.02276437112343143,
    0.027548592029494254,
    0.041916875913417334,
    0.01786656969919894,
    0.005707879441722522,
    0.006193614501688006,
    0.0070824420614937576,
    0.05826263831213123,
    0.003817500341267638,
    0.012952629599949054,
    0.028915230960870394,
    0.0021822741017462222,
    0.009121065903894075,
    0.021460908844250316,
    0.006518750354441437,
    0.03500995846200629,
    0.006481942900392111,
    -0.015690308504571135,
    0.021498321575247364,
    0.01890063976106522,
    0.004027947526031004,
    -0.003921216043802642,
    0.07202955073809258,
    0.014661388954985498,
    0.009382205859120672,
    0.061502130562516466,
    -0.0017142702518067824,
    0.0009576924781320638,
    0.031188183108585944,
    0.011191337332933569,
    -0.062240462185180256,
    0.0479711728696126,
    0.007681646987698948,
    0.0009336782553056848,
    0.010005865530073656,
    0.022435621259387816,
    0.021622568574361067,
    0.011926476184403388,
    0.019081589880029778,
    0.020752441011196048,
    0.019957458227940116,
    0.063510798475894,
    0.03265012438160702,
    0.039904464133184256,
    0.0006534948749898701,
    0.01542206091105401,
    0.019886562962865974,
    0.04274734418368033
  ],
  "sum weights": 0.9999999999589995
}