{
  "mu_target": [
    -0.5,
    0.6000000238418579,
    0.20000000298023224,
    -0.8999999761581421
  ],
  "mu_model": [
    [
      -0.5015368843693274,
      0.5997733230042201,
      0.2012898183968958,
      -0.8983228959053182
    ]
  ],
  "diff": [
    [
      0.0015368843693274181,
      0.00022670083763776105,
      0.0012898154166635645,
      0.0016770802528238704
    ]
  ],
  "sigma_integral": [
    0.00041114051477138,
    0.0006628508028261923,
    0.0004933605952362192,
    0.0008605704511296117
  ],
  "within_band": [
    [
      false,
      true,
      false,
      false
    ]
  ],
  "toy_seed": 36,
  "weights": [
    -0.0051160445455965715,
    -0.009568434798633802,
    -0.0010116346463920113,
    -0.005710640004821676,
    0.02147682651418755,
    0.0009207043006733336,
    0.031532606196306524,
    0.026816673514107308,
    0.030795405140071758,
    -0.016500131348734636,
    0.03131519038988181,
    0.06050202692318821,
    -0.03370622333867943,
    0.034469214844188176,
    0.040820630958928066,
    0.03940008008430105,
    0.004059103334750985,
    0.014805467231112082,
    -0.0060524406498571204,
    0.05453297461394098,
    0.010405523671791823,
    0.033425561006182845,
    -0.010596801287969264,
    -0.005950579716119084,
    -0.0014452080002432019,
    0.034348112068932464,
    0.009158034865566588,
    0.039926848321762805,
    -0.001754019300789962,
    -0.004056714982013182,
    0.012404880120382112,
    0.025410437439844735,
    -0.014927387784326854,
    -0.01993866730638232,
    0.07845362656106342,
    0.018471054610276053,
    0.021709295025189607,
    0.051203870353240394,
    -0.012146541862890287,
    -0.008910986779805112,
    0.029569197852805658,
    0.023463118034730418,
    -0.05797813498533918,
    0.029999953656037946,
    0.01693525805361648,
    0.01751309927801078,
    0.0234112024701164,
    0.015413842072471488,
    0.007160921507123833,
    0.012314533366149768,
    0.0444460343797814,
    0.025093356808455373,
    0.04014259824603525,
    0.034950731785931215,
    0.03563400205386963,
    0.03073573533656214,
    0.016018920362112426,
    0.006113477732865528,
    0.039079662048689616,
    0.041005798155213206
  ],
  "sum weights": 0.9999949999518556
}