{
  "mu_target": [
    -0.5,
    0.6000000238418579,
    0.20000000298023224,
    -0.8999999761581421
  ],
  "mu_model": [
    [
      -0.5016332387824763,
      0.5992702520939186,
      0.20116706926505093,
      -0.8994955835342947
    ]
  ],
  "diff": [
    [
      0.0016332387824763428,
      0.0007297717479393118,
      0.0011670662848186908,
      0.0005043926238473828
    ]
  ],
  "sigma_integral": [
    0.0004086702360314982,
    0.0006604485431343922,
    0.00048772197813684045,
    0.000849115126426908
  ],
  "within_band": [
    [
      false,
      false,
      false,
      true
    ]
  ],
  "toy_seed": 30,
  "weights": [
    0.010724239551651247,
    0.02622480401717943,
    -0.00939573443538297,
    0.005803611939210713,
    -0.004688169274878426,
    -0.00442553388967539,
    0.016792785241296355,
    0.03157012840325287,
    0.04911109968378098,
    0.015410189030632522,
    0.04813712112901885,
    0.02625967173005897,
    -0.020273401801047572,
    0.030931993831473163,
    0.0422747621729916,
    0.01975171288298905,
    0.0042443620550627545,
    0.03902470354615959,
    0.02815967424486056,
    0.03394018668704335,
    0.021169738113074564,
    0.02194497383362173,
    -0.001362298053506832,
    0.0040327325289069285,
    0.008713042122787975,
    0.02686434474781677,
    0.0222708464472126,
    0.05280447045014661,
    0.003263331773923255,
    0.012268672172482868,
    0.022098139543519704,
    0.004995620266246749,
    -0.012787753571983322,
    -0.015060776034218364,
    0.06704422618241349,
    0.03176936909438599,
    0.04982224649665653,
    0.05312692866993024,
    0.008953877107946734,
    -0.0018804360028293458,
    0.054184908227693514,
    -0.0086522594922209,
    -0.06392851325157942,
    0.023674022521051163,
    0.00463048588319914,
    0.0025551286938557136,
    0.02468104673374482,
    -0.003716979591961005,
    0.017181588714268208,
    -0.0007961828978614654,
    0.009861864412914145,
    0.04478514381562767,
    0.01576088707894011,
    0.029686111127815495,
    -0.0050451669029122044,
    0.06294787970651473,
    -0.0012932787364592071,
    0.0011386977404905616,
    0.010596458115247946,
    0.012118655401684034
  ],
  "sum weights": 0.9999999999342656
}