{
  "mu_target": [
    -0.5,
    0.6000000238418579,
    0.20000000298023224,
    -0.8999999761581421
  ],
  "mu_model": [
    [
      -0.5015534412807138,
      0.5994407414970822,
      0.2013074246889182,
      -0.8986431564514252
    ]
  ],
  "diff": [
    [
      0.0015534412807137743,
      0.0005592823447757578,
      0.001307421708685974,
      0.0013568197067168608
    ]
  ],
  "sigma_integral": [
    0.00040901733483818747,
    0.0006609718225232707,
    0.000493068616161542,
    0.0008583216002195356
  ],
  "within_band": [
    [
      false,
      true,
      false,
      false
    ]
  ],
  "toy_seed": 69,
  "weights": [
    -0.00042918364121924315,
    0.026196651917860286,
    0.014436931785946516,
    0.040902241254387704,
    0.012094268386322687,
    -0.008360025992999441,
    0.03676021910101304,
    0.03051374939010423,
    0.026323168381752336,
    0.0019170542279282109,
    0.02546455258259025,
    0.026065948297109235,
    -0.003992949405235408,
    0.027428568003344537,
    0.02661086947768621,
    0.013619966798151717,
    0.0012881592034518399,
    0.039090398801758894,
    0.004313780892892408,
    0.04491940778191255,
    0.020013692314403232,
    0.0048012571832914755,
    0.0020739855499472292,
    0.007483836243289367,
    0.043474980460488914,
    0.028265125882064965,
    0.01090852138789714,
    0.02922329931558601,
    0.007511791483367559,
    -0.022556140853722918,
    -0.006140553836778814,
    0.011498089959768771,
    -0.017840545269643453,
    -0.0016759940474102414,
    0.03262848600196653,
    0.012356354363725232,
    0.02065343153822032,
    0.04333678785818521,
    -0.017128824389991994,
    -0.0038161721433266306,
    0.012792395862958418,
    0.029065521055923433,
    -0.03832806838634124,
    0.04415057620779692,
    0.002891833458158536,
    0.03095545430576828,
    0.02002721658434158,
    0.03239100976951414,
    0.016039352575918594,
    0.001586332748284604,
    0.031767405690731915,
    0.023859345674959023,
    0.014170557598450836,
    0.0571798363432107,
    0.04054099728761458,
    0.07916348953629083,
    -0.01263847352668071,
    3.981780171297695e-05,
    0.006925503953017986,
    0.01718470916467585
  ],
  "sum weights": 0.9999999999523937
}