{
  "mu_target": [
    -0.5,
    0.6000000238418579,
    0.20000000298023224,
    -0.8999999761581421
  ],
  "mu_model": [
    [
      -0.5016658662865103,
      0.599387754413324,
      0.20084342308786304,
      -0.8988422206215326
    ]
  ],
  "diff": [
    [
      0.0016658662865103313,
      0.0006122694285338737,
      0.0008434201076308045,
      0.0011577555366094616
    ]
  ],
  "sigma_integral": [
    0.00040852335240233815,
    0.0006586833626432467,
    0.0004935508011386761,
    0.0008567511121953691
  ],
  "within_band": [
    [
      false,
      true,
      false,
      false
    ]
  ],
  "toy_seed": 37,
  "weights": [
    -0.009148815154292285,
    0.009744399847790129,
    0.003424869770247358,
    0.022830053295944317,
    0.010735161460955081,
    -0.0071949920921232915,
    -0.007500091406022898,
    0.016344799169267968,
    0.03892663064902849,
    -0.0024895468245484443,
    0.051320546715988215,
    0.04010341551183482,
    -0.008150903414159652,
    0.009993721748047942,
    0.03236527073798258,
    0.0290514397568195,
    0.005956772257012732,
    0.021084693422930068,
    0.030736559707361735,
    0.03005171799652636,
    0.012280156525897116,
    -0.010903126903431272,
    -0.003020976121546711,
    -0.022523809215049324,
    0.014121807420230028,
    0.04124691500151278,
    0.021085487840045755,
    0.07089886730503583,
    -0.03762813842662004,
    0.0040660712278275364,
    0.003784212477142364,
    0.004033544066595163,
    -0.0018867832130434075,
    0.005446908178889052,
    0.0598804189632089,
    0.025284235183115743,
    0.009616903849633169,
    0.04529570386207273,
    0.004593572489783661,
    0.00010929007827791345,
    0.03158999260454949,
    0.02925704415250911,
    -0.038823823838712426,
    0.016196419101086292,
    0.01853031680002587,
    0.021771240801860135,
    0.016933967558525487,
    0.01596194807906527,
    0.01963071958073524,
    0.019911081595259363,
    0.019748537174892607,
    0.04551929473245979,
    2.7457118457745984e-06,
    0.04588094221542093,
    0.015030412467139521,
    0.06931188527012755,
    0.0314320227697918,
    0.02326374444683362,
    0.0137334197924971,
    0.02115112519223555
  ],
  "sum weights": 0.9999999999543159
}