{
  "mu_target": [
    -0.5,
    0.6000000238418579,
    0.20000000298023224,
    -0.8999999761581421
  ],
  "mu_model": [
    [
      -0.5016123157934034,
      0.5995961663360546,
      0.20221898375811484,
      -0.8987486957139024
    ]
  ],
  "diff": [
    [
      0.0016123157934033738,
      0.0004038575058032956,
      0.002218980777882601,
      0.0012512804442397218
    ]
  ],
  "sigma_integral": [
    0.00041105236673774685,
    0.000667218992917537,
    0.0004968845843559735,
    0.000858001460877935
  ],
  "within_band": [
    [
      false,
      true,
      false,
      false
    ]
  ],
  "toy_seed": 79,
  "weights": [
    -0.015715615916351146,
    0.0071506621615993644,
    -0.010134989899634428,
    -0.008001579197679097,
    0.021169935095620478,
    -0.019454178900822024,
    0.03388646804465187,
    0.03974629263530334,
    0.028769005492170506,
    -0.0054044765904469935,
    0.05213745926450356,
    0.056510776911487974,
    -0.014954954837919577,
    0.02789134647978854,
    0.0501897676090839,
    0.03946610757248545,
    -0.014238083929210034,
    0.03354488029174787,
    -0.015923217400324895,
    0.025854060608112846,
    0.011287613728428323,
    0.01145172936559447,
    0.003454767645286888,
    -0.001997410104092401,
    0.030262248314094162,
    0.018361569145135138,
    0.025968429854611355,
    0.05067661817811708,
    -0.01987388983491814,
    -0.022034940926703137,
    0.04014397826041625,
    0.013554458280271528,
    0.00787460312216888,
    0.0013608808699631428,
    0.08272718254136474,
    0.026362595412664724,
    0.021899587072820734,
    0.05176791163303654,
    -0.020682029187673857,
    -0.010053012680769921,
    0.019273618671400067,
    0.027412786487433092,
    -0.061314535149842864,
    0.012689497925656672,
    0.027811168221373774,
    0.014222700242291886,
    0.01810550999990949,
    0.021590055771229688,
    0.03205228260976279,
    0.03245295736900953,
    0.030078194883566084,
    0.01737967149690986,
    0.012494916532449529,
    0.04110883783660301,
    0.028397570063317883,
    0.03252620700860696,
    0.005069226499752286,
    -0.007690235432119435,
    0.015556597342701982,
    0.04578041539313835
  ],
  "sum weights": 0.9999999999571346
}