{
  "mu_target": [
    -0.5,
    0.6000000238418579,
    0.20000000298023224,
    -0.8999999761581421
  ],
  "mu_model": [
    [
      -0.5019337877516584,
      0.6003834268011756,
      0.2015393256733059,
      -0.9002286506590989
    ]
  ],
  "diff": [
    [
      0.0019337877516584223,
      0.0003834029593177135,
      0.0015393226930736637,
      0.00022867450095676034
    ]
  ],
  "sigma_integral": [
    0.0004102339051628423,
    0.0006645359218381266,
    0.0004950253787695199,
    0.0008589531129144894
  ],
  "within_band": [
    [
      false,
      true,
      false,
      true
    ]
  ],
  "toy_seed": 66,
  "weights": [
    -0.017142793074349134,
    0.017089579730386665,
    0.0022975182719469824,
    0.011631148782089823,
    0.0251743115809196,
    -0.015684476245180174,
    0.021225463552546953,
    0.03694262571892933,
    0.03880777035338561,
    0.011769660505414392,
    0.04397623983265566,
    0.02591112238917284,
    -0.03398905732330952,
    0.043084271994696596,
    0.04101328848546993,
    0.00021725940539980547,
    0.023244607722857337,
    0.0174876344341745,
    0.013892122092505786,
    0.03402209832747849,
    -0.002623373003504448,
    0.01126427168288819,
    0.0010962503124649443,
    -0.015221513839560313,
    -0.0037734330285823835,
    0.015376790305298675,
    0.03201124218675852,
    0.060802283297335176,
    -0.030846035012758618,
    0.0043637626126469325,
    0.03160387188063347,
    0.016953923250388653,
    -0.01902260858365288,
    0.015713701815240046,
    0.060371482788456145,
    0.03887147674385523,
    0.029973011323108797,
    0.02914040977821507,
    0.006331791799861009,
    0.00436031913784941,
    0.04839793564663688,
    0.021946723661658417,
    -0.030254885405957575,
    0.03551632198446894,
    0.025757427260822197,
    0.009596620879530428,
    0.003081184114920534,
    0.026986949434824724,
    0.039501134873850624,
    0.009360058040759971,
    0.023551337357286387,
    0.012747769146205014,
    0.011861150596024083,
    0.048039632061368714,
    0.009873127083485643,
    0.03506735345866126,
    0.012330642721762798,
    -0.01485918001649262,
    0.006733778503066167,
    0.037046896526934124
  ],
  "sum weights": 0.9999999999139499
}