{
  "mu_target": [
    -0.5,
    0.6000000238418579,
    0.20000000298023224,
    -0.8999999761581421
  ],
  "mu_model": [
    [
      -0.5009284772124394,
      0.6004399738319391,
      0.200868227572666,
      -0.8982110384261989
    ]
  ],
  "diff": [
    [
      0.0009284772124393825,
      0.00043994999008123425,
      0.0008682245924337695,
      0.0017889377319432187
    ]
  ],
  "sigma_integral": [
    0.00040968783091978285,
    0.0006660794057195136,
    0.0004922656192723762,
    0.0008619127158522184
  ],
  "within_band": [
    [
      false,
      true,
      false,
      false
    ]
  ],
  "toy_seed": 50,
  "weights": [
    0.00031561943241432586,
    0.002242166544105872,
    -0.0022612175273056473,
    -0.009603741767297742,
    0.026099063753559654,
    -0.00814226405490544,
    0.005651617997229082,
    0.028149594133208465,
    0.0438174271051309,
    0.009367915117398927,
    0.048070895712897875,
    0.02315084609238195,
    0.00016867823589151144,
    0.02691202577142365,
    0.049433250422769144,
    0.020335642865107466,
    -0.00021434950613788157,
    0.04270653463290469,
    0.018757004098350172,
    0.021121674241591625,
    0.02452504368892057,
    0.00617528144944588,
    -0.010189535346371006,
    -0.011733815523817692,
    0.007013917363304073,
    0.03431941888821255,
    0.012840379077986243,
    0.049311431022712474,
    -0.010597089790062526,
    0.010261950824241415,
    0.021350877573290794,
    -0.004144645228045037,
    0.008407011402481334,
    0.00018306483149666935,
    0.02847094476766714,
    0.020104779633025694,
    0.017816922513388147,
    0.05474871859489159,
    -0.013002571463110867,
    0.005627620976321219,
    0.014424889655434207,
    0.010550150666277286,
    -0.029282506065867325,
    0.029017595395403332,
    0.02807333824651701,
    0.02556296504816394,
    0.017291979257015963,
    0.018976237058855476,
    0.026793992905536766,
    0.00829548805744723,
    0.02228897543544953,
    0.024814948387130432,
    0.03722966249502725,
    0.031101069318609995,
    0.037289930943738794,
    0.058785003732797284,
    0.010648813457945295,
    -0.026365638778932197,
    0.020065062528351704,
    0.03686995337081906
  ],
  "sum weights": 0.9999999996724183
}