{
  "mu_target": [
    -0.5,
    0.6000000238418579,
    0.20000000298023224,
    -0.8999999761581421
  ],
  "mu_model": [
    [
      -0.5016295042679975,
      0.5991869151456143,
      0.2013136763876615,
      -0.898889294869241
    ]
  ],
  "diff": [
    [
      0.0016295042679974614,
      0.0008131086962436251,
      0.0013136734074292722,
      0.0011106812889011275
    ]
  ],
  "sigma_integral": [
    0.0004098454696760117,
    0.0006601610812596236,
    0.000491273163887519,
    0.0008451232443353017
  ],
  "within_band": [
    [
      false,
      false,
      false,
      false
    ]
  ],
  "toy_seed": 7,
  "weights": [
    -0.006173127880860805,
    0.009574254879932173,
    -0.0027562847008725955,
    -0.015387725167592617,
    0.021592092392306687,
    -0.008227463919627281,
    0.006221851561203178,
    0.038496507501805374,
    0.02634572220922158,
    0.019750493552406247,
    0.04806226057402373,
    0.011121737743388337,
    -0.005770398771377927,
    0.0391497593185268,
    0.008281842836124246,
    0.01746641181728794,
    -0.01269914667874227,
    0.019450681545967286,
    -0.0041515285205175004,
    0.031413573500475196,
    0.020726988890244585,
    0.0008767363846773292,
    0.027972666952220664,
    0.001162821913921665,
    0.016598596277486805,
    0.0014239739196759132,
    0.007130679434879852,
    0.060100181399798884,
    -0.021126658387013414,
    -0.034076692749212635,
    0.013061509267300582,
    0.01881480656781104,
    -0.00999617704707643,
    0.001111963492322626,
    0.06536659556324845,
    0.03818969294704395,
    0.019359921319946623,
    0.04617391746974653,
    0.006437050561644527,
    -0.014056355004351848,
    0.03599116550633412,
    0.01623211530118667,
    -0.031742289277267965,
    0.03535968167444024,
    0.019036965821716628,
    0.0031083630676218563,
    0.043206147061308806,
    0.04504301779524191,
    0.032428253094557484,
    0.012571205127801289,
    0.009997577995903924,
    0.03591809057168645,
    0.02265140311287778,
    0.0631527261949161,
    0.021297915952367536,
    0.05312013756385764,
    0.00947682787257159,
    0.007019080748790288,
    0.02023334108601707,
    0.038884540710482154
  ],
  "sum weights": 0.999999999949805
}