{
  "mu_target": [
    -0.5,
    0.6000000238418579,
    0.20000000298023224,
    -0.8999999761581421
  ],
  "mu_model": [
    [
      -0.5019002392155358,
      0.6005451956156254,
      0.20143455297908658,
      -0.8993043849545087
    ]
  ],
  "diff": [
    [
      0.0019002392155358372,
      0.00054517177376745,
      0.0014345499988543398,
      0.0006955912036333833
    ]
  ],
  "sigma_integral": [
    0.00041068007479276076,
    0.0006639402259791755,
    0.0004950341109169213,
    0.000860553481645694
  ],
  "within_band": [
    [
      false,
      true,
      false,
      true
    ]
  ],
  "toy_seed": 25,
  "weights": [
    -0.002648834790097793,
    -0.0012689766473564052,
    -0.007363825248476068,
    0.012894641477879217,
    0.01684144025032208,
    0.0017644564668249972,
    0.04898842415523802,
    0.045896833158096936,
    0.03418744566007735,
    0.008337440152427742,
    0.03635672188489604,
    0.03764841572909108,
    -0.025494442953400514,
    0.03745799924164651,
    0.010742605384703492,
    0.033589439250337444,
    -0.01383084697488958,
    0.036034438716854515,
    0.020933081743049416,
    0.03602455763063187,
    0.002692949392381697,
    0.011081918649249012,
    0.0044023180805088285,
    -0.01200496911099941,
    0.007001421822413258,
    0.03657571847388966,
    0.008720907563466926,
    0.06482157784168464,
    0.002013059291614106,
    0.007016703856322188,
    0.016541301050395987,
    -0.0018304523293625793,
    0.0019560169544514576,
    0.006251419984350258,
    0.03365662945264243,
    0.018455514323151123,
    -0.00030468534305771295,
    0.05435728539743646,
    -0.003676028076205677,
    -0.0030166416565522245,
    0.036205573134280584,
    0.029715588933133946,
    -0.059904861920052836,
    0.04578901497404555,
    0.012152718199336164,
    0.009264838454506706,
    0.02754877762602199,
    0.01958281910979332,
    0.03695395070214423,
    -0.003791063891420844,
    0.0214931396375409,
    0.017633746155944867,
    0.0009438161463650214,
    0.02237445961449557,
    0.019835339271553867,
    0.06117642190378225,
    0.020561988624935294,
    0.02039139401621924,
    0.015197617226048215,
    0.0250717421337569
  ],
  "sum weights": 0.9999999999580678
}