{
  "mu_target": [
    -0.5,
    0.6000000238418579,
    0.20000000298023224,
    -0.8999999761581421
  ],
  "mu_model": [
    [
      -0.5012639918976498,
      0.6004441950181687,
      0.20111326971735555,
      -0.8991663926457384
    ]
  ],
  "diff": [
    [
      0.0012639918976498077,
      0.0004441711763107925,
      0.0011132667371233085,
      0.0008335835124037017
    ]
  ],
  "sigma_integral": [
    0.000407537596918213,
    0.0006617692253399625,
    0.000495544662438673,
    0.0008536458602315905
  ],
  "within_band": [
    [
      false,
      true,
      false,
      true
    ]
  ],
  "toy_seed": 45,
  "weights": [
    0.0024830208630633585,
    0.016026840015985127,
    0.0033017866363417624,
    -0.01689151567082252,
    -0.011705072841910294,
    -0.008737822857650021,
    0.030151032894464715,
    0.034880740610544844,
    0.06940677733116946,
    0.024717237976135703,
    0.0517712735515619,
    0.019507667879042942,
    -0.01973701971275185,
    0.023869247986904926,
    0.038021033898342334,
    0.04246794324413525,
    0.007203621584319327,
    0.03573458679449129,
    0.00751184145575325,
    0.03180893622237757,
    0.00080128757772783,
    0.004516809060198279,
    0.004518513221310744,
    -0.0052709601892576945,
    0.028257749873071676,
    0.017042789202671285,
    0.02144519128094013,
    0.06107687042992335,
    -0.042955913325544375,
    -0.005641256912594148,
    0.018005314477126142,
    0.007235052587178809,
    0.005614716175204667,
    -0.008110299737039391,
    0.04917367014540577,
    0.029706473920353745,
    0.013605846309616237,
    0.031280815661913375,
    -0.001615181732071852,
    -0.024747951521577445,
    0.04351572802499293,
    0.007502043294439657,
    -0.04510034084279776,
    0.020239722750965302,
    0.018213120067439872,
    0.0077273500535779876,
    0.03515392869108704,
    0.012265849365266694,
    0.009166976654457495,
    0.026064121115237655,
    0.039817954088031834,
    0.028112383593601867,
    0.0105001592563451,
    0.046650179869131024,
    0.016068488226728243,
    0.04838215630271689,
    0.028359888805778,
    -0.00587377718299786,
    0.005230308520513516,
    0.06227206492031855
  ],
  "sum weights": 0.9999999999408904
}