{
  "mu_target": [
    -0.5,
    0.6000000238418579,
    0.20000000298023224,
    -0.8999999761581421
  ],
  "mu_model": [
    [
      -0.5014317403523522,
      0.5993033669745489,
      0.20119266255735557,
      -0.8996333820456891
    ]
  ],
  "diff": [
    [
      0.0014317403523521621,
      0.0006966568673090201,
      0.001192659577123334,
      0.00036659411245298923
    ]
  ],
  "sigma_integral": [
    0.0004123029381881274,
    0.0006649850028981571,
    0.0004964345130992455,
    0.0008613661990490265
  ],
  "within_band": [
    [
      false,
      false,
      false,
      true
    ]
  ],
  "toy_seed": 85,
  "weights": [
    0.0034358503486941537,
    0.018703475190668555,
    -0.004603105184956037,
    0.014368330197138863,
    0.02404078956420144,
    -0.042141028899652294,
    0.024301060796478112,
    0.03832003365315562,
    0.05093183451365322,
    -0.002502387462713475,
    0.04750719602755096,
    0.021176463362913754,
    0.010013384116144232,
    0.025533174256651296,
    0.025013038794866698,
    0.007457006540136926,
    -0.00017344864840490218,
    0.0340700338990762,
    0.030953590863928435,
    0.030824773964838993,
    -0.00207096420371143,
    0.002754985904673283,
    0.019371777628567732,
    -0.01444884876524671,
    -0.004743173464606218,
    0.028206319900115205,
    0.0300580346728462,
    0.059303739177270075,
    -0.012005606940018381,
    -0.0027543099696332317,
    0.043503652014739574,
    0.028529556324887923,
    -0.01698546898755472,
    0.009946903463074882,
    0.0664721816259667,
    0.0032562946376839606,
    0.023403739322966712,
    0.03965651909476591,
    0.0006384523077430748,
    -0.009101190468219271,
    -0.0035803801109218296,
    0.004294693238890399,
    -0.038488718164747464,
    0.02365847821255719,
    -0.001169911866487543,
    0.016378728109851512,
    0.03321707923517563,
    0.04723019932030221,
    0.024816518591979236,
    0.011546898257336895,
    0.0023914867886731445,
    0.010325193469414821,
    0.01078817664008319,
    0.04427244623801201,
    0.017575394424249696,
    0.07054787185373232,
    0.022998950024749155,
    -0.0009994758255796805,
    0.012948741230951088,
    0.041024970905667694
  ],
  "sum weights": 0.9999999997445717
}