{
  "num": -5089.751953125,
  "den": -5106.57763671875,
  "test": 16.82568359375
}