{
  "mu_target": [
    -0.5,
    0.6000000238418579
  ],
  "mu_model": [
    [
      -0.5006896125453629,
      0.6010096693041606
    ]
  ],
  "diff": [
    [
      0.0006896125453629276,
      0.001009645462302644
    ]
  ],
  "sigma_integral": [
    0.0015125746382275004,
    0.002315790130052715
  ],
  "within_band": [
    [
      true,
      true
    ]
  ],
  "toy_seed": 130,
  "weights": [
    -0.017117866849624457,
    -0.0034055660566018994,
    0.12838768241093965,
    0.05933706115634625,
    0.09498061344372126,
    0.05040038208568631,
    -0.026169909208276925,
    -0.028344169385850423,
    -0.007763521038452723,
    -0.03171606037345418,
    0.12270581533664388,
    -0.04524948620101928,
    0.07282873515406581,
    -0.06101873322889176,
    -0.01731770158856153,
    -0.06351119604132102,
    -0.15702770801554544,
    -0.03131650027796557,
    -0.138412557007704,
    -0.03953426439879742,
    -0.08339971012380543,
    0.028054847289858683,
    0.026508866210073652,
    0.02614759845781999,
    0.012159053428428582,
    0.11005009932425905,
    0.0301145130744166,
    -0.007666684163293341,
    -0.03301691174242052,
    -0.026307303258654848,
    0.0231669601410076,
    -0.051617965753396444,
    0.06436710837639172,
    0.0839982167819799,
    0.13959811275629525,
    -0.0054510903882728995,
    0.07609932697690645,
    -0.07287036132448577,
    -0.024480894130048354,
    -0.08189863408975148,
    0.006076127636321419,
    0.06450275672820553,
    0.012444705481693852,
    0.14973628324850227,
    0.0748040774223921,
    0.039158033673143675,
    0.07627257590654804,
    0.0005944451700499204,
    -0.06282934251139106,
    0.0334588700776803,
    0.1813017177210713,
    0.017814699606475057,
    0.010478235439321273,
    0.012683404001992145,
    0.08349134822627112,
    0.0075483932400522424,
    0.0349748606816606,
    0.11776032462407812,
    0.07018090549857425,
    -0.024742672871845207
  ],
  "sum weights": 0.9999999467594418
}