{
  "mu_target": [
    -0.5,
    0.6000000238418579
  ],
  "mu_model": [
    [
      -0.49597213567687676,
      0.5982309241693383
    ]
  ],
  "diff": [
    [
      0.0040278643231232425,
      0.0017690996725195918
    ]
  ],
  "sigma_integral": [
    0.001522279266743661,
    0.002274253031611676
  ],
  "within_band": [
    [
      false,
      true
    ]
  ],
  "toy_seed": 72,
  "weights": [
    -0.08793790622647288,
    -0.06740285025109959,
    0.0013874604166857337,
    0.10189356079331371,
    0.023665155925694438,
    -0.01812294839475412,
    0.0522525030591153,
    0.10237001012053455,
    0.1348677302946604,
    -0.025856800062453916,
    -0.005988242893760375,
    -0.0060667852369349256,
    -0.023812196645922865,
    0.03918643855729274,
    0.011083009071268086,
    -0.020670707083448436,
    -0.02780962111493255,
    -0.027215034527602096,
    -0.004073618118149566,
    0.02994250721414551,
    -0.013993200020642985,
    -0.024588590236905815,
    -0.01819708456012358,
    0.0713105602298598,
    -0.06624929160171118,
    0.01166683643895556,
    0.023424745478447275,
    0.05547617588407313,
    0.04925861141952134,
    0.12772225868605555,
    0.04197266112454467,
    0.008134853910900812,
    0.08061873323647926,
    0.05605582437577869,
    -0.04755621138796428,
    0.13132714487171576,
    0.06666994771688975,
    -0.09351836151909743,
    -0.10579881422235297,
    -0.04383716840384312,
    -0.006790693153015756,
    -0.023839633533362475,
    -0.002313108364842465,
    0.14460121844454893,
    0.101662575675304,
    -0.03933785130077123,
    0.011048712917313757,
    0.018420618466705774,
    -0.0015917478166720242,
    0.0342704579615717,
    0.051136336690946395,
    0.08267657321555129,
    0.06817745971048625,
    0.03787268218906974,
    0.043756075676263835,
    -0.131488220812971,
    -0.026974394987238182,
    0.075939036260413,
    0.06985191763151216,
    0.0013306267791383364
  ],
  "sum weights": 0.9999999379677115
}