{
  "mu_target": [
    -0.5,
    0.6000000238418579
  ],
  "mu_model": [
    [
      -0.5036190411514865,
      0.6010794257016389
    ]
  ],
  "diff": [
    [
      0.0036190411514864795,
      0.0010794018597809485
    ]
  ],
  "sigma_integral": [
    0.0015166613788171403,
    0.0022771735486928485
  ],
  "within_band": [
    [
      false,
      true
    ]
  ],
  "toy_seed": 157,
  "weights": [
    0.05722758559315085,
    0.010478192264396858,
    0.05547541892504241,
    0.027706002615075647,
    0.002720458398043583,
    0.1040470726816509,
    -0.036649447325836346,
    0.15468485928668407,
    0.05332056912317071,
    -0.17780593356444407,
    0.07799888853454692,
    -0.0024983925454911183,
    0.09007740778410378,
    -0.18036367813653298,
    0.05605429622791856,
    0.0022270434108371574,
    -0.0697797057439137,
    -0.01720643760150076,
    -0.0070311120663477285,
    -0.011771723844891922,
    -0.09088116740205011,
    0.1380737718953616,
    -0.02003879570285136,
    -0.0216116348228315,
    0.015699607436871186,
    0.03292986828980007,
    0.03339505733372809,
    -0.003386708173623806,
    -0.03114508851983176,
    0.11746271374280046,
    0.14457073597750403,
    -0.05411290331112809,
    0.1436261432257189,
    -0.0916915721323279,
    -0.004740381267698084,
    0.13479340262055273,
    0.009982784326926614,
    0.016945506336874312,
    -0.09420751555338923,
    0.046879090022685393,
    0.059113863854621834,
    -0.031068126770327126,
    0.019957853956295526,
    0.026965922963893385,
    0.07146173965439552,
    -0.08916170757516374,
    0.12626769678018587,
    0.07024908457744139,
    0.013368224003565356,
    -0.01365182316186649,
    0.023758998434754423,
    0.037415452192949734,
    0.0840522336413461,
    0.04355606265632404,
    0.09815305058364508,
    -0.07849240575495232,
    -0.004086672010010947,
    -0.04938487267042266,
    -0.04097335187462773,
    0.0210444417490703
  ],
  "sum weights": 0.9999999435698719
}