{
  "mu_target": [
    -0.5,
    0.6000000238418579
  ],
  "mu_model": [
    [
      -0.49950443427294366,
      0.6005164715627681
    ]
  ],
  "diff": [
    [
      0.0004955657270563352,
      0.0005164477209101959
    ]
  ],
  "sigma_integral": [
    0.0015210707998286885,
    0.002199041743023884
  ],
  "within_band": [
    [
      true,
      true
    ]
  ],
  "toy_seed": 146,
  "weights": [
    -0.0043901400820878815,
    -0.0370458431866375,
    0.06632228261882901,
    0.10920594022989674,
    0.047703177653868716,
    0.027643492233303608,
    0.1380055946301611,
    0.06305256886920238,
    0.05766850570613034,
    -0.07290427305482848,
    0.03019369440495432,
    -0.07572299225603636,
    -0.024667572109507832,
    0.06295837854807121,
    -0.0626786122624236,
    0.01741720512057636,
    -0.03157902039473423,
    -0.0039289317980552,
    -0.011095505571204554,
    -0.0743661845025148,
    -0.03831458763681724,
    -0.005646226576660029,
    -0.030289709046194706,
    -0.06864059383009465,
    0.03487523469879218,
    0.011329034811912803,
    0.06743596601602644,
    0.06329490351818713,
    -0.04040106448192634,
    0.04935884496373329,
    -0.10596151620694401,
    -0.25370450843702413,
    0.00035798224293156697,
    0.07018673557349796,
    -0.004805004197006528,
    -0.028704230566749284,
    0.05926553999358999,
    -0.06549582295435996,
    0.06999214107349562,
    0.08415758916512203,
    -0.049758157753359206,
    0.0334497091395445,
    0.02381204642521047,
    0.11598694849870846,
    0.06239870404357786,
    0.003424148303415447,
    0.13684765708337543,
    0.01686742168027961,
    0.0764904893481929,
    0.14969730113044571,
    0.09740996318656245,
    0.028062357192162452,
    0.02129592563751128,
    0.08290613731697848,
    0.13353353763607417,
    0.02015271950104258,
    -0.035301756120834984,
    -0.011975061677208609,
    0.015580481230234696,
    -0.010963114865637254
  ],
  "sum weights": 0.9999999298567519
}