{
  "mu_target": [
    -0.5,
    0.6000000238418579
  ],
  "mu_model": [
    [
      -0.5000573688183493,
      0.5992825531435617
    ]
  ],
  "diff": [
    [
      5.7368818349279316e-05,
      0.0007174706982961965
    ]
  ],
  "sigma_integral": [
    0.0015322444680062781,
    0.0022662192694657213
  ],
  "within_band": [
    [
      true,
      true
    ]
  ],
  "toy_seed": 270,
  "weights": [
    0.0066271524606823845,
    0.1095737674717582,
    -0.09336840415798131,
    0.04760397021375142,
    0.057753748301311005,
    -0.010375406203203994,
    0.0802035216086087,
    -0.030229983699517207,
    -0.020788765950770942,
    -0.014010803182093984,
    0.040109023862316774,
    0.011403319394155802,
    0.0181613471150744,
    0.046408361983225586,
    -0.005048729429155776,
    -0.05912857055752275,
    0.08611027730166364,
    -0.0017053190584173192,
    -0.04940532329543786,
    -0.045520439846839504,
    -0.01858453733273153,
    0.019294796565567186,
    -0.023808639303660686,
    0.08274095994658978,
    0.08412348885053286,
    -0.017357456332292232,
    0.051473907482735205,
    0.055206487458170035,
    0.10920449129633006,
    0.08203521566530413,
    0.0035323908222620977,
    -0.03938437170478916,
    -0.03339135418950796,
    0.043588957255355026,
    0.013916601420436837,
    0.06704443603616966,
    0.018373062015789716,
    0.04150918341422483,
    -0.11036781135346097,
    0.08310075175268712,
    -0.0710489246030072,
    0.0016211429327666076,
    -0.013685484945779019,
    0.10223260926647082,
    0.09502991346899449,
    0.020971696967612478,
    0.04689827038283075,
    0.08762686513772737,
    0.04154804122542112,
    -0.03918826506434551,
    0.10362993422548675,
    -0.05281538409429833,
    0.08147597133820905,
    0.015392702175730077,
    0.04794251555232755,
    -0.03868532350563884,
    0.10810564380675564,
    -0.1351670100495832,
    0.03207640373007924,
    -0.1205846776009915
  ],
  "sum weights": 0.9999999444440875
}