{
  "mu_target": [
    -0.5,
    0.6000000238418579
  ],
  "mu_model": [
    [
      -0.49933273476053835,
      0.59625130992371
    ]
  ],
  "diff": [
    [
      0.0006672652394616452,
      0.0037487139181479057
    ]
  ],
  "sigma_integral": [
    0.001535577603139077,
    0.002298063128872643
  ],
  "within_band": [
    [
      true,
      false
    ]
  ],
  "toy_seed": 250,
  "weights": [
    0.061290934140573274,
    -0.08536164582792762,
    0.09310033346879139,
    0.11901950614831155,
    0.05131324064054629,
    0.11085887599006322,
    0.1132078632793778,
    0.060264541655285934,
    0.1267573245754504,
    0.05682664447501224,
    0.02619150701093468,
    -0.02840085127214186,
    -0.03314480143541387,
    -0.09810847650989976,
    0.12099966604955122,
    0.08548677821474487,
    -0.03894831704172468,
    -0.003691201587734947,
    0.1085819681443228,
    -0.026926169124070434,
    -0.10799818618738,
    -0.02040267559229722,
    -0.11740130989911297,
    -0.08601989584645972,
    -0.08926322757335137,
    0.010697193640927118,
    -0.00800163747759866,
    0.052344892223535805,
    -0.017669321162287532,
    0.03661800622516912,
    -0.07307704898554802,
    -0.0926900847377984,
    -0.051157656635744765,
    0.10685373850860837,
    0.01330820604996516,
    0.0719670108546865,
    -0.03127910707641009,
    -0.007135494153848507,
    -0.01280614424767192,
    0.15043114456075057,
    0.006083038693365133,
    0.024004430199206096,
    0.09030899637731542,
    0.10176808030555343,
    0.13500046850424924,
    -0.028702398082667318,
    -0.001829828944944556,
    0.020014702915774438,
    -0.08915966620677193,
    0.006199031676900238,
    -0.032818203694238664,
    -0.03207718991723974,
    0.11481532124284917,
    -0.012992755530933812,
    0.0876472350271578,
    0.022191599391417866,
    0.030902396435278603,
    -0.06494384537700308,
    0.05468237556021642,
    0.022270039207529933
  ],
  "sum weights": 0.9999999512652007
}