{
  "mu_target": [
    -0.5,
    0.6000000238418579
  ],
  "mu_model": [
    [
      -0.5021380416718783,
      0.5979675890713112
    ]
  ],
  "diff": [
    [
      0.0021380416718782547,
      0.0020324347705467094
    ]
  ],
  "sigma_integral": [
    0.0015042530636551982,
    0.002242148288909235
  ],
  "within_band": [
    [
      false,
      true
    ]
  ],
  "toy_seed": 193,
  "weights": [
    -0.058763398999067434,
    0.05144285812307381,
    0.15229340534405575,
    0.08661299641652247,
    0.012914852652910435,
    -0.012141078472966223,
    0.056946150728537,
    0.06686072314135869,
    -0.04188595914898888,
    0.017004343706591662,
    0.07318860538110201,
    0.0595975117642956,
    -0.019174659905866673,
    -0.12454412529144097,
    -0.0318105770675335,
    0.07659795322074349,
    -0.08974470994418716,
    0.00443984669872486,
    -0.015019415677407744,
    0.01368213563182938,
    -0.1354490195064439,
    0.01654762923529646,
    -0.10972163866141806,
    0.0047597799161641285,
    -0.03036169320799283,
    0.04545189057563595,
    0.07394385790860074,
    -0.028397765016198912,
    0.06597918743740135,
    0.08723618280797114,
    0.08771907604125735,
    -0.12695646371936242,
    0.12635864620294904,
    -0.005485131441877601,
    0.022669315819753386,
    0.05018879663560876,
    0.026622927722283418,
    0.05198799020274378,
    -0.005277860486623003,
    -0.07160849472713594,
    -0.032276010756154334,
    0.02031812465218616,
    0.1425490644392487,
    0.11312703244770615,
    0.11003420314577939,
    -0.15360534994677982,
    0.06990850812840482,
    0.10982304395879644,
    0.04339551220620821,
    0.1659165701846656,
    -0.019956799193760182,
    0.034404329350418664,
    0.05100357683308206,
    -0.0106517252195183,
    0.05559938135190249,
    -0.13608535079937917,
    -0.046899280176439274,
    -0.024469388000079924,
    0.04283811656252362,
    0.04032170872071051
  ],
  "sum weights": 0.9999999399304211
}