{
  "mu_target": [
    -0.5,
    0.6000000238418579
  ],
  "mu_model": [
    [
      -0.49813967989809693,
      0.599145762883615
    ]
  ],
  "diff": [
    [
      0.001860320101903068,
      0.000854260958242925
    ]
  ],
  "sigma_integral": [
    0.0015184879506905575,
    0.0022839721557577765
  ],
  "within_band": [
    [
      false,
      true
    ]
  ],
  "toy_seed": 79,
  "weights": [
    0.005130069295188879,
    0.05656772295078049,
    0.11293340839139988,
    0.06309610705962611,
    -0.0014914451175586556,
    -0.11917202286127059,
    -0.010071602948049228,
    0.02677911823528912,
    0.06909908253474924,
    -0.06974659768870041,
    0.07587183903644713,
    0.028617930700411374,
    0.07427632361779102,
    -0.05218856813793141,
    -0.08627932709843654,
    -0.02621172159360552,
    0.04382993355444003,
    0.05753802529663045,
    0.060710499754491304,
    0.008516297839828912,
    -0.046300842487868706,
    0.06835804261827015,
    -0.07139257443923738,
    0.061995205551746625,
    0.045830133819379774,
    0.005713423718916098,
    -0.012935671521082766,
    -0.07735039973020329,
    0.08690429608459607,
    0.07908128896621985,
    -0.021603882840456286,
    -0.15848542867067333,
    0.012064049547303016,
    0.15239297025323376,
    0.0010843680213641343,
    0.07634997740631895,
    0.03252934257679395,
    0.055211840500582456,
    -0.049632374720794965,
    -0.03678821242083142,
    -0.04006081400268094,
    0.012455598092857487,
    0.004957300404523079,
    0.1370857636866483,
    -0.0057704024054156255,
    0.004294255100703922,
    0.07556820201511455,
    0.04367587448782065,
    0.05821350679160364,
    0.07529802883359119,
    -0.013304470470537545,
    0.016840158186298484,
    0.077127306318842,
    -0.021325542746029404,
    -0.03184892953270148,
    0.09099373830107879,
    0.039856853923071804,
    -0.07390430014317316,
    0.010370130995026117,
    0.018647061241766516
  ],
  "sum weights": 0.9999999441335067
}