{
  "mu_target": [
    -0.5,
    0.6000000238418579
  ],
  "mu_model": [
    [
      -0.5002490712433532,
      0.6032894345563959
    ]
  ],
  "diff": [
    [
      0.00024907124335316055,
      0.0032894107145380325
    ]
  ],
  "sigma_integral": [
    0.0015246656261396051,
    0.002258072567536858
  ],
  "within_band": [
    [
      true,
      false
    ]
  ],
  "toy_seed": 234,
  "weights": [
    0.010947976530615173,
    0.08969845761384847,
    0.04032440135595831,
    -0.02562858837470152,
    -0.009589379256711248,
    0.0525640619196754,
    0.029640150762723593,
    0.04745932513549001,
    -0.018934251495349216,
    -0.01039085512859566,
    -0.06651481704778056,
    0.06996718927573407,
    -0.04000946248366621,
    -0.09137414123602232,
    0.07157499752297757,
    -0.047738528360023985,
    0.09476451021267103,
    -0.026056820582674983,
    0.018590207074234637,
    -0.09477504046697537,
    0.0012490522724444273,
    -0.005438317832372619,
    0.11807673209621085,
    -0.04474484907620781,
    0.10243611695520141,
    0.028893898251901095,
    -0.007674873029434271,
    -0.03301867073427482,
    -0.08613866467836474,
    0.039582998612545224,
    0.11296611860767884,
    -0.002568096736115455,
    0.10702972633555843,
    -0.025514804154589756,
    0.037166534000705534,
    0.055690685755329976,
    0.03651959343251156,
    -0.005810957761479269,
    -0.05086514807075421,
    -0.0031727901747442724,
    -0.0566520411537038,
    -0.015435915372534897,
    0.11547527042778206,
    0.027216030643647592,
    0.12756932811426755,
    0.029769279364500568,
    0.11305898701314544,
    0.06550112687594528,
    -0.03849725699615706,
    -0.007825998184819714,
    0.11458101763592164,
    -0.02971412270411092,
    0.0557890431802402,
    -0.04161289903410207,
    -0.04497658071710744,
    0.0005610784254308445,
    9.413073585049791e-05,
    0.015170494158304869,
    0.012691029965388755,
    0.08805425946320118
  ],
  "sum weights": 0.999999938884268
}