{
  "mu_target": [
    -0.5,
    0.6000000238418579
  ],
  "mu_model": [
    [
      -0.49948530448815837,
      0.6047353924414421
    ]
  ],
  "diff": [
    [
      0.0005146955118416341,
      0.004735368599584233
    ]
  ],
  "sigma_integral": [
    0.0015236984994958307,
    0.0022703829767843796
  ],
  "within_band": [
    [
      true,
      false
    ]
  ],
  "toy_seed": 220,
  "weights": [
    -0.031888542665682036,
    -0.1034038269165966,
    0.026523994987171683,
    0.013367052644176284,
    0.004164126602822243,
    0.04630465765811472,
    -0.0008301336994221444,
    0.09786116726295999,
    0.0574325135418804,
    -0.06058238414869754,
    0.10295145355835239,
    0.04941023461551505,
    0.11900745497821057,
    -0.0659258121758245,
    -0.024833995693213772,
    0.0011975304595004121,
    0.07251148657996055,
    0.0570298089207489,
    0.13868865704856215,
    -0.036705029863344715,
    -0.00640750182575313,
    -0.04327010919215885,
    0.054211370621059234,
    0.03895479532173127,
    0.02067389471426162,
    0.11012160105545686,
    -0.041514754590799376,
    -0.019337925035338162,
    -0.08053792100440489,
    0.13153295838917675,
    -0.008861861538192024,
    -0.02416847476179758,
    0.1680100586580456,
    -0.016667318459791955,
    -0.0819367015870829,
    -0.08108184668817103,
    0.11685022359228478,
    0.01955528276584884,
    -0.0025072763191362687,
    -0.014240009034724499,
    -0.049388748830484344,
    0.0019150600986020314,
    0.002092881920390061,
    0.00818801990042912,
    0.2201611038138182,
    0.026776849951095912,
    0.1084704672745964,
    0.04973869228544955,
    -0.026522584453407192,
    -0.04624207797543376,
    -0.1230045078044701,
    0.008495437126292117,
    0.10652497662590056,
    -0.08308213865846313,
    0.0543385639467957,
    0.07439942012286939,
    0.06340854904234126,
    -0.14993278855705572,
    0.04703946052973663,
    0.00496441233221982
  ],
  "sum weights": 0.9999999474669308
}