{
  "mu_target": [
    -0.5,
    0.6000000238418579
  ],
  "mu_model": [
    [
      -0.501513720335662,
      0.6017732878093904
    ]
  ],
  "diff": [
    [
      0.0015137203356619944,
      0.0017732639675325235
    ]
  ],
  "sigma_integral": [
    0.0015137851388927052,
    0.002246103894501585
  ],
  "within_band": [
    [
      true,
      true
    ]
  ],
  "toy_seed": 200,
  "weights": [
    -0.06564249927983577,
    -0.0627312364136974,
    0.158974322756248,
    0.13439555643254014,
    -0.06638698959751617,
    0.08629307880796148,
    0.030102710671206734,
    0.05235094111877966,
    0.03481220946241676,
    0.0062339178256154365,
    0.09172663412039636,
    0.00667882299857031,
    -0.08556835387694724,
    -0.17918227390962085,
    0.011510822542869358,
    0.03776641684670297,
    -0.0041850073673127515,
    -0.024831957815286604,
    0.08516960351837145,
    0.03933510048894983,
    0.04227725988998043,
    0.018444764066876326,
    0.03892497484035896,
    -0.06080168032125634,
    0.017425622246001363,
    0.04337429343246051,
    0.1070297848848253,
    0.10961087956494228,
    0.024669352248964455,
    0.06977695191934699,
    -0.025078145981794867,
    -0.10161824734691328,
    0.14440966661007285,
    0.021205823833943746,
    -0.00585475356396339,
    -0.0057684854539312635,
    0.01757316545712179,
    -0.03309073075404001,
    -0.05832719822356343,
    0.07660935753049036,
    0.026348968385686924,
    -0.01037880858533325,
    0.08779745835806993,
    0.16427909984986425,
    0.10131054929564338,
    -0.012175468676351697,
    0.007866428930842684,
    0.0030819915786622068,
    -0.03751706446123407,
    0.04401750236667772,
    -0.054818451583686485,
    0.009334409651480028,
    0.029192447974279532,
    0.0005972806932211262,
    0.09482554989298903,
    -0.10233268630534058,
    0.027429799695019397,
    -0.017596341445313544,
    -0.04402207506358262,
    -0.04485512357853276
  ],
  "sum weights": 0.9999999411833957
}