{
  "mu_target": [
    -0.5,
    0.6000000238418579
  ],
  "mu_model": [
    [
      -0.5011963046405176,
      0.6020910304021768
    ]
  ],
  "diff": [
    [
      0.0011963046405175648,
      0.0020910065603189087
    ]
  ],
  "sigma_integral": [
    0.001504535707255695,
    0.002252468941572417
  ],
  "within_band": [
    [
      true,
      true
    ]
  ],
  "toy_seed": 298,
  "weights": [
    -0.01629136133663972,
    0.16379255970757486,
    0.18825137177151302,
    0.08091108410179383,
    0.03868641172837875,
    0.024097145242109746,
    0.01931584086211241,
    0.03391261418225639,
    -0.009700964564613787,
    -0.050111531535101186,
    -0.03532982875417424,
    -0.010698253195674053,
    0.09683295457029406,
    -0.10352416326098461,
    -0.012124517861085945,
    -0.051638314630663734,
    -0.15962289199411053,
    -0.008738291475985996,
    -0.009460507417099842,
    -0.07731655371854242,
    -0.10719164191073284,
    0.1303519325894237,
    -0.057928674444827,
    0.13513202380356082,
    0.03284643985416962,
    0.06002468874190244,
    0.03938559037971723,
    0.10632794546059354,
    -0.13597014967415857,
    0.07200346234918384,
    -0.06433142998873999,
    0.08162837395202151,
    0.06261167460172253,
    -0.03213177488412183,
    0.06112076074355056,
    0.0010740174243815156,
    0.1580862645696643,
    -0.11946004152401496,
    -0.04884781760570012,
    -0.003062230409185264,
    -0.0007302491136131245,
    0.031864502186713654,
    0.02385486909061196,
    0.09894529986870867,
    0.08277295368664309,
    -0.06556758942438254,
    0.10383801920169444,
    0.14347651212896714,
    0.07141139790679696,
    0.06952885959120637,
    -0.018573867158734783,
    0.02894955177232096,
    0.056244503077460935,
    -0.032989446562958526,
    0.09266679635944088,
    -0.049357547839886884,
    -0.04693935539736138,
    0.04288348634298435,
    -0.008806575870730696,
    -0.09638439648288098
  ],
  "sum weights": 0.9999999398127686
}