{
  "mu_target": [
    -0.5,
    0.6000000238418579
  ],
  "mu_model": [
    [
      -0.5022954415504658,
      0.5983199558490263
    ]
  ],
  "diff": [
    [
      0.0022954415504657932,
      0.001680067992831602
    ]
  ],
  "sigma_integral": [
    0.0015140515662416868,
    0.002236979268857262
  ],
  "within_band": [
    [
      false,
      true
    ]
  ],
  "toy_seed": 164,
  "weights": [
    0.09371319411550877,
    0.04349547959765021,
    0.06057670800286946,
    0.063845384393622,
    0.029957216422254965,
    0.06744100239318819,
    0.11769785289875011,
    0.10817738825187381,
    -0.07232074890900692,
    0.09174830738698213,
    0.06256438095210867,
    0.03588795789265596,
    0.05496437808714426,
    -0.057840471385639136,
    -0.037478179418746004,
    -0.04429041975585476,
    0.030737920684904947,
    -0.03893245844560204,
    -0.03635835190416247,
    -0.011296148148560206,
    -0.026958056560425266,
    0.001575870897345902,
    -0.008786695855152429,
    -0.023671220690102995,
    -0.007942429573026306,
    0.08158378309488189,
    -0.07764695389975235,
    0.003536384883795687,
    -0.057307347891882264,
    0.0020568748847127408,
    0.011902886184200955,
    -0.011333842073761934,
    0.07866008444073924,
    0.029567445237107137,
    -0.00779104930673205,
    0.047993054304240966,
    0.08215628370737402,
    -0.05941897832686061,
    -0.05961379723383799,
    -0.019813715456174275,
    -0.026582552331056712,
    -0.01657160817555582,
    0.07117735568440746,
    0.13724046770571258,
    0.020003532467581617,
    -0.10737848391417634,
    0.016251651103050904,
    -0.04616316475268173,
    0.01629911425057201,
    0.0779924968539461,
    0.07901061232195207,
    -0.03765863029427888,
    0.05049572823710149,
    0.047126125267553796,
    0.06011560153717866,
    -0.0480622296169697,
    0.09696248445269243,
    -0.03211500669452059,
    0.08395713467062206,
    0.016860343213413544
  ],
  "sum weights": 0.9999999458651769
}