{
  "mu_target": [
    -0.5,
    0.6000000238418579
  ],
  "mu_model": [
    [
      -0.5005535225677935,
      0.5988226011198307
    ]
  ],
  "diff": [
    [
      0.0005535225677935074,
      0.0011774227220272548
    ]
  ],
  "sigma_integral": [
    0.0014988743109968343,
    0.002243301277755358
  ],
  "within_band": [
    [
      true,
      true
    ]
  ],
  "toy_seed": 53,
  "weights": [
    -0.03951519161923198,
    0.05618312066081841,
    -0.02430901774953197,
    0.15453006990324356,
    0.045390453199595365,
    0.06960215150379959,
    -0.0027866391520788955,
    -0.10957876699921267,
    -0.07148064900511392,
    -0.11255560528270078,
    0.12703352584011976,
    -0.05129999314769159,
    0.0996847654528696,
    0.0035755280926333304,
    0.020667610091878175,
    0.03708105259482747,
    0.05756614884879165,
    -0.03818079147841312,
    -0.04236870265172218,
    0.009400137908152277,
    -0.05677710627362632,
    0.015755588053069935,
    -0.09413484059749586,
    -0.033664947104398144,
    0.02538187302817195,
    0.04892079920701117,
    0.16092428637536266,
    0.06743362269767046,
    0.014915412269927032,
    0.10659193253829663,
    0.04397505987108854,
    -0.08071768277654966,
    0.04550615618088049,
    -0.021717534159818405,
    0.001195442570144387,
    0.04810079580119865,
    0.1240950527155531,
    0.08715049776258678,
    -0.027944595412045938,
    0.08869371311835486,
    -0.09368442406848274,
    0.07115071343871945,
    0.03987667854723528,
    0.19056334296216632,
    -0.07372830309036499,
    -0.019733692268483788,
    -0.047208019846882,
    0.09858080669797813,
    0.053023627804820776,
    -0.035699624096853545,
    0.062492002767488834,
    -0.0076464963434098145,
    0.03225113281645414,
    0.03339145863907151,
    0.041367060374211485,
    -0.10978361035940305,
    0.01158699301047879,
    0.009142307757297552,
    -0.032730012653731454,
    0.024465269049663344
  ],
  "sum weights": 0.9999999440143885
}