{
  "mu_target": [
    -0.5,
    0.6000000238418579
  ],
  "mu_model": [
    [
      -0.501010753333848,
      0.5996062742002343
    ]
  ],
  "diff": [
    [
      0.0010107533338480357,
      0.0003937496416236419
    ]
  ],
  "sigma_integral": [
    0.0015335691890605843,
    0.002279443013544636
  ],
  "within_band": [
    [
      true,
      true
    ]
  ],
  "toy_seed": 256,
  "weights": [
    0.03697307459026251,
    0.060944622476128474,
    -0.027219418466084278,
    0.05043688332344811,
    0.0061697551698883125,
    0.04439663256005521,
    0.06323278352382355,
    -0.06618575329593034,
    0.024878052587508994,
    0.06535877379930181,
    0.04867130322942425,
    0.0718108349257444,
    0.0020297520197860137,
    -0.15385121702137453,
    0.03765141827305504,
    -0.0005915976779588746,
    0.04075857088312599,
    0.007875122754749048,
    0.07137676266478281,
    -0.015250951086323026,
    -0.00813716446057076,
    0.01749418077185248,
    -0.061706353100614834,
    -0.007759430285446036,
    -0.02329380534274677,
    0.04567617489553388,
    -0.05807900385812169,
    0.047271246461899175,
    -0.02518430946973055,
    0.08670671364941017,
    0.09441236758354864,
    -0.07041574557297575,
    0.11341312717706048,
    -0.014884123989631924,
    0.1189363760582763,
    0.044913250228682706,
    0.02682088010348709,
    0.015167819542871186,
    -0.09748564519909388,
    -0.014423561289072576,
    0.007604931316113506,
    0.024367133698435017,
    0.05225386976605131,
    -0.015136429422051264,
    0.18927072002619216,
    0.04487579418933163,
    -0.09073567347981512,
    0.05255403716759303,
    0.056802517612421055,
    0.10218273964849457,
    0.08774254010807961,
    -0.08889624106224887,
    0.043901828185492674,
    -0.017077265029039227,
    0.049498349898121255,
    0.023304845458217333,
    -0.034686558916029175,
    -0.006989591018544577,
    -0.005430914356985942,
    -0.07431509414098007
  ],
  "sum weights": 0.9999999387868798
}