{
  "mu_target": [
    -0.5,
    0.6000000238418579
  ],
  "mu_model": [
    [
      -0.4995937335895779,
      0.6011846276100158
    ]
  ],
  "diff": [
    [
      0.0004062664104220737,
      0.001184603768157877
    ]
  ],
  "sigma_integral": [
    0.0014992980080409445,
    0.0023026924926114163
  ],
  "within_band": [
    [
      true,
      true
    ]
  ],
  "toy_seed": 89,
  "weights": [
    0.050857992578567365,
    -0.05087804512978492,
    0.059080303800304386,
    0.06635124516654581,
    0.044567281341686166,
    0.019917470127313708,
    0.09947309837531501,
    -0.04108858649970848,
    0.060709332855239766,
    0.09846065729302428,
    0.01661245086579018,
    0.029794379298271802,
    0.02950754906273059,
    -0.014404674763131602,
    0.09383982877448949,
    0.04714603392589452,
    -0.09819313548898179,
    0.014665799278088705,
    -0.039113362502615705,
    -0.03999396625873355,
    -0.031000450071346195,
    0.0006716753634979884,
    0.06930915319565017,
    0.06464339712085922,
    0.01075680545702567,
    0.07719861666643912,
    -0.05675224333141982,
    0.027640012454458514,
    -0.05199003189789958,
    0.0998075772176665,
    -0.08090586192731206,
    0.018846953371430355,
    0.061880383537473924,
    -0.08070746208848874,
    0.14387589102559006,
    0.023666984099098457,
    0.07979039217635069,
    -0.057969756643106315,
    -0.08472046139515622,
    0.09089189751193684,
    0.09310330475053619,
    -0.041787993478022874,
    0.040605745388997506,
    0.04492882595504551,
    -0.009291909213454883,
    -0.03478260898133213,
    -0.028704421578859253,
    -0.020078273212795303,
    0.06814681611766443,
    0.0608170768429016,
    -0.01672988361492755,
    0.03051256464016679,
    -0.013234424506586084,
    -0.11182246033810712,
    0.19006256631622687,
    0.006498937441676858,
    0.0425056729530763,
    -0.015287008342928548,
    -0.06654437139373148,
    0.008836665273558688
  ],
  "sum weights": 0.9999999449621597
}