{
  "mu_target": [
    -0.5,
    0.6000000238418579
  ],
  "mu_model": [
    [
      -0.49982736788963456,
      0.6016604747127403
    ]
  ],
  "diff": [
    [
      0.0001726321103654449,
      0.0016604508708824017
    ]
  ],
  "sigma_integral": [
    0.0015141712555575878,
    0.002281678525358053
  ],
  "within_band": [
    [
      true,
      true
    ]
  ],
  "toy_seed": 128,
  "weights": [
    -0.006245329123894561,
    0.1214948518970341,
    0.2876330639320217,
    0.004512179962922278,
    0.05336514234727851,
    0.06854392890711912,
    -0.02146299221381893,
    0.06919110008218635,
    0.08834181282249338,
    -0.030014979164715697,
    -0.035999093848920395,
    0.007465092156555343,
    0.030538339776168964,
    0.013219723235129453,
    -0.013540502332472558,
    0.021951888304075247,
    -0.0752985706557736,
    0.0908072572779873,
    0.15336893908631746,
    0.07904820514586065,
    -0.10170759361577825,
    0.012982254147024851,
    -0.026826937487632953,
    -0.08395313825303827,
    -0.008653335108770758,
    -0.04359022335544716,
    0.019865275484342214,
    0.03792600998834067,
    -0.10224359028920707,
    0.05366282589515871,
    -0.10229399506596232,
    -0.06939148902131699,
    0.040118935119105394,
    0.047426053925501435,
    -0.027378904900380373,
    0.08795465630246391,
    0.033534090661209465,
    -0.048388938116664296,
    -0.10460343592485696,
    -0.007805231080062492,
    0.10261208877240237,
    0.06649993686333544,
    -0.028283623869668525,
    0.03126757872553522,
    -0.07992637865075615,
    0.08714972097733144,
    0.10232473491541035,
    -0.08863759167881437,
    -0.0027371110485063925,
    0.04435407473351126,
    0.0714784116555989,
    0.05995887593169751,
    -0.053199440795643024,
    -0.010400129821736145,
    0.012796600440637304,
    -0.07368730787454582,
    0.052230045222059394,
    0.01840839082103941,
    0.07889352959766421,
    0.09534418726919405
  ],
  "sum weights": 0.9999999390833293
}