{
  "mu_target": [
    -0.5,
    0.6000000238418579
  ],
  "mu_model": [
    [
      -0.4982892380610338,
      0.5995035482746909
    ]
  ],
  "diff": [
    [
      0.0017107619389661877,
      0.0004964755671670318
    ]
  ],
  "sigma_integral": [
    0.0015293250364664405,
    0.002295127634850541
  ],
  "within_band": [
    [
      false,
      true
    ]
  ],
  "toy_seed": 217,
  "weights": [
    -0.03238109253772728,
    -0.07869064423773388,
    0.11066909466997592,
    0.07601176079587588,
    0.006096863199159593,
    0.14212937584591448,
    0.05179567426160145,
    -0.007326525033970807,
    0.01686310859075419,
    0.0033556473679967804,
    -0.017683875184869732,
    0.0444447753131909,
    0.0811387337487299,
    -0.17947370767967144,
    0.08772969914160822,
    -0.0619209701773301,
    0.07518740621604328,
    -0.1507236883505231,
    0.06214565516369442,
    0.004272012112190152,
    -0.0242968196582112,
    0.050319405550707276,
    0.002247673757948403,
    -0.028056570468068715,
    -0.04076776361765256,
    0.10390966614490434,
    0.023446414502860956,
    0.017985079588484658,
    0.02586221565939098,
    0.07887621400885195,
    0.10802485883953532,
    -0.03257287356572028,
    -0.016317252432326956,
    -0.0625545107053213,
    0.033283380983289174,
    0.061413293053070625,
    -0.10452047705402534,
    0.021619350311876947,
    -0.11012824348228181,
    0.03957464518640675,
    0.009931636273355228,
    -0.02679835402710346,
    0.1786531812511635,
    0.21919044008277427,
    0.12902549869315197,
    -0.07057928801008971,
    0.02507636033564989,
    0.013928581423239416,
    0.10184924207049435,
    0.007730694342677066,
    -0.013737961022923352,
    0.05102920194073039,
    0.04858616073794383,
    -0.0384520164577491,
    0.03547085274121097,
    -0.15298088921413888,
    0.061907890235338534,
    -0.034627701248148485,
    -0.043304608358877346,
    0.11711401288634742
  ],
  "sum weights": 0.9999999245036745
}