{
  "mu_target": [
    -0.5,
    0.6000000238418579
  ],
  "mu_model": [
    [
      -0.50182636100682,
      0.5964949187475908
    ]
  ],
  "diff": [
    [
      0.0018263610068199876,
      0.003505105094267158
    ]
  ],
  "sigma_integral": [
    0.0014936168254389556,
    0.002271123738641059
  ],
  "within_band": [
    [
      false,
      false
    ]
  ],
  "toy_seed": 205,
  "weights": [
    0.06251200783997138,
    0.09807211881830573,
    -0.026320759141944438,
    -0.09626566399016562,
    -0.07383690695403439,
    -0.02529063058602127,
    0.04286603727437012,
    -0.011179409693150674,
    -0.12854613371982435,
    -0.08218843756983686,
    0.03076124992048126,
    -0.04808481099799345,
    0.03132418182334183,
    -0.0024878507582664785,
    0.017492994406003926,
    -0.02792012572412609,
    -0.02018522047204966,
    0.029117238121626417,
    -0.06620929858463401,
    -0.0548763018491244,
    0.029510958712333592,
    0.0032347818648119967,
    0.1068519196732189,
    0.1365352194414229,
    0.02887923641510373,
    0.09559774376776897,
    0.05475548429885446,
    0.024748254349679633,
    0.00590462000938445,
    -0.020707284809226942,
    -0.04381998001485056,
    0.013693498272720123,
    0.015862991442329666,
    0.020470228555472064,
    0.031442139540198304,
    -0.013584254347306505,
    0.10945244982944365,
    0.08712515340131928,
    -0.21848476400432323,
    0.08068887609426409,
    0.0807483614294174,
    -0.019654633038962227,
    0.14573127369664463,
    0.07020340346432868,
    0.05088640634702989,
    -0.058715904708574275,
    0.12104586167073572,
    -0.10234291794505879,
    0.02835918583549175,
    -0.07845084975945876,
    0.07170744236999183,
    0.048468417750919895,
    0.02425485730992396,
    0.13669214935234597,
    0.12092300795338706,
    -0.03716770420240664,
    0.01359560149058955,
    0.1066744175820793,
    0.05448988774797659,
    0.025640127059011763
  ],
  "sum weights": 0.9999999420609609
}