{
  "mu_target": [
    -0.5,
    0.6000000238418579
  ],
  "mu_model": [
    [
      -0.4976042888156553,
      0.6019960664677572
    ]
  ],
  "diff": [
    [
      0.0023957111843446732,
      0.0019960426258992525
    ]
  ],
  "sigma_integral": [
    0.0015104879258821967,
    0.002270491534301301
  ],
  "within_band": [
    [
      false,
      true
    ]
  ],
  "toy_seed": 99,
  "weights": [
    -0.12646706860970353,
    -0.00928087966967451,
    0.011420364268237986,
    -0.03712812874227855,
    0.012077900897748118,
    0.044989116532530495,
    0.050649492297077006,
    -0.04584112356752303,
    -0.010412676323574392,
    -0.0008506330512270624,
    0.1286061629335244,
    0.055796217839929316,
    -0.08289119392719217,
    0.010657373417863837,
    -0.027870644289434022,
    -0.06952384393575659,
    -0.055293519384824,
    -0.04142550687562961,
    0.0038825788502942957,
    -0.03971801444274899,
    -0.0016175469558873316,
    0.04999389426045636,
    0.029254271010240095,
    0.03630114363171789,
    -0.0013728933723080475,
    0.14090060258723427,
    0.038386805766695724,
    0.04509303426643663,
    0.06232956013239482,
    0.06085038668862204,
    0.06116942451932816,
    -0.15457280021897743,
    0.050765050489561245,
    0.027075297771415176,
    0.12363620274579507,
    -0.002696613574632352,
    0.07032574804132634,
    -0.01507198622772976,
    -0.06730990929392949,
    0.024673823581372708,
    -0.12144416812814604,
    -0.10893752078215305,
    0.17037063144162765,
    0.14403262218738383,
    0.13799514883872455,
    0.013623222547564384,
    -0.010381980077520976,
    0.07552069748893232,
    0.020643360730318184,
    0.1002011311807423,
    0.13410471426015105,
    0.07493784048158258,
    -0.002759059607383777,
    0.05069430751842534,
    -0.0011175209044395908,
    -0.16598067520649978,
    0.05819005368648213,
    -0.03463263114259703,
    0.10330613801480407,
    0.012144157862001155
  ],
  "sum weights": 0.9999999404567703
}