{
  "mu_target": [
    -0.5,
    0.6000000238418579
  ],
  "mu_model": [
    [
      -0.5026093414207798,
      0.6020392243957505
    ]
  ],
  "diff": [
    [
      0.0026093414207798427,
      0.0020392005538926172
    ]
  ],
  "sigma_integral": [
    0.0015338615432351516,
    0.002272778336624138
  ],
  "within_band": [
    [
      false,
      true
    ]
  ],
  "toy_seed": 204,
  "weights": [
    0.10883489257453928,
    0.016758132983379914,
    0.03397114543256023,
    0.09680346519620152,
    -0.05765774639933469,
    0.12153202706389225,
    0.10007323126077376,
    0.08704506007872741,
    0.06536613585080579,
    0.04883204853211624,
    0.05455873263348478,
    0.06669357248646775,
    0.02277676326029974,
    -0.08099480901305138,
    -0.06588560692377751,
    -0.005933588747322898,
    -0.11012022361803421,
    -0.0450399222023892,
    -0.02979940017525497,
    -0.0722114162673036,
    -0.00617761059466514,
    0.020323201174624148,
    0.04074264261449621,
    0.012273630461958106,
    -0.09501279151409693,
    0.10912735033168089,
    -0.016678426934763516,
    0.01824376521398835,
    -0.03907032527389084,
    0.15840369958160372,
    0.0608264086471488,
    0.04985506004125109,
    0.060153439749485664,
    0.0052088512538512955,
    0.07871130517542121,
    0.08939642152252819,
    -0.023518221426432995,
    -0.14354514675755028,
    -0.10971019269044785,
    -0.017884710072335025,
    0.10436063091311418,
    -0.02323545592893308,
    0.04295432528116578,
    -0.07971142012815413,
    0.16245040211270148,
    0.043272335425481964,
    0.06438713720567006,
    0.09887371951917731,
    -0.007881752752714055,
    0.11805129846876655,
    -0.04232273291384611,
    -0.048628865331556394,
    0.09014655144766065,
    -0.012451616735034388,
    0.06771051853035279,
    -0.14784707653934478,
    -0.07118982174836345,
    0.07906950284742344,
    -0.05079068318773959,
    0.005512107132000792
  ],
  "sum weights": 0.9999999481284643
}