{
  "mu_target": [
    -0.5,
    0.6000000238418579
  ],
  "mu_model": [
    [
      -0.5022088807861634,
      0.6037778657388313
    ]
  ],
  "diff": [
    [
      0.0022088807861634363,
      0.0037778418969733885
    ]
  ],
  "sigma_integral": [
    0.0015229979466870722,
    0.002274494583006933
  ],
  "within_band": [
    [
      false,
      false
    ]
  ],
  "toy_seed": 226,
  "weights": [
    -0.08949103687144339,
    0.00959231439997859,
    0.05798434588022245,
    0.0989229759127942,
    -0.04801695678207223,
    -0.02996656813486168,
    -0.033555731973028344,
    0.006143943875751859,
    -0.007200236961542123,
    0.0893226344805892,
    -0.014238644369176965,
    0.0485480177865737,
    0.0064058621277416974,
    0.026006571054277772,
    -0.06590008132071616,
    0.06257203995232788,
    0.05201177206429443,
    0.03432000320393655,
    0.06086141306235972,
    -0.06615252758611843,
    0.018969166967198872,
    0.01520732899635538,
    0.06724527942257459,
    -0.1444170982388589,
    0.11960403986468761,
    -0.09095048198767527,
    -0.0749453121705839,
    0.02870615604787223,
    0.01887171405311461,
    0.06873685367746712,
    -0.03663654638092921,
    -0.04897489494609624,
    0.09616742509950825,
    -0.041454902758087664,
    0.04337968748898039,
    -0.09528704784339494,
    0.05953006480702891,
    0.06046180875669905,
    -0.034457946107920724,
    0.0006732572659795887,
    -0.0958144850722688,
    -0.016884240970075796,
    0.10286886135552768,
    0.18229075988412538,
    0.14014747007042497,
    -0.047274814047271164,
    0.10204036066869382,
    0.02892768642506506,
    0.024648428196921715,
    0.031551922923731164,
    0.07892101978462357,
    0.14965176712173578,
    0.03360862600826028,
    0.029535963314382203,
    0.1466433645900877,
    -0.15878475981775728,
    0.004801782873404766,
    0.06870248672292283,
    -0.02845381697459108,
    -0.005727098619180168
  ],
  "sum weights": 0.9999999462545711
}