{
  "mu_target": [
    -0.5,
    0.6000000238418579
  ],
  "mu_model": [
    [
      -0.49962442834880516,
      0.5989838044934509
    ]
  ],
  "diff": [
    [
      0.00037557165119483926,
      0.0010162193484070103
    ]
  ],
  "sigma_integral": [
    0.0015122691806036005,
    0.0023156941065177804
  ],
  "within_band": [
    [
      true,
      true
    ]
  ],
  "toy_seed": 50,
  "weights": [
    0.01238053497875785,
    -0.015419412475408619,
    0.044048387778007424,
    -0.0033858771764239447,
    0.04985655486810924,
    0.2012101632662323,
    0.027450905249986488,
    0.11113970348844945,
    -0.07565648903420527,
    -0.0034820636917534,
    0.14850050368971077,
    -0.10490335959272322,
    -0.030478216744341154,
    -0.06716001157432584,
    -0.0614550776794327,
    0.03136558630473965,
    -0.05896149973496692,
    0.033514978377515624,
    -0.03143394330051443,
    -0.06134370613904004,
    0.04448736553665197,
    -0.0169262195159786,
    0.06674053873219675,
    0.008934749191130721,
    -0.033671498247149205,
    0.04110650221896332,
    0.04376026733233347,
    0.016261026177167924,
    -0.043508879898146426,
    0.09915835565123637,
    -0.011261505695443853,
    -0.07993946597361187,
    0.03402559061093113,
    0.06917626537895852,
    0.029411048839718786,
    -0.0472113068001209,
    0.10297528622512987,
    -0.045016038823918476,
    0.02983931972364664,
    0.03492163089049623,
    -0.013816969812259609,
    -0.0027627318115327265,
    -0.006322499832093432,
    0.2158384221919243,
    0.08192104058963819,
    -0.05726331626316326,
    -0.07511809043722308,
    0.054426474648799274,
    -0.021029137532733493,
    -0.0021873799859193385,
    0.06259443324395275,
    0.03930038585607464,
    0.0495988336550584,
    0.09342403614883031,
    0.07397805333825869,
    -0.04859316170379623,
    0.08255676118174023,
    0.09818482160519464,
    -0.06040667278451338,
    -0.05337406158953806
  ],
  "sum weights": 0.9999999331192645
}