{
  "mu_target": [
    -0.5,
    0.6000000238418579
  ],
  "mu_model": [
    [
      -0.5007113399067513,
      0.5975444804105147
    ]
  ],
  "diff": [
    [
      0.0007113399067513182,
      0.0024555434313432434
    ]
  ],
  "sigma_integral": [
    0.0015225983443080296,
    0.0022754279604141254
  ],
  "within_band": [
    [
      true,
      false
    ]
  ],
  "toy_seed": 209,
  "weights": [
    0.0028818923312811783,
    -0.03475951892941646,
    0.0778629740887693,
    -0.06068024066287778,
    0.08957119042691901,
    0.07587885587516753,
    0.015553771603572172,
    0.03389182883411226,
    -0.0541835296845035,
    0.028922777212812043,
    0.11071670045436269,
    0.009890855651923195,
    0.11388463950373288,
    -0.06970097113320059,
    -0.05054974497945448,
    0.10429544918167614,
    -0.0033551135997352583,
    0.12268626749840454,
    -0.05445721501478701,
    -0.13546784301014062,
    0.03226265686124972,
    0.037716465583257676,
    -0.02778576776178819,
    -0.07671018424812866,
    -0.13025443164814926,
    0.11698952474338026,
    0.06514334740042282,
    -0.06225093603402085,
    0.028964507408636937,
    0.018976725158523052,
    0.08721992094456693,
    -0.043757085028881655,
    0.04177065604063671,
    0.11837633203445637,
    0.058285697287278726,
    0.0068982172943902655,
    -0.005727003428218771,
    0.09921957312928736,
    0.10557223750339537,
    0.06177030379177503,
    -0.017392413568127478,
    -0.0580877320723004,
    0.01785011708241833,
    -0.02617578904273382,
    -0.0874738220949081,
    0.04080883813541757,
    0.023717277810305054,
    -0.02948436888710158,
    -0.005922166753308317,
    0.10008766385672414,
    -0.00353100578943678,
    -0.034321576451393346,
    0.0057172071661669085,
    0.1639959173607212,
    0.05174122557129293,
    -0.10847989388883303,
    0.03603328590490176,
    -0.0023683408108533402,
    0.0304444281004752,
    0.047277312974838816
  ],
  "sum weights": 0.999999947284953
}