{
  "mu_target": [
    -0.5,
    0.6000000238418579
  ],
  "mu_model": [
    [
      -0.5001730496288156,
      0.6022906401935133
    ]
  ],
  "diff": [
    [
      0.00017304962881559138,
      0.0022906163516553946
    ]
  ],
  "sigma_integral": [
    0.0015329259677217824,
    0.0022930613561849608
  ],
  "within_band": [
    [
      true,
      true
    ]
  ],
  "toy_seed": 93,
  "weights": [
    -0.023617834829767405,
    0.057875689451909414,
    0.093564087917776,
    -0.015349417194611852,
    0.0013703937863792314,
    0.051906911575426685,
    -0.07752173413616954,
    0.027945330629816873,
    0.050998660603588084,
    0.10134045216104713,
    -0.006927991101394332,
    0.07389273510894598,
    0.013192766989722623,
    0.02502165893629593,
    0.025069963104015214,
    0.001242685023026306,
    -0.1220765660329992,
    -0.017253105929660742,
    0.0822332481793503,
    0.018064964936214876,
    0.04674347503277542,
    0.11657787307865858,
    0.02012526282988624,
    0.04260800276582031,
    0.045784684359059045,
    0.08915153052219002,
    0.14900281694615128,
    0.10152921148784512,
    -0.11216216278673864,
    0.1004620850207557,
    0.010612518161702665,
    -0.13565663073296597,
    0.017434626054942236,
    -0.017611682972416963,
    0.05881418676310423,
    -0.1419783123295266,
    0.19080131233774955,
    0.06092914693451028,
    -0.005865472169522522,
    -0.10785771013517119,
    0.0066766774710936535,
    -0.11511424678286818,
    0.1135306031852874,
    0.2090786562167187,
    -0.002663758846249223,
    0.016999905535551373,
    -0.022301339066879904,
    -0.10886417009998352,
    0.09708723457347355,
    0.02582824455212187,
    0.12121976730170965,
    -0.02868403995583548,
    -0.07994660305395687,
    -0.054880460838055846,
    -0.11707301076220046,
    -0.005734771866582865,
    -0.02399597997144486,
    -0.09040955211804373,
    0.07234311201588867,
    0.09648602337664876
  ],
  "sum weights": 0.999999951214113
}