{
  "mu_target": [
    -0.5,
    0.6000000238418579
  ],
  "mu_model": [
    [
      -0.5028088682564111,
      0.6035545683792222
    ]
  ],
  "diff": [
    [
      0.0028088682564111345,
      0.003554544537364257
    ]
  ],
  "sigma_integral": [
    0.0015065265535267405,
    0.002270480743018409
  ],
  "within_band": [
    [
      false,
      false
    ]
  ],
  "toy_seed": 129,
  "weights": [
    0.0341693542276526,
    0.06208368402019944,
    0.0816009591373732,
    0.1344019740563215,
    0.06113722937783597,
    0.0220435181111091,
    0.04310291983258008,
    0.07949938310569171,
    0.13242555103243545,
    0.03138671382738186,
    0.10930813794935956,
    -0.021270093932164003,
    0.0867439141063314,
    0.037269283939351895,
    0.02202149025676109,
    -0.04544376889045586,
    -0.07416723820846921,
    -0.0922181758715803,
    -0.011635200173104673,
    -0.005929018499369128,
    -0.06842020372482843,
    0.007080343374372101,
    0.02864792405791247,
    -0.07426663706760077,
    0.0503278358006754,
    0.027849597949144725,
    0.03136240502254888,
    -0.03711529397670806,
    0.06467492545676952,
    -0.038158960333048386,
    0.008253951156124196,
    -0.05161587710975405,
    0.11031423392200589,
    0.032664128901577945,
    0.009175655162946472,
    0.01178185190918659,
    -0.015499506254592604,
    0.02513330278576783,
    -0.07609884749264316,
    0.022804415157896576,
    -0.03977085430025583,
    -0.005562929995015243,
    0.08764981961513757,
    0.10887936630592135,
    0.10554335253132291,
    -0.06041821595890931,
    0.12496984497152676,
    0.1190906642063044,
    -0.06573612165781284,
    -0.0638645462663041,
    -0.02343542319697684,
    0.07267791340004122,
    0.06504121932989138,
    0.093492423920824,
    0.018237606285009783,
    0.04512249402883097,
    0.004518177880162124,
    -0.21621564916285663,
    -0.10450974793141207,
    -0.02113530687873046
  ],
  "sum weights": 0.9999999492296939
}