{
  "mu_target": [
    -0.5,
    0.6000000238418579
  ],
  "mu_model": [
    [
      -0.4988885905809339,
      0.6043706643815845
    ]
  ],
  "diff": [
    [
      0.0011114094190661228,
      0.004370640539726578
    ]
  ],
  "sigma_integral": [
    0.0015439527407096036,
    0.002302801400831937
  ],
  "within_band": [
    [
      true,
      false
    ]
  ],
  "toy_seed": 91,
  "weights": [
    -0.008023324332114203,
    0.06821020695827866,
    0.019446217496194646,
    0.16688346977178786,
    0.027302658175835503,
    0.05803338824458308,
    0.09122974065085251,
    0.046670628851030384,
    0.0888335150534774,
    0.05498752732820831,
    0.014757336535434252,
    -0.028183996681907263,
    0.10153735832271761,
    0.06448650330319652,
    0.003683046109108757,
    -0.008096822582432479,
    0.008818251982260434,
    -0.01925443762436553,
    0.11081683526864848,
    0.006969820781510435,
    0.006657061535737392,
    -0.023141560787770667,
    -0.041373685025779726,
    0.002757272423367905,
    0.05446205502077348,
    -0.09573400972332671,
    -0.15303181904540025,
    -0.07217525136138157,
    -0.1586020067356615,
    0.09902230519383379,
    0.09407156497167381,
    -0.06419870287350835,
    0.06839293171161395,
    0.008753314786396058,
    -0.0012093866883823023,
    0.029612485324456834,
    -0.009962761358531929,
    -0.04767479471588161,
    0.029218412321437317,
    -0.03445908817134197,
    0.032763889906615495,
    -0.1605658161316402,
    -0.017021952934540712,
    0.061217865006923694,
    0.019914395176990923,
    0.16521596614143766,
    0.13523899378399068,
    0.01585910515533385,
    -0.0051255753361429315,
    0.06230248691118599,
    -0.03595617631162899,
    -0.008658499207109508,
    -0.04037720757864958,
    0.01935758684490005,
    0.05243019332392358,
    0.05522159563691084,
    -0.02808426790242622,
    -0.05443873612671714,
    0.06385060209600289,
    0.10636324214400976
  ],
  "sum weights": 0.9999999510139996
}