{
  "mu_target": [
    -0.5,
    0.6000000238418579
  ],
  "mu_model": [
    [
      -0.5006298816242424,
      0.6001290051024774
    ]
  ],
  "diff": [
    [
      0.0006298816242423788,
      0.00012898126061944293
    ]
  ],
  "sigma_integral": [
    0.0015209758555889102,
    0.0022901241005407217
  ],
  "within_band": [
    [
      true,
      true
    ]
  ],
  "toy_seed": 190,
  "weights": [
    0.05711919603975689,
    0.05957788295042199,
    0.005940515141915911,
    0.10745400048825646,
    -0.048794911895523894,
    0.0869434020800878,
    0.054037955430267744,
    -0.07349647293549953,
    -0.0017101843539126316,
    -0.0037951247071452373,
    -0.02553012549166986,
    -0.0645071412417715,
    0.06593536391819642,
    -0.060261469718580866,
    0.010218875154888379,
    -0.012012509595210935,
    -0.004279030192303538,
    -0.023519958603487375,
    0.10791757384170717,
    -0.009433996844304779,
    0.008381448496224785,
    -0.07039321133395583,
    0.06917087665420237,
    0.014945873832166534,
    0.03666538157415865,
    0.10478067383769113,
    -0.09684737015236915,
    0.1355969784382921,
    0.02039775888682197,
    0.11729291568770098,
    -0.014232517984800725,
    -0.03194028366348092,
    0.13128299431625196,
    0.062045236413624034,
    0.10075473347434889,
    0.09689380841939381,
    -0.07423324323191925,
    0.0066828330409447086,
    -0.1029709615665431,
    0.0034219734755091195,
    0.032437253155299106,
    -0.046879251282897154,
    -0.03798165910246558,
    0.048434142369063654,
    0.07655579065644726,
    0.01032438992674987,
    -0.019413715722651857,
    -0.07851623284852166,
    -0.024684150829525384,
    -0.0232995215182045,
    0.06908196068970834,
    0.008418544601677,
    0.06110393087144402,
    0.09690995626720718,
    0.09294536165738522,
    -0.08646266252235305,
    -0.10389856442018733,
    0.06519889624737445,
    0.11786433100293785,
    -0.0036385927576880295
  ],
  "sum weights": 0.99999994452115
}