{
  "mu_target": [
    -0.5,
    0.6000000238418579
  ],
  "mu_model": [
    [
      -0.49913058834782326,
      0.6015019820780452
    ]
  ],
  "diff": [
    [
      0.0008694116521767437,
      0.0015019582361872619
    ]
  ],
  "sigma_integral": [
    0.0015163846107103958,
    0.002280838812729177
  ],
  "within_band": [
    [
      true,
      true
    ]
  ],
  "toy_seed": 168,
  "weights": [
    -0.024835657349819955,
    0.008600692307875807,
    -0.03334874748346784,
    0.023604359833298234,
    -0.009241217194086406,
    0.0847142213888443,
    0.06956468610636986,
    0.038432578200372956,
    0.13725534783506987,
    -0.07299516086693157,
    0.19005818328156623,
    0.08779607002638537,
    0.001107519031302706,
    -0.15647899066619744,
    0.09244252832804269,
    -0.14530190623346878,
    -0.022677932421169632,
    -0.10879501562326985,
    0.18231619672039587,
    0.004456892653693153,
    -0.14784741319925324,
    0.12782751712992274,
    0.018897792461884874,
    -0.10168416631502239,
    -0.06905405191480606,
    0.06392276187734552,
    0.05758707799187361,
    0.04885621704944987,
    0.06629708575793754,
    -0.10219567912154083,
    0.15571776879918534,
    -0.06190760083358315,
    0.09424178371633445,
    -0.03229126140172184,
    -0.06413422271034674,
    0.07237317439824754,
    0.00978198872779616,
    -0.008920050662951443,
    -0.12393710396033847,
    0.16200660067571382,
    -0.0489171643864215,
    0.003136436407175181,
    0.0163664756025982,
    0.03435034133574295,
    0.11725905860327657,
    0.00145862033305118,
    0.048923539933821605,
    -0.01073247649472227,
    0.006204738570136021,
    0.08402932878519233,
    0.0016827039626828813,
    0.04334588728455474,
    0.0521814538503752,
    0.07523947692160317,
    0.13825083977516972,
    -0.04077453168861869,
    0.055717476215094194,
    -0.07339416621827485,
    -0.07888061617701174,
    0.06233965087418283
  ],
  "sum weights": 0.9999999398305406
}