{
  "mu_target": [
    -0.5,
    0.6000000238418579
  ],
  "mu_model": [
    [
      -0.49902243388498496,
      0.6017178560185132
    ]
  ],
  "diff": [
    [
      0.0009775661150150383,
      0.0017178321766553317
    ]
  ],
  "sigma_integral": [
    0.0015184391337656523,
    0.00225258972203448
  ],
  "within_band": [
    [
      true,
      true
    ]
  ],
  "toy_seed": 149,
  "weights": [
    0.02656810091289751,
    0.06610595325508159,
    -0.017912182591926444,
    -0.014293276794638248,
    0.022797603337611112,
    0.02507501428925458,
    0.06760194164116563,
    -0.04708892834390544,
    0.06165615609751619,
    0.032563203822143054,
    0.08376492349868381,
    -0.014233353916995645,
    0.04598818564252056,
    0.028810519227303936,
    -0.02460470125993665,
    -0.10064038675053563,
    -0.03260059585400832,
    -0.002058103882535754,
    0.04771298727994639,
    -0.03811559657493697,
    -0.05305620256418715,
    0.013843094182927033,
    -0.04538996297953987,
    0.11356131262565423,
    0.013374305828503,
    0.1880255523273498,
    0.10452422903039008,
    0.006610546939157144,
    0.01374814374993455,
    0.0595007129521211,
    0.043470360630109096,
    -0.056257798532623686,
    0.03936714081606776,
    0.028086131900296556,
    0.03249268769449273,
    -0.07597376987909636,
    0.06922532904407215,
    0.03495656671454817,
    0.009709729697045576,
    0.011082168334784067,
    0.002430363155265699,
    0.04733655722012826,
    0.0447413796684447,
    -0.008207685449171354,
    -0.02568927431989175,
    -0.0005231510534326252,
    -0.03145043605771806,
    -0.017065465294075877,
    0.10203689163041445,
    -0.02298135179304675,
    -0.02897800538188803,
    0.0037146862588455123,
    0.045360327712740865,
    0.0747008181002774,
    0.09181646283155058,
    -0.12753937770206303,
    -6.822661432846873e-05,
    -0.006828594829580461,
    0.06485453922073371,
    0.024341743539638257
  ],
  "sum weights": 0.9999999423895541
}