{
  "mu_target": [
    -0.5,
    0.6000000238418579
  ],
  "mu_model": [
    [
      -0.5000812889245627,
      0.602304901306557
    ]
  ],
  "diff": [
    [
      8.128892456271686e-05,
      0.0023048774646990955
    ]
  ],
  "sigma_integral": [
    0.0015207153649471738,
    0.0022485077754824372
  ],
  "within_band": [
    [
      true,
      false
    ]
  ],
  "toy_seed": 285,
  "weights": [
    -0.11194014443679441,
    0.05903699004924178,
    0.01587081556321655,
    0.07699719208109439,
    0.02827585596670284,
    -0.02627360699455016,
    0.02755798453022741,
    0.02841634855629086,
    -0.11613920974516663,
    -0.026640103836796217,
    0.0001769296870978391,
    0.026607318681891284,
    0.06665197195948086,
    0.030611217197376358,
    0.022264109984417725,
    -0.09257049341512937,
    0.05092341993923629,
    0.07882747083388737,
    0.18384843103229825,
    0.013214701542544031,
    0.0897810355156103,
    0.09093530623651604,
    -0.06618990130063551,
    -0.06104747463979248,
    0.026575357126042202,
    -0.004822194662986229,
    0.10410182809165232,
    0.03707478270347877,
    -0.02079101159146767,
    0.08358278539718678,
    0.09113421846212216,
    -0.019409577320742066,
    0.028342663883328005,
    0.006638058471750016,
    -0.09020872964196708,
    -0.038076434527501056,
    0.04464798556194559,
    -0.03783232778133056,
    -0.009272083811197925,
    -0.028994580270786975,
    -0.005138681804000303,
    0.022811554186470805,
    0.05699429406764682,
    0.05001104619074764,
    -0.027845370220332472,
    0.06037898525968531,
    0.05421263300137244,
    0.07248600340522539,
    -0.052314929843664905,
    0.04948606502343804,
    0.009602880653169893,
    0.09987929333212314,
    0.05904492760573823,
    0.13054674702271626,
    -8.164714860825964e-05,
    -0.08872189900724428,
    -0.09126658912394942,
    -0.015054866579909745,
    0.045732647662644545,
    0.007349941694703652
  ],
  "sum weights": 0.9999999404557646
}