{
  "mu_target": [
    -0.5,
    0.6000000238418579
  ],
  "mu_model": [
    [
      -0.4997224259811176,
      0.5968462836574656
    ]
  ],
  "diff": [
    [
      0.0002775740188823983,
      0.003153740184392295
    ]
  ],
  "sigma_integral": [
    0.0015098267496588171,
    0.002286568004165832
  ],
  "within_band": [
    [
      true,
      false
    ]
  ],
  "toy_seed": 140,
  "weights": [
    0.021121883965193815,
    0.10519641848291791,
    0.07406152432501667,
    0.01015031389723869,
    -0.13648269433110122,
    0.002155460056101157,
    0.07428891488930785,
    0.006567806411819427,
    -0.006244804052271235,
    -0.02986398142701552,
    -0.008669659031254925,
    0.07102337285679965,
    -0.04435676915071775,
    -0.019372099806122863,
    0.023659898131979364,
    0.033280096254730225,
    -0.02196738609912864,
    -0.055336822640086276,
    0.08702886397705842,
    -0.03538626482425447,
    -0.052834917129754785,
    0.06334393902165743,
    -0.05364259071427788,
    -0.014130849778602536,
    -0.014383599935670593,
    0.12909322807049384,
    0.053159896113867705,
    -0.009091516515790146,
    -0.007391264591817162,
    -0.008268039987060436,
    -0.004269710261795244,
    0.06362200109750793,
    0.07157391127862196,
    0.04675451906453748,
    -0.015595023918858886,
    0.006697737524108763,
    0.0029874623962479,
    0.14015113657482717,
    -0.0779132320521016,
    -0.021663942264104223,
    -0.02050072474575485,
    -0.0340062704366484,
    0.054310552107179874,
    0.08931628926008166,
    0.03091599700020929,
    0.057591365207308995,
    0.05093946226796474,
    -7.727507271876227e-05,
    0.025375499458548903,
    -0.012543570192032168,
    0.04430134409248522,
    -0.01742051616180655,
    0.04110609236334068,
    0.09096423371959257,
    0.04594671640692868,
    0.04483362962400287,
    0.042983434241072295,
    -0.1964758191753394,
    0.07753567058718674,
    0.13585062136957604
  ],
  "sum weights": 0.9999999477994254
}