{
  "mu_target": [
    -0.5,
    0.6000000238418579
  ],
  "mu_model": [
    [
      -0.5006803440878325,
      0.5962540201370959
    ]
  ],
  "diff": [
    [
      0.0006803440878324629,
      0.0037460037047619688
    ]
  ],
  "sigma_integral": [
    0.0015108479207944804,
    0.0023119645001891615
  ],
  "within_band": [
    [
      true,
      false
    ]
  ],
  "toy_seed": 185,
  "weights": [
    -0.05556036471878747,
    0.09587961263737363,
    -0.0049320092801380215,
    0.013502019602064942,
    -0.05073053735457819,
    0.01713343794784646,
    0.052174668925431635,
    0.1789767367588708,
    0.031259173952416945,
    0.10692076429552745,
    0.1061908061362435,
    0.03285348651220367,
    0.07105574531859551,
    0.016832890464697825,
    0.021677842905664515,
    -0.05732108227625309,
    -0.11358991178668927,
    -0.04750277671025446,
    -0.049963111021157566,
    -0.04762045103728669,
    0.040490320432594075,
    0.07424976549616,
    -0.01820176731675543,
    -0.038967229395470135,
    -0.07219742486763349,
    0.16270733646893484,
    0.1048486507824253,
    -0.04565363356004471,
    0.004926250367672935,
    0.07466327698005795,
    0.0865547685346982,
    -0.0470231971670966,
    0.10134753753781321,
    -0.0032751513075345217,
    0.06024621600486159,
    0.11939335305767025,
    -0.022078431284038424,
    0.09228006990923407,
    -0.027058942928134055,
    0.039499124069583405,
    0.044002906279312394,
    -0.16205798729458837,
    0.05119692511085455,
    0.034659807734501565,
    0.011891593134210706,
    0.006198548995561482,
    0.019409974580908807,
    -0.032176023081818876,
    0.0010230065166937196,
    0.009817993293651333,
    -0.018233599176519594,
    -0.02865035566774493,
    0.04024767543770535,
    0.06503105462440707,
    -0.03918975936686841,
    -0.012772779542591118,
    0.02019535827096724,
    0.09097669647650074,
    -0.047928200746202604,
    -0.05763071929763386
  ],
  "sum weights": 0.9999999493680978
}