{
  "mu_target": [
    -0.5,
    0.6000000238418579
  ],
  "mu_model": [
    [
      -0.5010574274073185,
      0.5981391966744339
    ]
  ],
  "diff": [
    [
      0.001057427407318512,
      0.001860827167423973
    ]
  ],
  "sigma_integral": [
    0.0015385328373941983,
    0.0022673476818156446
  ],
  "within_band": [
    [
      true,
      true
    ]
  ],
  "toy_seed": 0,
  "weights": [
    -0.08727044979090948,
    0.06415990857342982,
    0.0388006611681453,
    0.06788213544865046,
    0.03965459678941334,
    0.061268918844059175,
    -0.0031363648973664997,
    0.06940385512023026,
    0.09128419270330229,
    -0.003480388715883935,
    0.09046316548388092,
    -0.03348438909172129,
    0.09114315499651984,
    -0.06542019034279305,
    -0.04545674278603158,
    -0.03722289010554059,
    0.040978396391462064,
    0.0218296236938841,
    0.06068800664069327,
    -0.0035582027428940357,
    -0.0720818326843433,
    0.04296562206759263,
    -0.0047968948610036715,
    0.0169676536620833,
    -0.014184306044386858,
    0.048854638536324976,
    0.10651285248477382,
    0.04670956827040474,
    -0.012774409397901632,
    0.011332873881998015,
    0.004749292308579355,
    -0.14214704495591934,
    0.11078926615349546,
    -0.02539358350455634,
    -0.04650934250671097,
    -0.09315009520159105,
    0.10695640620055094,
    0.04614156012712039,
    0.02089776140079822,
    0.11964746682653091,
    -0.05149399747437027,
    0.007010506232469719,
    0.041472651132886645,
    -0.0338144165672867,
    0.039980743753836936,
    -0.02479660534707039,
    0.047372696346546304,
    0.0497585047732503,
    0.1484552113383194,
    0.0985229758614836,
    0.032790659864975445,
    -0.020967463618475863,
    -0.005200757231027475,
    -0.06182229228323221,
    -0.05618396653812212,
    -0.0016904841860338996,
    -0.041984141561068174,
    -0.11798083223842198,
    0.1656615228635944,
    0.05489497786892502
  ],
  "sum weights": 0.9999999431355486
}