{
  "mu_target": [
    -0.5,
    0.6000000238418579
  ],
  "mu_model": [
    [
      -0.4985597635729716,
      0.5991032127067242
    ]
  ],
  "diff": [
    [
      0.0014402364270283963,
      0.0008968111351337349
    ]
  ],
  "sigma_integral": [
    0.001515069008794202,
    0.002318552604837699
  ],
  "within_band": [
    [
      true,
      true
    ]
  ],
  "toy_seed": 1,
  "weights": [
    0.007018313111576503,
    -0.06707068083355075,
    0.13705074686609428,
    -0.01911042039146297,
    -0.044573795455701344,
    0.05836811179617684,
    0.07357883292232541,
    -0.03798070591954412,
    -0.013210445873396443,
    -0.11333748607744062,
    0.05234769302559713,
    -0.0918324983693232,
    0.06492816630580933,
    -0.07423361238121715,
    -0.044665030744972835,
    -0.027534732931497594,
    -0.03513547322388632,
    0.04374310501184202,
    0.038056379667309924,
    -0.094536327780212,
    -0.07086080242253946,
    0.01862641543236122,
    -0.014823291824710785,
    0.11095814086655215,
    0.06342619391238506,
    0.08097131404408796,
    -0.008105976148359065,
    -0.04377547152346967,
    -0.03840666198625898,
    0.13690354260429544,
    0.10330024194357615,
    0.04697809162448071,
    -0.07862161465181532,
    0.07165247693752937,
    -0.0500887528794866,
    0.05711577221840213,
    0.04224030868347838,
    0.051000968629345576,
    0.035271677734341346,
    -0.02825808364578252,
    0.0007775228283268015,
    0.009958081983230026,
    0.05975112967918066,
    0.12040006217735362,
    -0.018444173087161866,
    0.09478474683405577,
    0.06076655270089385,
    -0.0567760073446383,
    0.08024469690661278,
    0.0059225182456726765,
    0.0661394623616514,
    -0.005934120420598478,
    0.045449940513855376,
    -0.003653697024043825,
    0.07941722398623069,
    -0.012217579513278265,
    0.2189054092785063,
    0.008283523190970827,
    -0.0219785941959922,
    -0.029171379231185218
  ],
  "sum weights": 0.9999999481425819
}