{
  "mu_target": [
    -0.5,
    0.6000000238418579
  ],
  "mu_model": [
    [
      -0.5000118436300265,
      0.6057374220740863
    ]
  ],
  "diff": [
    [
      1.1843630026486807e-05,
      0.005737398232228408
    ]
  ],
  "sigma_integral": [
    0.00150751326331006,
    0.0022809761846589024
  ],
  "within_band": [
    [
      true,
      false
    ]
  ],
  "toy_seed": 11,
  "weights": [
    -0.04527484496899944,
    -0.013276098019431432,
    -0.007148671764414295,
    0.006472835756369201,
    0.017967678828699107,
    0.0072024365247773045,
    -0.06351541387379338,
    0.12077378118636771,
    0.05521731022734099,
    0.048529837731869044,
    0.13414155270933992,
    -0.02122190831702872,
    0.01397617014394404,
    -0.07408498742202484,
    -0.04142424925446376,
    -0.022204017199293245,
    0.03507610282319444,
    0.07241741356376871,
    0.13894910342888808,
    -0.050348608728739135,
    0.015499355772905522,
    0.12889030105333696,
    -0.06577245908998629,
    0.02652057396362763,
    0.062476594361675776,
    -0.09660282161278551,
    0.1107616160974879,
    -0.010183088904579224,
    0.06545481196705152,
    0.0005383868964405075,
    -0.009144284215143355,
    0.0031766019567561915,
    0.033901186811667,
    -0.003573226986643524,
    -0.010671526507673215,
    0.011973390189994215,
    0.08642484486686708,
    0.017031333508656602,
    -0.027332496189848215,
    -0.2103166280432714,
    -0.06884050440954324,
    0.04279810305767765,
    0.022292637076560165,
    0.23670331440449774,
    0.12212305829165462,
    0.04892512848661639,
    0.05179591423305343,
    -0.05535299755787602,
    0.00801374465037481,
    0.0406606062850917,
    -0.04647329311599358,
    0.0897247549613083,
    0.09807994198374297,
    -0.040033697379473626,
    -0.021410097682235004,
    -0.10268872347670313,
    0.0627503201682124,
    -0.14016684243482755,
    0.072068901191358,
    0.1377517802038861
  ],
  "sum weights": 0.9999999382102884
}