{
  "mu_target": [
    -0.5,
    0.6000000238418579
  ],
  "mu_model": [
    [
      -0.5018520782457153,
      0.5998075330652044
    ]
  ],
  "diff": [
    [
      0.0018520782457153162,
      0.0001924907766535089
    ]
  ],
  "sigma_integral": [
    0.0014947389087295226,
    0.0022709600401728974
  ],
  "within_band": [
    [
      false,
      true
    ]
  ],
  "toy_seed": 48,
  "weights": [
    0.018907113145967817,
    0.07624931049148621,
    -0.023243043974168535,
    0.16910578908326473,
    0.021377875398848722,
    0.03784376187169845,
    -0.010377638901660007,
    0.06113541670047871,
    -0.04579789364768798,
    -0.014227987599884988,
    0.07863851088804519,
    -0.05879938487390146,
    -0.016532128176817075,
    -0.08129384033092629,
    0.025615115667178993,
    0.022896868091298553,
    -0.15768454134098564,
    -0.10362041065983195,
    0.11020174749415786,
    -0.0012449474697330412,
    -0.036284134301878275,
    0.020031096827490887,
    -0.031404532868408566,
    -0.049997673736557335,
    0.0345846397319589,
    -0.06627523760373598,
    0.10659933275766337,
    0.07011422049628672,
    0.02376457752709549,
    0.04290656568338833,
    0.0010034230241633435,
    0.037756783779469616,
    -0.06764925728984529,
    -0.032638807042718355,
    0.08449569704947502,
    0.108319452529853,
    -0.014717563663424301,
    0.0037803851069629223,
    0.005558566993910164,
    -0.0497930055512586,
    -0.028585710142428635,
    0.05599823637958416,
    0.033535515918820126,
    0.10737909939091073,
    0.0715033953669948,
    0.015163220071042682,
    0.027021812281736456,
    0.17978216669775787,
    0.012986602088555958,
    -0.008438041713807052,
    0.07212031477507379,
    -0.08881954679104817,
    0.06583432281794124,
    0.0998955297914681,
    0.12788160628337186,
    0.0005498266270448089,
    0.09307944982583187,
    -0.11156331752561852,
    0.025747889996906755,
    -0.05037665751236074
  ],
  "sum weights": 0.9999999359344975
}