{
  "mu_target": [
    -0.5,
    0.6000000238418579
  ],
  "mu_model": [
    [
      -0.5010122789062956,
      0.6015315605517597
    ]
  ],
  "diff": [
    [
      0.0010122789062956272,
      0.001531536709901804
    ]
  ],
  "sigma_integral": [
    0.001525117630062464,
    0.0022859076836835497
  ],
  "within_band": [
    [
      true,
      true
    ]
  ],
  "toy_seed": 283,
  "weights": [
    0.058780342667762095,
    0.12564328951485812,
    0.002608107596395347,
    0.00010637501143284074,
    -0.00019377891718685853,
    0.06576347840098198,
    0.0907109226100393,
    0.018980746700424288,
    0.01438743197449443,
    0.08265969479629,
    0.008295456567325837,
    0.009369173582585795,
    0.09250924265774066,
    0.03744879595955617,
    0.0025056776437135486,
    0.006881476195383442,
    -0.0054841326586631605,
    -0.07715812891131629,
    -0.07392555010682489,
    -0.018463071633904888,
    -0.011909441027102435,
    0.04490348013775217,
    -0.04896213538578276,
    0.008863252092748691,
    -0.001317189603751632,
    0.05306864679504082,
    -0.11444864658806256,
    -0.013751917077908791,
    -0.13641148579435242,
    0.03506994603110925,
    -0.011151145205971104,
    0.04864639113081503,
    0.18440259357912298,
    0.014028086280147178,
    0.0177379026274973,
    0.00020931254329729918,
    0.10586027648326836,
    0.029265132061223904,
    -0.005738980837501607,
    -0.06735303253124239,
    0.009899611524073376,
    -0.11321324084674486,
    0.12325392009308107,
    0.04331005558391549,
    0.020173162452006014,
    -0.10969441041075341,
    0.04244577049850633,
    -0.01908401365335735,
    0.08730994789396143,
    0.028465873155030474,
    0.033381943290713555,
    0.109481101320281,
    0.10519546191304985,
    -0.007080735842002295,
    0.047733823134157465,
    -0.08091694206059497,
    0.0953274536851639,
    0.05657988037100855,
    -0.08587632074354314,
    0.04087101158116904
  ],
  "sum weights": 0.9999999483005566
}