{
  "mu_target": [
    -0.5,
    0.6000000238418579
  ],
  "mu_model": [
    [
      -0.5011286379752103,
      0.6026233177055056
    ]
  ],
  "diff": [
    [
      0.0011286379752103448,
      0.00262329386364768
    ]
  ],
  "sigma_integral": [
    0.001516455354264471,
    0.0023207380090097744
  ],
  "within_band": [
    [
      true,
      false
    ]
  ],
  "toy_seed": 121,
  "weights": [
    -0.003047163099741372,
    -0.027264684205999944,
    0.05697317717096955,
    0.1344391426248474,
    -0.050336717697152485,
    0.0190882522533754,
    0.018115475165253074,
    0.039945682878602236,
    0.06766405030430639,
    0.07058219627777762,
    -0.08574028266502033,
    0.05125149328931168,
    0.001005483146991185,
    -0.01089410065552327,
    0.12239461961579554,
    -0.03713209076033175,
    -0.06881823170162019,
    -0.01707840189458602,
    0.04764187975892791,
    0.017381299700018234,
    -0.007541418275669283,
    -0.01929855652786389,
    0.05244086421387765,
    0.07792169014192472,
    0.04957211218432376,
    -0.035408614939087465,
    0.07504992340138537,
    0.04289158916755288,
    -0.0021517627485414404,
    0.1178004027097297,
    0.01722281547103481,
    0.026404555940440125,
    0.022181796940353913,
    -0.1339103972805242,
    0.03971159256655086,
    -0.011210026820489608,
    -0.03755531187453427,
    0.013173996362568222,
    -0.02007146670404574,
    -0.10970373993266865,
    0.04167864517836088,
    0.03564095300126711,
    0.04075830280270441,
    0.15832868209948397,
    0.006310754729174367,
    0.09819573313550937,
    0.19613293406364019,
    -0.08701433424272197,
    0.06406444430426719,
    -0.05569511511743483,
    -0.05424194366837546,
    0.07948072623327213,
    -0.036140255685624366,
    -0.04129957979010003,
    0.02746388464265459,
    -0.0692118839247439,
    -0.00199565855284039,
    -0.012953409254371223,
    0.025153101497814526,
    0.081652841020608
  ],
  "sum weights": 0.999999945975063
}