{
  "mu_target": [
    -0.5,
    0.6000000238418579
  ],
  "mu_model": [
    [
      -0.5031938186114754,
      0.6031979514862212
    ]
  ],
  "diff": [
    [
      0.0031938186114753853,
      0.0031979276443633298
    ]
  ],
  "sigma_integral": [
    0.0015172543113449823,
    0.0022516016545001774
  ],
  "within_band": [
    [
      false,
      false
    ]
  ],
  "toy_seed": 242,
  "weights": [
    0.10842439769335134,
    0.1874883484727181,
    0.11091051286373108,
    0.2475427100022969,
    -0.020362720418249144,
    0.04753958545828657,
    0.06623125192713668,
    -0.06938544478919279,
    0.001188954955805474,
    0.012807544587733373,
    -0.02285271151358759,
    -0.1055146856750132,
    0.002671120042072234,
    0.08332578777578734,
    -0.12461333128782148,
    0.10415170939209806,
    -0.01566543639238796,
    -0.06551657527684757,
    0.05342984466920314,
    -0.10083347929719527,
    -0.11342598355748401,
    -0.03940245899033532,
    -0.01650926079735897,
    -0.0046243005725968575,
    0.014892867951500324,
    -0.03154682806806519,
    0.02792869787162183,
    0.08626389704468233,
    0.017835108857679274,
    0.15554251727943927,
    -0.016185456733831916,
    -0.072779469416545,
    -0.01848985140831015,
    0.1637278079985659,
    -0.07578798537649892,
    0.023076931283291212,
    -0.0028138381979239285,
    -0.0661400195885171,
    -0.13717937921560688,
    -0.14256624964991885,
    0.005950628836770115,
    -0.09406294205323067,
    0.1013409404871161,
    0.13897789521713366,
    0.17555867500993816,
    -0.006750014914765724,
    0.07689666217038092,
    0.044728128237216655,
    -0.020256393606735375,
    0.1212932536944919,
    0.10424036782592831,
    0.07721745270066019,
    0.04251377292472544,
    -0.025775392858849423,
    0.15343023672924538,
    -0.15216490107475686,
    -0.0009490015026461948,
    -0.027596655841106283,
    -0.01471953688275696,
    0.04734264392904023
  ],
  "sum weights": 0.999999948931512
}