{
  "mu_target": [
    -0.5,
    0.6000000238418579
  ],
  "mu_model": [
    [
      -0.5009770254039425,
      0.6011629163122562
    ]
  ],
  "diff": [
    [
      0.0009770254039425108,
      0.0011628924703982468
    ]
  ],
  "sigma_integral": [
    0.001498686344123288,
    0.0022824317956671616
  ],
  "within_band": [
    [
      true,
      true
    ]
  ],
  "toy_seed": 235,
  "weights": [
    -0.05431037959515296,
    0.006745087489402785,
    0.002950167274887591,
    0.044111928138747744,
    -0.00784946826572092,
    -0.07932322215714106,
    -0.03068782535135277,
    0.10351072300077487,
    -0.028949998364067243,
    0.020625124337149657,
    0.08129462151750043,
    0.055411462600826925,
    -0.0037026939399009344,
    0.053269840699295835,
    0.022466502656145654,
    -0.030684379749907696,
    -0.027959202587714546,
    0.08182423709760363,
    0.041844711713435484,
    -0.019559345675082947,
    0.05064239649635475,
    0.024044008392512355,
    -0.06833774123157677,
    0.13503940088700353,
    0.04921292417895344,
    0.05566122022227596,
    0.070281178951182,
    -0.011429311964078395,
    0.03910739183393632,
    0.17320718331710577,
    0.027157735449767257,
    -0.009069124481648042,
    0.00917978446936348,
    -0.03902806229488718,
    0.053002887920333544,
    0.04728141033423567,
    0.027580374063210834,
    0.11168284967411818,
    0.11421472917451289,
    -0.15974501101880256,
    -0.09811714790831279,
    0.10629488927799076,
    0.12128568682449971,
    0.1452659616796692,
    -0.02284417644196693,
    -0.06544879224062672,
    -0.00012343019020348025,
    0.0939252702050207,
    -0.06050458487104699,
    -0.04755301670071389,
    0.09150710461110592,
    0.050751741980480686,
    0.0590772361088274,
    -0.10332296049237161,
    -0.038541287770982334,
    -0.045465393818027756,
    0.05272321231944848,
    -0.06162970388920258,
    0.008175519051907405,
    -0.11617030560884592
  ],
  "sum weights": 0.9999999373402517
}