{
  "mu_target": [
    -0.5,
    0.6000000238418579
  ],
  "mu_model": [
    [
      -0.49871972636200296,
      0.6025663536540399
    ]
  ],
  "diff": [
    [
      0.0012802736379970425,
      0.0025663298121819667
    ]
  ],
  "sigma_integral": [
    0.0015171187438964542,
    0.0022668009976651677
  ],
  "within_band": [
    [
      true,
      false
    ]
  ],
  "toy_seed": 16,
  "weights": [
    0.026005722929851895,
    0.01584878193235688,
    0.010298620673290852,
    0.14094007042566536,
    0.06014906941197874,
    0.029372590366273363,
    0.04127507687015896,
    0.011108962371810468,
    -0.01739511311758091,
    -0.03337964226550089,
    0.034749859469192526,
    -0.010980742555074682,
    -0.02711280221128449,
    -0.18035660497064765,
    0.01822126012699924,
    -0.09832803730818332,
    -0.05838862277965765,
    -0.03158746309167767,
    0.15006898847596362,
    0.0847015077590163,
    -0.04457308218427933,
    0.05849488987209172,
    0.0513640507658739,
    0.13368966877789779,
    0.04070727171262193,
    0.083699533774754,
    -0.012960405060093704,
    0.029978702291701975,
    0.02811150703528089,
    0.1529267064610133,
    -0.051164101864855094,
    -0.13886917470790416,
    0.001513488967327973,
    -0.06952082807235287,
    -0.027572601827765497,
    -0.03544761218091354,
    0.04933440770929014,
    0.004452741283009408,
    0.08848720671200891,
    -0.11317321078789619,
    -0.012082309619747593,
    0.09277660438830593,
    0.1046835367757344,
    0.11388547253082248,
    0.006264412200291408,
    -0.058327913432746396,
    0.08660963633502698,
    0.09133156224338296,
    0.06170519007974476,
    0.08952067985424454,
    0.010935167913080484,
    0.035634157060410926,
    0.12376883816508501,
    -0.1552376213116946,
    0.24674517534863838,
    -0.161624363990049,
    0.02277753324757866,
    -0.0660470904628982,
    0.03191638932638629,
    -0.05992575586948873
  ],
  "sum weights": 0.9999999419718711
}