{
  "mu_target": [
    -0.5,
    0.6000000238418579
  ],
  "mu_model": [
    [
      -0.5003552829217444,
      0.6013816182638176
    ]
  ],
  "diff": [
    [
      0.0003552829217443598,
      0.001381594421959731
    ]
  ],
  "sigma_integral": [
    0.001527885778213514,
    0.00226142277518484
  ],
  "within_band": [
    [
      true,
      true
    ]
  ],
  "toy_seed": 154,
  "weights": [
    0.029359867120795167,
    0.08348682160667434,
    0.015799243165457288,
    0.0478616044755611,
    0.05209251502551647,
    0.021953557845503083,
    0.040962952904089814,
    -0.0476683903152348,
    0.003517938067098525,
    -0.06326946454228292,
    0.11425958650426328,
    0.022682304467816265,
    0.06128987630885709,
    -0.029053184192786186,
    -0.0694793205933819,
    -0.14175025895486482,
    0.05272258673944225,
    -0.036180195098871964,
    -0.03528845259620218,
    -0.09441268847201216,
    0.0266910465074487,
    -0.08892358382101065,
    0.05388476692601383,
    -0.0877693394277196,
    0.015725552145491963,
    0.060162198121979205,
    0.047710109239418715,
    0.08286900411566518,
    -0.15362385529330955,
    0.07367101055501975,
    0.13587804317432942,
    0.012862824272220096,
    0.10190024548758381,
    0.0167179184235548,
    0.05130538855909226,
    0.18766374024990318,
    -0.003440065518062209,
    0.10235714666255188,
    -0.12716870001632957,
    -0.10692347626691534,
    0.03303712655108397,
    -0.0930092895527048,
    0.21303897032036503,
    0.07314871977090495,
    0.12274533372196803,
    -0.01641364527845995,
    0.027638997525832182,
    0.07634907307017348,
    0.08994716277766573,
    0.028011191942076612,
    -0.002747610444624431,
    0.015541579792807774,
    -0.0031252029278487693,
    -0.029997833640399693,
    0.035815342760656704,
    -0.10966260600687391,
    0.051245757319930446,
    -0.03289175320758636,
    0.05669256425192569,
    0.0341991901206278
  ],
  "sum weights": 0.9999999424298841
}