{
  "mu_target": [
    -0.5,
    0.6000000238418579
  ],
  "mu_model": [
    [
      -0.5009341831489753,
      0.6015914115920481
    ]
  ],
  "diff": [
    [
      0.0009341831489753094,
      0.0015913877501901874
    ]
  ],
  "sigma_integral": [
    0.0015299328727924365,
    0.0022665965926956695
  ],
  "within_band": [
    [
      true,
      true
    ]
  ],
  "toy_seed": 5,
  "weights": [
    -0.04421051431051646,
    0.10675263085281249,
    0.05647428653312242,
    0.09837840631658194,
    0.03960005010267047,
    -0.01110407375123098,
    -0.00616780370101683,
    0.00679146657893204,
    0.026162114091875525,
    0.03159642786671284,
    0.06522542215896111,
    0.033808763885218696,
    0.0574950599072076,
    -0.09594655730925201,
    -0.13871539906580496,
    -0.060196132995197084,
    0.10848410832401668,
    0.03963210760884957,
    0.08502494261594343,
    -0.014227442697796643,
    0.06428533839272693,
    -0.04371070219906769,
    -0.08417846815066073,
    -0.25622326863091144,
    0.06780604421757633,
    -0.09006246338639323,
    0.03968399179076602,
    0.07125181082180755,
    -0.120935698862632,
    0.09770261738685625,
    0.010594547680562935,
    -0.05188814238984331,
    0.0561241891856111,
    0.07990582464534723,
    0.016450704912030642,
    0.11568389061004884,
    -0.03800776592884295,
    0.04252760685353555,
    -0.050025898368024506,
    0.11483136683587586,
    -0.06425563527171466,
    0.009902555871959083,
    -0.03813574346867246,
    0.03424597286630568,
    0.09641412996503902,
    -0.006222415430397595,
    0.04935395681571117,
    0.15640159985220806,
    -0.033523683404398555,
    0.10458144018126476,
    0.07000129393401701,
    0.03040740516446495,
    0.055976249596647,
    0.11466818066535676,
    0.06884703003204948,
    -0.022116824184722855,
    -0.027158395252825582,
    0.0035689084830807976,
    0.03287087013286929,
    -0.06250034146238602
  ],
  "sum weights": 0.9999999435143144
}