{
  "mu_target": [
    -0.5,
    0.6000000238418579
  ],
  "mu_model": [
    [
      -0.5012718038904881,
      0.5996717465461644
    ]
  ],
  "diff": [
    [
      0.001271803890488088,
      0.00032827729569351316
    ]
  ],
  "sigma_integral": [
    0.0014972522010831232,
    0.0022670061415656856
  ],
  "within_band": [
    [
      true,
      true
    ]
  ],
  "toy_seed": 90,
  "weights": [
    -0.030049514935415186,
    0.14630847967822333,
    0.0882147141069452,
    -0.0016685766147133895,
    0.037626648220406636,
    -0.00021485711190125212,
    0.0316138160422144,
    0.009995463911902728,
    0.0007703372930304864,
    0.04197499639520079,
    0.22951944705373556,
    0.012904748362942206,
    0.05399073275977585,
    -0.06031191188268109,
    -0.07801937890347224,
    0.035702596645031164,
    -0.012905414091070091,
    0.04309042000094423,
    0.03980428103008791,
    0.019983726511678773,
    0.014609103445407197,
    -0.009100115120504767,
    0.03661985764298009,
    0.06868725019175376,
    0.03631463357502904,
    0.08906971692387466,
    0.0811939528118435,
    -0.003136446965045382,
    -0.031763456411937126,
    0.03565198800107374,
    -0.03473697246440469,
    -0.16402976303443528,
    0.05196968091985046,
    -0.00030942562935462793,
    -0.05443841048304274,
    0.04853782011885579,
    0.044033863450578754,
    0.010081083635942662,
    -0.0060978741483684405,
    0.06583039178193029,
    0.018204912663713796,
    -0.04660494656338868,
    0.14846897167513493,
    0.10713283789625543,
    -0.03664423204101877,
    -0.0492932048937388,
    -0.011648098717259824,
    -0.02707612369582358,
    0.06634516632706372,
    -0.09394364275503336,
    0.06159974891144201,
    0.088001189189098,
    0.03257280530614974,
    -0.03866467587550967,
    -0.05072494810229274,
    -0.0851009909179184,
    0.037042982703454554,
    0.026786180091461848,
    -0.08026156066053411,
    0.04648993865612666
  ],
  "sum weights": 0.9999999419122756
}