{
  "num": 40616.125,
  "den": 29950.314453125,
  "test": 10665.810546875
}