{
  "num": 39806.87890625,
  "den": 29142.068359375,
  "test": 10664.810546875
}