{
  "num": -50065.85546875,
  "den": -50080.37890625,
  "test": 14.5234375
}