{
  "run_name": "wbb_2d_gmm_skew_K64_H32x32x16_Ntr100000_Nte100000_s42",
  "benchmark": "2d_gmm_skew",
  "seed": 42,
  "N_train": 100000,
  "N_test": 100000,
  "K": 64,
  "MLP_HIDDEN": [
    32,
    32,
    16
  ],
  "BASIS_EPOCHS": 600,
  "BASIS_LR_SCHEDULE": "cosine",
  "BASIS_VAL_FRAC": 0.1,
  "BASIS_REF_OVERSAMPLE": 1,
  "device": "cuda",
  "linhead_dim_K_plus_1": 65,
  "bce_final_loss": 0.6394984727001762,
  "w_hat": [
    0.006018175257654594,
    0.18863694707406184,
    0.0981184822999824,
    -0.2774940243254162,
    -0.011598356038347154,
    -0.34888223002642327,
    0.1999422586503361,
    -0.01026355457754475,
    -0.12174859376877584,
    -0.033100564966502696,
    -0.032123004828946866,
    0.3686317583774896,
    -0.10500097576618765,
    -0.0063150947884502906,
    0.32895567819107313,
    -0.001031167879804055,
    0.23971404479745212,
    0.14587444299746008,
    -0.17828869502510605,
    -0.13725917434542328,
    0.023029168610428846,
    0.2651618175710821,
    0.004817834174414748,
    -0.18153574341060708,
    0.25729925343164045,
    0.23053445786055984,
    0.44543599794832167,
    -0.16947570996373942,
    0.3491162313091213,
    0.055787990828972206,
    -0.571673473711149,
    -0.32315125678756795,
    0.19333558574643409,
    -0.05128400381303298,
    0.10486460355113639,
    0.024663625839994482,
    -0.06543603947681091,
    0.36840000605749185,
    -0.11269741827674035,
    0.0034855669423968345,
    -0.17754855461424893,
    -0.11952800197700968,
    0.1525893018066576,
    0.06885651206494427,
    -0.35205319618398845,
    0.01854078325264105,
    0.04132681156301733,
    0.2627395523161698,
    -0.31474346359684646,
    -0.18226187870261265,
    -0.07093541953711849,
    -0.0048076346390601155,
    0.2131302802271563,
    0.03668864784923823,
    -0.11992264689171371,
    0.35588683958064915,
    -0.2915239385257181,
    -0.20233163106622903,
    0.01860316015099921,
    0.0031831599170391955,
    0.38352719000608876,
    -0.18905629786667766,
    -0.20695031833858682,
    0.17811815733814174,
    0.34118952714299716
  ],
  "sandwich_diag": [
    6.831818822743138e-05,
    0.0361169272656699,
    0.03255080378295735,
    0.038796683623981844,
    0.017945551169020846,
    0.03461153355375856,
    0.02520410026172806,
    0.028010964698747545,
    0.025941602803296732,
    0.025411971984172742,
    0.027065338266862263,
    0.05337562852629467,
    0.01911483340136644,
    0.034661648439813814,
    0.042570333904243335,
    0.03153336472512969,
    0.027001900195403602,
    0.02400591064453267,
    0.04602099433123562,
    0.024245887106866204,
    0.03825999259219852,
    0.0260722115662427,
    0.03783340626576908,
    0.03679258449655887,
    0.03145342228798488,
    0.03442890969573255,
    0.03886008976267584,
    0.021255692092750304,
    0.040920997566224346,
    0.025471985264688,
    0.03069440109553253,
    0.026897000849750857,
    0.029538553915434685,
    0.01897529087422814,
    0.02907039200585387,
    0.024666004105123932,
    0.03855150348024457,
    0.03663530140297788,
    0.02324487732627912,
    0.027642362592503203,
    0.02790073323970528,
    0.026906206980368136,
    0.024672490962717182,
    0.030868934027482156,
    0.036818584025134854,
    0.02948948087965302,
    0.026823471814735426,
    0.03977816287378666,
    0.029245093337153878,
    0.031693473390977216,
    0.037003513277225245,
    0.022234480678664147,
    0.02839279569865508,
    0.03226688820112208,
    0.022889598792558974,
    0.018222238409716787,
    0.02514865414424933,
    0.03704011001384216,
    0.030413100893467646,
    0.026921808124504686,
    0.028800527744699937,
    0.026953740988690578,
    0.029763628540719126,
    0.03457443770659287,
    0.03145386181473818
  ],
  "naive_inv_hessian_diag": [
    6.886429327894237e-05,
    0.036767154602546946,
    0.032764443810951324,
    0.03874758023790157,
    0.018172132926384723,
    0.03583510972175936,
    0.026510559163651474,
    0.02869931274852433,
    0.026129780854269,
    0.02596091101749191,
    0.027406310177192087,
    0.054702096949613456,
    0.019352365563580734,
    0.03505298967257741,
    0.042861334450342424,
    0.03183943485819914,
    0.027963090399809414,
    0.02426934686382904,
    0.04630854795928209,
    0.024482696001860066,
    0.03933221546860355,
    0.026138468163626243,
    0.039700197843302185,
    0.037218501491354875,
    0.031669502411100746,
    0.03507916540696266,
    0.03923843273737389,
    0.02110238915956668,
    0.04137330779117438,
    0.025991816108398368,
    0.031021946037147842,
    0.02681622034900777,
    0.030235391749392257,
    0.019528285835844608,
    0.029485187121983128,
    0.0254603254730199,
    0.03950342621889661,
    0.03736143163255908,
    0.023740861101277367,
    0.02950235866790083,
    0.02875726215530446,
    0.02692091270187784,
    0.025725566020187392,
    0.031325875719600264,
    0.0373242695603551,
    0.030173278530752457,
    0.02759031872633899,
    0.04093869815518787,
    0.029440629421940676,
    0.032562393925678015,
    0.037793738365630734,
    0.023076806461182816,
    0.028969575530974727,
    0.03241183264267983,
    0.023203657649132178,
    0.018443802783817412,
    0.025114592741659603,
    0.037588368722071774,
    0.030659582922292917,
    0.027838150685247833,
    0.028712664516805358,
    0.02733232581689715,
    0.02980137152079795,
    0.03459124319876503,
    0.03132365182065394
  ],
  "bootstrap_diag": [
    2.9202764158772347e-05,
    0.037925748017198994,
    0.033033373957995625,
    0.03968320273840941,
    0.02052124524751694,
    0.038195370734891196,
    0.02882321423321871,
    0.024390650703313,
    0.025403338264899312,
    0.0250194288361271,
    0.03170124868862673,
    0.051107884940573174,
    0.02019692874206927,
    0.03065295099219883,
    0.035707053862899636,
    0.031012694769228785,
    0.026477603667984125,
    0.02273526213120945,
    0.04273885045116269,
    0.026565748259792393,
    0.0368876904848681,
    0.028216915888201268,
    0.034946951820327456,
    0.04099120078143858,
    0.03477278085436886,
    0.03350980350426281,
    0.040467448568156136,
    0.021177311641384318,
    0.04273153672507512,
    0.022792087082189775,
    0.03127765597124156,
    0.031013223485775523,
    0.029624059052139006,
    0.018716715819829,
    0.028606706336311172,
    0.022902268912832355,
    0.0411340453669555,
    0.034339049666055284,
    0.02179432244345397,
    0.02623722715358937,
    0.026404886967440883,
    0.02647685243779694,
    0.022390812903211443,
    0.026050447062217527,
    0.03656604928078806,
    0.024961190755909607,
    0.029720711303131937,
    0.038156936886909715,
    0.025160987726287002,
    0.030061814825687514,
    0.03704731686276807,
    0.019359809678125815,
    0.029338001382694327,
    0.030872576776531026,
    0.02523230540553158,
    0.01848622659584689,
    0.026649851900269677,
    0.03679932874230963,
    0.0302124721054152,
    0.02523138725561959,
    0.029942680465628483,
    0.030300803740600943,
    0.029963979458416203,
    0.036778819079799886,
    0.035375414082686955
  ],