{
  "num": -49940.48046875,
  "den": -49938.0390625,
  "test": -2.44140625
}