{
  "num": -50135.57421875,
  "den": -50127.80078125,
  "test": -7.7734375
}