{
  "mu_target": [
    -0.5,
    0.6000000238418579
  ],
  "mu_model": [
    [
      -0.5009710676204633,
      0.5985236174646517
    ]
  ],
  "diff": [
    [
      0.000971067620463284,
      0.001476406377206252
    ]
  ],
  "sigma_integral": [
    0.0006858667308745283,
    0.0010990690674603355
  ],
  "within_band": [
    [
      false,
      false
    ]
  ],
  "toy_seed": 282,
  "weights": [
    0.03568340156132155,
    -0.012087732327091781,
    -0.017758185229704317,
    0.013392045864166566,
    0.003701693143672706,
    -0.019787888435991902,
    0.03486146117651347,
    0.04959132118826365,
    0.04615275178687642,
    0.015143719200047203,
    -0.018469895470735534,
    -0.03535078517717551,
    0.038925742282409505,
    0.06869316638782873,
    0.09423089174577805,
    0.026118867881606094,
    0.004017607452032451,
    -0.028152415619351293,
    0.012382230055677547,
    0.02077368288657104,
    -0.010195865775353278,
    0.000124579220295438,
    0.002726034568629012,
    0.03634958305999284,
    0.04001505854532168,
    0.015253078603532606,
    0.0055234060904399635,
    0.04234288040137564,
    0.016713397411674626,
    0.00918794028241032,
    0.08415661210720818,
    0.01323433343814633,
    0.04212016904434292,
    0.008741790707249193,
    0.11702484599322148,
    0.044112181585489865,
    -0.06672159668064695,
    -0.005909283926985479,
    0.06225127408789681,
    -0.028860927744751443,
    0.07362415314419372,
    -0.03494556781435305,
    -0.05798820580156176,
    0.12032927907530684,
    0.02264275865221264,
    -0.01148987412373928,
    -0.00856961508887948,
    -0.0036875653814060624,
    0.00169711197853435,
    0.05480349438386106,
    0.0037463712472970163,
    0.0005976644992220517,
    0.021793861210377033,
    -0.0003206908148499159,
    -0.048515403255575885,
    0.046466959209506754,
    -0.01123607226143405,
    0.016984156702725205,
    0.023004959874521773,
    0.030810996779539118
  ],
  "sum weights": 0.9999999435877025
}