{
  "mu_target": [
    -0.5,
    0.6000000238418579
  ],
  "mu_model": [
    [
      -0.4992383630036306,
      0.5985842118187753
    ]
  ],
  "diff": [
    [
      0.0007616369963693859,
      0.0014158120230826077
    ]
  ],
  "sigma_integral": [
    0.0006835832036221992,
    0.001094327464813007
  ],
  "within_band": [
    [
      false,
      false
    ]
  ],
  "toy_seed": 83,
  "weights": [
    0.029744179767430656,
    -0.02543063986865363,
    0.011066030382817492,
    -0.015565263892167632,
    0.00045462473415837124,
    -0.017776600841303832,
    0.0347526813742019,
    0.022624534400241866,
    0.09377923356737834,
    -0.05571192980324242,
    -0.05661306039982798,
    -0.01460436631312828,
    -0.009552858239782362,
    0.08014626544933146,
    0.07381014535015133,
    0.0182999955630633,
    -0.047838923914509265,
    -0.012408059164956697,
    -0.0033468579834326257,
    -0.025293564291008767,
    0.009580453467744563,
    -0.04103517813086655,
    -0.0017420494681042779,
    0.009511374263323038,
    0.04401253771466137,
    0.042083859755081394,
    0.0455222346675469,
    0.04992614543765249,
    0.08219560204593494,
    0.02358137361226237,
    0.009495974371521833,
    0.0033398421422110567,
    0.07924536810207673,
    0.021568871869880234,
    0.10735478252345185,
    0.05084922298918889,
    -0.03646703531084988,
    0.009752303004042721,
    0.07258606120949705,
    -0.00533888855195453,
    0.07233374708144198,
    -0.028111271978531686,
    -0.04522290004176515,
    0.09181171145797325,
    -0.030331722621750334,
    -0.035767827947536655,
    0.06875701614357484,
    0.05052963331415945,
    -0.04138465531563382,
    0.024721644411500883,
    0.04075183839917371,
    0.048910660797692025,
    -0.01635285556982984,
    0.01750095410467747,
    -0.018206141023592262,
    0.023387447469465607,
    -0.013725330255510454,
    0.04733593301524734,
    0.027795769785805217,
    0.058707868181126915
  ],
  "sum weights": 0.9999999409987519
}