{
  "mu_target": [
    -0.5,
    0.6000000238418579
  ],
  "mu_model": [
    [
      -0.4991926520172536,
      0.5997780494566627
    ]
  ],
  "diff": [
    [
      0.0008073479827463981,
      0.00022197438519522272
    ]
  ],
  "sigma_integral": [
    0.000687974184163431,
    0.0011007203705555022
  ],
  "within_band": [
    [
      false,
      true
    ]
  ],
  "toy_seed": 141,
  "weights": [
    0.08570496709271001,
    0.03795910981502189,
    0.0016167413641733344,
    0.0038183447412045686,
    -0.003035344243588598,
    -0.013554627408502341,
    0.0047646266048978975,
    0.039694782511910755,
    0.06910985909540061,
    -0.035463708284511286,
    -0.016595217627659087,
    0.016366754687843325,
    -0.007960448478362147,
    0.14029360653657055,
    0.043447241451595876,
    0.027050664602842677,
    -0.004646894999081414,
    -0.09200195236444679,
    -0.016439375328855404,
    -0.00817500066440435,
    -0.03639835411237665,
    -0.05503265672383141,
    0.05725826723245913,
    0.03180786818949023,
    0.04056811993914711,
    0.021431133135195245,
    0.01836313292295473,
    0.031800664544146796,
    0.0699951230732376,
    0.01564201941022245,
    -0.00471537611625838,
    0.029828112378869422,
    0.06312625407668843,
    0.06506712757520922,
    0.09019544081482467,
    0.006840127207789375,
    -0.010494071645161668,
    -0.03280401011253761,
    0.028896111796347025,
    0.016603191981431262,
    0.06376981169893178,
    -0.03870605229546209,
    -0.06621798863280247,
    0.09883637344798642,
    -0.0015479397189958146,
    -0.04127480499248051,
    0.02961725676220898,
    0.04892261052865813,
    -0.015703623905679125,
    0.001346823496372734,
    0.03425437331900209,
    0.04343366820901529,
    -0.035543902927458425,
    0.035578982427463934,
    0.020653129058721055,
    0.02928823219846489,
    0.03271970671088985,
    0.016061415290393042,
    0.015343884507607099,
    0.009235634675102692
  ],
  "sum weights": 0.9999999445305465
}