{
  "mu_target": [
    -0.5,
    0.6000000238418579
  ],
  "mu_model": [
    [
      -0.4998645124205321,
      0.5997129449791031
    ]
  ],
  "diff": [
    [
      0.0001354875794679078,
      0.0002870788627548082
    ]
  ],
  "sigma_integral": [
    0.0006820773290944007,
    0.0011023946949466202
  ],
  "within_band": [
    [
      true,
      true
    ]
  ],
  "toy_seed": 173,
  "weights": [
    0.0545136399212783,
    -0.024094454548968768,
    -0.026247490258427025,
    0.04303221251994824,
    0.029029271315120835,
    -0.011784044038301262,
    0.030222408425700533,
    0.03128536931600251,
    -0.007260914420685065,
    -0.03778033535872812,
    -0.03321438363480587,
    -0.0349684992521464,
    0.02476217810754531,
    0.08399946906826233,
    0.08009610314672291,
    -0.005347092496081772,
    0.0038793739594432247,
    -0.021044280409055927,
    0.022585405809912088,
    -0.029747813181566624,
    0.030263746950219685,
    -0.021745808931857322,
    0.030176450259193546,
    0.04274077175544081,
    0.028355103793718552,
    0.04414440057163278,
    0.015296035448506167,
    -0.019255166221226604,
    0.057170503819105475,
    -0.03097615155102427,
    0.04389762130197803,
    0.004436415144282195,
    -0.03315323327576414,
    0.057222126935765436,
    0.12061629245597925,
    0.021007175200107215,
    -0.004700934244287419,
    0.04920469841459226,
    0.058880294500287374,
    -0.004813262149600088,
    0.04055838929338091,
    -0.05637752716757077,
    -0.019428858785855624,
    0.14989804952640914,
    0.0011225066436672427,
    -0.014534408679477352,
    0.015306066598303296,
    -0.02617490635250254,
    -0.011766277203609052,
    -0.009788599929365108,
    0.04887472056981849,
    0.04931494106561244,
    -0.0009349927973946305,
    0.01624298025777859,
    0.023057069000905674,
    0.01931135724552069,
    -0.002775017611732425,
    0.06955572793166771,
    0.013235500630575275,
    0.034620018639088396
  ],
  "sum weights": 0.9999999430434388
}