{
  "mu_target": [
    -0.5,
    0.6000000238418579
  ],
  "mu_model": [
    [
      -0.49869138416583647,
      0.5980583801697382
    ]
  ],
  "diff": [
    [
      0.001308615834163529,
      0.0019416436721196861
    ]
  ],
  "sigma_integral": [
    0.0006868749366889324,
    0.0010988399291369704
  ],
  "within_band": [
    [
      false,
      false
    ]
  ],
  "toy_seed": 172,
  "weights": [
    0.03673000780715431,
    -0.016891947593395813,
    0.03638504547101758,
    0.07341502285832917,
    0.03394812928502074,
    -0.0008856164703547445,
    -0.012188185950681638,
    0.04847528017665755,
    -0.0014485120812626547,
    0.02395970327623665,
    -0.029248655263301362,
    0.0035977940285042394,
    0.03971400294027151,
    0.08652628658845733,
    0.08734187495299872,
    0.013286488054746012,
    -0.06756215931011354,
    -0.04238989573511322,
    -0.012000277997405627,
    -0.01906825130706031,
    -0.006133691647902684,
    -0.02852512599869632,
    0.013713486247347903,
    -0.006839121674664837,
    -0.0004077546586876957,
    0.04113648835529276,
    0.0049870138402593415,
    0.02304730891679537,
    0.08745189810801374,
    -0.022645826110688865,
    0.04293830729420254,
    0.018359620958307992,
    0.012401702622379414,
    0.03823956256479063,
    0.09379803860485635,
    0.048961632777960756,
    -0.04156101434734818,
    -0.004314533384856295,
    0.1384355978790392,
    -0.010391361123898681,
    -0.0019856351983995124,
    -0.02842847510589272,
    -0.006247304853714808,
    0.13936942479391642,
    0.01603942224322845,
    -0.004912066568791426,
    0.01907227139354338,
    0.026063305898064607,
    0.036477805967982564,
    0.03158983439631099,
    -0.04595003883866639,
    0.02487740055966942,
    -0.01368245965403589,
    -0.0054390321136658015,
    0.024590925436799912,
    0.012037306762499917,
    0.009448250158124404,
    0.0031395542407009224,
    -0.014479494903587227,
    0.054070586346360396
  ],
  "sum weights": 0.999999943913655
}