{
  "mu_target": [
    -0.5,
    0.6000000238418579
  ],
  "mu_model": [
    [
      -0.4995323628657229,
      0.600352589428996
    ]
  ],
  "diff": [
    [
      0.0004676371342771102,
      0.0003525655871381428
    ]
  ],
  "sigma_integral": [
    0.0006826931347537408,
    0.0011058657673850417
  ],
  "within_band": [
    [
      true,
      true
    ]
  ],
  "toy_seed": 170,
  "weights": [
    0.04565930582436576,
    0.016859872529298325,
    0.014572075461663326,
    -0.002303909769608889,
    0.050646256805396195,
    -0.00290284039462653,
    0.026561265500127926,
    0.056081790167524743,
    0.0475379628341219,
    0.017979622123067765,
    -0.06431081769803945,
    -0.015660166656428807,
    -0.02278524861600995,
    0.06398896295804495,
    0.09216203507994293,
    0.027464756816939127,
    -0.01933603146830382,
    -0.005710754279932853,
    0.06848252297874845,
    -0.004077957158081939,
    7.023561823130372e-05,
    -0.024423788559012095,
    0.002498814368778122,
    0.021282348008164836,
    -0.0046117586796450205,
    0.017778055666350517,
    0.008660759388219658,
    0.0414225085499246,
    0.061769790243917454,
    0.019727773000419287,
    0.027990465049589228,
    -0.001674383103416543,
    0.020853575855201235,
    0.005007085519326431,
    0.11720021311855469,
    0.03223378989991803,
    -0.06050551643253595,
    0.007761211931204821,
    0.05378257479362251,
    0.0335726079178077,
    0.016014891200980857,
    -0.043377946852888004,
    -0.03162798757114526,
    0.1378471143467884,
    -0.008392376348413586,
    0.02626747764036337,
    0.008769411771133223,
    -0.004069233751135565,
    0.02481233257197975,
    -0.016126873372401953,
    0.003441228426839629,
    0.016270615859099096,
    -0.02501762933758059,
    0.03547051270974809,
    0.0004011531053303349,
    0.016591258151067635,
    8.800619854937626e-05,
    0.0358922341195413,
    -0.012119845408026811,
    0.04756053229626921
  ],
  "sum weights": 0.9999999409489284
}