{
  "num": 39719.92578125,
  "den": 29062.955078125,
  "test": 10656.970703125
}