{
  "num": -54711.58984375,
  "den": -54891.2265625,
  "test": 179.63671875
}