{
  "num": -48407.44140625,
  "den": -48401.95703125,
  "test": -5.484375
}