{
  "num": -5066.7607421875,
  "den": -5091.9072265625,
  "test": 25.146484375
}