{
  "num": -48243.77734375,
  "den": -48222.44921875,
  "test": -21.328125
}