{
  "mu_target": [
    -0.5,
    0.6000000238418579
  ],
  "mu_model": [
    [
      -0.4993984813390816,
      0.5992075917136949
    ]
  ],
  "diff": [
    [
      0.0006015186609183987,
      0.0007924321281630453
    ]
  ],
  "sigma_integral": [
    0.000503734624959586,
    0.0008158250362473068
  ],
  "within_band": [
    [
      false,
      true
    ]
  ],
  "toy_seed": 121,
  "weights": [
    0.08749054133711469,
    0.00697668832248803,
    0.008188559952425475,
    -0.003900813918567836,
    0.039094209006460545,
    -0.0028361359449610196,
    0.01623431380285298,
    0.0686366881285331,
    0.01991189308773534,
    -0.02183921293173307,
    -0.03771158480784686,
    -0.017603615872857754,
    0.02234275383780211,
    0.08385525395269665,
    0.04461855908947818,
    0.012251505167352487,
    -0.05501348704394398,
    -0.03790835365272548,
    0.005348890991795939,
    -0.015097214504708314,
    0.026011863821885348,
    -0.03147099883826723,
    0.06065530611423898,
    4.646496597052178e-05,
    0.027208310983426246,
    0.051088125034582293,
    0.04273354021286373,
    0.07243129402944887,
    0.01699547902585507,
    0.022063626911859226,
    0.031654442566957805,
    -0.0062963104894836475,
    -0.002411682544426807,
    0.024461120722182848,
    0.1070431220980305,
    0.05600443575473682,
    0.0029656584861760126,
    0.0027889151793528606,
    0.03520975224872204,
    -0.0044604636915661555,
    0.05360719654518373,
    -0.04765694879141397,
    -0.01004336258651702,
    0.10492177761317378,
    -0.005043449636079928,
    -0.04412843212975763,
    0.020028380501500964,
    0.0025083644687851517,
    0.012769346291704451,
    0.031557344364497225,
    0.06576524162541739,
    0.012152594450847324,
    -0.03967112044278857,
    0.0419330495002156,
    -0.0391970875247594,
    0.016918319906295512,
    0.0065782865029785035,
    0.032803047069465845,
    -0.01173969196198593,
    0.03817564356129088
  ],
  "sum weights": 0.9999999399199904
}