{
  "mu_target": [
    -0.5,
    0.6000000238418579
  ],
  "mu_model": [
    [
      -0.5002179561754908,
      0.598871238186451
    ]
  ],
  "diff": [
    [
      0.0002179561754908077,
      0.001128785655406861
    ]
  ],
  "sigma_integral": [
    0.00050717079170911,
    0.0008159333980583642
  ],
  "within_band": [
    [
      true,
      false
    ]
  ],
  "toy_seed": 269,
  "weights": [
    0.039717273548498806,
    -0.028351539940593407,
    0.01153920066693243,
    0.01410225487637021,
    0.052638171583230725,
    -0.0004255903239509831,
    0.001001313310434547,
    0.028282939245455344,
    0.04012338365687618,
    0.0042433037739937375,
    -0.036288204675605215,
    -0.0014687766256042873,
    -0.013656277484783949,
    0.08560528986952644,
    0.02256753845711169,
    0.009774948063004553,
    -0.009525715550435807,
    -0.022266167579065643,
    0.059377252151744137,
    0.0032035848146489414,
    0.03156588411034379,
    -0.014041139472134485,
    -0.004160415340381751,
    0.00031041521515759896,
    0.03592424679627036,
    0.07389692613821336,
    -0.0017008773749651613,
    0.015370757596842954,
    0.04103031380771018,
    0.01824325615840425,
    0.040706716817849146,
    0.005627453584859746,
    0.019518499503392996,
    0.023176990278188276,
    0.09310732591704125,
    -0.0037152081181845305,
    -0.01180686393731046,
    -0.012401820491799347,
    0.07530991816570463,
    -0.024431061178412695,
    0.04230471943210456,
    -0.05825915934738086,
    -0.053164835150668,
    0.1312504798071486,
    0.014867073403206614,
    -0.012045741463784272,
    0.03764174005174472,
    0.014654903053222394,
    0.008962344379421316,
    0.03977631993171845,
    -0.00152318507041813,
    0.0063854810807738955,
    -0.026630867629639652,
    0.0642000026200812,
    0.02916791577987348,
    -0.0019549311146928863,
    0.00642515263082976,
    0.04633098725703826,
    0.0044865441798846205,
    0.04539949620752996
  ],
  "sum weights": 0.9999999400525726
}