{
  "mu_target": [
    -0.5,
    0.6000000238418579
  ],
  "mu_model": [
    [
      -0.4998617623648909,
      0.5982522132964583
    ]
  ],
  "diff": [
    [
      0.00013823763510911746,
      0.0017478105453996307
    ]
  ],
  "sigma_integral": [
    0.0005065647510678184,
    0.0008120673307942389
  ],
  "within_band": [
    [
      true,
      false
    ]
  ],
  "toy_seed": 129,
  "weights": [
    0.08633763815338626,
    -0.0052586023714924065,
    -0.010097450070611812,
    0.011716713708006742,
    0.022576645912316583,
    -0.019151509131892796,
    0.041656304380112266,
    0.03461585551056735,
    0.07018975576058359,
    -0.0076097429327928,
    -0.031836160541648825,
    -0.013959879548831624,
    0.0392574032939641,
    0.08644546663860708,
    0.09392769666695348,
    0.023067102819158917,
    0.00171232463399249,
    -0.009724759703689382,
    0.005921288638353506,
    -0.0011002585690046468,
    -4.417545697116468e-05,
    -0.03893076460142545,
    0.015836121341096424,
    0.02731412541016035,
    0.01585073186495254,
    0.025090873364760936,
    -0.009943532083333977,
    0.08047407920937573,
    0.06567402858900326,
    -0.014366079515744696,
    0.04824961050286721,
    -0.011457363081578022,
    0.031379362807379005,
    -0.0007262961403433639,
    0.09353834536052161,
    0.0471201595870408,
    -0.04428993797565776,
    -0.016582075697201125,
    0.07097068546971252,
    -0.010485368865568216,
    0.03065853284600071,
    -0.04141219092107511,
    -0.03431058359430098,
    0.15350550967435567,
    0.006635238597155629,
    -0.0011425258861930854,
    -5.2882742935828024e-05,
    -0.004226027075542595,
    -0.005717008634003935,
    0.039862197373723894,
    0.015436609580567136,
    0.01988085186207901,
    -0.019403272794179346,
    0.012375038350659806,
    -0.007717914467420384,
    0.010900076713099822,
    -0.008273398247595456,
    -0.025370090563480198,
    0.020258434049850473,
    0.044754980167856014
  ],
  "sum weights": 0.9999999376237059
}