{
  "mu_target": [
    -0.5,
    0.6000000238418579
  ],
  "mu_model": [
    [
      -0.5001834785260277,
      0.6021571610151911
    ]
  ],
  "diff": [
    [
      0.00018347852602773607,
      0.0021571371733332123
    ]
  ],
  "sigma_integral": [
    0.0009790514714912441,
    0.0015158617747739517
  ],
  "within_band": [
    [
      true,
      false
    ]
  ],
  "toy_seed": 299,
  "weights": [
    0.06123065944807399,
    0.023089980258439342,
    -0.018523232257980193,
    -0.06018479989496279,
    0.035160798345325026,
    -0.013163789199613628,
    0.024894200826781652,
    -0.03905799857859261,
    0.004283786512890686,
    -0.028969586154900074,
    0.09977654880485481,
    0.009860823986410167,
    -0.08061378133311112,
    -0.02021728740401474,
    0.0029673189458423984,
    0.03341237529936237,
    -0.053961267126106,
    0.1496573056226759,
    -0.05621867601484211,
    0.11768475625522996,
    -0.015439681351615542,
    -0.019737429352098657,
    -0.093826255382906,
    0.0916698061456285,
    -0.029564820280160775,
    -0.03370769874990322,
    0.02713599938610451,
    -0.00299413476656367,
    0.05151029680479276,
    0.0352362352871485,
    0.02985367608511575,
    0.03318750018576962,
    -0.009026259413034242,
    0.042983683776679944,
    0.04811315135678357,
    0.10319024831842617,
    0.05472230507700225,
    0.09623756284985686,
    0.0477318341380831,
    0.022054673649334944,
    -0.040081635348102065,
    -0.03708520163411102,
    0.10529481379137492,
    -0.022349890193759603,
    0.029491256751893697,
    0.10066659752444213,
    0.006347073265384546,
    -0.00948175669674515,
    0.005177214261618658,
    0.06333848691283149,
    0.02384413813422158,
    -0.06597003564266271,
    0.010757561088044175,
    0.07683009588769234,
    0.024113345165564393,
    0.061022223313459155,
    -0.0616166362978938,
    -0.005789974097025087,
    -0.0005360070716274513,
    0.06558943883356261
  ],
  "sum weights": 0.9999999380543703
}