{
  "mu_target": [
    -0.5,
    0.6000000238418579
  ],
  "mu_model": [
    [
      -0.4985284712939775,
      0.5980923703098476
    ]
  ],
  "diff": [
    [
      0.001471528706022518,
      0.0019076535320102783
    ]
  ],
  "sigma_integral": [
    0.000980227699582311,
    0.001516293708948685
  ],
  "within_band": [
    [
      false,
      false
    ]
  ],
  "toy_seed": 105,
  "weights": [
    -0.0046591302029670946,
    -0.001048440978964535,
    0.0038806269501275243,
    -0.038520554928625356,
    -0.05413152016117244,
    -0.059716832184131305,
    0.022607582785976892,
    -0.07441427071647962,
    0.11243297355524105,
    -0.0041492419224274995,
    -0.02085587850134003,
    0.024599510909489013,
    -0.05512475356275123,
    -0.033609080026953106,
    0.04078857166171069,
    0.08993471739957846,
    -0.006036547295719285,
    0.1365877417809003,
    -0.028552319876849707,
    -0.011462968517321946,
    -0.00018040703520911673,
    0.011235979987278287,
    -0.03538673963684077,
    0.02017957546192741,
    0.03892721386065287,
    -0.02276651612342233,
    -0.028437718309435478,
    -0.0169780513836794,
    0.0406651797469275,
    0.02476290269126953,
    -0.026861089118314932,
    0.05204322273077832,
    -0.06749141987734175,
    0.10323504829349839,
    0.06670930609079825,
    0.06271667546730782,
    -0.0347171804727093,
    0.049808877735506,
    0.04377463130775501,
    0.1232773218321719,
    0.004884242828920126,
    -0.03214778881244109,
    0.03884309563960618,
    0.023635133436683185,
    0.06384047706101731,
    0.13413201963120336,
    0.0331677819825734,
    0.038347913727276604,
    -0.0002815249262249031,
    0.021681642615403406,
    0.016854718225172368,
    0.05731335509251697,
    0.027313431173977557,
    -0.005792636054128612,
    0.07610974763618245,
    0.001391545728553748,
    0.04339843488060594,
    -0.06039097956144165,
    0.06495436402273455,
    0.009677971052770752
  ],
  "sum weights": 0.9999999447972006
}