{
  "mu_target": [
    -0.5,
    0.6000000238418579
  ],
  "mu_model": [
    [
      -0.4989323818200017,
      0.6003148545126494
    ]
  ],
  "diff": [
    [
      0.0010676181799982865,
      0.0003148306707915216
    ]
  ],
  "sigma_integral": [
    0.000973841397976027,
    0.0014950393458296994
  ],
  "within_band": [
    [
      false,
      true
    ]
  ],
  "toy_seed": 101,
  "weights": [
    -0.030939991372569163,
    0.06958945870099204,
    0.0154211805469999,
    -0.025483051948424224,
    -0.0048145349204614584,
    -0.00472875820082295,
    -0.019347450586536342,
    -0.0625787958363329,
    -0.0332249066153544,
    -0.0073940820266935655,
    0.009513739045933113,
    0.04227774965449542,
    -0.03502336898170727,
    0.051551982423607014,
    0.0004569503100330347,
    0.11532464265521515,
    -0.03730674175175223,
    0.14755104265329494,
    -0.04273377665466127,
    0.07831488362071069,
    0.0342762812928651,
    0.035786601173291195,
    -0.08819420942401988,
    0.04763235649700649,
    0.09774200073389265,
    0.02158514705615391,
    -0.07014182747150798,
    0.044851070754608716,
    0.02394615027251951,
    0.05823593094101876,
    -0.04845929736566912,
    0.017284667453743126,
    -0.03716390504523336,
    0.029082323534827977,
    0.0827182835293949,
    -0.028135045126197137,
    0.04866323954483231,
    0.025180855136168308,
    0.026376629391104016,
    0.01892675684039556,
    0.03804723463742956,
    0.036369462976711286,
    0.030598131954657968,
    -0.015543897605402177,
    -0.001688733890013786,
    -0.0141579493026518,
    0.06095863449144853,
    0.034439997710885614,
    -0.058234308386541145,
    0.08003961075216368,
    0.018898479094916952,
    -0.013171698111724401,
    0.06571007373377305,
    0.06976561642850208,
    -0.011412758518374103,
    0.12438791147780985,
    -0.08535821806615591,
    -0.02266662123243873,
    0.03504456268869895,
    0.06135422808186645
  ],
  "sum weights": 0.9999999393507226
}