{
  "mu_target": [
    -0.5,
    0.6000000238418579
  ],
  "mu_model": [
    [
      -0.5008614672829524,
      0.5988112926630541
    ]
  ],
  "diff": [
    [
      0.0008614672829524439,
      0.0011887311788038035
    ]
  ],
  "sigma_integral": [
    0.0009823557882267138,
    0.0015168104088791054
  ],
  "within_band": [
    [
      true,
      true
    ]
  ],
  "toy_seed": 241,
  "weights": [
    0.0338880091369658,
    0.0119236944249913,
    0.080875746442606,
    -0.0587734201687799,
    0.08938971515084448,
    -0.028197044003901026,
    0.034313480138199376,
    -0.004180306540166799,
    0.06639690928438911,
    0.08502174245436675,
    -0.023538030656798842,
    0.018107353873455655,
    -0.0018653676077084842,
    0.0177943623731662,
    0.0005015837268784705,
    0.06778954292650767,
    -0.0686879792069164,
    0.1945116208045354,
    -0.021716801837726757,
    -0.017452199979004757,
    0.037643553055519266,
    0.030915328919056507,
    -0.040808078804128,
    0.047015855028331464,
    0.005388208926070104,
    -0.012670881490055895,
    -0.0441651217668234,
    0.011692550620194333,
    0.01372468320223716,
    -0.0204908290935279,
    -0.016668752898138014,
    0.052151151219460776,
    -0.07107757962111036,
    -0.0012495831912271822,
    0.04136318007506061,
    0.03772432347631444,
    0.03696654366582355,
    0.09124398937467344,
    0.06338911827606097,
    0.0784248578906049,
    0.0020856255987740683,
    0.027738351792135563,
    0.05101597061000069,
    -0.012207750284976275,
    0.007210266696267964,
    0.011716635556239852,
    0.0050987591760607645,
    -0.005156847452898366,
    0.003984849482924592,
    -0.021660723879413823,
    -0.021925088877044124,
    -0.030107677438409326,
    0.005801956315022773,
    0.02432960583760558,
    0.04405004790489524,
    0.06340210434058932,
    -0.026223281869287084,
    -0.0011186168073207985,
    0.007312367475343752,
    0.04803826317249988
  ],
  "sum weights": 0.9999999449493103
}