{
  "mu_target": [
    -0.5,
    0.6000000238418579
  ],
  "mu_model": [
    [
      -0.49926234428468785,
      0.5980933010813885
    ]
  ],
  "diff": [
    [
      0.0007376557153121466,
      0.001906722760469437
    ]
  ],
  "sigma_integral": [
    0.0009786999824233633,
    0.0015090130913154897
  ],
  "within_band": [
    [
      true,
      false
    ]
  ],
  "toy_seed": 183,
  "weights": [
    -0.0009841064792423372,
    -0.022223353609450075,
    -0.03859034105459584,
    -0.03498084308003069,
    -0.017627100059399246,
    0.030797449894538986,
    0.014876446296113408,
    0.03576196434763525,
    0.0359733989635021,
    0.05556227098508551,
    0.05132919509271459,
    0.09394223804045465,
    -0.047061524897825065,
    0.03822071102846866,
    0.004157083491327577,
    0.059058595870616,
    -0.04818419549592475,
    0.0839223630422889,
    -0.06534693635355238,
    0.11988649871612349,
    0.05787367144053935,
    -0.05006620141521275,
    -0.046566520475014035,
    0.046746933176825274,
    -0.06655400205428934,
    -0.04061575301980187,
    0.03129401778044861,
    0.11099745418709697,
    0.02639487278757581,
    0.007695479504192517,
    -0.02191906228072615,
    -0.016955690658803677,
    -0.05908456196888892,
    0.031909535078811134,
    -0.0019265965065059778,
    -0.023056291852696042,
    0.025926449234479235,
    0.08485340102234676,
    -0.017668447638407452,
    0.079292017354649,
    -0.0027338970454119835,
    -0.013586939600702482,
    0.05183839950302574,
    0.0004883378505004394,
    -0.010009129096241548,
    0.13536487556111887,
    0.09102974596208267,
    -0.03015216269224571,
    0.08272752894256662,
    0.03818172544059175,
    0.055625262709965866,
    0.012994850220085825,
    0.03554599998589858,
    0.03707124557361919,
    0.04980368137191396,
    0.0509750282342978,
    -0.09854936776300569,
    -0.04161252351615625,
    -0.02846182392261236,
    0.0763985841563872
  ],
  "sum weights": 0.9999999403111457
}