{
  "mu_target": [
    -0.5,
    0.6000000238418579
  ],
  "mu_model": [
    [
      -0.49895460991074975,
      0.602506039577712
    ]
  ],
  "diff": [
    [
      0.0010453900892502532,
      0.0025060157358540724
    ]
  ],
  "sigma_integral": [
    0.0009763656776789777,
    0.0015149609067114864
  ],
  "within_band": [
    [
      false,
      false
    ]
  ],
  "toy_seed": 137,
  "weights": [
    0.08603478313571551,
    0.02896391781317177,
    -0.06962634656293276,
    0.007653421637816137,
    0.010597754495125905,
    -0.03067777870214069,
    -0.02998835474347499,
    -0.025787088088274575,
    0.15175578259443226,
    -0.01847634685717244,
    0.0012962206874201384,
    0.030954462928811204,
    -0.07852961438720156,
    -0.0035839305207664655,
    0.040450729819267534,
    0.03874932744613678,
    -0.007419388415044046,
    0.16418009630271155,
    -0.08623729345319568,
    0.025258366126621495,
    0.029041776818024487,
    -0.0467565132941556,
    -0.08546880908893258,
    0.029419017303946336,
    -0.03907856512517521,
    -0.01476503341342184,
    0.08324724989183314,
    0.03104037305721821,
    0.07479088412454472,
    -0.015670389438334632,
    -0.020547457743762966,
    0.05405451086438875,
    0.015488107561998561,
    0.04225936576871413,
    -0.043386195556311326,
    0.07430445875710237,
    0.08019576058396533,
    0.14214771676623325,
    -0.007182217337321693,
    -0.03924956685270556,
    -0.03398786089571622,
    -0.022737517817693356,
    0.08515782534812986,
    -0.01008429797500627,
    0.03834348761503099,
    0.13535506777493725,
    0.023247822080181255,
    0.06098865380116259,
    0.037302064699104916,
    0.013930382006771722,
    0.010623064159716951,
    -0.07043139742254471,
    -0.1208542834880789,
    0.05520240034347905,
    0.08687824757183688,
    0.14650021261145732,
    0.022206545095885977,
    -0.09580455145824877,
    -0.05133991449083929,
    0.11005080098271197
  ],
  "sum weights": 0.9999999454471542
}