{
  "mu_target": [
    -0.5,
    0.6000000238418579
  ],
  "mu_model": [
    [
      -0.49888181517111796,
      0.6011848669066457
    ]
  ],
  "diff": [
    [
      0.0011181848288820406,
      0.0011848430647878327
    ]
  ],
  "sigma_integral": [
    0.0009741812273665466,
    0.0015082971585825597
  ],
  "within_band": [
    [
      false,
      true
    ]
  ],
  "toy_seed": 32,
  "weights": [
    -0.009627968568291038,
    0.005686521108974743,
    -0.048976704060906866,
    -0.05445187462362743,
    0.041130635825799934,
    0.008125557255499056,
    0.050131214505055754,
    -0.02183279399812832,
    -0.041725801430338265,
    0.0417058776587489,
    0.05193689261793024,
    0.11702848226039833,
    0.007437336660583329,
    -0.0046381039030459065,
    0.030834665022324424,
    0.049830170456973924,
    0.015429538323618404,
    0.1107105734072366,
    0.02056332480921039,
    0.0327737895041213,
    0.05370350379718542,
    -0.0014058687380205362,
    -0.12558621266175982,
    0.013787033730580926,
    0.018106082094166493,
    -0.031426881743481745,
    0.0341843530233178,
    0.00858472616932433,
    -0.011965029240818116,
    -0.0013859657118827876,
    -0.06856806595659669,
    -0.004614642223009366,
    -0.010253979727969879,
    0.021836284280495336,
    0.09585686219594851,
    0.05853506310579779,
    0.011885613246480865,
    0.1256853222722941,
    -0.03132799218386859,
    0.035432115608081335,
    0.03381278100302431,
    -0.025425756932970736,
    0.011205119056738032,
    -0.04581971507350641,
    0.024689709067102057,
    0.11099162687362689,
    0.02381227723378895,
    0.05675273717004645,
    -0.04879738224260739,
    0.06637278418156824,
    0.072331335658421,
    0.04508002219985382,
    -0.0037540826658218358,
    -0.008574487457438964,
    -0.009239647974379614,
    0.049579436880847344,
    0.02112770655890595,
    -0.020840319099554402,
    0.03265576029527617,
    0.020906383929164857
  ],
  "sum weights": 0.9999999428304877
}