{
  "mu_target": [
    -0.5,
    0.6000000238418579
  ],
  "mu_model": [
    [
      -0.5007993326041379,
      0.597543605774894
    ]
  ],
  "diff": [
    [
      0.0007993326041378923,
      0.00245641806696395
    ]
  ],
  "sigma_integral": [
    0.000975140001737521,
    0.0014935153805582793
  ],
  "within_band": [
    [
      true,
      false
    ]
  ],
  "toy_seed": 152,
  "weights": [
    -0.04275066045085418,
    0.02427254754306293,
    0.06954632623816273,
    -0.012036242832270533,
    0.07692382300459721,
    0.009658701630953621,
    -0.03691724565587265,
    -0.016025841380175536,
    0.03980606349014158,
    0.02244381273733858,
    -0.01813821519425631,
    0.10959561269419428,
    -0.025146472486390625,
    0.04121610612610946,
    0.062381017757729626,
    0.03894299592609256,
    -0.07044730875814337,
    0.07066327239010432,
    -0.018696135506857867,
    0.006795679718476781,
    -0.03681964905063433,
    -0.016982989612406223,
    -0.07818440531054607,
    0.04232629266393542,
    0.022048747534384364,
    0.025615027205009508,
    -0.015351560052719513,
    0.036488373534061834,
    0.009763941143163842,
    0.015423954804457778,
    -0.02147643341613602,
    -0.0005234885726662989,
    -0.037539068446754725,
    -0.00640063713511027,
    0.021648987995556878,
    -0.0002088291751118648,
    0.010523593558965212,
    0.11801166977692938,
    0.009566165991517472,
    0.09363814138787176,
    0.0019520306783515867,
    0.020182984887502642,
    0.10922156472369828,
    -0.025053829612424087,
    0.02854881964022107,
    0.07138117277771625,
    0.04706978868199656,
    -0.0015710196796604417,
    -0.01523569799490946,
    -0.003948828195133959,
    0.00943657699464883,
    -0.0024361712907207777,
    -0.01910120618663378,
    -0.032188537543081736,
    0.05374569754446075,
    0.20025935628962674,
    -0.02620996354436203,
    0.03730507822557053,
    -0.0018308841741732145,
    0.024817332927340008
  ],
  "sum weights": 0.9999999369659445
}