{
  "mu_target": [
    -0.5,
    0.6000000238418579
  ],
  "mu_model": [
    [
      -0.4996995031060692,
      0.597297890799493
    ]
  ],
  "diff": [
    [
      0.0003004968939308017,
      0.002702133042364885
    ]
  ],
  "sigma_integral": [
    0.0009758391270491682,
    0.0014892117333810005
  ],
  "within_band": [
    [
      true,
      false
    ]
  ],
  "toy_seed": 28,
  "weights": [
    0.02155524050203954,
    0.0350351343399254,
    0.013888129158320417,
    -0.040877902636627446,
    0.01645226824566897,
    0.031476075365233495,
    -0.02172985448016179,
    -0.02857349295689877,
    0.00041915957552871963,
    0.02198753480610655,
    0.010691738841865486,
    0.06186633580898894,
    -0.057316322087832196,
    0.014390028756830873,
    0.06021929610863611,
    0.06719745793590247,
    -0.008808463234858153,
    0.13131059017206437,
    0.0011799026211694306,
    0.086538312391734,
    0.08176028828130247,
    -0.017160016830332303,
    -0.13687651547268861,
    0.03591239865765718,
    0.0888104137568181,
    -0.01590070605859335,
    0.02503318566621362,
    -0.051732588667995266,
    0.06968543249179353,
    0.014163176291683162,
    -0.0563616841523587,
    0.056875583367256045,
    -0.028286567504868368,
    0.12016941669350277,
    -0.06881462391535378,
    0.09532875959346218,
    0.0021505373808362914,
    0.06733817633308314,
    -0.01573102197353926,
    0.028514330346345002,
    0.039409611437192134,
    0.01504826024722976,
    0.05364163667672547,
    -0.05567889739952264,
    0.02262011322134718,
    0.04022730471713356,
    0.06676859534774138,
    0.05701283536898805,
    -0.042225108549689416,
    0.09438668436194649,
    -0.034805700344781615,
    0.0458226555226936,
    -0.06015865643603998,
    0.026790012310214325,
    -0.05947152920844977,
    0.11317159390451965,
    -0.023776043467268235,
    -0.06722904787920292,
    -0.003197599590216482,
    0.05986407774860992
  ],
  "sum weights": 0.9999999415070308
}