{
  "mu_target": [
    -0.5,
    0.6000000238418579
  ],
  "mu_model": [
    [
      -0.500163019151852,
      0.5997543034349214
    ]
  ],
  "diff": [
    [
      0.00016301915185201743,
      0.00024572040693648933
    ]
  ],
  "sigma_integral": [
    0.0009804805816503058,
    0.0014983673716372754
  ],
  "within_band": [
    [
      true,
      true
    ]
  ],
  "toy_seed": 3,
  "weights": [
    0.02699525800438525,
    0.06187610888351511,
    -0.031031815996475344,
    0.0343347977193778,
    -0.0028453617546463743,
    -0.006805781522691114,
    -0.03859970541098378,
    -0.0213608150285797,
    -0.0051329602664812925,
    0.10659977702985306,
    -0.014448293783842419,
    0.11747365467810199,
    -0.0770427183381146,
    -0.012163515059322177,
    0.006016681012112941,
    0.10673957009119892,
    -0.04367514071499429,
    0.08650949280838967,
    -0.04162132023451447,
    0.05844355693397061,
    -0.01150428708169653,
    0.03153912126372891,
    -0.13634729610991117,
    0.07017523324693334,
    0.06884923829471253,
    -0.02541288631543654,
    -0.010218215213761001,
    0.06791784944181055,
    0.05905167504883103,
    0.026132047097680435,
    0.03326440180558811,
    0.07154119396768642,
    -0.08629528375246459,
    0.07917672246440965,
    0.008114233732767566,
    0.06230417705491569,
    0.050403766898582184,
    0.08512050059177653,
    -0.019147815391802332,
    0.018753582760892454,
    -0.04898572943585886,
    -0.004722390519785773,
    0.04854891900200031,
    -0.09401798672109996,
    0.020832734314840236,
    0.08971792289573326,
    -0.012855975327403976,
    0.07232888656909676,
    0.03078373326267443,
    0.026865278441048024,
    0.0012109404127178776,
    0.02560902332887281,
    -0.024945116536353555,
    0.03630308125283421,
    -0.002559830110974656,
    0.11561698118421729,
    -0.09727586409894647,
    -0.025292578438614752,
    0.03132658536869265,
    0.057831891295050473
  ],
  "sum weights": 0.9999999349942432
}