{
  "mu_target": [
    -0.5,
    0.6000000238418579
  ],
  "mu_model": [
    [
      -0.4999518584832644,
      0.5989033055927027
    ]
  ],
  "diff": [
    [
      4.81415167356003e-05,
      0.0010967182491552485
    ]
  ],
  "sigma_integral": [
    0.0009832704189383875,
    0.001499039827484954
  ],
  "within_band": [
    [
      true,
      true
    ]
  ],
  "toy_seed": 21,
  "weights": [
    -0.01149893952970943,
    0.008595534180397987,
    -0.0073087315240992975,
    0.017823422522886132,
    -0.042736525495098286,
    -0.03149986991242136,
    -0.02885296141663897,
    -0.013863567695633022,
    -0.028798026013622077,
    0.11420708683747668,
    0.04127965293191385,
    0.13553231525977724,
    -0.0703407015164062,
    0.01571544809526769,
    0.07783010078999819,
    0.027276446360564366,
    -0.0344902984689429,
    0.08723453383208647,
    0.013931530014627465,
    0.007657510295143884,
    0.08466440974924515,
    -0.03086945254685532,
    -0.06452643489432691,
    0.09005073088237821,
    -0.001556058013761719,
    -0.020036988473345497,
    0.026734290041505373,
    0.0005153331571075892,
    0.04432727091063303,
    0.006670708620199628,
    -0.07458065719327493,
    0.012748944312196895,
    -0.026510333157634763,
    -0.00013372885323023397,
    0.0185162709972013,
    0.055284904938662074,
    -0.010920776898614528,
    0.07200562026803688,
    0.002615845143711696,
    0.09405557350289223,
    0.01754610861719781,
    0.02687976913742271,
    0.0181918179446841,
    0.013323626119494237,
    0.059139242494835285,
    0.1154601920956788,
    -0.02121717895723922,
    0.014101545860113442,
    -0.05343792963303948,
    0.08566708179693937,
    -0.017045320745100394,
    0.055396104870560535,
    -0.05755660383511404,
    -0.0007483942544367718,
    0.04189370588268504,
    0.09561621399776139,
    0.008731486034712759,
    -0.02678311843584212,
    0.03478753083353753,
    0.033304631507438724
  ],
  "sum weights": 0.9999999433725842
}