{
  "mu_target": [
    -0.5,
    0.6000000238418579
  ],
  "mu_model": [
    [
      -0.5010674767434524,
      0.6018711673737454
    ]
  ],
  "diff": [
    [
      0.0010674767434524224,
      0.0018711435318874425
    ]
  ],
  "sigma_integral": [
    0.0009784536310601401,
    0.0015102477406012554
  ],
  "within_band": [
    [
      false,
      false
    ]
  ],
  "toy_seed": 259,
  "weights": [
    -0.028172727599401162,
    0.04572522907429719,
    0.04351219816837944,
    -0.02222847310913245,
    -0.06027120934145576,
    0.005740056631192104,
    0.062235189968658684,
    -0.024691663891949125,
    0.04327451397878796,
    0.05480002287816097,
    0.03266055885632532,
    0.12658774963300787,
    -0.07030319878723289,
    -0.006562369443293196,
    0.031374953205233924,
    0.018866117644753922,
    -0.03206391131844411,
    0.09503493071011589,
    -0.04060919863561536,
    0.04935764007487583,
    0.018899605210620445,
    -0.043360252723445555,
    -0.02609212959642622,
    0.051663269821412824,
    0.050934214771226026,
    0.01207315464698598,
    0.013149431339005533,
    -0.02114698931490545,
    0.0030920273814635303,
    0.019554618184515773,
    -0.037031073027206554,
    0.04311704218059265,
    -0.018313437696422512,
    0.045104424297484236,
    -0.0037162735888520786,
    0.011300711419296545,
    -0.023435902662949617,
    0.09796388544466181,
    -0.011462341511074491,
    0.08610498362384858,
    -0.007955234201309341,
    -0.028600013824278122,
    0.059782339841845715,
    -0.0013448467643540146,
    0.06124455786248677,
    0.08999740045084774,
    0.0031298892814478163,
    0.07515204915787721,
    -0.06694703308193325,
    0.07264159807973807,
    0.01784756440832054,
    0.012165970558861964,
    -0.033869867679894944,
    -0.011226329795881135,
    0.008290983913681355,
    0.055059297910447544,
    0.05162494496096733,
    -0.025153698891631004,
    0.04021293450370474,
    0.03528205912880338
  ],
  "sum weights": 0.9999999427168449
}