{
  "mu_target": [
    -0.5,
    0.6000000238418579
  ],
  "mu_model": [
    [
      -0.49864728436594935,
      0.5987549486276977
    ]
  ],
  "diff": [
    [
      0.0013527156340506497,
      0.001245075214160174
    ]
  ],
  "sigma_integral": [
    0.0009612840612558334,
    0.0014952603101237528
  ],
  "within_band": [
    [
      false,
      true
    ]
  ],
  "toy_seed": 47,
  "weights": [
    -0.015295434151295594,
    0.04484657629407956,
    0.0054135011900802565,
    -0.035789969027231014,
    0.021225954620754117,
    -0.02523708719984548,
    0.046501552036264174,
    -0.017126765333977965,
    0.05126532188276916,
    0.14954811862678238,
    0.07558235439715752,
    0.09469369526217977,
    -0.05039809499002976,
    0.06466059019150643,
    0.02865990773202753,
    0.0320744864868732,
    -0.07349869120138228,
    0.10736343162480158,
    -0.03144195659871502,
    0.03364672074971124,
    0.04460038217306446,
    -0.03282376445062784,
    -0.10290525884022124,
    -0.030076139677256166,
    0.01545521814644449,
    0.006827085870685832,
    -0.0295021254055103,
    -0.00010407822759678707,
    0.022767674820377757,
    0.028223452903905794,
    -0.05382464619464739,
    -0.028557921385613395,
    -0.027005183661738708,
    0.04828208062146678,
    0.0960096957337298,
    0.011890821104883762,
    0.04136456306787996,
    0.08859675832920101,
    0.028853328046074884,
    0.030062995981439383,
    0.02855272253339238,
    0.03261976665417969,
    0.05105759421245311,
    -0.005869755486886524,
    0.03672644383676653,
    0.11780098268786535,
    0.008449169139461303,
    -0.010054860392066982,
    -0.07184945010093208,
    0.09100371791216691,
    -0.03570211736831724,
    0.015859391281805704,
    -0.061049189957448416,
    -0.025633902181669003,
    0.04914254423419348,
    0.08490655185701626,
    0.02373313884975486,
    -0.007514919860554175,
    -0.01112499611720586,
    0.024117955619980237
  ],
  "sum weights": 0.9999999389024075
}