{
  "mu_target": [
    -0.5,
    0.6000000238418579
  ],
  "mu_model": [
    [
      -0.5003193965155099,
      0.5991572642562469
    ]
  ],
  "diff": [
    [
      0.00031939651550993986,
      0.0008427595856109749
    ]
  ],
  "sigma_integral": [
    0.0009669886265842641,
    0.0015050520146868644
  ],
  "within_band": [
    [
      true,
      true
    ]
  ],
  "toy_seed": 234,
  "weights": [
    -0.04077691035609515,
    0.026811249225787696,
    -0.009249723995184693,
    -0.029152393776082725,
    0.016145908291212808,
    -0.0029918694209478073,
    0.01932018794760608,
    0.01419279806072395,
    0.12507884836587643,
    0.03917222651382568,
    0.0443065338974293,
    0.10676856400028673,
    -0.036496278776519314,
    0.043760817693271746,
    -0.019491701005176814,
    0.060692627421208706,
    -0.06339084695411171,
    0.11664477983295121,
    -0.01430278774532858,
    -0.005677635861255652,
    0.0658043090529871,
    -0.01482741035334704,
    -0.05908033430722513,
    0.05326744259268592,
    -0.004064195144640412,
    -0.015810784825988713,
    -0.004089335226193039,
    0.008136761688013833,
    0.029630405580004876,
    0.030330807524360924,
    -0.027725667452026564,
    -0.02128591123067676,
    0.03336179390746926,
    -0.006285828268662185,
    0.01954595017406497,
    0.02986430135725251,
    0.03306566145951351,
    0.04730455469082104,
    -0.04225263841114909,
    0.05509272850982062,
    0.011829483394317929,
    -0.037726561599202166,
    0.07197113643826188,
    0.04764568133167858,
    0.10988511024241052,
    0.03892722821234085,
    0.05994412336981251,
    0.019628390265056514,
    0.00019956689289737245,
    0.015565823308528317,
    0.006974116902100708,
    -0.009392056259878226,
    -0.020064992369885324,
    -0.048796228453396394,
    0.0815155332879659,
    -0.0027890945654996035,
    -0.03755760051119428,
    0.006870900827642874,
    0.028215287910236163,
    0.055807086782222896
  ],
  "sum weights": 0.9999999400829804
}