{
  "mu_target": [
    -0.5,
    0.6000000238418579
  ],
  "mu_model": [
    [
      -0.500811612416829,
      0.599575899949112
    ]
  ],
  "diff": [
    [
      0.0008116124168290328,
      0.0004241238927459312
    ]
  ],
  "sigma_integral": [
    0.0009766400666691363,
    0.001507248508115341
  ],
  "within_band": [
    [
      true,
      true
    ]
  ],
  "toy_seed": 243,
  "weights": [
    -0.004836081155700777,
    0.029890446454380513,
    -0.025431137454684876,
    -0.002479194754212687,
    -0.07644090696651239,
    -0.03307735498533879,
    -0.0012379802905432473,
    -0.07670007327573534,
    0.03498527508557942,
    0.01354033654863705,
    -0.004073608990239054,
    0.025846633622009306,
    -0.02274707970193747,
    0.0026355099549535636,
    0.036475801885120535,
    0.04337079436019903,
    -0.014382451191585335,
    0.09172404468736883,
    -0.08859929379407151,
    0.00434701529657688,
    0.08068171039155994,
    0.0025912557447593625,
    -0.08790947634451632,
    0.06037959080492927,
    -0.019706513412927628,
    0.014110413188538696,
    -0.005966785669483189,
    0.03735771358066527,
    0.05787647016007294,
    0.05257395338546006,
    -0.017017541211728153,
    0.04422787603184707,
    -0.05160167474241777,
    -0.00887177336244664,
    0.03620409957317778,
    -0.010948218698071195,
    0.06177122471379839,
    0.011020718313053929,
    0.026097978540763445,
    0.0579135582384594,
    0.01778806774720358,
    0.07373779883648748,
    0.07773233132495634,
    0.013712055690996431,
    0.09162742340603697,
    0.11085916996970503,
    0.0451792026020484,
    0.023459036067573786,
    -0.06598039298612117,
    0.07403499603741127,
    0.031227332806000856,
    -0.0026799694682980236,
    -0.04081835757608284,
    0.02390321779604535,
    0.046493352995631065,
    0.12358951836852178,
    0.06769614529488807,
    -0.017484473985708734,
    0.023308321740758694,
    0.00901987564463508
  ],
  "sum weights": 0.9999999268724478
}