{
  "mu_target": [
    -0.5,
    0.6000000238418579
  ],
  "mu_model": [
    [
      -0.4996008404549894,
      0.6015781269072362
    ]
  ],
  "diff": [
    [
      0.0003991595450105745,
      0.0015781030653783112
    ]
  ],
  "sigma_integral": [
    0.0009792889488638044,
    0.0014990396819568334
  ],
  "within_band": [
    [
      true,
      false
    ]
  ],
  "toy_seed": 228,
  "weights": [
    -0.05709344913742482,
    0.0297708159482476,
    -0.00023046168025045758,
    0.04835304124275096,
    0.01011848172897897,
    -0.007024323532547822,
    0.12762451432023644,
    -0.05688595442229485,
    0.04264638556253912,
    0.03234908966368781,
    0.024943924140447004,
    0.0021278538319900475,
    -0.04890161231544154,
    0.0036962470368510528,
    0.04241384443497872,
    0.08171566895614062,
    -0.06429322588128596,
    0.08618641299557303,
    -0.0037405873340812857,
    0.03416974685289243,
    0.0308208403503837,
    -0.04890681396488317,
    -0.08841051501693035,
    0.007341337470470341,
    0.04541763672087526,
    -0.08892178897391599,
    -0.0669674642204249,
    -0.001506366845373246,
    0.05546585584329992,
    0.030383878864520732,
    -0.002078860641755372,
    0.08198572321668345,
    0.026593485488258784,
    -0.015902071122358603,
    0.06780690619736925,
    0.01419201890524158,
    -0.01742027284147818,
    0.040829528427858114,
    0.05128805148550844,
    0.06312183870214083,
    -0.011855305109414026,
    0.030575370521135816,
    -0.0012911983403682925,
    0.006364738189218621,
    0.020939226999680618,
    0.09729128865902022,
    0.06391428334427451,
    0.01818111700275471,
    0.006551632485722799,
    0.09982007712332797,
    0.04002260269878428,
    -0.07637890816900668,
    -0.006979167453376489,
    0.0075517957183214275,
    0.02240846827821506,
    0.07063027901254054,
    -0.026907546695006477,
    -0.004479808726680855,
    0.07823490186559057,
    0.05232673563934183
  ],
  "sum weights": 0.9999999435015537
}