{
  "mu_target": [
    -0.5,
    0.6000000238418579
  ],
  "mu_model": [
    [
      -0.500643962200164,
      0.6022045257277374
    ]
  ],
  "diff": [
    [
      0.0006439622001640499,
      0.0022045018858795062
    ]
  ],
  "sigma_integral": [
    0.0009726959220471163,
    0.0014922165944109714
  ],
  "within_band": [
    [
      true,
      false
    ]
  ],
  "toy_seed": 44,
  "weights": [
    0.06692268759122355,
    0.04023413513842051,
    0.010970937916985259,
    -0.06038074586853121,
    0.10053123052774898,
    -0.005543683573594467,
    0.0011267776726033925,
    -0.10301847809622451,
    0.0327949517626672,
    0.02227345499673077,
    -0.016215579970333256,
    0.06767150461088019,
    -0.03671711613558277,
    0.013987355443328487,
    0.06089146337503304,
    0.15303499939189588,
    -0.033413775572794444,
    0.13385718600947072,
    -0.04296057771501449,
    0.0047676649585304135,
    0.07457025986844806,
    -0.07425424381955652,
    -0.09040468119212809,
    -0.005085717725038013,
    -0.03140122802310028,
    -0.024949538872698934,
    -0.013161631255178295,
    -0.012835879634304553,
    0.008623516227520021,
    0.031219085441381054,
    -0.06822621653794332,
    0.01778940360909358,
    -0.015196891038997093,
    0.10813141740846798,
    0.008729254727844405,
    -0.012191955120262122,
    -0.017232275096121033,
    0.11576406792362723,
    0.07331785604227055,
    0.07781579469890647,
    -0.011646092550023149,
    -0.021368351720706787,
    0.035905122867638424,
    0.06761344732122605,
    0.06573466358534219,
    0.09394234744730141,
    -0.005324165194596446,
    0.020399425482386876,
    -0.03195836026237571,
    0.12702831570096465,
    -0.009189072960039896,
    0.004055292822922256,
    -0.0712999913525041,
    0.00785275491032547,
    0.004163754730170233,
    0.15471073074939828,
    -0.044780417897056085,
    0.02854250517856153,
    -0.007250122900103547,
    0.031033365934565366
  ],
  "sum weights": 0.9999999419890714
}