{
  "mu_target": [
    -0.5,
    0.6000000238418579
  ],
  "mu_model": [
    [
      -0.5001786968179891,
      0.602746738381811
    ]
  ],
  "diff": [
    [
      0.0001786968179890991,
      0.002746714539953121
    ]
  ],
  "sigma_integral": [
    0.000977416841072704,
    0.001486193944788555
  ],
  "within_band": [
    [
      true,
      false
    ]
  ],
  "toy_seed": 233,
  "weights": [
    0.0496208180794082,
    0.01523617093846894,
    0.008913364177815524,
    -0.00652643935230107,
    -0.06578285980603686,
    -0.011027200927026463,
    0.10352669281055822,
    -0.008035998172510994,
    -0.016869371552087183,
    0.006199983357662822,
    0.07216198656939064,
    0.013880570040288368,
    -0.04745157531772874,
    0.0029185167182910255,
    0.0053260962599576255,
    0.06746571508671863,
    -0.04484558639934052,
    0.0300616424688361,
    0.0073663793465724775,
    0.07493147922269794,
    0.03814214839748057,
    -0.06559590279267628,
    -0.08836400827132113,
    0.062233220748034654,
    0.0038821787991359037,
    -0.004754316777919758,
    0.0047446617345001775,
    0.029217119584784786,
    0.0656672460340727,
    -0.010063556362428814,
    -0.025480926077724304,
    -0.0006092227159777523,
    -0.0123901031288737,
    0.011275691366271467,
    0.00757628440432974,
    -0.03690235651092722,
    0.03248296199532042,
    0.061613463276910245,
    -0.019733033823839025,
    0.04967310925201177,
    -0.03368289978229587,
    0.004985099613169377,
    0.018404564990594525,
    -0.0043530350360248184,
    0.06750579747250444,
    0.1126224259469834,
    0.049656672833784304,
    0.011885543751325651,
    -0.02594860386754747,
    0.018594431192987863,
    0.05543342334017769,
    0.009963407846278895,
    -0.013433296168569715,
    -0.007121013317430264,
    0.12504079902506254,
    0.1532680407735608,
    -0.0430875690643901,
    0.034887828482872627,
    0.05009740665651066,
    0.05559587410453707
  ],
  "sum weights": 0.9999999414748908
}