{
  "mu_target": [
    -0.5,
    0.6000000238418579
  ],
  "mu_model": [
    [
      -0.498539726011802,
      0.5981853694258228
    ]
  ],
  "diff": [
    [
      0.0014602739881979798,
      0.001814654416035122
    ]
  ],
  "sigma_integral": [
    0.0009767335391832213,
    0.0015122547373226068
  ],
  "within_band": [
    [
      false,
      false
    ]
  ],
  "toy_seed": 230,
  "weights": [
    -0.041013952881259856,
    0.03418017745542882,
    0.00167714913966061,
    -0.04685978142886429,
    0.02062496136183855,
    0.030787367767710547,
    0.03335499190846995,
    -0.08409579343452671,
    0.06553008475548876,
    0.052224186063690704,
    -0.023518741464045624,
    0.04634647632317233,
    -0.05503511154863012,
    0.012395010877983604,
    0.036344880536507286,
    0.12757292814890217,
    -0.10193047620777551,
    0.1197218888943348,
    -0.03832145200280336,
    0.03485869228963828,
    0.04572809230405108,
    0.00019976543994704586,
    -0.036049842611323914,
    0.0319164800752572,
    0.05235214842391527,
    -0.036465398275138776,
    0.014342998679989678,
    -0.005587129429676182,
    -0.001172368590078655,
    0.05368344683308892,
    -0.0808605826463673,
    0.02011996548688125,
    -0.020492888560594145,
    0.031904844149385644,
    0.030210093563487837,
    0.0035379624958804213,
    -0.08747963537429922,
    0.10030807979857635,
    -0.017552987249967834,
    0.0695584505254386,
    -0.01468640652457762,
    0.04421284375215825,
    -0.005458212417057064,
    0.03502555577605221,
    0.049133383931776194,
    0.035636627216063935,
    0.04951892489152617,
    0.04758869286040953,
    -0.004670531831751092,
    0.04603034035640646,
    0.031937955737135204,
    -0.008504880552407626,
    0.09102096485809502,
    0.04487347484586955,
    0.08709361137648106,
    0.04918879418517472,
    -0.03224434250793368,
    -0.02425915519276537,
    0.05672915512885263,
    0.028788163276393375
  ],
  "sum weights": 0.9999999407592761
}