{
  "mu_target": [
    -0.5,
    0.6000000238418579
  ],
  "mu_model": [
    [
      -0.5002810403934908,
      0.5990460764035815
    ]
  ],
  "diff": [
    [
      0.00028104039349075016,
      0.0009539474382763702
    ]
  ],
  "sigma_integral": [
    0.0009815360336456074,
    0.001482450773893198
  ],
  "within_band": [
    [
      true,
      true
    ]
  ],
  "toy_seed": 287,
  "weights": [
    -0.08237100677637046,
    0.04679473629501399,
    -0.0108650016162738,
    -0.04181417763497026,
    0.0007635624507912138,
    -0.012115966799135422,
    0.06615274556989435,
    -0.018745014972117873,
    -0.03567970332180844,
    0.08449830971846473,
    0.04856287999984524,
    0.06027378462038562,
    -0.054070195185010536,
    0.004809381690418756,
    0.06455899417567226,
    0.0889838923782675,
    -0.049865207850236,
    0.10786723689610894,
    -0.04836367202402583,
    -0.013179984718759174,
    0.05939553829177891,
    0.02534926599824955,
    -0.1079928582386898,
    0.04198832099540845,
    0.019950802808266346,
    -0.0582269758694577,
    0.04005775663071857,
    -0.009817069812513006,
    0.02277714694450013,
    0.05510188749637055,
    -0.0509801923740715,
    -0.025687632669047673,
    -0.036040246503500184,
    0.050876987020646317,
    0.10087951183313676,
    0.03628023863167874,
    0.03656687293001896,
    0.032376969488021594,
    0.04148889967781083,
    0.1148461161326333,
    0.021467685066962658,
    -0.00811483573831847,
    -0.001994058751919141,
    -0.046985997622158326,
    0.05882205930055359,
    0.10738353624023647,
    0.07345017198515943,
    0.06365114777594164,
    0.0009471219805511023,
    0.04409598305273063,
    0.04342673261908728,
    0.007381324426671038,
    -0.047699217487141024,
    -0.011733893668380149,
    0.024164585211948995,
    0.10801431967480682,
    -0.05150756422343864,
    -0.04884319934170738,
    0.08401126968548264,
    -0.015324157497111617
  ],
  "sum weights": 0.9999999449980714
}