{
  "mu_target": [
    -0.5,
    0.6000000238418579
  ],
  "mu_model": [
    [
      -0.5001212682679552,
      0.6002670671267374
    ]
  ],
  "diff": [
    [
      0.00012126826795522128,
      0.0002670432848794757
    ]
  ],
  "sigma_integral": [
    0.0009793111796256799,
    0.0014939847489640072
  ],
  "within_band": [
    [
      true,
      true
    ]
  ],
  "toy_seed": 214,
  "weights": [
    -0.046650166451559054,
    -0.013242766815894109,
    0.008191446305501598,
    -0.02240560970780356,
    0.01691664697684215,
    -0.04872579741164164,
    0.020656977982705882,
    0.056566288866803094,
    0.018909143155565248,
    0.05676499304537555,
    0.03249434580736946,
    0.026926600215907034,
    -0.05788041421009719,
    -0.06765539111552214,
    0.026288167530179762,
    0.05082925448485725,
    -0.08601519868385671,
    0.11489300523229812,
    0.014938393260965757,
    0.13233012775548497,
    0.0485834432687013,
    0.013658496817178244,
    -0.12353973907701798,
    -0.005611795772560453,
    0.005253483353570311,
    0.03455391829775802,
    0.03831462247727473,
    -0.06462932543704811,
    0.04108992839063774,
    0.05536649296030698,
    0.030518295171013583,
    -0.004548445838391375,
    -0.08034348666787221,
    0.07929431928708183,
    0.06813487128274603,
    0.07525782079954012,
    0.08937299133093915,
    0.10418825402113731,
    -0.03461207113817422,
    0.16761311195256737,
    -0.04865193789889352,
    0.011822635409913374,
    0.036956019575529214,
    0.07640112927787003,
    0.10476389987245592,
    0.06968041786995957,
    -0.0399688432116095,
    -0.027848905740527907,
    0.041770756524703925,
    0.06686059595125668,
    0.025906396418430885,
    0.00842862333072658,
    -0.10383710789420783,
    -0.007383478120557376,
    0.03388754574049191,
    0.05913147350244182,
    -0.07535571203227766,
    -0.10357170066437263,
    0.03915126378576004,
    0.059811635627947626
  ],
  "sum weights": 0.9999999390279111
}