{
  "mu_target": [
    -0.5,
    0.6000000238418579
  ],
  "mu_model": [
    [
      -0.4991919855972784,
      0.5987073749317108
    ]
  ],
  "diff": [
    [
      0.0008080144027216019,
      0.0012926489101471317
    ]
  ],
  "sigma_integral": [
    0.00098226183997217,
    0.001503724605552395
  ],
  "within_band": [
    [
      true,
      true
    ]
  ],
  "toy_seed": 270,
  "weights": [
    -0.04451368480033917,
    -0.0037711696997439963,
    -0.03445686043219695,
    0.04380898201606083,
    -0.033948058710148846,
    0.01846822269941829,
    0.0070641633849348314,
    -0.02087649959488528,
    0.007360933506166755,
    0.027531938325761465,
    0.03381621089197282,
    0.06130812060126175,
    -0.012611027453034687,
    0.023192866979035213,
    0.06489552452611337,
    0.03673938044861181,
    -0.043140615817466074,
    0.13496772536725143,
    -0.03951913759750859,
    0.0624505201065046,
    0.04980542544751733,
    -0.00639283856530483,
    -0.06524323953470614,
    0.08345811793980083,
    0.03941975065240736,
    -0.01692250531076389,
    0.023278954075395306,
    0.014003601213215953,
    0.10266834786091884,
    -0.033780543344310174,
    -0.04859538681400753,
    0.005403240378202094,
    -0.05167053927311535,
    0.063493434932153,
    0.01713138063986699,
    0.05282570102688406,
    -0.029676761982023077,
    0.03154219559101194,
    0.03166511357774489,
    0.007863075704719126,
    0.02979031189048941,
    -0.014205952143485441,
    0.027934261182901158,
    -0.006604548238021786,
    0.016026269238773334,
    0.13882568362336725,
    0.016940075270825142,
    0.012557924927872164,
    0.05193610468258856,
    0.06489973061040225,
    -0.020852766181810204,
    -0.006636112462292064,
    -0.07090003516715782,
    0.05279248686329895,
    0.08536597149610338,
    0.07416990182702977,
    0.01426651104150224,
    -0.05751032692998163,
    -0.045644477430319554,
    0.0778048658298071
  ],
  "sum weights": 0.9999999388952685
}