{
  "mu_target": [
    -0.5,
    0.6000000238418579
  ],
  "mu_model": [
    [
      -0.5003293993859274,
      0.6002623234339981
    ]
  ],
  "diff": [
    [
      0.00032939938592735363,
      0.0002622995921401916
    ]
  ],
  "sigma_integral": [
    0.0009821697044289542,
    0.001507901010456782
  ],
  "within_band": [
    [
      true,
      true
    ]
  ],
  "toy_seed": 192,
  "weights": [
    -0.051655769922623426,
    0.03901732507186027,
    -0.000834329646630335,
    -0.006493384862177509,
    0.022074913384862963,
    -0.015972383956032916,
    0.01898815248600165,
    -0.015551308343656492,
    0.06404293463364229,
    0.003593539599474286,
    0.01840528873594518,
    0.07368129368693617,
    -0.060892278153289826,
    0.019457283774502482,
    0.09413968710075717,
    0.05650982781614805,
    -0.08004061558637159,
    0.01117199114192376,
    -0.021246539637283155,
    0.10173126482092332,
    0.03110126992387078,
    -0.021175347152718745,
    -0.07764479230804225,
    0.052638644668031184,
    0.02166384449545002,
    -0.011009561520907731,
    -0.08637534726096946,
    0.005276950156058164,
    0.11755592279000895,
    0.013003214618302462,
    0.043599233482711226,
    0.01946526974426611,
    -0.11818211435674497,
    0.05820834934600306,
    0.07099073705914993,
    0.00723467234871642,
    0.06765759237153217,
    0.04264539235419157,
    0.0718931981606757,
    -0.028796144490830324,
    -0.03161040379152252,
    0.0025739463755279773,
    0.12377163427649629,
    -0.026482708192514887,
    0.030825513156303594,
    0.05410302400677995,
    0.06680191650795103,
    0.009704534745293543,
    -0.021518717403757617,
    0.07250394063748632,
    0.004809607473143291,
    0.012775448149720968,
    -0.006611196134615924,
    0.01852540839114079,
    0.027372120166561403,
    0.04730272365692456,
    0.02013446306189501,
    -0.03954303638209795,
    0.058050155193268435,
    0.02663369274865024
  ],
  "sum weights": 0.9999999432163011
}