{
  "mu_target": [
    -0.5,
    0.6000000238418579
  ],
  "mu_model": [
    [
      -0.4989118373432462,
      0.6016156310373781
    ]
  ],
  "diff": [
    [
      0.0010881626567538216,
      0.00161560719552023
    ]
  ],
  "sigma_integral": [
    0.0009877637635932269,
    0.0014838243364195167
  ],
  "within_band": [
    [
      false,
      false
    ]
  ],
  "toy_seed": 149,
  "weights": [
    0.05063505598913931,
    0.02436589201366306,
    -0.029099230525932756,
    -0.05730534986290548,
    -0.0038372027949725683,
    -0.013948774640113012,
    -0.05701770297382544,
    -0.05837743312167338,
    0.0027474421664564312,
    0.039052418870994914,
    -0.019044287651226576,
    0.052058765614707264,
    0.00046196038225062804,
    -0.07524942069835723,
    0.014751000113425656,
    0.06204038258095124,
    0.008610895783068038,
    0.1293691944027403,
    -0.05224512107615152,
    0.06506162894941682,
    0.09068554593067227,
    -0.034606975231769636,
    0.011520475321701574,
    0.09714280317300736,
    -0.008251390786413253,
    -0.018376445657769178,
    0.020944957272743935,
    -0.05671096211356633,
    0.00899749181019223,
    0.003326683467154354,
    0.00827426675622288,
    0.05028439302079289,
    -0.04033067483876853,
    0.08197022090845277,
    0.12453175725743593,
    0.07526054484260937,
    -0.01290878652776701,
    0.08888473162921538,
    0.00681566358377353,
    0.07324352252820977,
    0.014498355127768817,
    -0.08084726185662094,
    0.027572000664864493,
    0.008804071776550994,
    0.011209567911389327,
    0.10207024834181933,
    0.09442859028713714,
    -0.04015760969717891,
    0.09209343339512079,
    0.008833358573576486,
    -0.007847842911852532,
    -0.021409308451629864,
    -0.029211260102348875,
    0.03380938593468914,
    0.1454727872278832,
    0.056835549579405044,
    0.028077183975232983,
    -0.06371524298256656,
    -0.0318815046551352,
    -0.0023624980798058054
  ],
  "sum weights": 0.999999939926085
}