{
  "mu_target": [
    -0.5,
    0.6000000238418579
  ],
  "mu_model": [
    [
      -0.4998869636221696,
      0.5999869748261114
    ]
  ],
  "diff": [
    [
      0.00011303637783038889,
      1.3049015746502413e-05
    ]
  ],
  "sigma_integral": [
    0.000978521202432419,
    0.0015181587692052441
  ],
  "within_band": [
    [
      true,
      true
    ]
  ],
  "toy_seed": 276,
  "weights": [
    0.014506197100090915,
    0.011062954821870872,
    0.0018157713282188816,
    -0.01743313233849284,
    -0.022662694799972478,
    -0.03743688851465907,
    -0.023470458415704623,
    -0.07962564610994295,
    0.041808926023093704,
    0.041078874791668496,
    0.015582143070654721,
    0.0579620499030908,
    -0.035647174901106124,
    -0.025703101288962714,
    0.10813823625959583,
    0.03452893978874301,
    -0.041497526707124234,
    0.1986456011645981,
    -0.07775641885889593,
    0.0754659765221722,
    0.0196925420969777,
    -0.02375204434561224,
    -0.01728960617929863,
    0.10122947465394228,
    0.02641086542500944,
    -0.008683670498450187,
    0.008895770053651395,
    -0.034091207906980364,
    0.05973562203490129,
    0.0582071267281823,
    -0.00025433879301587676,
    0.06156994522334834,
    -0.0979356689052796,
    0.051106291133672904,
    0.06867805318476043,
    0.009861311006054536,
    -0.005566049123681077,
    0.04109332341940541,
    -0.05290208829483199,
    0.022175290624355096,
    -0.001509500315281878,
    -0.07042874123210995,
    0.08568498047750572,
    0.03630753453411406,
    0.049695085128543016,
    0.1254760199950921,
    0.0872902548356096,
    0.0028579869085735743,
    0.005278835141634725,
    0.08072159968942903,
    0.018111729186535624,
    -0.061064537465396494,
    0.005512616238747674,
    -0.0010986212599535744,
    0.10277302590662253,
    0.08569825666941544,
    -0.08638138897451801,
    -0.05031284703850375,
    0.008113755424094928,
    0.04973033155780858
  ],
  "sum weights": 0.9999999457840105
}