{
  "mu_target": [
    -0.5,
    0.6000000238418579
  ],
  "mu_model": [
    [
      -0.49997579231697414,
      0.6020324360560803
    ]
  ],
  "diff": [
    [
      2.4207683025856408e-05,
      0.0020324122142223455
    ]
  ],
  "sigma_integral": [
    0.0009733436947035557,
    0.0014938625592026147
  ],
  "within_band": [
    [
      true,
      false
    ]
  ],
  "toy_seed": 238,
  "weights": [
    -0.05309218744629962,
    0.022970746789974555,
    -0.05581414462415536,
    -0.019410498899609406,
    0.02527679873333802,
    0.050459020973002845,
    0.024617990881876245,
    -0.030760488670220562,
    0.026922353111423283,
    -0.009886624731693494,
    0.11805792279971895,
    0.08678442606786697,
    -0.05835558924889134,
    0.05469338012823427,
    0.010850173702438988,
    0.0714303824131798,
    -0.06737464035362475,
    0.11805923701171611,
    0.014766710965065275,
    -0.020652411111990204,
    0.08325769338977006,
    0.029719379287195154,
    -0.14778959513166542,
    0.0670563082506598,
    -0.024807971384716104,
    0.01940989958170699,
    -0.005379949771289878,
    -0.03149742160853912,
    0.09049205510366877,
    -0.002522544258637971,
    -0.01815061080238897,
    0.0576129755447622,
    -0.008431435421240337,
    0.09513685521002802,
    0.0739970501639431,
    -0.01894291979996209,
    0.00441413592022195,
    0.0878132679343974,
    -0.035790168331362726,
    0.08847691417705728,
    -0.10655512283062232,
    0.030568507184541894,
    0.0940958617996547,
    0.026804988493516323,
    0.08690907822850645,
    0.17494517757884215,
    0.012899799380824056,
    0.04506205045091217,
    -0.024147718402257316,
    0.03049445985421805,
    -0.03886126064092767,
    -0.0952705654731378,
    -0.03542368920123016,
    -0.005907514109153098,
    0.012096076292676046,
    0.03420769930966327,
    -0.028076504907772346,
    -0.05148128778349214,
    0.046186976338557444,
    0.07783645324251755
  ],
  "sum weights": 0.9999999413507958
}