{
  "mu_target": [
    -0.5,
    0.6000000238418579
  ],
  "mu_model": [
    [
      -0.49936009923915065,
      0.598416022495841
    ]
  ],
  "diff": [
    [
      0.0006399007608493545,
      0.0015840013460168834
    ]
  ],
  "sigma_integral": [
    0.0009753693954224701,
    0.0015023222133386757
  ],
  "within_band": [
    [
      true,
      false
    ]
  ],
  "toy_seed": 56,
  "weights": [
    -0.0977826782730381,
    0.03846093455012054,
    -0.026187397062994205,
    -0.006609006773530354,
    0.010377785991157597,
    0.004210550082637993,
    0.04057929815804631,
    -0.04193547516252365,
    0.057765249855257834,
    0.04203276455948317,
    -0.006760185046305921,
    0.05765137826372446,
    -0.04285380344690742,
    -0.027103629916655218,
    0.07091596727624433,
    0.028395021956653225,
    -0.06656001983034916,
    0.0326992982953945,
    0.0013624475442243695,
    0.05298765837549283,
    0.01459824062489675,
    0.0034160822174276947,
    -0.11495341323851489,
    0.040978515178976604,
    0.05188511122385201,
    -0.037952593546161935,
    -0.05385632779080803,
    0.08468936605294383,
    0.13867893851634072,
    0.02127980309836244,
    -0.07421989700938957,
    -0.018487449438122076,
    -0.0829037136589951,
    0.05572319208801417,
    0.11242280855153244,
    0.01566106515424807,
    0.09050241296601853,
    0.0611934957862116,
    -0.004205336814039516,
    0.06522478465108397,
    0.0023077053128318864,
    0.05347371858264777,
    0.05425568613990124,
    0.04261355801808015,
    0.0692246791868087,
    0.09454667441964437,
    0.0007934148496404749,
    0.045323951336230975,
    0.01765433478666834,
    0.02256914518551445,
    0.05552371056164549,
    -0.04130529747901221,
    0.08186340013955115,
    0.021537440398857306,
    0.001162443087988834,
    0.08321588945457901,
    -0.024693308690527865,
    -0.07666799805613304,
    -0.005211277007140321,
    0.010490831232890779
  ],
  "sum weights": 0.9999999454706784
}