{
  "mu_target": [
    -0.5,
    0.6000000238418579
  ],
  "mu_model": [
    [
      -0.5003479824601021,
      0.6019375265035549
    ]
  ],
  "diff": [
    [
      0.0003479824601021475,
      0.0019375026616970104
    ]
  ],
  "sigma_integral": [
    0.0009785116571462246,
    0.0015069997822590084
  ],
  "within_band": [
    [
      true,
      false
    ]
  ],
  "toy_seed": 175,
  "weights": [
    -0.039716450430074844,
    0.0194414331571277,
    -0.0626082485668899,
    -0.0008270921916643202,
    0.008038073695513494,
    0.006711231913947744,
    0.093358563978272,
    0.01375880883828516,
    0.060622384501773256,
    0.0022446721096535996,
    0.06200656591624027,
    0.12371261386645487,
    0.004712838730620991,
    -0.028153372900692517,
    -0.006468953543333771,
    0.10981741502821288,
    0.05680469517907799,
    0.10237969524810889,
    0.03442598145425638,
    -0.03559048845451745,
    -0.003878665487632286,
    0.036452669449043726,
    -0.057917544706869974,
    -0.007445517271211247,
    -0.019087334815423452,
    0.021206488871580408,
    0.06731922274186815,
    -0.04375398017583696,
    0.03973749512472986,
    -0.013202894292594662,
    -0.02263435012504574,
    0.005932778386942585,
    -0.032988677122417466,
    0.028353200074043086,
    0.054613091028691274,
    0.0029941184292789596,
    0.04429528212751468,
    0.08382634860575573,
    -0.03493148282895854,
    0.11478097660894702,
    -0.0554748582105717,
    -0.04114767490669577,
    0.049127589006353174,
    -0.006676842680193112,
    0.0313020844239648,
    0.10780653937295406,
    0.09121403002798223,
    -0.02975038506076317,
    0.06362885156599309,
    -0.06371043204411389,
    0.07851965627475536,
    -0.05575232355723098,
    -0.022288561685098695,
    -0.005990548904552211,
    0.08021071869419936,
    -0.023429714129056735,
    0.02932681244607781,
    -0.07757499112857821,
    0.027975335254102545,
    0.03434306239091659
  ],
  "sum weights": 0.9999999393032222
}