{
  "mu_target": [
    -0.5,
    0.6000000238418579
  ],
  "mu_model": [
    [
      -0.49960083720976295,
      0.6010320562766235
    ]
  ],
  "diff": [
    [
      0.0003991627902370509,
      0.001032032434765573
    ]
  ],
  "sigma_integral": [
    0.0009833124426554068,
    0.001512258608333764
  ],
  "within_band": [
    [
      true,
      true
    ]
  ],
  "toy_seed": 216,
  "weights": [
    -0.08441576286841279,
    0.03700658519401033,
    0.0287689324566288,
    0.01413892324371456,
    -0.0504447051808715,
    -0.005562180375336375,
    0.028388826592681066,
    0.021343520540157757,
    0.0500618990416378,
    -0.06811359733891119,
    0.04810289711318327,
    0.050801363397696524,
    -0.061548849799229484,
    -0.009429640223365565,
    0.03424956517604867,
    0.033258988367659593,
    -0.05184092474405436,
    0.07618041708575522,
    -0.08160297760716921,
    0.07040457580499782,
    0.03759457867338984,
    -0.09911498046491708,
    -0.08683678537544089,
    0.10828045184729684,
    0.053157391364791785,
    0.03498711868373008,
    0.011873558970432586,
    -0.01033314791999,
    0.07366469429613116,
    0.0637117737525117,
    -0.02583824281030397,
    0.022608008278182542,
    -0.003625539975847784,
    0.05024249620170584,
    0.039297877651812446,
    0.07696239825812166,
    0.05229553847519737,
    0.05096664214363386,
    -0.02171369225080552,
    0.08056734286046457,
    -0.06799067097078919,
    0.004342036027891665,
    0.13867496721981454,
    -0.0377998557122317,
    0.07215756385640425,
    0.1581770742416079,
    0.07832712605309324,
    0.04030846038897941,
    0.0207469231446375,
    0.05543940120851104,
    0.00868226515753193,
    -0.04774544660757567,
    -0.05172927177533799,
    -0.0020708635489714547,
    -0.013041368121327885,
    0.02200040964365296,
    -0.093289015991839,
    0.01588782620584418,
    0.048949882452309905,
    0.06147715669440525
  ],
  "sum weights": 0.9999999381035288
}