{
  "mu_target": [
    -0.5,
    0.6000000238418579
  ],
  "mu_model": [
    [
      -0.4986247376364775,
      0.6026097038640323
    ]
  ],
  "diff": [
    [
      0.001375262363522478,
      0.002609680022174432
    ]
  ],
  "sigma_integral": [
    0.000976469806750278,
    0.0014900657480198416
  ],
  "within_band": [
    [
      false,
      false
    ]
  ],
  "toy_seed": 91,
  "weights": [
    0.09558167678123272,
    0.011931440268342853,
    0.028519932158758924,
    -0.05766705172771202,
    0.1298291356640555,
    0.0038855658668466814,
    0.02451249386134072,
    -0.07432447510342241,
    0.03576542918118152,
    -0.0453593236335707,
    0.023422125511849072,
    0.06097411929339233,
    -0.06956417913753876,
    -0.03375172555517357,
    0.04517719050094461,
    0.0706354948602798,
    -0.09180187123447073,
    0.11292115381499575,
    0.027799081598421177,
    0.024129654558495795,
    0.1047769242039472,
    0.009532844785286614,
    -0.08234284140414,
    0.048396786411725665,
    0.0018188672992638603,
    -0.015195165378196492,
    -0.030501749765380518,
    -0.02814464438411138,
    -0.03161664209466151,
    0.08061734237162572,
    -0.026006378518064165,
    0.03228294093266358,
    -0.03327194018287035,
    0.034655003932139494,
    0.010084495548040638,
    -0.053097445338534784,
    0.04980891209859621,
    0.11810483377343066,
    0.02121892508576503,
    0.04773766504258476,
    0.03571141885055839,
    0.08062446985089475,
    -0.019359479396838786,
    0.006591930322395572,
    0.041613689358677104,
    0.05184948616119273,
    0.029735088299015555,
    0.05995875701114418,
    -0.018049962408356348,
    0.078057016384422,
    -0.01914371813173401,
    0.013436411227812133,
    -0.041320043728210895,
    0.009705615627770088,
    0.021873654013047944,
    0.11445941082865843,
    -0.0392633089131609,
    -0.013516287299367711,
    0.05239940453685546,
    -0.02683821498818298
  ],
  "sum weights": 0.9999999395539522
}