{
  "mu_target": [
    -0.5,
    0.6000000238418579
  ],
  "mu_model": [
    [
      -0.49992379433183026,
      0.5984437088384268
    ]
  ],
  "diff": [
    [
      7.620566816973762e-05,
      0.001556315003431119
    ]
  ],
  "sigma_integral": [
    0.0009546879635921346,
    0.0014850039934697452
  ],
  "within_band": [
    [
      true,
      false
    ]
  ],
  "toy_seed": 284,
  "weights": [
    -0.06041732762950499,
    0.03172749568892592,
    -0.03303828326282674,
    0.04767432932688567,
    0.008312854890620372,
    -0.004895856856833732,
    0.08906136988541048,
    -0.0616273977594853,
    0.06674947823358389,
    0.057347163753942734,
    0.06798599157709362,
    0.0812700776959776,
    -0.06859582322438984,
    -0.0024775628972706055,
    0.03693517669512044,
    0.06085254402950051,
    -0.07716472687529716,
    0.06310070740130809,
    -0.060960870563041024,
    -0.010413523258551598,
    0.054827651216469396,
    -0.0050084405289687215,
    -0.0947407351259169,
    0.0691329240204564,
    0.004042201237666035,
    0.004825449441604877,
    -0.02171137262658222,
    0.07527016954419441,
    0.06548826493963732,
    -0.013696613124395176,
    -0.03913112475367205,
    0.011730595845918755,
    0.016704636839437195,
    0.011680431633564534,
    0.0224065817878399,
    0.018867452648719342,
    -0.025083566835769715,
    0.1364059265473045,
    -0.035060269617968765,
    0.09771451646577824,
    -0.06577433772991115,
    0.058007000193535566,
    0.11345655806394,
    -0.0029430550659777874,
    0.006630085024733923,
    0.06830342428252406,
    0.002118773658314621,
    0.023283064875612294,
    -0.06433746647937591,
    0.10492950755660706,
    0.05799062613144882,
    -0.05393002695263035,
    -0.006358573062754635,
    0.04192989046390337,
    0.0011848073512635761,
    0.023010890361059157,
    0.06259143019199463,
    0.012839025973298945,
    -0.03524129430272581,
    0.0662191069483599
  ],
  "sum weights": 0.9999999338897059
}