{
  "mu_target": [
    -0.5,
    0.6000000238418579
  ],
  "mu_model": [
    [
      -0.4979538801843836,
      0.5991119533247923
    ]
  ],
  "diff": [
    [
      0.0020461198156164206,
      0.0008880705170656311
    ]
  ],
  "sigma_integral": [
    0.0009728656867560905,
    0.0014965191320648775
  ],
  "within_band": [
    [
      false,
      true
    ]
  ],
  "toy_seed": 220,
  "weights": [
    -0.045657935985296424,
    0.009159633017213764,
    0.07483187951284836,
    0.0026387628626584974,
    -0.008307263586148084,
    -7.663882519264664e-05,
    0.016812972290228392,
    -0.04833654646247075,
    0.022624113431075305,
    0.020160808957094413,
    0.04503173529927698,
    0.021181815127646955,
    -0.03980997849799571,
    0.00998387025354552,
    0.09194767955945911,
    0.07087719621834193,
    -0.03205737161241439,
    0.0885314941035613,
    -0.048683498838561254,
    0.05363246976945475,
    0.02232758318369337,
    -0.018833055136787288,
    -0.10196262516108745,
    -0.013026877908674352,
    -0.010488117912590522,
    0.04178549605568464,
    0.019606125177669995,
    -0.05519275104723864,
    0.0021081561674116977,
    -0.006246038853449303,
    0.015281969955898624,
    0.04497299301625464,
    -0.024607987787452056,
    -0.011369331437368832,
    0.10469264523570991,
    0.03067614861755704,
    0.0703223415571309,
    0.04686057219934296,
    0.035712539962894925,
    0.03075611472891471,
    -0.029945927803626475,
    0.0011064121508700209,
    0.06284733221189776,
    -0.005644801216580551,
    0.04735115521597115,
    0.10240185327139709,
    0.013344403027971134,
    0.02149980183184385,
    -0.04993375025848545,
    -0.0067102488190859105,
    0.058421475501732725,
    -0.012468627746430561,
    -0.03241396028230478,
    0.05286363322388178,
    0.11448548382917718,
    0.07569954332966079,
    -0.002754577881055841,
    0.0320402591025965,
    0.08511238100898634,
    -0.05516299657721479
  ],
  "sum weights": 0.9999999403290429
}