{
  "mu_target": [
    -0.5,
    0.6000000238418579
  ],
  "mu_model": [
    [
      -0.5002432019633255,
      0.5992893546002398
    ]
  ],
  "diff": [
    [
      0.00024320196332550115,
      0.0007106692416181115
    ]
  ],
  "sigma_integral": [
    0.00097762262414254,
    0.0015099491562912478
  ],
  "within_band": [
    [
      true,
      true
    ]
  ],
  "toy_seed": 96,
  "weights": [
    0.000174144991557138,
    -0.041803366326242306,
    0.022304424175761006,
    -0.01718582330738055,
    0.04370276889548462,
    -0.011107641540371332,
    0.10022327104078442,
    0.02838279336374396,
    0.06370650010607094,
    0.03028195724872142,
    0.051040909351427875,
    0.06661187163916304,
    -0.055969620971674044,
    0.06128625816254191,
    -0.001988982681310624,
    0.017853197734750446,
    -0.04250721955034631,
    0.018693809906662345,
    -0.030086735970110672,
    0.09594207236491163,
    0.029774563340690313,
    -0.01527895478345972,
    -0.0195383803227749,
    0.016003053971082575,
    0.0440983864163283,
    -0.0019393567225278005,
    -0.03061284947367248,
    0.04542312827101758,
    -0.0035111251542956643,
    0.015525657786104156,
    -0.04028758522405371,
    0.0006094966532748178,
    -0.04161392259158685,
    0.013690665837620752,
    -0.013826599126110574,
    0.01589694446209234,
    0.014255219161007558,
    0.07730987960952307,
    -0.02395391709831213,
    0.026892537790210034,
    -0.054356041576531546,
    0.09085711927340175,
    0.09878568045139019,
    -0.017476231070868892,
    0.08326516367178025,
    0.01730942474188393,
    -0.013228489965033216,
    0.12877282876815319,
    -0.07315702684333192,
    0.004455045742651936,
    0.029863783996936937,
    0.047962225521844266,
    0.02228364443350465,
    -0.03433121099042398,
    0.03884336026159374,
    0.05361411931304636,
    -0.0337670822530692,
    -0.011196098896335176,
    0.07838846066852805,
    0.03463983336473902
  ],
  "sum weights": 0.9999999400501629
}