{
  "mu_target": [
    -0.5,
    0.6000000238418579
  ],
  "mu_model": [
    [
      -0.5003201696559986,
      0.6012298309891001
    ]
  ],
  "diff": [
    [
      0.00032016965599857006,
      0.00122980714724219
    ]
  ],
  "sigma_integral": [
    0.000974452644458999,
    0.0015207563267007943
  ],
  "within_band": [
    [
      true,
      true
    ]
  ],
  "toy_seed": 229,
  "weights": [
    -0.012466821830590157,
    0.06338633915314794,
    -0.06196110272640786,
    -0.028196661526041004,
    -0.014173009379775982,
    -0.013461761539763502,
    -0.028740083301157272,
    -0.06678954732444073,
    0.003611878205337516,
    0.024460707380723323,
    0.015564623577786438,
    0.05530047820765282,
    -0.05133378311820301,
    0.031315719296103814,
    0.020558376091570713,
    0.03453726187204972,
    -0.02244340890071173,
    0.1003295341040095,
    -0.057362509164443666,
    0.07051311387002879,
    0.046038687657581984,
    -0.005308227507575474,
    -0.0026084954260574083,
    0.06548517497143824,
    -0.0036854955222607876,
    -0.013692613677612504,
    -0.03198605459645797,
    0.04120106288604771,
    -0.007007108585436911,
    0.019984066920881553,
    -0.03394107390577034,
    0.011726830964280852,
    -0.02836587352526464,
    0.017245975076229197,
    0.13654474456773413,
    0.0841339778804806,
    0.02610650761108516,
    -0.0013610261879305097,
    0.04771930322309719,
    0.06223647855487185,
    0.022210581253602542,
    -0.04642875196116403,
    0.00900051556719725,
    0.03868573965887009,
    0.04633751855611567,
    0.08480774177303312,
    -0.001698798379688911,
    0.03746208389742146,
    -0.01665356328679211,
    0.06979298885738693,
    -0.03175843267281089,
    0.02224736350392009,
    0.014664195037630558,
    0.03143766731120071,
    0.1255924091208801,
    0.04357258414554592,
    0.010229646480448638,
    0.012955408838498226,
    0.05444754089314184,
    -0.02002068753796826
  ],
  "sum weights": 0.9999999353827064
}