{
  "mu_target": [
    -0.5,
    0.6000000238418579
  ],
  "mu_model": [
    [
      -0.4972845539334888,
      0.6014743373742037
    ]
  ],
  "diff": [
    [
      0.0027154460665111957,
      0.001474313532345839
    ]
  ],
  "sigma_integral": [
    0.0009856851313241434,
    0.0014962213823013766
  ],
  "within_band": [
    [
      false,
      true
    ]
  ],
  "toy_seed": 104,
  "weights": [
    -0.006875767953264004,
    0.0265270064390518,
    -0.027702444596669425,
    0.015706385692780857,
    0.005723444428722833,
    0.030868730651472488,
    0.03712164543062754,
    0.022153680971254135,
    -0.022538134027486625,
    0.07373102827962863,
    0.06198551172413857,
    0.04654069174740778,
    -0.03573836950739244,
    0.02082281553487246,
    -0.02398239508299162,
    0.03178655823572958,
    -0.05103624525854072,
    0.1406112598967824,
    -0.06037053383527792,
    0.08957984727563836,
    0.059284166734252006,
    -0.016919493532671706,
    -0.12089501909526441,
    0.08408123233101354,
    -0.006639496848786705,
    -0.0001670614824477667,
    -0.027460790092826596,
    0.08856825350728946,
    0.008834819682691673,
    0.046199232259017356,
    0.007952086935362033,
    -0.01846057952182443,
    -0.019252346361549634,
    0.051896175769196966,
    0.06218975282871041,
    -0.0004916393018847578,
    -0.0856062456910883,
    0.10813249873282241,
    -0.044632707884886574,
    0.03821031599398971,
    -0.0038456974341096457,
    -0.0571685327373894,
    0.03165827435757282,
    0.0031612967625665235,
    0.02731944559018114,
    0.12156774271222619,
    0.03404189335116308,
    0.04053270206380981,
    0.0918224347642956,
    -0.019680739718411503,
    -0.02143921921468937,
    0.02756860411982093,
    -0.019819360962411894,
    0.019921820625733395,
    0.0770023790403419,
    0.05694961625721018,
    0.041607084097107346,
    -0.04206431956551318,
    -0.04703045131349511,
    0.048157096306314845
  ],
  "sum weights": 0.999999940109923
}