{
  "num": -50028.91015625,
  "den": -50069.13671875,
  "test": 40.2265625
}