{
  "mu_target": [
    -0.5,
    0.6000000238418579
  ],
  "mu_model": [
    [
      -0.49973941745470357,
      0.5986119784239983
    ]
  ],
  "diff": [
    [
      0.0002605825452964283,
      0.0013880454178596402
    ]
  ],
  "sigma_integral": [
    0.0006211936314171234,
    0.0009685182315751299
  ],
  "within_band": [
    [
      true,
      false
    ]
  ],
  "toy_seed": 291,
  "weights": [
    0.0026866944040833092,
    0.01971230298349025,
    0.0271011759129407,
    0.022009026042857312,
    0.0029447138295136915,
    0.035535037055310865,
    0.03320151605141688,
    0.0706004134726871,
    0.021564945341230712,
    0.018161419860921683,
    0.013099138402764153,
    -0.00025298558265552534,
    0.05021283309235708,
    0.0508976407481771,
    0.009486018084788191,
    0.01393710364599404,
    0.009814293755426013,
    0.03103792651222027,
    -0.002325850185998411,
    0.007479696640373953,
    0.03632929136141327,
    -0.0022182507578551985,
    0.012712012762417712,
    0.013509430835199085,
    -0.0207012239795489,
    -0.0045713924548865595,
    0.01846473690966173,
    -0.01907045607832106,
    0.02601694260012012,
    -0.006865604755080696,
    0.011308795582055138,
    0.01812890839494489,
    0.018903705100806717,
    0.00753204725396361,
    0.05191090152680442,
    0.010848526076530886,
    0.05461606598270765,
    -0.017155729809569923,
    0.030483244491244586,
    0.0035409619157025264,
    0.0380681399052337,
    0.008234296233402973,
    -0.03667453823671152,
    0.04158162529246103,
    0.05180288087695249,
    0.014750546846298972,
    0.019769834739809644,
    -0.013057817689461714,
    -0.015072343179457876,
    0.06739044377853069,
    -0.014679577917642414,
    0.011242499307155577,
    0.0015908807366935638,
    0.015931638201729655,
    0.024054370953461617,
    0.05933435301335653,
    0.045776857107743596,
    0.024714174073347035,
    0.00046646463180596056,
    -0.025850757983816565
  ],
  "sum weights": 0.9999999437171023
}