{
  "mu_target": [
    -0.5,
    0.6000000238418579
  ],
  "mu_model": [
    [
      -0.49898599832890284,
      0.5999449007172528
    ]
  ],
  "diff": [
    [
      0.0010140016710971644,
      5.5123124605094276e-05
    ]
  ],
  "sigma_integral": [
    0.0006165469892595503,
    0.0009718021455543257
  ],
  "within_band": [
    [
      false,
      true
    ]
  ],
  "toy_seed": 149,
  "weights": [
    0.02866377058780484,
    0.0012763582424824128,
    0.033636112965008236,
    0.021612784924416536,
    0.004333192918269276,
    0.12507636352739332,
    0.003120253879839421,
    0.03430778709812438,
    -0.0062737142276005145,
    0.023492428741775748,
    0.0029793965662703956,
    0.018305191926713413,
    0.04314233852117846,
    0.03271793951340244,
    -0.0034963907935412967,
    0.003913314633227897,
    -0.01775116276594065,
    0.011690644345425128,
    0.001377152499365388,
    0.02499958920264554,
    0.02737203196955766,
    -3.7316962652667114e-05,
    0.0014044889255878283,
    0.005381005542393224,
    0.0645470118127719,
    -0.0024360966747264744,
    0.022592860644520103,
    0.006638857702920602,
    -0.011618328274217007,
    0.003716108464205406,
    0.03474116431303873,
    0.009172554852901872,
    0.0003719977893069092,
    0.024346946457221495,
    0.01888618171627124,
    0.006363977909103542,
    0.034838660158819805,
    0.00026103033311172124,
    0.03670566878284196,
    0.03137079505760897,
    0.032455006768465355,
    -0.015793080799220895,
    0.0005657228881252819,
    0.013657918818049024,
    0.03893384117681692,
    0.006093660789651369,
    0.020286732595760477,
    -0.021918115294644304,
    0.007616256068536909,
    0.0211078670419985,
    -0.005066333001526145,
    0.019242604492502233,
    -0.014238326101285368,
    -0.001609360838755513,
    -0.039834371154925684,
    0.11435526020626831,
    0.06625840371265777,
    0.007880345702560946,
    0.013681869834357414,
    0.03458108801902186
  ],
  "sum weights": 0.9999999437512617
}