{
  "mu_target": [
    -0.5,
    0.6000000238418579
  ],
  "mu_model": [
    [
      -0.4989994339288054,
      0.597204354661473
    ]
  ],
  "diff": [
    [
      0.0010005660711945863,
      0.0027956691803848743
    ]
  ],
  "sigma_integral": [
    0.0006218099805007875,
    0.0009647165274294743
  ],
  "within_band": [
    [
      false,
      false
    ]
  ],
  "toy_seed": 147,
  "weights": [
    -0.008243468635726071,
    0.027715477046608126,
    0.04451931355144386,
    0.04159696008258216,
    -0.018026596486307524,
    0.0606265958070382,
    0.03318460198734959,
    0.045212497605210164,
    0.01523794104011195,
    0.0021816620655415475,
    0.006599086556668662,
    -0.008533777831991957,
    0.0007381996704750499,
    0.045363366935430464,
    -0.0005313483089393892,
    0.0036326727436348026,
    -0.03945744080230018,
    0.02755406752256714,
    -0.011294099312035023,
    0.03461210348389933,
    0.015932995574827944,
    -0.0027112137793478567,
    0.0032917367198153965,
    0.014021710676265325,
    0.02791902786068626,
    0.002970953235264882,
    0.018288552449786617,
    0.004814684047970017,
    0.021465645771485676,
    -0.008377737856713375,
    0.02834756600639942,
    0.009683966235642069,
    0.012802583534784561,
    0.012344542609884655,
    0.0297417176024909,
    -0.0054791865406304645,
    0.08543907005068066,
    -0.01807819668787851,
    0.01630832471649797,
    0.01287626156475251,
    0.06947365013114537,
    0.038974378731453846,
    -0.019857200772275103,
    0.024042436676926685,
    0.05025323062487789,
    0.011445373352339768,
    0.024276292135169412,
    -0.009321143558760823,
    -0.01042326165691787,
    0.05246759415304397,
    0.0311451415243888,
    0.0032719787832930555,
    -0.027216259177634386,
    0.006590186727981443,
    -0.013085191100460589,
    0.053975553726712686,
    0.023258272399716968,
    0.09102613895158508,
    -0.006738916710232621,
    0.02215086509758717
  ],
  "sum weights": 0.9999999385538663
}