{
  "mu_target": [
    -0.5,
    0.6000000238418579
  ],
  "mu_model": [
    [
      -0.5006231574789486,
      0.5998092825866838
    ]
  ],
  "diff": [
    [
      0.0006231574789485883,
      0.00019074125517415386
    ]
  ],
  "sigma_integral": [
    0.0006235146551042162,
    0.000973081057221869
  ],
  "within_band": [
    [
      true,
      true
    ]
  ],
  "toy_seed": 52,
  "weights": [
    0.025599591825563064,
    0.032793423757915025,
    0.04420374125594349,
    0.03296179334086927,
    0.0018872105535281635,
    0.06912977239702985,
    0.008206040000407564,
    0.048897234352674755,
    -0.0035626024250093253,
    0.014109246825914749,
    -0.0032536150955968196,
    -0.02079992176543617,
    0.011216560309524073,
    0.031240305825325037,
    -0.007354492139015255,
    -0.011103755396328067,
    0.011598840218832961,
    0.005750875917521067,
    0.0010095963679395408,
    0.04842793984134727,
    0.040094099533944584,
    -0.0050787117439822,
    -0.030884075753796633,
    0.013459001577513296,
    0.03177549609663041,
    0.0032990576435364817,
    0.009295551348973754,
    -0.003926397109980456,
    0.036359917802925676,
    0.022581045835090425,
    0.0023708140990405338,
    0.0043578268262071,
    0.02303906938439489,
    0.04097630729963569,
    0.020607709716356285,
    0.014011067137636892,
    0.05636140064603345,
    -0.038835510995782,
    0.040715767949889056,
    0.016890800642655718,
    0.058585201503883,
    0.017768483467985628,
    -0.005984773059908477,
    0.026608409133495433,
    0.04173613549258656,
    -0.0213013328778544,
    0.012089584827804258,
    0.003116269968712336,
    -0.0020513775472873357,
    0.02606641474067328,
    0.008294854577170607,
    0.013984787795779703,
    0.02495403656635556,
    -0.005229476350291831,
    0.005685701263519733,
    0.05391991240428714,
    0.00352988891282652,
    0.027065482537356092,
    0.01965449056412887,
    0.053079227334786004
  ],
  "sum weights": 0.999999945161882
}