{
  "mu_target": [
    -0.5,
    0.6000000238418579
  ],
  "mu_model": [
    [
      -0.5012618708751929,
      0.6002158865079608
    ]
  ],
  "diff": [
    [
      0.0012618708751929164,
      0.00021586266610285065
    ]
  ],
  "sigma_integral": [
    0.0006204879729321451,
    0.0009694402254379981
  ],
  "within_band": [
    [
      false,
      true
    ]
  ],
  "toy_seed": 102,
  "weights": [
    -0.010327239213186174,
    0.024560580415095366,
    0.02352369883399209,
    0.016598514193450698,
    0.0068786725160166805,
    0.07324783220872619,
    0.050258831358488576,
    0.07740233347573373,
    0.0334858140729908,
    0.02247684138482657,
    -0.012523333867861001,
    -0.009301411724751197,
    0.0010882418580673433,
    0.017408528035398628,
    -0.0050345089592445805,
    0.02627679532723228,
    0.01904954054501807,
    -0.023295430890819858,
    0.017798069561630298,
    0.01750108616999971,
    0.0375630763761666,
    0.010470515476787816,
    -0.012676557150929975,
    0.04444009896617762,
    0.02857268105885658,
    -0.021492953289239218,
    0.04526004276623264,
    -0.026564418228553932,
    0.015837180019514417,
    0.037005173911246574,
    0.026365279673774056,
    0.017322727238142824,
    8.533833513052038e-05,
    0.0010331386523821334,
    0.017940687734989778,
    0.006469996789470343,
    0.10204349418800995,
    0.007355786341312882,
    0.026957738602026975,
    0.017787408857167508,
    0.027203126041813252,
    -0.006502321965558028,
    -0.007638100859879224,
    0.03315056664768922,
    0.07473118188894552,
    -0.006313017666623154,
    0.026882472283679265,
    -0.013171839966977086,
    -0.00954256381979106,
    0.017342285740875266,
    -0.007473793343279097,
    0.02840557143124684,
    0.0012220385883583219,
    0.000293630710990708,
    -0.04032656534407051,
    0.03704563084275043,
    0.03696659926687295,
    0.04462031478522484,
    -0.007375885288310167,
    0.021630721575671502
  ],
  "sum weights": 0.9999999431691
}