{
  "mu_target": [
    -0.5,
    0.6000000238418579
  ],
  "mu_model": [
    [
      -0.5003638104147781,
      0.6001032011331681
    ]
  ],
  "diff": [
    [
      0.0003638104147780652,
      0.00010317729131015252
    ]
  ],
  "sigma_integral": [
    0.0006191655307677508,
    0.0009750403068179136
  ],
  "within_band": [
    [
      true,
      true
    ]
  ],
  "toy_seed": 140,
  "weights": [
    0.0011131497819105423,
    0.03022158109768594,
    0.005288481179836465,
    0.03122035105000687,
    -0.007904491007607801,
    0.0797089377381541,
    0.011648554548201696,
    0.06438531727191825,
    -0.006777159260317358,
    -0.016488901469906888,
    -0.019226557139729827,
    0.009031392253536082,
    0.023541251509243154,
    0.04946400419280413,
    0.022355789795333,
    -0.013934919266777743,
    0.017910412688304258,
    0.03291386210352557,
    0.022047162276989298,
    0.03631280465239327,
    0.026148762987051353,
    0.014162222829756186,
    -0.0017109814810722563,
    -0.015088414906502586,
    0.01634180918807666,
    -0.013124912962042077,
    0.0372204808776731,
    -0.014727302808601093,
    0.029764685403282757,
    0.010776501395711012,
    0.01660641928444323,
    0.009966473316646454,
    -0.0009526212615031477,
    0.02466731609197986,
    -0.008069972668798912,
    0.0009069740405995331,
    0.04028289499236944,
    0.008334792568506916,
    0.039369593848313816,
    0.02703193391640367,
    0.0557317065802151,
    -0.007311843838026974,
    -0.020826846927202165,
    0.00448072341697461,
    0.055662946385228694,
    -0.00690753120597277,
    0.03611711478198339,
    -0.024827540501051907,
    0.011377788788335145,
    0.03435475732924022,
    -0.0013671363024209506,
    0.011525996518324004,
    0.010426473912912217,
    -0.013037236783999845,
    -0.013006132596439754,
    0.10478741243419275,
    0.06860183828613753,
    0.010072134818175392,
    0.04897138886095396,
    0.014436254973944239
  ],
  "sum weights": 0.9999999475792998
}