{
  "mu_target": [
    -0.5,
    0.6000000238418579
  ],
  "mu_model": [
    [
      -0.4990465156306098,
      0.6017118060817795
    ]
  ],
  "diff": [
    [
      0.0009534843693901895,
      0.0017117822399216331
    ]
  ],
  "sigma_integral": [
    0.0006153779124866679,
    0.0009724769057253956
  ],
  "within_band": [
    [
      false,
      false
    ]
  ],
  "toy_seed": 92,
  "weights": [
    0.014065110956813632,
    0.0162776694317096,
    0.052563827111463464,
    0.025902948692173505,
    -0.030614982462049797,
    0.08483819457708051,
    0.020836933624182916,
    0.04605956182388978,
    0.03339177777413924,
    0.014274435594686566,
    -0.03256111214256561,
    -0.019774027622615653,
    0.0011789088275361717,
    0.04885065152031286,
    -0.00034145190288252,
    0.021663161236444614,
    0.017053418929583487,
    0.0023008954405574103,
    0.031691056027046915,
    0.030189122652397045,
    0.04826251496587468,
    0.001962997574420068,
    -0.003495198086075434,
    0.016229137856784592,
    0.05551792822935382,
    0.0034724472501772245,
    0.045057419810285784,
    -0.017227062354174774,
    0.009878211381446454,
    0.025394642307527446,
    0.007854359405404078,
    -0.018047975325842208,
    0.02372282195497215,
    -0.0020789725144461984,
    0.010891395523929096,
    0.01055078245506237,
    0.06784114620947566,
    0.038759922208973174,
    0.023847090618521537,
    0.017201605951038736,
    0.012900294846048235,
    0.013675063436929506,
    0.0030123571506168382,
    0.020021104676697744,
    0.03103715172613275,
    0.010791462975967834,
    0.005043051091917801,
    0.004299744706988269,
    -0.01125471820001934,
    0.047238015645598076,
    0.0034532492730053655,
    0.022679085265937187,
    -0.025828804708685305,
    -0.003830559953529013,
    -0.05937263405470433,
    0.09448946195090073,
    0.054101770949850636,
    0.010210634125744893,
    -0.0010219794609583133,
    0.024914874090156837
  ],
  "sum weights": 0.9999999410472087
}