{
  "mu_target": [
    -0.5,
    0.6000000238418579
  ],
  "mu_model": [
    [
      -0.4985045281397346,
      0.6016899690210854
    ]
  ],
  "diff": [
    [
      0.001495471860265385,
      0.0016899451792274922
    ]
  ],
  "sigma_integral": [
    0.0006203850263150574,
    0.0009711237500052288
  ],
  "within_band": [
    [
      false,
      false
    ]
  ],
  "toy_seed": 279,
  "weights": [
    0.009205747141936204,
    0.045117003143513745,
    0.03845188167911208,
    -0.011130518890997523,
    0.0024099874922277357,
    0.06969345158236652,
    0.01045477868623401,
    0.07466122613255782,
    0.019127604533013775,
    0.047560720827829216,
    -0.0028067765015850725,
    0.0022046852264631903,
    0.004534796847152811,
    0.04875239594297991,
    0.0051325733612261806,
    0.014414291040334133,
    0.01703333083678057,
    0.03436434290801886,
    0.018020465619454997,
    0.04006924167986243,
    0.03929125963636467,
    0.0012528953041154882,
    -0.009382279129879708,
    0.0018351068874603985,
    0.05491943160281036,
    -0.011320640368858891,
    0.053200971211215795,
    -0.020950641797419674,
    0.010962286323342571,
    0.004362788861855405,
    -0.00843968428596594,
    -0.021434111350208507,
    -0.01331400415492834,
    0.003207456203276087,
    0.015247968167741289,
    0.039036620366553684,
    0.03507417536378566,
    -0.01392328020737539,
    0.010125125312253628,
    -0.005899598086903459,
    0.026079538583077676,
    0.041481977652945805,
    -0.014236574238644533,
    0.00258751301491906,
    0.060355362048684816,
    -0.00040403095439492604,
    0.001456769679247847,
    -0.018202062098251773,
    0.014822683019117228,
    0.0524036858835623,
    0.021405243789949173,
    0.0021241241495344814,
    -0.02885869853870935,
    -0.00010531079849449812,
    -0.020142939087188103,
    0.10193306259411007,
    0.03079281015457284,
    0.054724598221322154,
    0.01936543605652073,
    0.0012936763377030236
  ],
  "sum weights": 0.9999999406173008
}