{
  "mu_target": [
    -0.5,
    0.6000000238418579
  ],
  "mu_model": [
    [
      -0.5003484866994086,
      0.5985040097242991
    ]
  ],
  "diff": [
    [
      0.0003484866994085678,
      0.0014960141175588415
    ]
  ],
  "sigma_integral": [
    0.0006202625821224976,
    0.0009728668861607747
  ],
  "within_band": [
    [
      true,
      false
    ]
  ],
  "toy_seed": 34,
  "weights": [
    0.01157994882582479,
    0.03170709548171753,
    -0.008405138410501254,
    0.003524919921670523,
    -0.0056908275674392725,
    0.06931715414602564,
    0.007518386595899539,
    0.08580330261094384,
    -0.0006109536271928895,
    0.006008601745096061,
    -0.028907127005495692,
    0.014675536602423976,
    0.026641175937642803,
    0.03817443245715708,
    -0.000338134614950531,
    -0.01437312816157776,
    0.022629029410016543,
    0.020015854317249355,
    -0.01858030426323597,
    0.051054461189355534,
    -0.0032546701941373493,
    -0.002079434633003448,
    -0.004310500707079549,
    0.02091572172458429,
    -0.002701272747581937,
    -0.002095738950997278,
    0.015933388830690273,
    -0.010750336855173532,
    0.012961623004104077,
    -0.0057404068449841625,
    0.021479707851313746,
    0.029895766640891466,
    0.031023065908788387,
    -0.0027149403384947577,
    -0.007520669117645628,
    0.028689625452961862,
    0.05281067558662858,
    0.022101750457831134,
    0.0239647179127016,
    0.009278751156140935,
    0.006735554293427595,
    0.03223988057550504,
    0.03400707527067781,
    0.012815058684075344,
    0.0339261286955364,
    0.01217966147189974,
    0.004221138652689471,
    -0.002793469675545396,
    0.01411633926527921,
    0.07944959203582731,
    0.005608527520081337,
    0.021188116517067132,
    0.019139083780409405,
    -0.012827528414011777,
    0.009482886638230562,
    0.10805135085986077,
    0.004518565789551107,
    0.03695544179500243,
    0.014883964180802069,
    0.026471464262595546
  ],
  "sum weights": 0.9999999419271296
}