{
  "mu_target": [
    -0.5,
    0.6000000238418579
  ],
  "mu_model": [
    [
      -0.5003587204636891,
      0.598161089692418
    ]
  ],
  "diff": [
    [
      0.0003587204636891217,
      0.0018389341494399192
    ]
  ],
  "sigma_integral": [
    0.0006186473875108559,
    0.0009718321176384212
  ],
  "within_band": [
    [
      true,
      false
    ]
  ],
  "toy_seed": 226,
  "weights": [
    0.0035402355555944134,
    0.02782685934122478,
    0.02987733443510597,
    0.011129429514225847,
    -0.013770925551826534,
    0.08104178299327229,
    0.0579373506413931,
    0.05044875965079016,
    -0.002766883907691001,
    0.02184569667573642,
    0.02212119245384427,
    0.000264033104790062,
    0.0013584682170101584,
    0.011693504254402761,
    0.0026510342142212393,
    -0.0015785665065768954,
    -0.009609027574493625,
    0.04013709315909325,
    0.0026180510484246286,
    0.03677749725824718,
    0.021644448965003622,
    0.036124317053188,
    0.004367415328981557,
    0.021111633818402798,
    0.03975082332945216,
    0.039702978880767674,
    0.045471858253929694,
    -0.0038480750599257678,
    0.011200468189053375,
    -0.0341449415359189,
    0.011558186022283003,
    -0.0038416575400016723,
    0.015022478276002213,
    0.036354674788797864,
    0.014078353591409269,
    0.004155372558335433,
    0.06684063842786203,
    -0.027010245482237565,
    0.04503737869104957,
    0.021158182097060604,
    0.037422160158057036,
    -0.010277756440725433,
    -0.01819076330423423,
    -0.011489994970363937,
    0.021278321507155227,
    0.01388464971264597,
    0.03677160320167782,
    -0.017240666975217776,
    0.027091736105050564,
    0.041145341181318254,
    -0.02242201840646146,
    0.04373441197181554,
    -0.008136660662050169,
    -0.013618114059536906,
    -0.029661701706346154,
    0.03227140874119751,
    0.04159156110239935,
    0.04462537288710853,
    0.019955691773204037,
    0.03298815593469953
  ],
  "sum weights": 0.9999999453816768
}