{
  "mu_target": [
    -0.5,
    0.6000000238418579
  ],
  "mu_model": [
    [
      -0.499966742743614,
      0.6012720939145227
    ]
  ],
  "diff": [
    [
      3.325725638597676e-05,
      0.0012720700726648326
    ]
  ],
  "sigma_integral": [
    0.0006230573253968877,
    0.0009712210693652984
  ],
  "within_band": [
    [
      true,
      false
    ]
  ],
  "toy_seed": 89,
  "weights": [
    0.00874784370437868,
    0.0249080296063999,
    0.030837860702256418,
    0.01707238341122186,
    -0.011922958395398182,
    0.05151192336206895,
    0.02469185511243959,
    0.040347471262354544,
    0.038848503331910006,
    0.032727425990002945,
    -0.018685747994129833,
    -0.028969062517186228,
    0.0008257648617732702,
    0.01153777607767943,
    0.01692105485461223,
    0.001225317146992121,
    0.03661834852064307,
    0.05781808928968593,
    0.018156846667533155,
    0.03837957782563262,
    0.01812997526417783,
    -0.0029219387851277577,
    0.006693543390449286,
    -0.014332693157798016,
    0.011593418326180558,
    0.0007453546951284995,
    0.021641752618409678,
    -0.029430474355266613,
    0.012745226072968857,
    0.023372538521049396,
    -0.00982254341339989,
    0.016430547217348736,
    0.010114473042907442,
    0.008847394761615926,
    0.03163481850423459,
    -0.0029670049930429565,
    0.06925889658098068,
    0.022022267150347045,
    0.008526515731463562,
    0.012435384796905183,
    0.06801264108185832,
    -0.0008917990211369966,
    -0.02269335231374025,
    0.013899689961295461,
    0.03877435023530965,
    -0.018362335232522977,
    0.001706668880099771,
    -0.0019540647147298566,
    -0.0052614179007542455,
    0.054804408957242944,
    0.004498313257046138,
    0.030599455632364582,
    -0.0001645257967049654,
    -0.017748004292875943,
    0.014554796377915933,
    0.09835395100268685,
    0.025096134455732035,
    0.03661930964678502,
    0.0021149242301633014,
    0.07172504744966919
  ],
  "sum weights": 0.9999999466861065
}