{
  "mu_target": [
    -0.5,
    0.6000000238418579
  ],
  "mu_model": [
    [
      -0.49976930343865755,
      0.5989918536887379
    ]
  ],
  "diff": [
    [
      0.0002306965613424472,
      0.001008170153120047
    ]
  ],
  "sigma_integral": [
    0.0006205410747551207,
    0.0009654758747357252
  ],
  "within_band": [
    [
      true,
      false
    ]
  ],
  "toy_seed": 38,
  "weights": [
    -0.014977441603420153,
    0.03134576252531961,
    0.02603263004624313,
    -0.0021106226695850696,
    -0.01412779913208984,
    0.12804466604264822,
    0.006494912738920232,
    0.05065515549348537,
    0.039682074108900026,
    0.0283208043325622,
    -0.0009014274532844354,
    0.0011977232127454607,
    0.015430341141287758,
    0.04743083642693612,
    0.007485162791560914,
    -0.03232933838717845,
    0.03300373138338414,
    0.05200625459861987,
    0.030811940428167803,
    0.02339290181995434,
    0.03007201856602984,
    -0.0029071439150047036,
    -0.018742605797574398,
    0.0007435679240623944,
    0.026096193896418762,
    -0.02134412168373669,
    0.03571065377666895,
    -0.0033764397076411013,
    0.029244565442980514,
    -0.023493589034172358,
    0.0031724944014460015,
    0.00574031282998221,
    0.0012443844516420574,
    0.023040417843799538,
    -0.005363871116806692,
    -0.00649959473729772,
    0.03440600743694606,
    0.012619532791508667,
    0.03205886073401123,
    0.026705574418935396,
    0.07643573283591047,
    -0.004356005599535787,
    0.0006516101010927002,
    0.005223336437871093,
    0.05705734892153804,
    -0.02837928183148306,
    0.01851509503326525,
    -0.005478888568471694,
    -0.013272774103953739,
    0.056860222202693794,
    0.03465841098242736,
    0.007448138401794289,
    -0.001575146927946212,
    0.0061462727812855575,
    -0.010208563757336385,
    0.0761811148937118,
    0.01844679783969729,
    0.02906251542144005,
    0.020371017754002827,
    0.02019750418517677
  ],
  "sum weights": 0.9999999433705556
}