{
  "mu_target": [
    -0.5,
    0.6000000238418579
  ],
  "mu_model": [
    [
      -0.4996172539653034,
      0.598961868055661
    ]
  ],
  "diff": [
    [
      0.0003827460346966238,
      0.001038155786196926
    ]
  ],
  "sigma_integral": [
    0.0006194586131029249,
    0.0009673615773588823
  ],
  "within_band": [
    [
      true,
      false
    ]
  ],
  "toy_seed": 64,
  "weights": [
    0.005393643567988249,
    0.019274345195455227,
    0.04480518824988437,
    0.028808336562235363,
    -0.02439334627082079,
    0.05442106279862161,
    -0.014255589567118435,
    0.1090032976213469,
    0.0526371041769006,
    0.01208861949784938,
    0.013667087483985575,
    0.012811757728039741,
    -0.02414529278618371,
    0.05801395894342069,
    0.014928029029848137,
    0.018950822215472455,
    0.026559950141623146,
    0.03308604951354539,
    -0.0014693786947922072,
    0.05404703511177703,
    0.04373245357848245,
    -0.018663053692286585,
    0.004792100478296024,
    0.03957073679718428,
    0.031130776475383325,
    -0.00826964677246923,
    0.06232963387794742,
    -0.022183741800132654,
    0.043436420634265754,
    -0.02125587384227581,
    -0.0008536606950280954,
    -0.022111109499762333,
    -0.018962606852407245,
    0.01721558216241899,
    0.04710661419576951,
    0.021295305587365514,
    0.03233064411925257,
    -0.002847674474604934,
    0.02313174901117229,
    0.015986085477654614,
    0.06833419248795664,
    0.030510762127143,
    -0.028915110823296862,
    0.015986144193853354,
    0.03417785903484503,
    0.035291693321935574,
    0.022268239400287788,
    -0.016646469184454657,
    0.012479901912940546,
    0.0534976419025184,
    0.01595568557554595,
    -0.0067046864176834075,
    0.017733732270246577,
    -0.026984631598984052,
    -0.05066036464263548,
    0.05949932712462144,
    -0.009577089325055332,
    0.04312992995367939,
    -0.0008335074522498567,
    -0.029686722781783012
  ],
  "sum weights": 0.9999999423647354
}