{
  "mu_target": [
    -0.5,
    0.6000000238418579
  ],
  "mu_model": [
    [
      -0.5000969256615291,
      0.5982568515077753
    ]
  ],
  "diff": [
    [
      9.692566152907922e-05,
      0.00174317233408261
    ]
  ],
  "sigma_integral": [
    0.0006200263116332087,
    0.0009692072930057734
  ],
  "within_band": [
    [
      true,
      false
    ]
  ],
  "toy_seed": 142,
  "weights": [
    0.0049640687301267476,
    0.00485921989366964,
    0.002023119272071551,
    0.003817466975325724,
    -0.025338910853015633,
    0.11362193041801211,
    0.03571136282543748,
    0.0748597373435872,
    0.02067320903106637,
    0.04921529513154039,
    -0.00683901191902796,
    0.020261792886517322,
    0.014255954895503312,
    0.053538690873157116,
    0.015186600910743534,
    0.02133687918992649,
    0.004553491304255132,
    0.053893596276484934,
    -0.015761835090170057,
    0.038620025387298605,
    0.021906480434198294,
    -0.009804020702984419,
    -0.008090984451948323,
    0.02183531247101923,
    0.030646517028271227,
    0.012971333462347811,
    -0.0077339723531634945,
    -0.00047226792176826595,
    0.03977386767040424,
    0.02202003272682921,
    0.025967663352540707,
    -0.006108405620636832,
    -0.032294356372101984,
    0.011993461349946123,
    0.01697382345271113,
    0.011697283064203975,
    0.03937741549572883,
    -0.03369580370959412,
    0.031216689413539816,
    0.015191291518594703,
    0.09066085705658639,
    0.020980141370956103,
    -0.01669184186451338,
    0.02216366333830184,
    0.06061556909248369,
    -0.01375178201392285,
    0.009978361272065452,
    -0.013084210623588987,
    -0.002718752913696817,
    0.04616195443353735,
    0.02013611741906633,
    0.005884103377187837,
    -0.009398413819823155,
    0.01352536851870748,
    -0.05179879180020443,
    0.0542732543548468,
    0.04573276647082098,
    0.026714982440716437,
    0.01232415788404343,
    -0.00853160658157589
  ],
  "sum weights": 0.9999999412026425
}