{
  "mu_target": [
    -0.5,
    0.6000000238418579
  ],
  "mu_model": [
    [
      -0.5005607873372532,
      0.5990640138357392
    ]
  ],
  "diff": [
    [
      0.0005607873372531769,
      0.0009360100061187593
    ]
  ],
  "sigma_integral": [
    0.0006220748340125617,
    0.000969229579109494
  ],
  "within_band": [
    [
      true,
      true
    ]
  ],
  "toy_seed": 107,
  "weights": [
    -0.0017606302421075504,
    0.03874427042340041,
    0.028877076877631677,
    0.010902817401791305,
    -0.009775187143416063,
    0.06434412585031016,
    0.014479495589208961,
    0.10610829031510273,
    0.0011388165772463316,
    0.03209728518637862,
    0.014357403264268239,
    -0.010440475480654738,
    0.011767068633168253,
    0.039567091277057334,
    0.010179872089905388,
    0.015597942737349844,
    0.014049198707866408,
    -0.01824704685868233,
    0.009523988819482184,
    0.01994368856576033,
    0.03093791778577741,
    0.0069451130943359255,
    0.011816394129415627,
    0.0017069156109992387,
    0.09339438646681099,
    -0.0003130389913753932,
    0.035168769000220125,
    -0.03475152611516219,
    0.02972215819914624,
    -0.000520288976683315,
    0.006897999147865871,
    0.026197795766133236,
    0.008004383776455208,
    0.008894871318390365,
    0.01437571499166848,
    -0.014430884321096644,
    0.03345090710829195,
    0.024212667018986847,
    0.016810246466193366,
    0.00241767697330836,
    -0.008695185258766676,
    -0.012009338916361122,
    -0.011755529414526247,
    0.04273963798929131,
    0.0466586422916872,
    -0.02072178971116764,
    -0.0007583714661234981,
    -0.017315657336692353,
    -0.02523540292592435,
    0.03701451135243351,
    -0.009283641907795556,
    0.009785917278807633,
    0.015849065109867295,
    0.0029953420943532203,
    0.02858559644485107,
    0.10881886382976252,
    0.049637971257769135,
    0.054702995074980866,
    0.023269959948711925,
    -0.00667691097690811
  ],
  "sum weights": 0.9999999457989993
}