{
  "mu_target": [
    -0.5,
    0.6000000238418579
  ],
  "mu_model": [
    [
      -0.4993467108612881,
      0.6000053346381444
    ]
  ],
  "diff": [
    [
      0.0006532891387118767,
      5.310796286517316e-06
    ]
  ],
  "sigma_integral": [
    0.0006185390691116763,
    0.0009659308195251169
  ],
  "within_band": [
    [
      false,
      true
    ]
  ],
  "toy_seed": 215,
  "weights": [
    -0.002044410423599866,
    0.03547516678303804,
    0.028229032364182196,
    0.011131564356351747,
    -0.0032422149940287224,
    0.08131288732835987,
    -0.002768022607837769,
    0.07611617761892803,
    0.04024271377658627,
    0.0272758302029321,
    0.023593421809198278,
    -0.0079604047229428,
    0.018469750605901076,
    0.012004786934492324,
    -0.020857086969731032,
    0.03353109422759942,
    0.028601899644178027,
    0.017695454807271697,
    -0.0007857241482792788,
    0.022558466874467137,
    0.04032713052817219,
    -0.009347651636592312,
    -0.002190146893010435,
    0.0380867008808824,
    0.034180326890832946,
    -0.02568020358139071,
    0.00952314327249517,
    -0.0030948468770000052,
    0.0256978019539602,
    0.007056238479415766,
    0.015469373412482439,
    0.0221419769768922,
    0.0018902144940532927,
    0.010504184633715002,
    0.013097473042754283,
    0.006562072891883943,
    0.0465332227821761,
    -0.0012437528549194138,
    0.009641575302008949,
    0.03028336067562729,
    0.059603502336630955,
    -0.00012846909863570164,
    -0.028925171897048397,
    0.041237160695037,
    0.036453782179239114,
    -0.015589004301849512,
    0.004318293516172531,
    0.015676481069390416,
    0.004979627079289513,
    0.04408659308342079,
    -0.02349033885025012,
    0.034725306513775464,
    0.026347473661530615,
    -0.00694983968563421,
    -0.008052963186695504,
    0.0717590056963222,
    0.032607391423537864,
    0.011262009843391317,
    0.0014343850110271942,
    0.010626141305275939
  ],
  "sum weights": 0.9999999442354336
}