{
  "mu_target": [
    -0.5,
    0.6000000238418579
  ],
  "mu_model": [
    [
      -0.5000251925379711,
      0.5977198138800225
    ]
  ],
  "diff": [
    [
      2.51925379710638e-05,
      0.002280209961835422
    ]
  ],
  "sigma_integral": [
    0.0006221404623511686,
    0.0009710923212229994
  ],
  "within_band": [
    [
      true,
      false
    ]
  ],
  "toy_seed": 87,
  "weights": [
    0.00248857705684881,
    0.02821256468158998,
    0.01363445047815924,
    0.023098168712827803,
    -0.006955251231972731,
    0.08922149537098112,
    -0.0006924109951895125,
    0.0909923166139688,
    0.032243929789546585,
    0.029490245490395063,
    -0.0020561797684788834,
    0.011659474767408137,
    -0.004286729294601371,
    0.012047486034567895,
    0.035234611423363635,
    0.016004180157341674,
    -0.0019337789239768795,
    0.06753618164381345,
    0.002718809481485698,
    0.04302700594258841,
    0.03586347733615444,
    0.016384594771489496,
    0.0009930911848379323,
    0.026510733119669436,
    0.04298524648838597,
    0.0017072590371618333,
    -0.021120798890206165,
    -0.030423750668752275,
    -0.0034316620834597506,
    -0.060616333651589326,
    -0.014117970040712038,
    -0.002088334980578635,
    0.0061060524039703796,
    0.013760720144432848,
    0.036117131226319245,
    0.0016884954494429606,
    0.06276744569636837,
    0.00864666041355443,
    0.04770331824562282,
    0.02680934086283951,
    0.04167900368542241,
    0.02824971949588723,
    -0.03911384895931888,
    0.05894582375288004,
    0.0763145742657509,
    -0.035203162370896296,
    -0.009185882445587502,
    -0.008324370292641329,
    -0.006663799388264658,
    0.04277407836074519,
    0.011566059715888748,
    0.042229083755456844,
    -0.005703503172772374,
    -0.008853372055329576,
    0.008276699255193944,
    0.09765922981258189,
    0.016872593027479652,
    0.014199423282422114,
    0.008987310275082984,
    -0.012635583057334301
  ],
  "sum weights": 0.9999999404382656
}