{
  "mu_target": [
    -0.5,
    0.6000000238418579
  ],
  "mu_model": [
    [
      -0.5001888804150512,
      0.5986830958861199
    ]
  ],
  "diff": [
    [
      0.0001888804150511625,
      0.001316927955738012
    ]
  ],
  "sigma_integral": [
    0.0006194211811761425,
    0.0009770117015642375
  ],
  "within_band": [
    [
      true,
      false
    ]
  ],
  "toy_seed": 62,
  "weights": [
    -0.009190803211211126,
    0.006032214804776983,
    0.01699110087733574,
    0.029171497769778915,
    -0.03316090160489291,
    0.07392673229823234,
    0.027785896906446166,
    0.07695085176890457,
    0.025950907124761172,
    0.02539390328554793,
    0.03993220482712445,
    0.0158844435089757,
    0.010457611081736906,
    0.04004026404914075,
    0.012661524847896058,
    0.014881472442764719,
    0.02006026392185805,
    0.03693680508102612,
    -0.007623856636457822,
    0.005973276292634134,
    0.039512559751132284,
    -0.012254913392322667,
    -0.024595634064747653,
    0.011869491374792795,
    0.030592361911443797,
    -0.0025741361496788317,
    0.02529695991296214,
    0.004724028487580489,
    0.03479755880253351,
    -0.009511850947729815,
    0.0019382891532788518,
    0.04384769791191656,
    0.03290475865031063,
    0.027620397368923126,
    0.01811033950457626,
    0.017383516837625502,
    0.05959700302685793,
    -0.0004845003961207877,
    0.028342537053675516,
    0.010037531523307953,
    0.006624849969689546,
    0.008533761232213614,
    0.0013920530380145246,
    0.011817494986377393,
    0.04648999709459551,
    0.0049233774028171065,
    -0.015034968663425278,
    -0.02789339855241847,
    0.014123386200542157,
    0.06413780372744826,
    -0.010297105905636468,
    0.012732760077777117,
    -0.01018620224807054,
    -0.007838313647753486,
    -0.0026085521365216587,
    0.10209768066643489,
    -0.007850505977152597,
    0.03530945136806906,
    0.012733010269678602,
    -0.0054160399642532745
  ],
  "sum weights": 0.9999999446951224
}