{
  "mu_target": [
    -0.5,
    0.6000000238418579
  ],
  "mu_model": [
    [
      -0.4990415600845088,
      0.5995776489960835
    ]
  ],
  "diff": [
    [
      0.000958439915491216,
      0.0004223748457744536
    ]
  ],
  "sigma_integral": [
    0.0006219421263156356,
    0.0009685029419577494
  ],
  "within_band": [
    [
      false,
      true
    ]
  ],
  "toy_seed": 186,
  "weights": [
    0.009404070719430651,
    0.012071015301636921,
    0.04142723081527801,
    0.021749083805903013,
    0.00832948397489496,
    0.0894706909197828,
    -0.0009466991774803291,
    0.052805249587143055,
    0.04375803117493556,
    -0.0029043532168637927,
    -0.024877596783604027,
    0.005644079271548386,
    0.03627920049833301,
    0.05055975838057042,
    0.012718480910729956,
    0.024847680088965273,
    -0.004345533211825125,
    0.008909374583486892,
    0.0018329721196769283,
    0.03432439465047911,
    0.028253210357506185,
    0.005575451741668565,
    0.020283235672634934,
    0.02169621357752142,
    0.022301861178602878,
    -0.014656979256053818,
    0.015332074178730554,
    -0.01752133903087036,
    0.03660248455813319,
    0.04644052957192633,
    -0.001155998877496645,
    0.00615745658255548,
    0.037597668877418895,
    0.019298768645899557,
    -0.018506991755428876,
    0.01602238010139919,
    0.08131815454793172,
    0.016480616229374214,
    0.037349409002907764,
    0.0028247784152496914,
    0.05510093729344906,
    0.010267378541905561,
    0.006831031987765491,
    0.0027397103439228123,
    0.04589516330597054,
    -0.015807740428540346,
    -0.006703419175875875,
    0.0018698022408033187,
    0.025790647349884652,
    0.027332699785113046,
    -0.010740692990786166,
    -0.0029901675517969195,
    0.005971720487689218,
    -0.011293840885754396,
    -0.035895923201752264,
    0.04152037891147709,
    0.007385982133036094,
    0.05300392341267997,
    0.006706788476282189,
    0.010265958963755633
  ],
  "sum weights": 0.9999999377318612
}