{
  "mu_target": [
    -0.5,
    0.6000000238418579
  ],
  "mu_model": [
    [
      -0.5003823962615948,
      0.5981360768645605
    ]
  ],
  "diff": [
    [
      0.00038239626159475293,
      0.0018639469772974149
    ]
  ],
  "sigma_integral": [
    0.0006169846583898241,
    0.0009713641377223913
  ],
  "within_band": [
    [
      true,
      false
    ]
  ],
  "toy_seed": 63,
  "weights": [
    -0.01041904971339013,
    0.0170534557090916,
    0.01739846640595626,
    0.028857705951693166,
    -0.026576600506548403,
    0.11041873632635778,
    0.029388704669269006,
    0.04483139871591229,
    0.0041631182421190335,
    0.045409805531183046,
    -0.006980814570904143,
    0.024927490584676023,
    0.010202465203362083,
    0.0438211448497423,
    0.0157414578430651,
    -0.011230050692121966,
    -0.016402947482663743,
    0.034011396879930024,
    -0.030155207870902413,
    0.03932175498246836,
    0.02537290604430675,
    0.005868891982618955,
    0.003847206497684285,
    -0.011835297153123963,
    0.026153830690870513,
    0.005252854754864555,
    0.06281756183944057,
    -0.008116820564803872,
    0.04229221147618305,
    -0.06443806340438256,
    0.010128273649640255,
    0.011406532213435287,
    0.026779633800294248,
    0.0008087296243727475,
    0.052684890401994144,
    0.017520382123563803,
    0.06370400507267411,
    -0.00933870391555303,
    0.019307198518620446,
    0.03897998854995036,
    0.023719345165548675,
    0.022779774200166268,
    -0.0031040872506887004,
    0.027606579623152935,
    0.0463160107424443,
    0.0010502462351027098,
    -0.005833507378014057,
    0.0009754370419323606,
    -0.02171750253006776,
    0.03337380619425827,
    0.008149498211253816,
    0.0054347402925789745,
    0.005103088848362687,
    -0.0013965943525127398,
    -0.03510263294913607,
    0.04494994711995622,
    0.06433985431587896,
    0.04261544087979434,
    0.04446343716782906,
    0.01329841632164354
  ],
  "sum weights": 0.9999999411604298
}