{
  "mu_target": [
    -0.5,
    0.6000000238418579
  ],
  "mu_model": [
    [
      -0.5000889623287392,
      0.5994262650778794
    ]
  ],
  "diff": [
    [
      8.896232873922827e-05,
      0.0005737587639784714
    ]
  ],
  "sigma_integral": [
    0.0006215177747207042,
    0.0009676362734006938
  ],
  "within_band": [
    [
      true,
      true
    ]
  ],
  "toy_seed": 214,
  "weights": [
    0.004163654023178309,
    0.02787889524138303,
    0.03524394725047094,
    0.004627005036755572,
    -0.03022709252212748,
    0.09024802812024157,
    0.02061881184104957,
    0.09033136885307964,
    -0.013341993159786368,
    0.008853128100757451,
    0.003575698256624864,
    0.017824751683859875,
    0.03577724695489776,
    0.02397909439195089,
    0.010844890060724166,
    -0.03145963861562243,
    -0.003008152053094403,
    0.030924780069670255,
    0.026779828461191126,
    0.03883407122309168,
    0.01612109971221746,
    -0.0057906711269609034,
    -0.0008367520432248246,
    0.024240370458483654,
    0.053812806925452435,
    -0.007679182713144277,
    0.030627036946798785,
    -0.017592501628506146,
    0.01130503163421003,
    0.03285947449619254,
    -0.009304220317641663,
    0.01649238518109544,
    0.002811347184772035,
    0.040805165799905584,
    0.006185149667747083,
    0.008831411396756006,
    0.062391522019275586,
    -0.01056094750315866,
    0.04257103498302322,
    0.01660286813579863,
    0.03159451946983849,
    0.005373156320111318,
    -0.013001112678460398,
    -0.007784931672300579,
    0.022391474836331256,
    -0.012879763710144982,
    0.009309099172220473,
    -0.009952250001590354,
    0.01809832262311043,
    0.07226890816651782,
    -0.0014127559879351793,
    0.014412643973550994,
    -0.01875216613404536,
    -0.03056930143539778,
    -0.001647989801530555,
    0.10832959819381802,
    0.03962230494430959,
    0.046097218816809025,
    -0.013784479453013771,
    0.03592669296329355
  ],
  "sum weights": 0.99999994103288
}