{
  "mu_target": [
    -0.5,
    0.6000000238418579
  ],
  "mu_model": [
    [
      -0.4997933882386366,
      0.5999100920659393
    ]
  ],
  "diff": [
    [
      0.00020661176136338444,
      8.99317759186502e-05
    ]
  ],
  "sigma_integral": [
    0.0006200079035820727,
    0.0009680498767737166
  ],
  "within_band": [
    [
      true,
      true
    ]
  ],
  "toy_seed": 166,
  "weights": [
    0.03307851992409349,
    0.03028950835910878,
    0.07028703524431212,
    0.006030276941900314,
    0.006773305731143521,
    0.08855117186686316,
    0.05017645156784773,
    0.04683513474710686,
    0.02320675629047782,
    0.03306796690185462,
    -0.012149187312152341,
    0.002570559948671064,
    0.02182213919586711,
    0.060372242300762366,
    -0.01453196088002401,
    0.004521589486983939,
    0.017803783921840396,
    0.011939683141790718,
    -0.0023185739931979913,
    0.0027825191910803566,
    0.04440072735822505,
    -0.010275635819477465,
    0.013396177177731209,
    0.016376222696001235,
    0.05550194927802433,
    -0.020517094449999666,
    0.034485443329806714,
    0.014202842376571625,
    0.007909034931353665,
    -0.03288997865963635,
    -0.009533253116476076,
    0.001434719729998705,
    0.025012172816737073,
    0.008065679622530167,
    0.017817441602290113,
    0.03189313874870896,
    0.052466720763944034,
    -0.0030124026990070766,
    0.031247019005064044,
    -0.011494273826223556,
    0.018893217069232776,
    0.03159467641188038,
    0.005985576389630105,
    0.012496084119329067,
    0.05416121636355645,
    0.012501092798978071,
    0.007213358592662765,
    -0.012359372200800947,
    0.003040154221051035,
    0.03693417997819171,
    -0.0006980867106167976,
    -0.014322309122533045,
    0.020134013383766757,
    -0.0003884390122286523,
    -0.022546335176015626,
    0.016087539450177712,
    0.022787079552605442,
    0.03978395493770471,
    0.01752674873412028,
    0.003580017283805223
  ],
  "sum weights": 0.9999999405069941
}