{
  "mu_target": [
    -0.5,
    0.6000000238418579
  ],
  "mu_model": [
    [
      -0.4997523105160446,
      0.5993973631918941
    ]
  ],
  "diff": [
    [
      0.00024768948395542667,
      0.0006026606499638376
    ]
  ],
  "sigma_integral": [
    0.0006208979723408035,
    0.0009703872032128814
  ],
  "within_band": [
    [
      true,
      true
    ]
  ],
  "toy_seed": 51,
  "weights": [
    -0.015995586845570033,
    -0.011896846275146335,
    0.07899762020632388,
    0.008011750969041923,
    -0.028975346058800866,
    0.1321929861786302,
    0.001542236428030165,
    0.0878926809519023,
    0.027780705773620722,
    -0.009776778845325221,
    -0.00045888404039249193,
    0.010070836030546072,
    0.03406913872927124,
    0.034677261919548064,
    0.021635651008913355,
    0.025851041545266306,
    0.029412051399724568,
    0.020930211252566087,
    -0.022885200187688998,
    0.01017991853302913,
    0.01577806978169494,
    -0.01906575456177124,
    -0.0012015229848329808,
    0.024767393161384748,
    0.01900412903001038,
    -0.03157042921165285,
    0.05814387077827393,
    -0.0036961081785905673,
    0.0377168122787455,
    -0.005032183438782936,
    -0.004828326014998165,
    0.03012549860411679,
    -0.0007980629699458589,
    0.019553184706434842,
    0.0013705545259140215,
    0.006041659434761537,
    0.07380667451677018,
    0.010944024340308391,
    0.022667552889803988,
    0.0025352543163998063,
    0.06556458654344623,
    0.017185876141337732,
    -0.014360715019383212,
    0.024374555998498464,
    0.02482856952869327,
    -0.020782979326630268,
    0.007086312469868925,
    -0.013112111395543517,
    0.015703709747644113,
    0.052585777568844236,
    0.0061104578356947475,
    -0.021039998464286412,
    0.021378595611968806,
    -0.01375973336915886,
    0.012678897888120228,
    0.04452682545493894,
    0.06468674611191395,
    0.038970964761121496,
    -0.002648333391500291,
    0.0005042005398154634
  ],
  "sum weights": 0.9999999449129386
}