{
  "mu_target": [
    -0.5,
    0.6000000238418579
  ],
  "mu_model": [
    [
      -0.4995235987442529,
      0.5979384927773495
    ]
  ],
  "diff": [
    [
      0.00047640125574710535,
      0.0020615310645084595
    ]
  ],
  "sigma_integral": [
    0.0006187556165650997,
    0.0009734858761659344
  ],
  "within_band": [
    [
      true,
      false
    ]
  ],
  "toy_seed": 255,
  "weights": [
    0.01645597515016907,
    0.011013181740735312,
    -0.0026227745156473803,
    0.018190728640685782,
    -0.0028299000468795126,
    0.07385322079647726,
    0.043080457743747816,
    0.050087808291337924,
    0.006499468473815634,
    0.018947578654341782,
    0.05046426356541014,
    0.015351016657705097,
    0.03495191862281482,
    0.045615391664732274,
    -0.01096343812334561,
    -0.04686899973687962,
    0.0011965135372192964,
    0.015367508248388406,
    -0.005435552674346576,
    0.058130566848197805,
    0.038000431170600535,
    0.0009804517515398235,
    -0.01755036811208098,
    -0.0015151786024179261,
    -0.008823854951350553,
    -0.02676228031800327,
    0.02858540371092461,
    -0.004380838586377022,
    -0.01091248468782002,
    0.01919881067766174,
    0.029018680587262365,
    0.012966778142583506,
    0.02959887548555479,
    0.03483915006957774,
    0.019552793801066653,
    0.005520591104519865,
    0.04966005064074261,
    0.020313585424098765,
    0.03236315818093719,
    0.027127508501498795,
    0.0767146432997371,
    3.544674502122379e-05,
    0.007109159986528371,
    0.006214465374879682,
    0.06456549225070668,
    -0.002338349148831623,
    0.016036963055469537,
    -0.011464623041381804,
    0.0149643937530954,
    0.016971922948812328,
    0.014295152250011706,
    0.003460936653941721,
    0.010673503056655289,
    -0.009307503999158176,
    -0.022095455222740826,
    0.0768268840663758,
    0.041984721067417144,
    0.028129961154280826,
    0.005915275609998719,
    -0.00695924428988074
  ],
  "sum weights": 0.9999999431001374
}