{
  "mu_target": [
    -0.5,
    0.6000000238418579
  ],
  "mu_model": [
    [
      -0.4998367435575227,
      0.5989257742823599
    ]
  ],
  "diff": [
    [
      0.00016325644247727755,
      0.001074249559497975
    ]
  ],
  "sigma_integral": [
    0.0006191518920211214,
    0.0009738891594435323
  ],
  "within_band": [
    [
      true,
      false
    ]
  ],
  "toy_seed": 15,
  "weights": [
    0.006619795215243821,
    0.01588816448643822,
    0.036943054931471826,
    0.020824984088839347,
    -0.01822170982029189,
    0.10654392794057804,
    -0.0026163602278176674,
    0.07141409180298171,
    0.00912520788335581,
    0.025142863660212084,
    -0.01681396823766125,
    -0.018502055500340876,
    0.0070806333333676575,
    0.0351171359397438,
    0.008713599799081198,
    -0.00031751898540665756,
    -0.013966090623069204,
    0.01743896016511643,
    0.015504487666277201,
    0.05319164708300635,
    0.06829624282231768,
    -0.0017662777763977646,
    0.017862756122444867,
    0.004868728206117746,
    0.05522576794413855,
    -0.011052559143300451,
    -0.008439844366788152,
    -0.03702828025491647,
    0.03703360214441691,
    0.017459781729058533,
    0.012784050060946404,
    0.013722394637849737,
    -0.011957647051882426,
    0.027664956274839544,
    0.0028036155467439637,
    0.017647833312635367,
    0.05803931248115219,
    0.004137857209357518,
    0.02654042516580235,
    0.01937848224120547,
    0.050152945128207234,
    0.0007906000429630706,
    0.009666891102314045,
    -0.0014705126777563053,
    0.06137756387053832,
    0.02005190389174967,
    -0.006326540619981299,
    -0.003366898373529899,
    -0.0046880298126815234,
    0.02738446187461482,
    -0.008914715801247286,
    0.014224452645072152,
    0.010966543290271016,
    -0.0023333089628452077,
    0.016243172262371593,
    0.09435678838887948,
    0.031747176021965036,
    0.039045091638163394,
    -0.023678168461138557,
    0.0024384780817910696
  ],
  "sum weights": 0.9999999414365882
}