{
  "mu_target": [
    -0.5,
    0.6000000238418579
  ],
  "mu_model": [
    [
      -0.500178869999701,
      0.599204108197848
    ]
  ],
  "diff": [
    [
      0.00017886999970095907,
      0.0007959156440099369
    ]
  ],
  "sigma_integral": [
    0.0006190798964809618,
    0.0009738559297080013
  ],
  "within_band": [
    [
      true,
      true
    ]
  ],
  "toy_seed": 273,
  "weights": [
    -0.015253964850350812,
    0.02206283909062426,
    0.06851021255191847,
    0.025687147976055227,
    -0.041592630248297714,
    0.10920031719375678,
    0.025349582793243897,
    0.08504513943510712,
    0.006698045029949776,
    0.0011681414895444277,
    0.00728669555787389,
    0.031841793198475,
    0.00921544578814461,
    0.034341551761987124,
    0.015966981962894415,
    -0.0067315421350602755,
    0.007680052121478596,
    0.011860852780403107,
    0.017504198380750693,
    0.02224810141940257,
    0.023113136275478115,
    0.010123955782464045,
    0.003826692670118915,
    -0.01090315788768938,
    0.051673412898375855,
    0.013109495390839145,
    0.06540669731173462,
    0.019245813258081116,
    0.02122107927692081,
    0.008632356983005,
    -0.011240894005774852,
    0.0030679431228461244,
    0.019064567776759918,
    0.02738585978696118,
    0.025269714776861244,
    -0.014469838668834611,
    0.0451509732163598,
    -0.0028787812878960377,
    0.006110413965966473,
    0.005183294447742151,
    0.04082408598942255,
    -0.026597999271876508,
    -0.0054824413473315015,
    -0.030044655872105357,
    0.046041722106867536,
    0.014488335892046152,
    0.02538188181557922,
    -0.018233005939073208,
    0.009432078712800109,
    0.058936344415792936,
    0.002149690360572841,
    0.02898893850469911,
    0.005164170836547882,
    0.001264827295568078,
    -0.027743255020500235,
    0.05002612527343981,
    0.040953200767549665,
    0.006300381090730748,
    0.005347071422861816,
    0.026620749239140703
  ],
  "sum weights": 0.999999942660953
}