{
  "mu_target": [
    -0.5,
    0.6000000238418579
  ],
  "mu_model": [
    [
      -0.4987689360020584,
      0.5988199563204837
    ]
  ],
  "diff": [
    [
      0.001231063997941595,
      0.0011800675213742284
    ]
  ],
  "sigma_integral": [
    0.0006193508647254399,
    0.0009717049914493455
  ],
  "within_band": [
    [
      false,
      false
    ]
  ],
  "toy_seed": 72,
  "weights": [
    0.0042362425907611434,
    -0.006613740188119598,
    0.059650570393780876,
    0.02746302731514897,
    0.022724609426163365,
    0.08194806835390701,
    5.376785998838816e-05,
    0.07544345603120423,
    0.021630890320846547,
    0.016657803074414376,
    0.0048969403482108115,
    0.012576115082770917,
    0.015315534313035777,
    0.05047848154739086,
    -0.0065290740817931705,
    -0.012997109486747298,
    0.015886446234199925,
    0.02033474484943388,
    -0.006916089949923536,
    0.017190669459464705,
    0.03711837263753527,
    0.010669673420619202,
    -0.0032682590843840396,
    0.016903213235953826,
    0.023809163496706594,
    -0.025479302736034524,
    0.02633525214430494,
    -0.01294758870998757,
    0.031425933646285806,
    0.008462712429874626,
    0.023022909709570487,
    -0.010809852386878828,
    0.016068892237164793,
    -0.017346651427813792,
    0.03653120650752764,
    0.013667737511876867,
    0.059295023291508396,
    -0.0071420127469374265,
    0.030516863169880677,
    0.005588606929417971,
    0.0519709332103833,
    0.01488210465500647,
    -0.005858735550842284,
    0.03189789764637135,
    0.047957674134902706,
    -0.008417402233033245,
    0.017958694602272465,
    0.009954481181696319,
    0.027355249839319015,
    0.030502713788374696,
    0.023698956220211297,
    -0.0008151730294420017,
    -0.00422051681168178,
    -0.010726765882616394,
    -0.016455133778326685,
    0.03940958220322403,
    0.043602499883912314,
    0.056214859263106924,
    0.0019148926924764103,
    -0.026680117442417137
  ],
  "sum weights": 0.9999999413632268
}