{
  "mu_target": [
    -0.5,
    0.6000000238418579
  ],
  "mu_model": [
    [
      -0.5007138700623408,
      0.5979825747349177
    ]
  ],
  "diff": [
    [
      0.0007138700623408045,
      0.002017449106940239
    ]
  ],
  "sigma_integral": [
    0.0006250509330281602,
    0.0009704622169947262
  ],
  "within_band": [
    [
      false,
      false
    ]
  ],
  "toy_seed": 145,
  "weights": [
    0.021426344265887427,
    -0.0037861447052426325,
    0.034038931623368844,
    0.004672378151837895,
    4.781307566466413e-05,
    0.09507718580666984,
    0.022585080448580465,
    0.10820416752967646,
    0.00365235685726031,
    0.03195283808413973,
    0.01217157921137367,
    0.008779755956388576,
    0.001111952088244493,
    0.041967530928317225,
    0.00648868637515583,
    -0.0013839709078830983,
    0.017254045086954804,
    0.04759180235279148,
    -0.03702240346375594,
    0.0426188626369192,
    0.07315989673115009,
    0.021161150273337998,
    -0.0014613326888149533,
    0.012978095972053577,
    0.01744948497951855,
    -0.027071326017960178,
    0.039391438677592504,
    -6.988929134807013e-05,
    0.01507655729900017,
    0.018499592399105192,
    -0.01727464927180311,
    -0.007178710919358466,
    0.010843433340683151,
    0.028836695670102074,
    0.04211880282370025,
    0.03543129087080368,
    0.03859551065609448,
    0.021404091690580867,
    0.010428508517713478,
    0.012889767694019711,
    0.023339965247323465,
    -0.007877411649144305,
    -0.02999470375074007,
    0.05010118561874536,
    0.015427944144137297,
    0.008573339238317199,
    0.018854699806446693,
    -0.007688027289676492,
    0.0033374164916523353,
    0.0241634430446279,
    0.004267623876785465,
    -0.0007831009463503828,
    0.007229780521477937,
    -0.04770182030396289,
    0.0008474077019068275,
    0.08984231724884928,
    0.00290186790269247,
    0.010852488047078722,
    0.019845071502687953,
    0.011803255092567301
  ],
  "sum weights": 0.9999999423539423
}