{
  "mu_target": [
    -0.5,
    0.6000000238418579
  ],
  "mu_model": [
    [
      -0.5006566859804334,
      0.6000593114236217
    ]
  ],
  "diff": [
    [
      0.0006566859804334468,
      5.928758176376725e-05
    ]
  ],
  "sigma_integral": [
    0.0006216029870956892,
    0.0009715017380223717
  ],
  "within_band": [
    [
      false,
      true
    ]
  ],
  "toy_seed": 9,
  "weights": [
    -0.0018218783078998004,
    0.010325422755844724,
    0.05774808285314848,
    -0.005989519530919522,
    -0.016810794004163354,
    0.050336747248185015,
    0.013569827683293739,
    0.06942464490468471,
    -0.012111939736931265,
    0.03142075597609123,
    -0.022439958225079687,
    0.005575717879006036,
    0.0205920455467467,
    0.025243066435320313,
    0.01879810987229741,
    -0.010821501657065006,
    0.0059051096966017055,
    0.02924261647223857,
    0.03503284616537092,
    0.0486218662991835,
    0.04403095445919435,
    0.015733870542783742,
    0.016814178337449547,
    0.02476151799421401,
    0.023663555167560756,
    -0.00954798850832758,
    -0.0073220060214818,
    0.005278479554507773,
    0.039759738053234975,
    0.01665054559437698,
    0.018367644111122627,
    -0.023355263027051584,
    0.02399972406570848,
    0.004112461417291272,
    0.035122624217773096,
    0.023663165783164023,
    0.03717159935888711,
    -0.01137849281646528,
    0.04020499429614511,
    0.00899007928644861,
    0.02236146060379466,
    0.011171785912729198,
    0.001320610919764874,
    0.039047641723156036,
    0.0396268958151343,
    -0.011279354188217012,
    0.03399305295195654,
    -0.03553563608687044,
    -0.009454128744424101,
    0.04553309446792228,
    -0.013570646723443538,
    0.026587115856743584,
    -0.0008676535792661718,
    -0.0312571344736046,
    0.009019111522731655,
    0.0909941716978962,
    0.04526360735447909,
    0.038455067933625235,
    0.020528569240914694,
    -0.0005003415497919189
  ],
  "sum weights": 0.9999999408477213
}