{
  "mu_target": [
    -0.5,
    0.6000000238418579
  ],
  "mu_model": [
    [
      -0.5006009280071311,
      0.5982876024816015
    ]
  ],
  "diff": [
    [
      0.0006009280071310741,
      0.0017124213602563998
    ]
  ],
  "sigma_integral": [
    0.0006203271342493442,
    0.0009714850022748367
  ],
  "within_band": [
    [
      true,
      false
    ]
  ],
  "toy_seed": 134,
  "weights": [
    -0.010908037371649136,
    0.0014022402494040533,
    0.0161130369279945,
    0.008810832665794795,
    -0.019291093687042033,
    0.08990866218684286,
    0.007897770219233916,
    0.06543046484845014,
    0.006934081057244163,
    0.03870743168586821,
    -0.03695861631546872,
    0.01985638399140276,
    -0.0034249175028236577,
    0.038249374377612486,
    0.003425102993220046,
    -0.014074419858725722,
    -0.024361109474458267,
    -0.00068295316834204,
    0.0061902746772404095,
    0.0627237962915293,
    0.013265553276562427,
    0.013189611053473792,
    0.019239170590250987,
    -0.02362633605770977,
    0.06467235489634098,
    -0.023716323096218805,
    0.038704923313811875,
    -0.01396345473263593,
    0.021393416671743163,
    0.0032988121379714476,
    0.01816153855660238,
    0.02142728207190204,
    0.035374531390004536,
    0.014298099362060317,
    0.023680239207355177,
    0.00023376990534300943,
    0.04822946050768303,
    -0.009196220318595967,
    0.027424726712885074,
    0.015554794876977383,
    0.05712403682602875,
    0.009947589093663044,
    0.004224682716919817,
    0.02933661085886523,
    0.04048761792300438,
    -0.004870876090989231,
    0.022181595031416507,
    -0.008662534064838252,
    0.004644908214297903,
    0.06772937174148579,
    0.013702237927621094,
    0.04426445647999692,
    0.002347107704194783,
    -0.01126656955534346,
    -0.018305447196363324,
    0.08634030893483147,
    0.04493402675862284,
    0.01631562002656289,
    -0.004648367335394742,
    0.04057931342300538
  ],
  "sum weights": 0.999999944536723
}