{
  "mu_target": [
    -0.5,
    0.6000000238418579
  ],
  "mu_model": [
    [
      -0.4994882299882368,
      0.5989621509824233
    ]
  ],
  "diff": [
    [
      0.000511770011763224,
      0.0010378728594345743
    ]
  ],
  "sigma_integral": [
    0.0006213520193007054,
    0.0009719886957458807
  ],
  "within_band": [
    [
      true,
      false
    ]
  ],
  "toy_seed": 33,
  "weights": [
    0.01932925298579927,
    0.0394209731723342,
    0.04116604064576541,
    -0.0035198938561495545,
    -0.02770901421962391,
    0.08329235892525381,
    -0.008235502217593404,
    0.07971793837859388,
    -0.007251955383166395,
    -0.0008831872059915922,
    -0.036113699254376366,
    0.01801513856563933,
    0.03289232321295771,
    -0.0051606737941527715,
    0.018101049711636275,
    -0.017320036629136632,
    -0.016350279040673512,
    0.016549605173533707,
    0.038812123680000664,
    0.04800153044663611,
    0.08304342307027093,
    -0.009662326504945707,
    -0.010909402068063572,
    0.02582533119450791,
    0.04342683576582513,
    -0.013800665189282675,
    -0.010893343846757648,
    0.019414361762082243,
    0.00939324959772169,
    0.003443951091285071,
    -0.0032787666427650007,
    0.009936378785316597,
    0.04571278194156782,
    0.0033117944799654245,
    0.03128296831514616,
    0.017264587769662998,
    0.06902987767739922,
    0.021811355916995193,
    0.017483309739357997,
    0.004021887639751645,
    0.023810897245730555,
    0.024114694114271407,
    0.011600157366823427,
    0.017778280367717135,
    0.0450696816283362,
    0.010823768623568238,
    0.03622614547486803,
    -0.03754211736703492,
    0.006056694395014333,
    0.06501157127505203,
    0.006741380489171191,
    0.011149326102786836,
    0.008583938455153328,
    -0.013116331485177567,
    -0.008785950304522108,
    0.0671343580151426,
    0.05948360510684411,
    0.00972830521229031,
    0.009826490299365057,
    -0.02230663613667731
  ],
  "sum weights": 0.9999999426710506
}