{
  "mu_target": [
    -0.5,
    0.6000000238418579
  ],
  "mu_model": [
    [
      -0.49986369191029784,
      0.5985433390541649
    ]
  ],
  "diff": [
    [
      0.00013630808970216401,
      0.0014566847876930078
    ]
  ],
  "sigma_integral": [
    0.0006211595427139,
    0.0009687532001559934
  ],
  "within_band": [
    [
      true,
      false
    ]
  ],
  "toy_seed": 41,
  "weights": [
    -0.026854839644093045,
    0.04291726541694937,
    0.04756225342067954,
    -0.009735824874602424,
    -0.014354350654087064,
    0.105226657658703,
    0.01874231446242703,
    0.07469583984891534,
    -0.008941232936645485,
    0.026534285542369508,
    -0.023447978528643974,
    0.025451104692395893,
    0.0017738425670373228,
    0.039512622839898814,
    0.026264839214244613,
    0.005779099929198286,
    0.009172236075843415,
    0.024716859751610414,
    0.013760401479715174,
    0.027659325043101198,
    0.07522353822713168,
    0.022857161986918832,
    0.005293241915355012,
    0.014508064339207049,
    0.06567178383803651,
    -0.005166424132870325,
    0.05050187859940071,
    -0.030460842173669015,
    0.022261694868650945,
    0.011755402840831796,
    -0.02384490466603253,
    0.0076311874622122505,
    0.017087738425118446,
    -0.0003113583039943773,
    0.01910232489395778,
    0.03171535463609708,
    0.054773328936525034,
    0.007587044071527751,
    0.019517310670985947,
    0.022741558649617345,
    0.008108007454114703,
    0.011428503268039047,
    -0.0015491262134847193,
    0.0043542085040713715,
    0.03190811312809847,
    -0.003130782173833455,
    0.00993014891374863,
    -0.007689189361637764,
    0.008441456083854645,
    0.042911080157659216,
    -0.001008534645117881,
    0.0028790769293911816,
    -0.0010570970899106418,
    0.0045451678411034206,
    -0.010453548334813913,
    0.06644325221077922,
    0.00798761787883072,
    0.009078074703692547,
    0.02951073665037056,
    -0.0075170304649614895
  ],
  "sum weights": 0.9999999418300187
}