{
  "num": 41268.23828125,
  "den": 30606.169921875,
  "test": 10662.068359375
}