{
  "mu_target": [
    -0.5,
    0.6000000238418579
  ],
  "mu_model": [
    [
      -0.5010290508192771,
      0.598883343449414
    ]
  ],
  "diff": [
    [
      0.0010290508192770664,
      0.0011166803924439472
    ]
  ],
  "sigma_integral": [
    0.0006548102716265758,
    0.0010093140234026553
  ],
  "within_band": [
    [
      false,
      false
    ]
  ],
  "toy_seed": 70,
  "weights": [
    -0.011189694773625128,
    0.005990177806560309,
    0.00851427213157326,
    -0.017858717644009182,
    -0.014874108131243605,
    -0.011289317487378986,
    0.026308105218266882,
    -0.03339280029027979,
    0.0215745154441227,
    0.0920615396952176,
    0.043617841845363894,
    0.02266008465131152,
    -0.014056160173272506,
    0.017546430824644,
    0.013923934443785086,
    0.08967738909200633,
    -0.04795115297483512,
    0.0819716903438111,
    -0.02854492806682989,
    0.03367615196183252,
    0.023889954299487787,
    0.012895264559249974,
    -0.10217308886838791,
    0.08330628084330506,
    0.06634393957241126,
    -0.006450927379732581,
    0.020081472677009746,
    0.016211387382203537,
    0.00877051813046034,
    0.0033344322385471872,
    -0.03315000150922329,
    0.02455095967657912,
    -0.08826088366890812,
    0.07818696270270513,
    0.0689312896403885,
    0.04543809952040421,
    0.004470444202534415,
    0.06502205379445444,
    0.023683358921881704,
    0.06294657049164713,
    -0.034210797405117885,
    0.025130266686946293,
    0.0855556242911614,
    -0.03193408230399401,
    0.025496200941274354,
    0.09839059666159308,
    -0.026964536310544004,
    0.04078816508856347,
    -0.06677921118645894,
    0.018182620948334283,
    -0.007385011011072763,
    0.0048517143940728456,
    -0.05713570281427731,
    -0.014483591400821068,
    0.04967043553249453,
    0.11806500581612812,
    -0.0003511532405513634,
    -0.009691248474936381,
    0.06054933061694555,
    0.06586196904492378
  ],
  "sum weights": 0.9999999370187026
}