{
  "mu_target": [
    -0.5,
    0.6000000238418579
  ],
  "mu_model": [
    [
      -0.498925594458215,
      0.59892491306016
    ]
  ],
  "diff": [
    [
      0.0010744055417850062,
      0.0010751107816978633
    ]
  ],
  "sigma_integral": [
    0.0006555290684637398,
    0.001001848562401815
  ],
  "within_band": [
    [
      false,
      false
    ]
  ],
  "toy_seed": 277,
  "weights": [
    -0.015048531726807826,
    0.014816054032457704,
    0.01354836573838931,
    -0.04469997727440833,
    -0.02413643468594594,
    0.018904615325606635,
    0.026222121734431586,
    -0.045855456811574255,
    0.05399379943452476,
    -0.0022658220118269468,
    0.02969286709375517,
    0.0695134165628911,
    -2.767513066502787e-05,
    -0.010606065543314776,
    0.03561515891595822,
    0.043753888410265736,
    -0.015132972792252331,
    0.08351767020518094,
    -0.02911319185057248,
    -0.01484593316050317,
    0.07446866525089972,
    -0.02971844048684892,
    -0.07134538156666065,
    0.08682582366550459,
    0.03635998582680573,
    -0.024612788653313445,
    0.003617692723042168,
    0.018307268526551266,
    0.051314414218363594,
    0.012568212772503732,
    -0.02207839211130592,
    0.08576904021028023,
    -0.03585046810067441,
    0.0095363109957762,
    0.07627271708949004,
    0.025022381364570558,
    -0.008820993718852435,
    0.027822468146566057,
    -0.0037173931976203925,
    0.03446106699912268,
    -0.021603037302678485,
    0.023118837385105204,
    0.10152825632836794,
    0.00013785553624340413,
    0.03982417283855387,
    0.06867647730385645,
    0.05351907512315246,
    0.02047267164610648,
    -0.015251816874733483,
    0.057796502201060654,
    -0.014820050486077901,
    -0.010044861953535007,
    -0.007818704089581938,
    0.028374609880725,
    0.07948842042573163,
    0.07518827986638778,
    -0.004848748466175729,
    -0.025785884890782332,
    0.004899266989229451,
    0.013100529254488942
  ],
  "sum weights": 0.9999999371352349
}