{
  "mu_target": [
    -0.5,
    0.6000000238418579
  ],
  "mu_model": [
    [
      -0.5010174852162197,
      0.601307239294254
    ]
  ],
  "diff": [
    [
      0.0010174852162196935,
      0.0013072154523960933
    ]
  ],
  "sigma_integral": [
    0.0006603485167053334,
    0.0010115420197591221
  ],
  "within_band": [
    [
      false,
      false
    ]
  ],
  "toy_seed": 111,
  "weights": [
    0.02463262862493249,
    0.018726579728027038,
    -0.018758440922053775,
    -0.016672641454506615,
    0.06369880630822443,
    -0.019736273089191222,
    0.01145851082952028,
    -0.06013677728405386,
    0.04791240694172973,
    0.01019355102382824,
    0.003993533500304923,
    0.049976903801684035,
    -0.005327663615242435,
    0.06156090944847534,
    0.024595614012630107,
    0.03830938355355244,
    -0.05958398749375295,
    0.1303516522730171,
    0.004196050845748843,
    0.05871937215536273,
    0.06842310949369773,
    -0.006077150549602016,
    -0.0911316397069836,
    0.08423290900573163,
    -0.003906062233789941,
    0.003750660085146131,
    -0.007905897368064792,
    0.05245395070024414,
    0.04523846575802179,
    -0.013050977445096897,
    -0.04034091792055237,
    0.03359472542365881,
    -0.016153216701912013,
    0.03740063091532393,
    0.03423352469946874,
    0.04576732387999374,
    -0.02020134849329418,
    0.10057029778889255,
    0.019736559905272174,
    0.07966548396417324,
    -0.017943819156863487,
    0.0034573736745384886,
    0.06953975772078091,
    -0.04069496599686986,
    0.05263616827315506,
    0.11768003961251171,
    -0.006291838337573573,
    -0.02523122060132929,
    -0.019802830909960732,
    -0.018687765816807807,
    0.025999788337039965,
    -0.007841066583285167,
    -0.019006432502562013,
    -0.021944750915983743,
    0.07468041868936252,
    0.06313206272223246,
    -0.0578319723995899,
    0.012854520198014354,
    -0.03059426815264656,
    0.07148019563395594
  ],
  "sum weights": 0.9999999438766849
}