{
  "mu_target": [
    -0.5,
    0.6000000238418579
  ],
  "mu_model": [
    [
      -0.49843947070222233,
      0.5990276946647798
    ]
  ],
  "diff": [
    [
      0.0015605292977776686,
      0.0009723291770781239
    ]
  ],
  "sigma_integral": [
    0.0006616376097773723,
    0.0010025690402416252
  ],
  "within_band": [
    [
      false,
      true
    ]
  ],
  "toy_seed": 61,
  "weights": [
    0.03517932213049732,
    0.017911090638500295,
    0.010772401575914895,
    -0.004063314492301222,
    0.008965159529297724,
    -0.0032146409897206717,
    0.00569333191056954,
    0.01694642794795078,
    0.033038066311503196,
    0.07609790513987444,
    0.01107833828647161,
    0.14850161894210212,
    -0.0032016502301005943,
    0.0687680695210529,
    0.004914254847203815,
    0.07939499913350356,
    -0.033163756536665236,
    0.07320933674935706,
    -0.019617732534209155,
    0.011363881989593164,
    0.03164492944995387,
    -0.023637534554111484,
    -0.11276107787007393,
    -0.0070360722919338035,
    0.03451547305044229,
    -0.035075041570798646,
    -0.03582390337216006,
    0.015264080419349714,
    0.029821478710732235,
    0.04400525423741821,
    -0.007756815898151222,
    0.025746718067962682,
    0.0017466324422196536,
    0.04065544781572032,
    0.03378811603251266,
    0.031876489569494834,
    0.04533145414014131,
    0.08358847161689448,
    0.044936719035944366,
    0.020680016822532787,
    0.007281916967608946,
    -0.0775549737528401,
    0.028636684622173687,
    0.007910400684882607,
    0.025862947792844947,
    0.1213087001432782,
    0.03341514837773441,
    0.003078786607935567,
    -0.03818840563686922,
    -0.002759867572021013,
    0.022248692962695316,
    0.03648470151120333,
    -0.05813602511531757,
    -0.010335531997965034,
    0.09255620814183561,
    0.04766977642827205,
    -0.011517699781267925,
    -0.02356163763333224,
    -0.016405598522315837,
    0.011921772834241088
  ],
  "sum weights": 0.9999999427872626
}