{
  "mu_target": [
    -0.5,
    0.6000000238418579
  ],
  "mu_model": [
    [
      -0.5000475990199504,
      0.599492695688135
    ]
  ],
  "diff": [
    [
      4.759901995043947e-05,
      0.0005073281537228969
    ]
  ],
  "sigma_integral": [
    0.0006628321351708227,
    0.00100154987848846
  ],
  "within_band": [
    [
      true,
      true
    ]
  ],
  "toy_seed": 261,
  "weights": [
    -0.0175305137012995,
    0.004189768124346265,
    -0.04688890747841382,
    0.011402727431841654,
    -0.01165900763840579,
    -0.011462065909445821,
    0.04136912710069977,
    0.01922399840024654,
    0.03632225505188214,
    0.024868141045506918,
    0.0334006315202384,
    0.07822696713869787,
    -0.06706430082314818,
    0.041310454183446095,
    0.06201003468448022,
    0.05263274085100595,
    -0.06795447429447725,
    0.06628170550455112,
    -0.06302685046172908,
    0.02356913472730723,
    0.05926159061779336,
    0.018948077388103123,
    -0.04944229483494807,
    0.03946972527808872,
    -0.04087875495035297,
    0.012443461656696646,
    0.00273490253661216,
    0.05056070899222085,
    0.042964571377739076,
    0.019930298783258374,
    -0.06551533927917885,
    0.019790378010061685,
    -0.02754951031869697,
    0.052716201344757664,
    -0.0008478188123131248,
    0.028473627383830566,
    0.00039922671561185214,
    0.05360991873297749,
    -0.020825379031294954,
    0.04537508044662756,
    -0.009465327801682352,
    -0.005031295260189301,
    0.08599408468739263,
    0.027773956859488077,
    0.03033011936262556,
    0.132893266578809,
    0.03326062484553794,
    0.017374183871666945,
    -0.0015113604628413289,
    0.04735001051559503,
    0.01686474784209832,
    -0.03393643835566143,
    -0.008676243533241536,
    0.04210016130994342,
    0.039408231951319476,
    0.07174861922713081,
    -0.018186096755112686,
    -0.006622793875323839,
    -0.00744268312275094,
    0.09493393336757433
  ],
  "sum weights": 0.9999999387473031
}