{
  "mu_target": [
    -0.5,
    0.6000000238418579
  ],
  "mu_model": [
    [
      -0.5002411828215017,
      0.601212840861125
    ]
  ],
  "diff": [
    [
      0.00024118282150165093,
      0.0012128170192671206
    ]
  ],
  "sigma_integral": [
    0.0006599746503770753,
    0.0010054608901212182
  ],
  "within_band": [
    [
      true,
      false
    ]
  ],
  "toy_seed": 12,
  "weights": [
    -0.03042690090551025,
    0.036659437502975,
    -0.0061291388780408676,
    -0.06727735745110451,
    0.013822705302217167,
    -0.02411476629271065,
    0.03642754767836241,
    -0.005109451867020146,
    0.030468146776682845,
    0.06700701800902939,
    0.02272211506118546,
    0.05066723146577072,
    -0.03851659461492306,
    0.036099234093967286,
    0.009644231015303567,
    0.03872878299069774,
    -0.06445539247212402,
    0.13714410633334392,
    -0.053233220978859914,
    0.03990002103827743,
    0.05268147475541943,
    0.0066075583155518125,
    -0.0578157992003235,
    0.08102935231762746,
    0.0006364168533363581,
    0.01968805087409639,
    -0.013420491520349223,
    -0.00210835074407256,
    0.08124270569191173,
    -0.00786828676177084,
    -0.04493187523418436,
    0.034864145381016245,
    -0.031113492125516593,
    0.08762504322795,
    0.08110690975057341,
    -0.012934902407788112,
    0.045370399445161816,
    0.07973494574014411,
    0.014586486801370206,
    0.042845963220045136,
    -0.003092957352389958,
    -0.037860705531880666,
    0.023435929686358548,
    -0.02018756893219599,
    0.06136087785247344,
    0.14686649356269835,
    0.028757304934237244,
    0.04056617665098151,
    -0.0079376264965078,
    0.050612703922238066,
    0.01323390569751187,
    0.045413220941172255,
    -0.015453808067271552,
    -0.009313191128379026,
    0.042410429365162254,
    0.029421517687040554,
    -0.004438269234482104,
    -0.07316461088377554,
    -0.030371764494063,
    0.03188787395177994
  ],
  "sum weights": 0.9999999403184268
}