{
  "mu_target": [
    -0.5,
    0.6000000238418579
  ],
  "mu_model": [
    [
      -0.5004128808848127,
      0.6013769906220909
    ]
  ],
  "diff": [
    [
      0.00041288088481272744,
      0.0013769667802330243
    ]
  ],
  "sigma_integral": [
    0.0006574553232390176,
    0.0010147449489841262
  ],
  "within_band": [
    [
      true,
      false
    ]
  ],
  "toy_seed": 271,
  "weights": [
    0.0021705210082203904,
    0.009900733810368422,
    -0.01808883034855146,
    -0.01867382000024373,
    -0.0004516475022720352,
    -0.06470779866359268,
    0.046812712123865376,
    -0.004121204633269299,
    0.036151666611804266,
    0.04868868357238972,
    0.009256085458921825,
    0.0658597998471863,
    -0.04939091137358456,
    0.005990199074817855,
    0.07643694567029927,
    0.06743993010839597,
    -0.06919366113101413,
    0.09244407014784711,
    -0.07722419178318737,
    0.07578283543553906,
    0.04904207633930913,
    0.010891657440391979,
    -0.06784484181609342,
    0.019064477698133152,
    0.04632109153047781,
    -0.007513380376633436,
    -0.01124242335579803,
    0.01908777409468557,
    0.07407310381361135,
    0.0012437733718448163,
    -0.0292760278713331,
    -0.006194284940024338,
    -0.04317550034090635,
    0.033060893022193415,
    0.033559749550757474,
    0.010710418558256123,
    0.05927235107627377,
    0.07032124920406858,
    0.05417726008084972,
    0.01882043268788777,
    -0.017906155810583725,
    0.015151178467268368,
    0.07455199083362164,
    -0.007082231904952197,
    0.07267034610597334,
    0.1174667647564502,
    0.014035390262203561,
    -0.00888945410602802,
    -0.015762578628555665,
    0.016449568126909432,
    0.011079071710639828,
    -0.04411990897045301,
    -0.023307113077467603,
    0.0270501695930183,
    0.05646405606372045,
    0.07682252362843009,
    0.027001441440281118,
    -0.013557701718978432,
    -0.005179268163204542,
    0.05757988765621212
  ],
  "sum weights": 0.9999999434663975
}