{
  "mu_target": [
    -0.5,
    0.6000000238418579
  ],
  "mu_model": [
    [
      -0.49933302284242603,
      0.5997549605546906
    ]
  ],
  "diff": [
    [
      0.0006669771575739669,
      0.0002450632871673353
    ]
  ],
  "sigma_integral": [
    0.0006596264220505152,
    0.0010102488807236876
  ],
  "within_band": [
    [
      false,
      true
    ]
  ],
  "toy_seed": 46,
  "weights": [
    0.044553696108222074,
    -0.0006167809234202106,
    0.018484953266273432,
    -0.0436164737586689,
    0.010519450777865551,
    -0.026159194140200497,
    0.033730718197157665,
    -0.032102389622753476,
    0.10832504318600307,
    0.0420934463703331,
    0.023929981166487653,
    0.055022908209529806,
    -0.03641172452579169,
    0.021601097453494256,
    0.005893514961576643,
    0.05753757492227368,
    -0.024566876230733625,
    0.08014651001770463,
    -0.007364964885442194,
    0.04533902926520399,
    0.04226784752920566,
    -0.028848014363939585,
    -0.033552230453548895,
    0.05637346782828665,
    0.0021480943321912447,
    0.0022017540979047574,
    -0.019194270459003297,
    -0.0030323226765532796,
    0.02226057569212382,
    0.03209336393486617,
    -0.04063289972899589,
    0.013242579104506866,
    -0.023480591750931482,
    0.08077459201583315,
    0.022362426435713748,
    0.03021117060587016,
    0.004958424914979489,
    0.0995724475297307,
    -0.0030737844283969793,
    0.0847952141753117,
    -0.01886001640910333,
    0.013858363619318664,
    0.07589362651390809,
    -0.008980482408452794,
    0.01419142748598054,
    0.06623764841883195,
    0.08777474520263935,
    0.023965471966550446,
    -0.021255932238819716,
    0.03261809159957028,
    -0.028707521354606476,
    0.011616292286279322,
    -0.02293602907867008,
    -0.024206899763158193,
    0.037039575453122725,
    0.015801560428521735,
    0.016259069241574827,
    -0.005279535530556185,
    0.030423427206924022,
    -0.013240305296342465
  ],
  "sum weights": 0.9999999414937824
}