{
  "mu_target": [
    -0.5,
    0.6000000238418579
  ],
  "mu_model": [
    [
      -0.49969457565764747,
      0.5992319809459129
    ]
  ],
  "diff": [
    [
      0.0003054243423525338,
      0.0007680428959450092
    ]
  ],
  "sigma_integral": [
    0.000659957540446649,
    0.001013916477530635
  ],
  "within_band": [
    [
      true,
      true
    ]
  ],
  "toy_seed": 224,
  "weights": [
    -0.0408451449979209,
    -0.012223101348045724,
    -0.029916220201118483,
    0.004105503602193066,
    0.015865720843392436,
    -0.035515400166823224,
    0.06874617835933067,
    -0.03730509726990742,
    0.08390945650797216,
    0.0919529842283706,
    0.008222887760422367,
    0.039125289069324186,
    -0.0210014551686577,
    -0.016768341741743725,
    0.044023489547170135,
    0.0370055244458733,
    -0.02141181598887905,
    0.08962625223094792,
    -0.007381627345809558,
    0.03385163670648047,
    0.05442398445679179,
    -0.030187514002195437,
    -0.060167200505298835,
    0.03465717385709971,
    0.029177924070303143,
    -0.016065966935467125,
    0.016591764238061805,
    0.03107441234505387,
    0.006995221653435017,
    0.028160289751126538,
    -0.01586221345868965,
    0.02149311409987185,
    -0.07732142406681133,
    0.09725134328482521,
    0.048786497610598493,
    0.023497740118387612,
    -0.018594986557893285,
    0.04244196199554832,
    0.04472767972612636,
    0.07216078157469895,
    -0.005019719851603827,
    -0.025580285315283873,
    0.06612726669729029,
    -0.052886862401406796,
    0.012514026794876055,
    0.07367412338338791,
    0.04153843124619288,
    0.011830900379533733,
    -0.0044539439253769965,
    0.06471789634418952,
    0.011260704499984925,
    -0.031911251497995,
    0.032176095791421847,
    0.02251030984410832,
    0.06036369531641444,
    0.08083468756046414,
    0.009162800170038938,
    -0.029793154763445823,
    0.02441838228180685,
    0.011208536806622668
  ],
  "sum weights": 0.9999999416893648
}