{
  "mu_target": [
    -0.5,
    0.6000000238418579
  ],
  "mu_model": [
    [
      -0.49873470985139057,
      0.600286193892738
    ]
  ],
  "diff": [
    [
      0.0012652901486094326,
      0.00028617005088005243
    ]
  ],
  "sigma_integral": [
    0.0006586706713285731,
    0.001001908253634025
  ],
  "within_band": [
    [
      false,
      true
    ]
  ],
  "toy_seed": 186,
  "weights": [
    -0.05433603486617213,
    0.01776816968033831,
    -0.011587530187214508,
    -0.005588875318446745,
    -0.029491286339802365,
    0.009432432551954289,
    0.010362970205450656,
    -0.02938709679295847,
    0.0338337443270968,
    0.003620684613019547,
    0.03316611539587929,
    0.041263164858036806,
    0.006894078503545764,
    -0.01517542406545697,
    0.03759258687021753,
    0.07722141410209347,
    -0.000721992588150857,
    0.06913826846513114,
    -0.04849118268491861,
    0.009187969122606885,
    0.07653909631937232,
    -0.025856487628409936,
    -0.0936978113010409,
    0.1019412504152852,
    0.05026237920824324,
    0.014895782206812347,
    0.020430151864637813,
    0.01856822741009166,
    0.002446937638785035,
    0.046961580185707015,
    -0.0006689074923895231,
    0.02852020583156056,
    -0.06867141091507374,
    0.05572241067791094,
    0.028017083348277266,
    0.0108672301767094,
    -0.012127856796727971,
    0.057211995937676514,
    0.028792501486577485,
    0.013353057957536017,
    -0.0061249967844456835,
    0.03490106817449849,
    0.06783768292242064,
    0.0012672228462556317,
    0.026948786274705934,
    0.08589797783758259,
    0.0476552210254313,
    0.010374298190778905,
    0.015992058968751437,
    0.040810191775752035,
    0.015371972025184177,
    0.0015316812596149467,
    -0.0576983116859635,
    0.035483133941238476,
    0.014216378343901616,
    0.14217428410765437,
    -0.02292313490192682,
    -0.026757175513813312,
    0.029958238701330655,
    0.03487376510900008
  ],
  "sum weights": 0.9999999350017426
}