{
  "mu_target": [
    -0.5,
    0.6000000238418579
  ],
  "mu_model": [
    [
      -0.4996896824490232,
      0.6007652056625906
    ]
  ],
  "diff": [
    [
      0.0003103175509768241,
      0.0007651818207327077
    ]
  ],
  "sigma_integral": [
    0.0006597642940688275,
    0.00100938441241408
  ],
  "within_band": [
    [
      true,
      true
    ]
  ],
  "toy_seed": 119,
  "weights": [
    0.0008031582602653439,
    0.027917842019121446,
    0.0028977940307098834,
    -0.005919276657130624,
    0.0219702247704065,
    -0.07654414245840395,
    -0.04162483032620685,
    -0.004951721632529928,
    0.08175537348061414,
    0.09233198854124101,
    0.04115153521647719,
    0.04519257532314731,
    -0.0667291914982356,
    -0.0019254909839608056,
    0.05100442453455671,
    0.07938458426542087,
    -0.07364166047263782,
    0.12083026770755637,
    -0.03720210408407707,
    0.05550907198466654,
    0.06621769348789133,
    0.010502814568056396,
    -0.06527714084928375,
    0.05993043727606778,
    0.012911871149314717,
    -0.009765618771235733,
    -0.0053557568405027504,
    0.0016636647411821441,
    0.0747419783823051,
    0.07210539937513412,
    -0.027072780074901215,
    0.0253579429160535,
    -0.04873590224644287,
    0.04624510116180156,
    0.003018656241573175,
    0.045061074466446596,
    0.009763284761440562,
    0.07195403818947253,
    0.012232288572346959,
    0.05443344979631254,
    0.040348188553560545,
    0.03288457389614721,
    0.041941849101421784,
    -0.020832068638062105,
    0.024440107908725386,
    0.09451374380589166,
    0.013467032952653965,
    -0.007302476575490656,
    -0.006401223493815244,
    0.041853295100590555,
    -0.010769003539201018,
    -0.01542655437339553,
    -0.09204741799334122,
    -0.00024269494744599154,
    0.028157263484802887,
    0.090903441909357,
    0.004883697160875301,
    -0.04553370422210503,
    0.009273310081407124,
    0.0537456615533717
  ],
  "sum weights": 0.9999999400499817
}