{
  "mu_target": [
    -0.5,
    0.6000000238418579
  ],
  "mu_model": [
    [
      -0.4999060025810088,
      0.5985466460322996
    ]
  ],
  "diff": [
    [
      9.399741899118741e-05,
      0.0014533778095583427
    ]
  ],
  "sigma_integral": [
    0.0006586107824629615,
    0.001007692450445514
  ],
  "within_band": [
    [
      true,
      false
    ]
  ],
  "toy_seed": 272,
  "weights": [
    0.03723877430566387,
    0.015110151319304072,
    -0.017990295091352398,
    -0.04951399864566031,
    -0.04194553970334375,
    0.014950463410188592,
    8.10116544963457e-05,
    0.03702218754974155,
    0.04482900511664509,
    -0.0004369644731048377,
    0.009440969405798414,
    0.06952979377719017,
    -0.02230716321181611,
    -0.02118586192544313,
    0.05316698655174101,
    0.07214107213554125,
    -0.04464379881599332,
    0.07203323961776806,
    -0.005355278017781625,
    0.05650608122210039,
    0.0522199294804923,
    0.02361187624905248,
    -0.09082222240807127,
    0.023808312446943584,
    0.0336324685612087,
    0.0023919197217495665,
    -0.034486205871395566,
    0.014957872950316633,
    -0.016754665983212676,
    0.016517772058208664,
    -0.02725038536181091,
    0.03640073792611485,
    0.016395873638271975,
    0.04967146032496446,
    0.031255900938772896,
    0.035051784817914856,
    -0.017440825596990006,
    0.03560423289947362,
    0.0021523999470457315,
    0.07867123662964062,
    0.013530638319685635,
    -0.00530593485181487,
    -0.0005033504814536996,
    0.02679470252425384,
    0.07904696073388456,
    0.077864578875037,
    0.01181538332714708,
    0.043253623907969656,
    -0.007998148207368242,
    0.017457086065839213,
    0.025648143328391645,
    -0.0063671094795724,
    -0.014462331815495312,
    0.02493026808252361,
    0.04097486896405029,
    0.08083614603551946,
    -0.02243520264820899,
    -0.005896967446470319,
    0.02374135913527066,
    0.052814915803387694
  ],
  "sum weights": 0.9999999397229504
}