{
  "mu_target": [
    -0.5,
    0.6000000238418579
  ],
  "mu_model": [
    [
      -0.4992210478277049,
      0.6000738179920929
    ]
  ],
  "diff": [
    [
      0.000778952172295122,
      7.379415023500702e-05
    ]
  ],
  "sigma_integral": [
    0.0006581626368697486,
    0.0009979842012426536
  ],
  "within_band": [
    [
      false,
      true
    ]
  ],
  "toy_seed": 171,
  "weights": [
    -0.000909329125683409,
    0.05228304451572928,
    -0.033352052794901756,
    -0.0653590398420012,
    0.05280738235995384,
    -0.011303514333563473,
    0.021705688519460302,
    0.06540785421176626,
    0.06648864358374232,
    0.0950076299908899,
    0.025713380775935168,
    0.08058802731989727,
    -0.024184135647386223,
    -0.017904821989285707,
    -0.0022507060067697197,
    0.0360938476020587,
    -0.06256008939118102,
    0.10650107906082096,
    -0.04019035738109121,
    0.018498022626262545,
    0.054754496963176996,
    0.06254061658610578,
    -0.09597561077824956,
    0.021497522107219058,
    0.015462415251586304,
    -0.03647619468925435,
    0.01311785003764367,
    0.023916565222225867,
    -0.007268355521279795,
    0.060030758122824865,
    -0.015650341553088056,
    -0.010676534319046345,
    -0.03837042823681881,
    0.06207270430137887,
    0.022979960162142713,
    -0.010246329472856622,
    0.010416599562749382,
    0.08047730990789809,
    -0.005243740810093124,
    -0.01251473534758395,
    -0.03068258736704591,
    0.06356445578424058,
    0.017241210199114655,
    0.049166150327060835,
    0.04715262594673311,
    0.032648078173642237,
    0.05134457554207463,
    0.02657607498559229,
    0.014122038756362386,
    -0.030369582212916944,
    -0.001273725297656077,
    -0.026790880886622535,
    0.021550178847718683,
    0.03420439001527356,
    0.023557507067593655,
    0.16338974980185242,
    -0.016216733202934736,
    0.01208702952796971,
    -0.0006571662208942575,
    -0.00853852907825737
  ],
  "sum weights": 0.9999999422602349
}