{
  "mu_target": [
    -0.5,
    0.6000000238418579
  ],
  "mu_model": [
    [
      -0.5001927216727454,
      0.5991276337411979
    ]
  ],
  "diff": [
    [
      0.00019272167274542173,
      0.000872390100659981
    ]
  ],
  "sigma_integral": [
    0.0006605939324873403,
    0.0010145467070641746
  ],
  "within_band": [
    [
      true,
      true
    ]
  ],
  "toy_seed": 222,
  "weights": [
    0.0007667729311585947,
    0.01014216878834864,
    -0.011695805695533117,
    0.026326393576217445,
    -0.0013368870460467616,
    -0.01846221652697948,
    0.002575181063806075,
    -0.033200496991925676,
    0.08648471742495645,
    0.017030009834214464,
    0.03876871096893356,
    0.06690834825030399,
    -0.034807091718753555,
    -0.01294915629038107,
    0.07006070705830723,
    0.09316876465245372,
    -0.07320841585374863,
    0.0748948955234086,
    -0.051177474828212895,
    -0.006700327345871937,
    0.022660567699940536,
    0.01565413174989841,
    -0.06387178309857373,
    0.03784097504746631,
    0.0015231940991889234,
    -0.01074220209907776,
    0.006375470987326155,
    0.04551835787352637,
    0.09131959717414409,
    0.01814977614169926,
    -0.029299762207837424,
    0.04467360470912184,
    -0.06289416481602238,
    0.058354948986573646,
    0.03496359859500721,
    0.029963465889413583,
    0.011752904146349576,
    0.08176066471402889,
    -0.019109999726205845,
    0.01575385020406311,
    -0.012744695891097226,
    0.050814642408682366,
    0.06550151719606136,
    -0.002328865648016915,
    0.04029250444375272,
    0.07296787966684096,
    0.04586670654883255,
    0.010447304550126973,
    -0.004984138699148942,
    0.05279574467241581,
    -0.00944978598899624,
    0.004518476379019288,
    -0.061529212460713786,
    -0.014396445551090074,
    0.010043295480298592,
    0.11025011743804713,
    0.010547909405914829,
    0.03511897136020697,
    0.0007038315005972625,
    0.021628193204542033
  ],
  "sum weights": 0.9999999438609622
}