{
  "mu_target": [
    -0.5,
    0.6000000238418579
  ],
  "mu_model": [
    [
      -0.5002529947997522,
      0.6032740871983914
    ]
  ],
  "diff": [
    [
      0.00025299479975215977,
      0.003274063356533463
    ]
  ],
  "sigma_integral": [
    0.0006519300353855222,
    0.0009957349331627193
  ],
  "within_band": [
    [
      true,
      false
    ]
  ],
  "toy_seed": 250,
  "weights": [
    -0.03280860307233359,
    0.01081777146177143,
    0.05033592013611546,
    0.005648350950821888,
    0.00836272552538278,
    0.00034403711615277614,
    0.03505445666850118,
    -0.040973820819085696,
    0.07872346729221455,
    0.021263601213370228,
    0.0018942667522157772,
    0.016733839468393737,
    -0.03246677591236587,
    -0.05127160208731082,
    0.04337928223283783,
    0.06650986201286911,
    -0.043309518617318736,
    0.1463128689568855,
    -0.035517969361379985,
    0.05111745911423115,
    0.007825263432455409,
    -0.005556104565219707,
    -0.06105881116148502,
    0.0356513673722719,
    0.06239944555000086,
    -0.0315276864183916,
    0.013913239929850553,
    0.024114351197382682,
    0.100219936281273,
    0.06592261536481953,
    -0.015233357077219914,
    0.028192822962057183,
    -0.024095451600036226,
    0.011822383958967984,
    0.017805595724350046,
    -0.03763999896561699,
    0.004402266893038857,
    0.09017859199325019,
    0.03466512844225106,
    0.01512734787471973,
    0.012949428315040267,
    -0.028554444301125095,
    0.10261948984020831,
    -0.024091139039505258,
    0.006308174055360366,
    0.05092999658519392,
    0.06143516477513915,
    0.006759104762417339,
    -0.0019156406463686222,
    0.007370950183796894,
    -0.006680362384678817,
    -0.04099680329547076,
    -0.04128351637436509,
    0.01871307123523893,
    0.08285155301180072,
    0.13031252345178546,
    -0.016520502882331152,
    0.007029820762078068,
    0.030392991040562867,
    0.0050915164514511325
  ],
  "sum weights": 0.9999999417669168
}