{
  "mu_target": [
    -0.5,
    0.6000000238418579
  ],
  "mu_model": [
    [
      -0.49922032923715504,
      0.6012125024989826
    ]
  ],
  "diff": [
    [
      0.000779670762844964,
      0.0012124786571247048
    ]
  ],
  "sigma_integral": [
    0.0006594183341529497,
    0.001002581194165271
  ],
  "within_band": [
    [
      false,
      false
    ]
  ],
  "toy_seed": 20,
  "weights": [
    -0.044757297595351,
    0.006491954782685652,
    -0.00968045016267807,
    -0.018813581511499557,
    0.006640955279588988,
    0.014602597149869218,
    0.03192900556800426,
    0.013132464862409772,
    -0.030430646310567074,
    0.017237142135293315,
    0.04443864085776319,
    0.05765036136394939,
    -0.06578457973527131,
    0.04511213095843967,
    0.019707051152332226,
    0.07682367471691887,
    -0.03280228588119544,
    0.0749130093584112,
    -0.04297162404149475,
    0.088437816290752,
    0.06132684231127702,
    -0.02399222820647096,
    -0.09376046441356072,
    0.06368623263372047,
    0.008960299024975188,
    0.0029346161232608574,
    -0.03193670406553965,
    -0.006525498827999387,
    0.08653864761614244,
    0.001276867778804153,
    -0.006676289068407371,
    -0.007121460842035029,
    -0.02030950523493664,
    0.04199705455555599,
    0.02264388336547996,
    0.06614144618514829,
    -0.023637049537668042,
    0.06001954572792009,
    0.0027120592059830086,
    0.05656854525391146,
    -0.046842069381737184,
    -0.012509946682039063,
    0.04399413969920822,
    -0.008249850785460037,
    0.0211925776608773,
    0.12818559044129016,
    0.004319996503746592,
    0.05609198038243281,
    0.006551947676778796,
    0.07333738313836431,
    0.01476362912287305,
    0.02899030453832008,
    -0.021266953561440097,
    0.026166838131733285,
    0.03718916757335991,
    0.08433571407092313,
    -0.04165664151667868,
    -0.0585878018785781,
    0.08596454430614231,
    0.0653062103781009
  ],
  "sum weights": 0.9999999386421394
}