{
  "mu_target": [
    -0.5,
    0.6000000238418579
  ],
  "mu_model": [
    [
      -0.4998682541722349,
      0.5991670940818874
    ]
  ],
  "diff": [
    [
      0.00013174582776509514,
      0.0008329297599705132
    ]
  ],
  "sigma_integral": [
    0.0006609257619424389,
    0.0010181161989512497
  ],
  "within_band": [
    [
      true,
      true
    ]
  ],
  "toy_seed": 155,
  "weights": [
    0.028691815506887035,
    -0.014540559218571761,
    0.018249647865142108,
    -0.05072859383812414,
    0.012227587349919678,
    0.007515218974726698,
    0.0027121524545033098,
    0.0013099211007254496,
    0.08486373427814899,
    -0.01019781144234133,
    0.05963994183458505,
    0.07334162003250327,
    -0.047750476571081626,
    0.041921688259722936,
    0.029183226022108488,
    0.05639237669292071,
    -0.020194378877419115,
    0.06839931446954345,
    -0.0059232487442185235,
    0.05891769857385093,
    0.03541810158812417,
    0.0010153419635400922,
    -0.06394125144411601,
    0.035960827350998176,
    0.036924246804893694,
    -0.01243140934251698,
    0.02196010436849204,
    0.006800067565128561,
    0.027427018671575435,
    0.000943762227602974,
    0.0036108698759576598,
    0.015248552994797628,
    -0.036345315731819504,
    0.0932529706582208,
    -0.01110876016828795,
    0.027648403272898348,
    -0.03751590831157086,
    0.033376680180317114,
    0.014815293336510129,
    0.02382930590887293,
    -0.043217855179372634,
    -0.016549039896092604,
    0.07812714994336309,
    0.002679202718882284,
    0.036830324155987096,
    0.06065082158976896,
    0.024300440908256907,
    0.03821393369923609,
    -0.013753247878280578,
    0.04045218235043968,
    -0.004027358572682456,
    0.05855398743682754,
    -0.08764640575262565,
    -0.01918638145903884,
    0.06142725418062328,
    0.11985908492973808,
    0.0023629612294744644,
    -0.001820726900080139,
    0.031796897047855335,
    0.020026941703031237
  ],
  "sum weights": 0.9999999427484612
}