{
  "mu_target": [
    -0.5,
    0.6000000238418579
  ],
  "mu_model": [
    [
      -0.49981833408998294,
      0.5970881544937969
    ]
  ],
  "diff": [
    [
      0.00018166591001705923,
      0.0029118693480609803
    ]
  ],
  "sigma_integral": [
    0.0006569305420977671,
    0.0010084667173399513
  ],
  "within_band": [
    [
      true,
      false
    ]
  ],
  "toy_seed": 264,
  "weights": [
    -0.019502036058597193,
    0.028521909348238596,
    -0.019966982991184976,
    -0.006158909408715683,
    -0.024220927404683137,
    0.025102888565263794,
    -0.005398240078227155,
    -0.022504571984387257,
    -0.00815572905895944,
    0.07530727324302433,
    0.046652798041880966,
    0.1011624993893737,
    -0.03632402832907472,
    0.005874348512015943,
    0.04794362104238354,
    0.05946584038014212,
    -0.06599194199178814,
    0.07148717160303983,
    -0.022197974171636988,
    0.05454201893244428,
    0.0013903753174503092,
    0.010971394099671834,
    -0.1180292307098266,
    0.023482998276376912,
    -0.005275212941362043,
    -0.007686315934116639,
    0.014574860768341667,
    0.03426315087047558,
    0.03825026513004961,
    0.06473107945794317,
    -0.028229582233301673,
    0.05588530768034872,
    -0.06897395962153674,
    0.06287160170093684,
    0.08482791686173041,
    0.039790972647770505,
    0.02241673592732596,
    0.0473027268586887,
    0.00925167027788404,
    0.06486602262827176,
    -0.029102769076946727,
    0.03509364191528349,
    0.08241621191246436,
    0.007899457721766985,
    0.041751496803788105,
    0.07959098807686232,
    -0.00820899545223736,
    -0.020126657256559714,
    -0.022566008251295754,
    0.05850714476228313,
    -0.006557332150964242,
    0.022149419468558085,
    0.03445371639552403,
    0.005769651069322089,
    0.03505029102207927,
    0.08216571252857556,
    -0.020980861944442087,
    -0.05668711478990117,
    0.015447329945592808,
    0.031612814303435245
  ],
  "sum weights": 0.999999941646863
}