{
  "mu_target": [
    -0.5,
    0.6000000238418579
  ],
  "mu_model": [
    [
      -0.49942001078948217,
      0.599641639225294
    ]
  ],
  "diff": [
    [
      0.0005799892105178284,
      0.0003583846165639004
    ]
  ],
  "sigma_integral": [
    0.0006607243960723507,
    0.0010151571966683867
  ],
  "within_band": [
    [
      true,
      true
    ]
  ],
  "toy_seed": 55,
  "weights": [
    0.003692331073221779,
    0.02766819559614425,
    0.008390895049766733,
    -0.019483251978546796,
    0.01229790006900824,
    -0.0009134640708585331,
    -0.0034747614357307573,
    -0.029726955523016206,
    0.06895361179767016,
    0.05157449350261255,
    -0.0016464667476884854,
    0.0449341070145412,
    -0.06420967279600963,
    -0.020158526430415394,
    0.03510053820460776,
    0.09183811155356726,
    -0.0646344219465309,
    0.10764889614054246,
    -0.02278448486463645,
    0.08175691992686526,
    0.039759860086954354,
    -0.03799425284419068,
    -0.053330922408453905,
    0.06699574309017256,
    0.01017740134869472,
    0.022397115818500585,
    0.01787765104416174,
    -0.01885914868168941,
    0.02252583841914588,
    0.03634320416795678,
    -0.02471476603327954,
    0.011032776350069435,
    -0.027122291105649635,
    0.0937643006802277,
    0.044332053875147416,
    0.017404272408286275,
    -0.012863950527879305,
    0.10014682885064291,
    -0.030910678035568354,
    0.07345087095380305,
    0.001694185174291026,
    -0.003371902184846518,
    0.03384212818485701,
    0.047820224064988905,
    0.03669365767954782,
    0.10866674687998314,
    0.052014641184506834,
    0.01605385906852366,
    0.021996843076489324,
    0.04735930718112421,
    0.016963888637653662,
    -0.012034477625927518,
    -0.01205268888259331,
    0.01882528652706357,
    0.020094236091553246,
    0.0899198575120396,
    -0.07371126954978528,
    -0.04857910727246191,
    -0.008234261336968704,
    -0.01119711164007042
  ],
  "sum weights": 0.9999999443621355
}