{
  "mu_target": [
    -0.5,
    0.6000000238418579
  ],
  "mu_model": [
    [
      -0.4997054328717863,
      0.602113995679169
    ]
  ],
  "diff": [
    [
      0.00029456712821368525,
      0.0021139718373111016
    ]
  ],
  "sigma_integral": [
    0.000661155318516896,
    0.0010197884653083708
  ],
  "within_band": [
    [
      true,
      false
    ]
  ],
  "toy_seed": 227,
  "weights": [
    -0.03968499186629127,
    0.011237849849069717,
    -0.028693188262411896,
    -0.04515186350323013,
    0.017934301720867088,
    -0.01280716513134539,
    0.06164265685825079,
    -0.013571923459764806,
    0.03289579289402625,
    0.00866510075893987,
    0.023176135858941037,
    0.05854990404719145,
    -0.03172207305207133,
    -0.014803191753225893,
    0.03678642186206727,
    0.015552252842165281,
    -0.039543683876242984,
    0.07895064355398457,
    0.00034839239909288243,
    0.0406965892860106,
    0.04089028297740801,
    -0.00868227304075576,
    -0.1244129548947697,
    0.042730924571661305,
    0.0011589376408525818,
    0.027038425872701118,
    -0.014500713293616165,
    0.08404696251529283,
    0.04407985219284435,
    0.037970916617472636,
    -0.03534679451337913,
    0.04653381027117066,
    -0.05688452183066303,
    -0.0033461749962097795,
    0.03655569445812415,
    0.03213137600680747,
    0.05518050330673739,
    0.0771681476693429,
    0.01323399183853661,
    0.02916526810340483,
    -0.021321899158050616,
    0.03381690892625466,
    0.08442548463408812,
    -0.003698290878013091,
    0.002881150650232681,
    0.11059186926661223,
    0.041461599890712346,
    -0.011226544355197082,
    -0.012579353152572758,
    0.0693080934956562,
    -0.00610191940814352,
    0.037678155602494934,
    -0.01970602942821054,
    0.030874934418688906,
    0.06606049707455705,
    0.11658637919203389,
    0.03182727036397468,
    -0.03695978233133209,
    -0.0038299875388707457,
    0.004741777672803201
  ],
  "sum weights": 0.9999999374367048
}