{
  "mu_target": [
    -0.5,
    0.6000000238418579
  ],
  "mu_model": [
    [
      -0.5005817998594566,
      0.5995788849536753
    ]
  ],
  "diff": [
    [
      0.000581799859456611,
      0.0004211388881826261
    ]
  ],
  "sigma_integral": [
    0.0006558085549912688,
    0.0010083229423501984
  ],
  "within_band": [
    [
      true,
      true
    ]
  ],
  "toy_seed": 246,
  "weights": [
    0.00886945876489004,
    0.056636753574114664,
    -0.001375055967971176,
    -0.03648226067315311,
    0.029834964418737512,
    0.012257710318162644,
    0.05934998116669121,
    -0.034848614073320225,
    0.05547205977758109,
    0.08039744131822466,
    0.051568600478947374,
    0.0606075932444702,
    -0.04690058048681359,
    -0.004045238595201632,
    0.023795899585913872,
    0.06477056075422544,
    -0.09268082049848028,
    0.09301276101120202,
    -0.03181203466585987,
    0.03201729969964171,
    0.03158082467302682,
    -0.03783733138882445,
    -0.06757748274134506,
    0.08175191483519341,
    0.0178382419157301,
    -0.02937538331629885,
    0.029736014408399115,
    -0.015581593788171224,
    0.06670775021690067,
    0.07152754559676835,
    -0.006406315183896673,
    0.014863263236451268,
    -0.052808997805794046,
    0.031212040287592748,
    0.037756278359457135,
    0.025769621459546636,
    0.02421135865042194,
    0.06383486755048237,
    -0.0016493187494200103,
    0.03478302454377001,
    -0.04259953730546352,
    0.012304635411018497,
    0.0771867981848087,
    -0.004313794198383869,
    0.024336222148150895,
    0.048673568340563925,
    0.006623932892806537,
    -0.0002104514734186524,
    -0.033330188033749715,
    0.06737324438412046,
    0.02736932612041922,
    -0.015760308704903633,
    -0.009152453266852446,
    0.032443131863649416,
    0.05152465543965536,
    0.07373091289487153,
    0.0029848859697931703,
    -0.015347643860083242,
    -0.005771794660438676,
    0.001151995671895435
  ],
  "sum weights": 0.9999999397304522
}