{
  "mu_target": [
    -0.5,
    0.6000000238418579
  ],
  "mu_model": [
    [
      -0.49982122437216825,
      0.598994192236178
    ]
  ],
  "diff": [
    [
      0.00017877562783175094,
      0.0010058316056799077
    ]
  ],
  "sigma_integral": [
    0.0006607823223674695,
    0.0009987516526698283
  ],
  "within_band": [
    [
      true,
      false
    ]
  ],
  "toy_seed": 110,
  "weights": [
    -0.050009302197288226,
    0.010294366002278064,
    -0.02512814859136102,
    0.007457672427270651,
    0.010196773883840262,
    -0.004421062094595236,
    0.01635476111039913,
    -0.023529704573116848,
    0.009084045876128127,
    0.05908872493006571,
    0.04506675776358234,
    0.09115733283684532,
    -0.056970245070105015,
    0.01616220965050384,
    0.040447080927692676,
    0.06778683336537643,
    -0.03946169800405979,
    0.11712662008908595,
    -0.02361575840601609,
    0.04192632926293913,
    0.025476060809972424,
    -0.04137819542613036,
    -0.03330490701262811,
    0.07048444309807257,
    0.028822928337399904,
    -0.008023897744275322,
    -0.03855164450507647,
    0.004600277938912581,
    0.02763010680412625,
    0.010432744538700937,
    -0.04765895541714035,
    0.05684355871005194,
    -0.040460386066733224,
    0.02640014529662215,
    0.0818505399323332,
    0.09989221254412636,
    -0.029894124312214814,
    0.04605720253413227,
    0.022004483019252292,
    0.056714610235605735,
    -0.0006304428442278792,
    -0.002958109821656464,
    0.0528625643522563,
    -0.06650478839023535,
    0.042338244405558764,
    0.0873896072370188,
    0.04543028127651168,
    0.04534516086976315,
    0.04441925534440792,
    0.06077352423280099,
    -0.003472868470823575,
    0.0037641647843651453,
    -0.006121344390071883,
    0.020598797801292677,
    0.056052433610049295,
    0.06622319031661335,
    -0.05199796176605289,
    -0.05129219026766065,
    0.006935693022998317,
    0.02389393901965279
  ],
  "sum weights": 0.9999999428271358
}