{
  "mu_target": [
    -0.5,
    0.6000000238418579
  ],
  "mu_model": [
    [
      -0.5009946210198526,
      0.6009643743617011
    ]
  ],
  "diff": [
    [
      0.0009946210198525929,
      0.0009643505198432267
    ]
  ],
  "sigma_integral": [
    0.0006598717474311645,
    0.0009937307184747354
  ],
  "within_band": [
    [
      false,
      true
    ]
  ],
  "toy_seed": 243,
  "weights": [
    0.044693230593989657,
    -0.0016029011748353729,
    -0.02021596644937973,
    -0.03209664728838657,
    0.03987210030303292,
    0.016652985837121933,
    0.012935495352330358,
    -0.055177202832710055,
    0.09906328553213305,
    0.07813448166831713,
    0.02819528009509022,
    0.062222229984930766,
    -0.03880600378102483,
    0.004301122718465984,
    0.032401748144634444,
    0.07220266744861778,
    -0.058053208694533585,
    0.06668115152295537,
    -0.0150886449763907,
    0.11140221617328802,
    0.05969119641764482,
    -0.006522988104738814,
    -0.040174269073029324,
    0.07665966156208011,
    0.04862270087984674,
    -0.009368301519010065,
    0.01751919962252084,
    -0.011413351385565387,
    0.004037267004760064,
    0.048280823126999585,
    -0.023602898913459864,
    -0.013697480233988571,
    -0.064922513550466,
    0.041882592070864005,
    0.044001346143502824,
    -0.016879755473800984,
    -0.0007503637528884536,
    0.058394970067088645,
    0.011130278338098095,
    0.004172001697669979,
    0.029126177179012874,
    -0.02097008526827237,
    0.046766714908184216,
    -0.04363908540042128,
    -0.010362667267408686,
    0.07126121014747472,
    0.06764872260913113,
    0.027200705348925092,
    -0.03141759345785128,
    0.05298397101638591,
    0.01463984993893657,
    -0.007708393191772445,
    -0.025435801622059676,
    0.0070138745722786965,
    0.012182078668366129,
    0.022217789189935146,
    0.019101972781278686,
    -0.009890262548457292,
    0.04644755190141452,
    0.058055671686021305
  ],
  "sum weights": 0.9999999362928769
}