{
  "mu_target": [
    -0.5,
    0.6000000238418579
  ],
  "mu_model": [
    [
      -0.5000494153482165,
      0.6010199093149899
    ]
  ],
  "diff": [
    [
      4.941534821645277e-05,
      0.0010198854731320317
    ]
  ],
  "sigma_integral": [
    0.0006617473317394705,
    0.001014116744982545
  ],
  "within_band": [
    [
      true,
      false
    ]
  ],
  "toy_seed": 225,
  "weights": [
    -0.005071770554818174,
    0.0274380198032973,
    -0.028464262405082225,
    -0.03257371444133803,
    0.02261860533877074,
    0.018199718066597596,
    0.051500539791515455,
    -0.04226122642769098,
    0.09415774981389387,
    -0.009667193034220591,
    0.03804871460636278,
    0.043564633979808635,
    -0.061696011475184886,
    0.021507616118804272,
    0.0029956357054773935,
    0.041088844856904665,
    -0.05292474761270172,
    0.08594727526871927,
    -0.0663231511824432,
    0.05437606662037215,
    0.028853154406502546,
    -0.012595581793103236,
    -0.06477263723150864,
    0.08506079762330666,
    0.004567486538920265,
    -0.013091392987116835,
    -0.04051753340590533,
    0.03278531649631147,
    0.044180362501729596,
    0.017738998642481074,
    -0.016433438465950606,
    0.04041525099474982,
    -0.018381648680228003,
    0.018640896682145604,
    0.03979379297913463,
    0.009170722295408442,
    0.008024835853591565,
    0.022482550144633125,
    -0.0004755629987738127,
    0.029159424548527706,
    -0.020926233152771125,
    0.007095302072713841,
    0.030930892393444723,
    0.03340510017460234,
    0.015293838187755648,
    0.07672043462191151,
    0.03897083777606656,
    0.05893358632849236,
    0.007935901474457866,
    0.08828859358646414,
    0.0035395724550512696,
    -0.01992113065190053,
    0.049227974585240135,
    0.041950757168758054,
    -0.009744725977918572,
    0.11202219351118729,
    0.01925147073087516,
    -0.012542406064450905,
    0.02017391452005746,
    0.04232693254975544
  ],
  "sum weights": 0.9999999432716931
}